#VRML V2.0 utf8
Shape {
appearance Appearance {
material Material {
ambientIntensity 0
diffuseColor 1 1 1
specularColor 0 0 0
shininess 0
transparency 0
}
texture DEF MELA_H3450_ST22 ImageTexture {
repeatS TRUE
repeatT TRUE
url ["MELA_H3450_ST22.jpg"]
}
}
geometry IndexedFaceSet {
normalPerVertex TRUE
solid TRUE
convex TRUE
coord Coordinate { point [
-1.451 -1.326 1.128,
-1.451 1.341 1.128,
-1.451 -1.326 -0.44349998,
-1.451 1.341 -0.44349998,
-1.444 -1.326 -0.37849998,
-1.444 1.341 -0.37849998,
-1.444 -1.326 -0.44349998,
-1.444 1.341 -0.44349998,
-1.437 -1.1689999 1.01,
-1.437 -0.37999994 1.01,
-1.437 0.40900004 1.01,
-1.437 1.1980001 1.01,
-1.437 -1.169579 1.0095792,
-1.437 -1.1684208 1.0095792,
-1.437 -0.38057917 1.0095792,
-1.437 -0.3794207 1.0095792,
-1.437 0.40842092 1.0095792,
-1.437 0.40957916 1.0095792,
-1.437 1.197421 1.0095792,
-1.437 1.1985792 1.0095792,
-1.437 -1.169951 1.0093091,
-1.437 -1.1680489 1.0093091,
-1.437 -0.38095105 1.0093091,
-1.437 -0.37904888 1.0093091,
-1.437 0.40804899 1.0093091,
-1.437 0.40995109 1.0093091,
-1.437 1.197049 1.0093091,
-1.437 1.1989511 1.0093091,
-1.437 -1.169642 1.008358,
-1.437 -1.1683578 1.008358,
-1.437 -0.380642 1.008358,
-1.437 -0.37935787 1.008358,
-1.437 0.40835798 1.008358,
-1.437 0.40964234 1.008358,
-1.437 1.197358 1.008358,
-1.437 1.1986421 1.008358,
-1.437 -1.1695877 1.008191,
-1.437 -1.1684122 1.008191,
-1.437 -0.38058776 1.008191,
-1.437 -0.37941217 1.008191,
-1.437 0.40841222 1.008191,
-1.437 0.40958786 1.008191,
-1.437 1.1974124 1.008191,
-1.437 1.1985878 1.008191,
-1.437 -1.1689999 0.68900001,
-1.437 -0.37999994 0.68900001,
-1.437 0.40900004 0.68900001,
-1.437 1.1980001 0.68900001,
-1.437 -1.169579 0.6885792,
-1.437 -1.1684208 0.6885792,
-1.437 -0.38057917 0.6885792,
-1.437 -0.3794207 0.6885792,
-1.437 0.40842092 0.6885792,
-1.437 0.40957916 0.6885792,
-1.437 1.197421 0.6885792,
-1.437 1.1985792 0.6885792,
-1.437 -1.169951 0.68830901,
-1.437 -1.1680489 0.68830901,
-1.437 -0.38095105 0.68830901,
-1.437 -0.37904888 0.68830901,
-1.437 0.40804899 0.68830901,
-1.437 0.40995109 0.68830901,
-1.437 1.197049 0.68830901,
-1.437 1.1989511 0.68830901,
-1.437 -1.169642 0.68735802,
-1.437 -1.1683578 0.68735802,
-1.437 -0.380642 0.68735802,
-1.437 -0.37935787 0.68735802,
-1.437 0.40835798 0.68735802,
-1.437 0.40964234 0.68735802,
-1.437 1.197358 0.68735802,
-1.437 1.1986421 0.68735802,
-1.437 -1.1695877 0.68719101,
-1.437 -1.1684122 0.68719101,
-1.437 -0.38058776 0.68719101,
-1.437 -0.37941217 0.68719101,
-1.437 0.40841222 0.68719101,
-1.437 0.40958786 0.68719101,
-1.437 1.1974124 0.68719101,
-1.437 1.1985878 0.68719101,
-1.437 -1.1689999 0.368,
-1.437 -0.37999994 0.368,
-1.437 0.40900004 0.368,
-1.437 1.1980001 0.368,
-1.437 -1.169579 0.36757922,
-1.437 -1.1684208 0.36757922,
-1.437 -0.38057917 0.36757922,
-1.437 -0.3794207 0.36757922,
-1.437 0.40842092 0.36757922,
-1.437 0.40957916 0.36757922,
-1.437 1.197421 0.36757922,
-1.437 1.1985792 0.36757922,
-1.437 -1.169951 0.367309,
-1.437 -1.1680489 0.367309,
-1.437 -0.38095105 0.367309,
-1.437 -0.37904888 0.367309,
-1.437 0.40804899 0.367309,
-1.437 0.40995109 0.367309,
-1.437 1.197049 0.367309,
-1.437 1.1989511 0.367309,
-1.437 -1.169642 0.36635804,
-1.437 -1.1683578 0.36635804,
-1.437 -0.380642 0.36635804,
-1.437 -0.37935787 0.36635804,
-1.437 0.40835798 0.36635804,
-1.437 0.40964234 0.36635804,
-1.437 1.197358 0.36635804,
-1.437 1.1986421 0.36635804,
-1.437 -1.1695877 0.36619097,
-1.437 -1.1684122 0.36619097,
-1.437 -0.38058776 0.36619097,
-1.437 -0.37941217 0.36619097,
-1.437 0.40841222 0.36619097,
-1.437 0.40958786 0.36619097,
-1.437 1.1974124 0.36619097,
-1.437 1.1985878 0.36619097,
-1.437 -1.1689999 0.046999991,
-1.437 -0.37999994 0.046999991,
-1.437 0.40900004 0.046999991,
-1.437 1.1980001 0.046999991,
-1.437 -1.169579 0.046579123,
-1.437 -1.1684208 0.046579123,
-1.437 -0.38057917 0.046579123,
-1.437 -0.3794207 0.046579123,
-1.437 0.40842092 0.046579123,
-1.437 0.40957916 0.046579123,
-1.437 1.197421 0.046579123,
-1.437 1.1985792 0.046579123,
-1.437 -1.169951 0.046309024,
-1.437 -1.1680489 0.046309024,
-1.437 -0.38095105 0.046309024,
-1.437 -0.37904888 0.046309024,
-1.437 0.40804899 0.046309024,
-1.437 0.40995109 0.046309024,
-1.437 1.197049 0.046309024,
-1.437 1.1989511 0.046309024,
-1.437 -1.169642 0.045357943,
-1.437 -1.1683578 0.045357943,
-1.437 -0.380642 0.045357943,
-1.437 -0.37935787 0.045357943,
-1.437 0.40835798 0.045357943,
-1.437 0.40964234 0.045357943,
-1.437 1.197358 0.045357943,
-1.437 1.1986421 0.045357943,
-1.437 -1.1695877 0.04519099,
-1.437 -1.1684122 0.04519099,
-1.437 -0.38058776 0.04519099,
-1.437 -0.37941217 0.04519099,
-1.437 0.40841222 0.04519099,
-1.437 0.40958786 0.04519099,
-1.437 1.1974124 0.04519099,
-1.437 1.1985878 0.04519099,
-1.437 -1.1689999 -0.27399999,
-1.437 -0.37999994 -0.27399999,
-1.437 0.40900004 -0.27399999,
-1.437 1.1980001 -0.27399999,
-1.437 -1.169579 -0.27442074,
-1.437 -0.38057917 -0.27442074,
-1.437 0.40842092 -0.27442074,
-1.437 1.197421 -0.27442074,
-1.437 -1.1684208 -0.27442086,
-1.437 -0.3794207 -0.27442086,
-1.437 0.40957916 -0.27442086,
-1.437 1.1985792 -0.27442086,
-1.437 -1.169951 -0.27469099,
-1.437 -1.1680489 -0.27469099,
-1.437 -0.38095105 -0.27469099,
-1.437 -0.37904888 -0.27469099,
-1.437 0.40804899 -0.27469099,
-1.437 0.40995109 -0.27469099,
-1.437 1.197049 -0.27469099,
-1.437 1.1989511 -0.27469099,
-1.437 -1.169642 -0.27564204,
-1.437 -1.1683578 -0.27564204,
-1.437 -0.380642 -0.27564204,
-1.437 -0.37935787 -0.27564204,
-1.437 0.40835798 -0.27564204,
-1.437 0.40964234 -0.27564204,
-1.437 1.197358 -0.27564204,
-1.437 1.1986421 -0.27564204,
-1.437 -1.1695877 -0.27580899,
-1.437 -1.1684122 -0.27580899,
-1.437 -0.38058776 -0.27580899,
-1.437 -0.37941217 -0.27580899,
-1.437 0.40841222 -0.27580899,
-1.437 0.40958786 -0.27580899,
-1.437 1.1974124 -0.27580899,
-1.437 1.1985878 -0.27580899,
-1.4362533 -1.169642 1.008358,
-1.4362533 -0.380642 1.008358,
-1.4362533 0.40835798 1.008358,
-1.4362533 1.197358 1.008358,
-1.4362533 -1.169642 0.68735802,
-1.4362533 -0.380642 0.68735802,
-1.4362533 0.40835798 0.68735802,
-1.4362533 1.197358 0.68735802,
-1.4362533 -1.169642 0.36635804,
-1.4362533 -0.380642 0.36635804,
-1.4362533 0.40835798 0.36635804,
-1.4362533 1.197358 0.36635804,
-1.4362533 -1.169642 0.045357943,
-1.4362533 -0.380642 0.045357943,
-1.4362533 0.40835798 0.045357943,
-1.4362533 1.197358 0.045357943,
-1.4362533 -1.169642 -0.27564204,
-1.4362533 -0.380642 -0.27564204,
-1.4362533 0.40835798 -0.27564204,
-1.4362533 1.197358 -0.27564204,
-1.435045 -1.1695791 1.0095792,
-1.435045 -1.169579 1.0095792,
-1.435045 -0.38057917 1.0095792,
-1.435045 0.40842092 1.0095792,
-1.435045 1.197421 1.0095792,
-1.435045 -1.1695791 0.6885792,
-1.435045 -1.169579 0.6885792,
-1.435045 -0.38057917 0.6885792,
-1.435045 0.40842092 0.6885792,
-1.435045 1.197421 0.6885792,
-1.435045 -1.1695791 0.36757922,
-1.435045 -1.169579 0.36757922,
-1.435045 -0.38057917 0.36757922,
-1.435045 0.40842092 0.36757922,
-1.435045 1.197421 0.36757922,
-1.435045 -1.1695791 0.046579123,
-1.435045 -1.169579 0.046579123,
-1.435045 -0.38057917 0.046579123,
-1.435045 0.40842092 0.046579123,
-1.435045 1.197421 0.046579123,
-1.435045 -1.169579 -0.27442074,
-1.435045 -0.38057917 -0.27442074,
-1.435045 0.40842092 -0.27442074,
-1.435045 1.197421 -0.27442074,
-1.435045 -1.1695791 -0.27442086,
-1.435045 -0.38057917 -0.27442086,
-1.435045 0.40842092 -0.27442086,
-1.435045 1.197421 -0.27442086,
-1.4339551 -1.1684208 1.0095792,
-1.4339551 -0.3794207 1.0095792,
-1.4339551 0.40957916 1.0095792,
-1.4339551 1.1985792 1.0095792,
-1.4339551 -1.1684208 0.6885792,
-1.4339551 -0.3794207 0.6885792,
-1.4339551 0.40957916 0.6885792,
-1.4339551 1.1985792 0.6885792,
-1.4339551 -1.1684208 0.36757922,
-1.4339551 -0.3794207 0.36757922,
-1.4339551 0.40957916 0.36757922,
-1.4339551 1.1985792 0.36757922,
-1.4339551 -1.1684208 0.046579123,
-1.4339551 -0.3794207 0.046579123,
-1.4339551 0.40957916 0.046579123,
-1.4339551 1.1985792 0.046579123,
-1.4339551 -1.1684208 -0.27442074,
-1.4339551 -0.3794207 -0.27442074,
-1.4339551 0.40957916 -0.27442074,
-1.4339551 1.1985792 -0.27442074,
-1.4339551 -1.1684208 -0.27442086,
-1.4339551 -0.3794207 -0.27442086,
-1.4339551 0.40957916 -0.27442086,
-1.4339551 1.1985792 -0.27442086,
-1.4327468 -1.1683578 1.008358,
-1.4327468 -0.37935787 1.008358,
-1.4327468 0.40964234 1.008358,
-1.4327468 1.1986421 1.008358,
-1.4327468 -1.1683578 0.68735802,
-1.4327468 -0.37935787 0.68735802,
-1.4327468 0.40964234 0.68735802,
-1.4327468 1.1986421 0.68735802,
-1.4327468 -1.1683578 0.36635804,
-1.4327468 -0.37935787 0.36635804,
-1.4327468 0.40964234 0.36635804,
-1.4327468 1.1986421 0.36635804,
-1.4327468 -1.1683578 0.045357943,
-1.4327468 -0.37935787 0.045357943,
-1.4327468 0.40964234 0.045357943,
-1.4327468 1.1986421 0.045357943,
-1.4327468 -1.1683578 -0.27564204,
-1.4327468 -0.37935787 -0.27564204,
-1.4327468 0.40964234 -0.27564204,
-1.4327468 1.1986421 -0.27564204,
-1.432 -1.326 1.128,
-1.432 -1.2479999 1.128,
-1.432 -0.77449995 1.128,
-1.432 0.014500022 1.128,
-1.432 0.80350006 1.128,
-1.432 1.341 1.128,
-1.432 -1.326 1.069,
-1.432 -1.2479999 1.069,
-1.432 -0.77449995 1.069,
-1.432 0.014500022 1.069,
-1.432 0.80350006 1.069,
-1.432 1.341 1.069,
-1.432 -1.1689999 1.01,
-1.432 -0.37999994 1.01,
-1.432 0.40900004 1.01,
-1.432 1.1980001 1.01,
-1.432 -1.1695791 1.0095792,
-1.432 -1.1684208 1.0095792,
-1.432 -0.38057917 1.0095792,
-1.432 -0.3794207 1.0095792,
-1.432 0.40842092 1.0095792,
-1.432 0.40957916 1.0095792,
-1.432 1.197421 1.0095792,
-1.432 1.1985792 1.0095792,
-1.432 -1.169951 1.0093091,
-1.432 -1.1680489 1.0093091,
-1.432 -0.38095105 1.0093091,
-1.432 -0.37904888 1.0093091,
-1.432 0.40804899 1.0093091,
-1.432 0.40995109 1.0093091,
-1.432 1.197049 1.0093091,
-1.432 1.1989511 1.0093091,
-1.432 -1.169642 1.008358,
-1.432 -1.1683578 1.008358,
-1.432 -0.380642 1.008358,
-1.432 -0.37935787 1.008358,
-1.432 0.40835798 1.008358,
-1.432 0.40964234 1.008358,
-1.432 1.197358 1.008358,
-1.432 1.1986421 1.008358,
-1.432 -1.1695877 1.008191,
-1.432 -1.1684122 1.008191,
-1.432 -0.38058776 1.008191,
-1.432 -0.37941217 1.008191,
-1.432 0.40841222 1.008191,
-1.432 0.40958786 1.008191,
-1.432 1.1974124 1.008191,
-1.432 1.1985878 1.008191,
-1.432 -1.326 0.84850001,
-1.432 -1.2479999 0.84850001,
-1.432 -0.77449995 0.84850001,
-1.432 0.014500022 0.84850001,
-1.432 0.80350006 0.84850001,
-1.432 1.341 0.84850001,
-1.432 -1.1689999 0.68900001,
-1.432 -0.37999994 0.68900001,
-1.432 0.40900004 0.68900001,
-1.432 1.1980001 0.68900001,
-1.432 -1.1695791 0.6885792,
-1.432 -1.1684208 0.6885792,
-1.432 -0.38057917 0.6885792,
-1.432 -0.3794207 0.6885792,
-1.432 0.40842092 0.6885792,
-1.432 0.40957916 0.6885792,
-1.432 1.197421 0.6885792,
-1.432 1.1985792 0.6885792,
-1.432 -1.169951 0.68830901,
-1.432 -1.1680489 0.68830901,
-1.432 -0.38095105 0.68830901,
-1.432 -0.37904888 0.68830901,
-1.432 0.40804899 0.68830901,
-1.432 0.40995109 0.68830901,
-1.432 1.197049 0.68830901,
-1.432 1.1989511 0.68830901,
-1.432 -1.169642 0.68735802,
-1.432 -1.1683578 0.68735802,
-1.432 -0.380642 0.68735802,
-1.432 -0.37935787 0.68735802,
-1.432 0.40835798 0.68735802,
-1.432 0.40964234 0.68735802,
-1.432 1.197358 0.68735802,
-1.432 1.1986421 0.68735802,
-1.432 -1.1695877 0.68719101,
-1.432 -1.1684122 0.68719101,
-1.432 -0.38058776 0.68719101,
-1.432 -0.37941217 0.68719101,
-1.432 0.40841222 0.68719101,
-1.432 0.40958786 0.68719101,
-1.432 1.1974124 0.68719101,
-1.432 1.1985878 0.68719101,
-1.432 -1.326 0.52750003,
-1.432 -1.2479999 0.52750003,
-1.432 -0.77449995 0.52750003,
-1.432 0.014500022 0.52750003,
-1.432 0.80350006 0.52750003,
-1.432 1.341 0.52750003,
-1.432 -1.1689999 0.368,
-1.432 -0.37999994 0.368,
-1.432 0.40900004 0.368,
-1.432 1.1980001 0.368,
-1.432 -1.1695791 0.36757922,
-1.432 -1.1684208 0.36757922,
-1.432 -0.38057917 0.36757922,
-1.432 -0.3794207 0.36757922,
-1.432 0.40842092 0.36757922,
-1.432 0.40957916 0.36757922,
-1.432 1.197421 0.36757922,
-1.432 1.1985792 0.36757922,
-1.432 -1.169951 0.367309,
-1.432 -1.1680489 0.367309,
-1.432 -0.38095105 0.367309,
-1.432 -0.37904888 0.367309,
-1.432 0.40804899 0.367309,
-1.432 0.40995109 0.367309,
-1.432 1.197049 0.367309,
-1.432 1.1989511 0.367309,
-1.432 -1.169642 0.36635804,
-1.432 -1.1683578 0.36635804,
-1.432 -0.380642 0.36635804,
-1.432 -0.37935787 0.36635804,
-1.432 0.40835798 0.36635804,
-1.432 0.40964234 0.36635804,
-1.432 1.197358 0.36635804,
-1.432 1.1986421 0.36635804,
-1.432 -1.1695877 0.36619097,
-1.432 -1.1684122 0.36619097,
-1.432 -0.38058776 0.36619097,
-1.432 -0.37941217 0.36619097,
-1.432 0.40841222 0.36619097,
-1.432 0.40958786 0.36619097,
-1.432 1.1974124 0.36619097,
-1.432 1.1985878 0.36619097,
-1.432 -1.326 0.20649999,
-1.432 -1.2479999 0.20649999,
-1.432 -0.77449995 0.20649999,
-1.432 0.014500022 0.20649999,
-1.432 0.80350006 0.20649999,
-1.432 1.341 0.20649999,
-1.432 -1.1689999 0.046999991,
-1.432 -0.37999994 0.046999991,
-1.432 0.40900004 0.046999991,
-1.432 1.1980001 0.046999991,
-1.432 -1.1695791 0.046579123,
-1.432 -1.1684208 0.046579123,
-1.432 -0.38057917 0.046579123,
-1.432 -0.3794207 0.046579123,
-1.432 0.40842092 0.046579123,
-1.432 0.40957916 0.046579123,
-1.432 1.197421 0.046579123,
-1.432 1.1985792 0.046579123,
-1.432 -1.169951 0.046309024,
-1.432 -1.1680489 0.046309024,
-1.432 -0.38095105 0.046309024,
-1.432 -0.37904888 0.046309024,
-1.432 0.40804899 0.046309024,
-1.432 0.40995109 0.046309024,
-1.432 1.197049 0.046309024,
-1.432 1.1989511 0.046309024,
-1.432 -1.169642 0.045357943,
-1.432 -1.1683578 0.045357943,
-1.432 -0.380642 0.045357943,
-1.432 -0.37935787 0.045357943,
-1.432 0.40835798 0.045357943,
-1.432 0.40964234 0.045357943,
-1.432 1.197358 0.045357943,
-1.432 1.1986421 0.045357943,
-1.432 -1.1695877 0.04519099,
-1.432 -1.1684122 0.04519099,
-1.432 -0.38058776 0.04519099,
-1.432 -0.37941217 0.04519099,
-1.432 0.40841222 0.04519099,
-1.432 0.40958786 0.04519099,
-1.432 1.1974124 0.04519099,
-1.432 1.1985878 0.04519099,
-1.432 -1.326 -0.11449999,
-1.432 -1.2479999 -0.11449999,
-1.432 -0.77449995 -0.11449999,
-1.432 0.014500022 -0.11449999,
-1.432 0.80350006 -0.11449999,
-1.432 1.341 -0.11449999,
-1.432 -1.1689999 -0.27399999,
-1.432 -0.37999994 -0.27399999,
-1.432 0.40900004 -0.27399999,
-1.432 1.1980001 -0.27399999,
-1.432 -1.1684208 -0.27442074,
-1.432 -0.3794207 -0.27442074,
-1.432 0.40957916 -0.27442074,
-1.432 1.1985792 -0.27442074,
-1.432 -1.1695791 -0.27442086,
-1.432 -0.38057917 -0.27442086,
-1.432 0.40842092 -0.27442086,
-1.432 1.197421 -0.27442086,
-1.432 -1.169951 -0.27469099,
-1.432 -1.1680489 -0.27469099,
-1.432 -0.38095105 -0.27469099,
-1.432 -0.37904888 -0.27469099,
-1.432 0.40804899 -0.27469099,
-1.432 0.40995109 -0.27469099,
-1.432 1.197049 -0.27469099,
-1.432 1.1989511 -0.27469099,
-1.432 -1.169642 -0.27564204,
-1.432 -1.1683578 -0.27564204,
-1.432 -0.380642 -0.27564204,
-1.432 -0.37935787 -0.27564204,
-1.432 0.40835798 -0.27564204,
-1.432 0.40964234 -0.27564204,
-1.432 1.197358 -0.27564204,
-1.432 1.1986421 -0.27564204,
-1.432 -1.1695877 -0.27580899,
-1.432 -1.1684122 -0.27580899,
-1.432 -0.38058776 -0.27580899,
-1.432 -0.37941217 -0.27580899,
-1.432 0.40841222 -0.27580899,
-1.432 0.40958786 -0.27580899,
-1.432 1.1974124 -0.27580899,
-1.432 1.1985878 -0.27580899,
-1.432 -1.326 -0.37849998,
-1.432 -1.2479999 -0.37849998,
-1.432 -0.77449995 -0.37849998,
-1.432 0.014500022 -0.37849998,
-1.432 0.80350006 -0.37849998,
-1.432 1.341 -0.37849998
] }
normal Normal { vector [
-1 0 0,
0 0.951057 -0.309017,
0 0.707107 -0.707107,
0 0.707107 0.707107,
0 0.587785 0.809017,
0 0 -1,
0 0 1,
0 -1 0,
0 1 0,
0 0 -1,
0 -0.587785 0.809017,
0 -0.707107 -0.707107,
0 -0.707107 0.707107,
0 -0.951057 -0.309017,
1 0 0
] }
texCoord TextureCoordinate { point [
-4.96925 0,
-4.96925 0.0608978,
-4.96925 1,
-4.96925 1.1891,
-4.96925 1.89584,
-4.96925 2.9247,
-4.96925 3.95355,
-4.96925 4.98241,
-4.96925 5.82857,
-4.96925 6.03691,
-4.75784 1.38042,
-4.75784 2.40928,
-4.75784 3.43814,
-4.75784 4.46699,
-4.75784 5.49585,
-4.75738 0.044872,
-4.75738 0.0585044,
-4.75738 0.0585044,
-4.75738 0.0608978,
-4.7573 0.044872,
-4.7573 0.0608978,
-4.7573 1.38401,
-4.7573 2.41286,
-4.7573 3.44172,
-4.7573 4.47057,
-4.7573 5.49943,
-4.75643 1.37821,
-4.75643 2.40706,
-4.75643 3.43592,
-4.75643 4.46478,
-4.75643 5.49363,
-4.75555 0.044872,
-4.75555 0.0608978,
-4.75555 1.38401,
-4.75555 2.41286,
-4.75555 3.44172,
-4.75555 4.47057,
-4.75555 5.49943,
-4.75547 0.044872,
-4.75547 0.0472655,
-4.75547 0.0608978,
-4.75501 1.38042,
-4.75501 2.40928,
-4.75501 3.43814,
-4.75501 4.46699,
-4.75501 5.49585,
-4.1693 0.0608978,
-4.1693 1,
-4.1693 1.1891,
-4.1693 1.89584,
-4.1693 2.9247,
-4.1693 3.95355,
-4.1693 4.98241,
-4.1693 5.82857,
-3.58359 1.38042,
-3.58359 2.40928,
-3.58359 3.43814,
-3.58359 4.46699,
-3.58359 5.49585,
-3.58313 0.044872,
-3.58313 0.0585044,
-3.58313 0.0585044,
-3.58313 0.0608978,
-3.58305 0.044872,
-3.58305 0.0608978,
-3.58305 1.38401,
-3.58305 2.41286,
-3.58305 3.44172,
-3.58305 4.47057,
-3.58305 5.49943,
-3.58217 1.37821,
-3.58217 2.40706,
-3.58217 3.43592,
-3.58217 4.46478,
-3.58217 5.49363,
-3.5813 0.044872,
-3.5813 0.0608978,
-3.5813 1.38401,
-3.5813 2.41286,
-3.5813 3.44172,
-3.5813 4.47057,
-3.5813 5.49943,
-3.58122 0.044872,
-3.58122 0.0472655,
-3.58122 0.0608978,
-3.58076 1.38042,
-3.58076 2.40928,
-3.58076 3.43814,
-3.58076 4.46699,
-3.58076 5.49585,
-2.99504 0.0608978,
-2.99504 1,
-2.99504 1.1891,
-2.99504 1.89584,
-2.99504 2.9247,
-2.99504 3.95355,
-2.99504 4.98241,
-2.99504 5.82857,
-2.40933 1.38042,
-2.40933 2.40928,
-2.40933 3.43814,
-2.40933 4.46699,
-2.40933 5.49585,
-2.40887 0.044872,
-2.40887 0.0585044,
-2.40887 0.0585044,
-2.40887 0.0608978,
-2.40879 0.044872,
-2.40879 0.0608978,
-2.40879 1.38401,
-2.40879 2.41286,
-2.40879 3.44172,
-2.40879 4.47057,
-2.40879 5.49943,
-2.40792 1.37821,
-2.40792 2.40706,
-2.40792 3.43592,
-2.40792 4.46478,
-2.40792 5.49363,
-2.40704 0.044872,
-2.40704 0.0608978,
-2.40704 1.38401,
-2.40704 2.41286,
-2.40704 3.44172,
-2.40704 4.47057,
-2.40704 5.49943,
-2.40696 0.044872,
-2.40696 0.0472655,
-2.40696 0.0608978,
-2.4065 1.38042,
-2.4065 2.40928,
-2.4065 3.43814,
-2.4065 4.46699,
-2.4065 5.49585,
-1.82079 0.0608978,
-1.82079 1,
-1.82079 1.1891,
-1.82079 1.89584,
-1.82079 2.9247,
-1.82079 3.95355,
-1.82079 4.98241,
-1.82079 5.82857,
-1.23508 1.38042,
-1.23508 2.40928,
-1.23508 3.43814,
-1.23508 4.46699,
-1.23508 5.49585,
-1.23462 0.044872,
-1.23462 0.0585044,
-1.23462 0.0585044,
-1.23462 0.0608978,
-1.23454 0.044872,
-1.23454 0.0608978,
-1.23454 1.38401,
-1.23454 2.41286,
-1.23454 3.44172,
-1.23454 4.47057,
-1.23454 5.49943,
-1.23366 1.37821,
-1.23366 2.40706,
-1.23366 3.43592,
-1.23366 4.46478,
-1.23366 5.49363,
-1.23279 0.044872,
-1.23279 0.0608978,
-1.23279 1.38401,
-1.23279 2.41286,
-1.23279 3.44172,
-1.23279 4.47057,
-1.23279 5.49943,
-1.2327 0.044872,
-1.2327 0.0472655,
-1.2327 0.0608978,
-1.23225 1.38042,
-1.23225 2.40928,
-1.23225 3.43814,
-1.23225 4.46699,
-1.23225 5.49585,
-1.11609 0.0608978,
-1.11609 1,
-1.11609 1.1891,
-1.11609 1.89584,
-1.11609 2.9247,
-1.11609 3.95355,
-1.11609 4.98241,
-1.11609 5.82857,
-1 0,
-1 0.0608978,
-1 1,
-1 1.1891,
-1 1.89584,
-1 2.9247,
-1 3.95355,
-1 4.98241,
-1 5.82857,
-1 6.03691,
-0.0282773 1,
-0.0282773 1.1891,
-0.0282773 1.37956,
-0.0282773 1.38042,
-0.0282773 1.38347,
-0.0282773 1.89584,
-0.0282773 2.40841,
-0.0282773 2.40928,
-0.0282773 2.41233,
-0.0282773 2.9247,
-0.0282773 3.43727,
-0.0282773 3.43814,
-0.0282773 3.44118,
-0.0282773 3.95355,
-0.0282773 4.46613,
-0.0282773 4.46699,
-0.0282773 4.47004,
-0.0282773 4.98241,
-0.0282773 5.49498,
-0.0282773 5.49585,
-0.0282773 5.4989,
-0.0282773 5.82857,
-0.0271659 1.38347,
-0.0271659 2.41233,
-0.0271659 3.44118,
-0.0271659 4.47004,
-0.0271659 5.4989,
-0.0271659 1.38347,
-0.0271659 2.41233,
-0.0271659 3.44118,
-0.0271659 4.47004,
-0.0271659 5.4989,
-0.0253677 1.37956,
-0.0253677 2.40841,
-0.0253677 3.43727,
-0.0253677 4.46613,
-0.0253677 5.49498,
-0.0253677 1.37956,
-0.0253677 2.40841,
-0.0253677 3.43727,
-0.0253677 4.46613,
-0.0253677 5.49498,
-0.0208359 1.37956,
-0.0208359 1.38042,
-0.0208359 1.38347,
-0.0208359 2.40841,
-0.0208359 2.40928,
-0.0208359 2.41233,
-0.0208359 3.43727,
-0.0208359 3.43814,
-0.0208359 3.44118,
-0.0208359 4.46613,
-0.0208359 4.46699,
-0.0208359 4.47004,
-0.0208359 5.49498,
-0.0208359 5.49585,
-0.0208359 5.4989,
-0.0104179 5.82857,
-0.0104179 6.03691,
0 1,
0 6.03691,
0.0104179 5.82857,
0.0104179 6.03691,
0.0208359 1.37956,
0.0208359 1.38042,
0.0208359 1.38347,
0.0208359 2.40841,
0.0208359 2.40928,
0.0208359 2.41233,
0.0208359 3.43727,
0.0208359 3.43814,
0.0208359 3.44118,
0.0208359 4.46613,
0.0208359 4.46699,
0.0208359 4.47004,
0.0208359 5.49498,
0.0208359 5.49585,
0.0208359 5.4989,
0.0219472 1.38347,
0.0219472 2.41233,
0.0219472 3.44118,
0.0219472 4.47004,
0.0219472 5.4989,
0.0237455 1.37956,
0.0237455 1.37956,
0.0237455 2.40841,
0.0237455 3.43727,
0.0237455 4.46613,
0.0237455 5.49498,
0.0237455 5.49498,
0.0282773 1,
0.0282773 1.1891,
0.0282773 1.37956,
0.0282773 1.38042,
0.0282773 1.38347,
0.0282773 1.89584,
0.0282773 2.40841,
0.0282773 2.40928,
0.0282773 2.41233,
0.0282773 2.9247,
0.0282773 3.43727,
0.0282773 3.43814,
0.0282773 3.44118,
0.0282773 3.95355,
0.0282773 4.46613,
0.0282773 4.46699,
0.0282773 4.47004,
0.0282773 4.98241,
0.0282773 5.49498,
0.0282773 5.49585,
0.0282773 5.4989,
0.0282773 5.82857,
1 0,
1 0.022436,
1 0.0608978,
1 1,
1 6.03691,
1.11609 0.0608978,
1.2328 0.0511381,
1.2328 0.0608978,
1.2328 0.044872,
1.2328 0.0511381,
1.23366 0.044872,
1.23366 0.0608978,
1.23452 0.044872,
1.23452 0.0546317,
1.23452 0.0546317,
1.23452 0.0608978,
1.82079 0.0608978,
2.40705 0.044872,
2.40705 0.0511381,
2.40705 0.0608978,
2.40792 0.044872,
2.40792 0.0608978,
2.40878 0.044872,
2.40878 0.0546317,
2.40878 0.0546317,
2.40878 0.0608978,
2.99504 0.0608978,
3.58131 0.044872,
3.58131 0.0511381,
3.58131 0.0608978,
3.58217 0.044872,
3.58217 0.0608978,
3.58303 0.044872,
3.58303 0.0546317,
3.58303 0.0546317,
3.58303 0.0608978,
4.1693 0.0608978,
4.75557 0.044872,
4.75557 0.0511381,
4.75557 0.0608978,
4.75643 0.044872,
4.75643 0.0608978,
4.75729 0.044872,
4.75729 0.0546317,
4.75729 0.0546317,
4.75729 0.0608978,
4.96925 0,
4.96925 0.022436,
4.96925 0.0608978,
4.96925 1,
4.96925 6.03691
] }
coordIndex [
2,6,4,-1,
370,0,412,-1,
412,0,2,-1,
412,2,454,-1,
454,2,4,-1,
454,4,496,-1,
370,328,0,-1,
0,328,286,-1,
0,286,280,-1,
6,2,7,-1,
7,2,3,-1,
7,3,5,-1,
5,3,1,-1,
285,291,1,-1,
1,291,333,-1,
333,375,1,-1,
1,375,417,-1,
1,417,5,-1,
5,417,459,-1,
5,459,501,-1,
496,497,455,-1,
494,478,458,-1,
458,478,463,-1,
458,463,459,-1,
459,463,479,-1,
459,479,501,-1,
452,436,416,-1,
416,436,421,-1,
416,421,417,-1,
417,421,437,-1,
417,437,459,-1,
459,437,453,-1,
459,453,458,-1,
458,453,452,-1,
458,452,416,-1,
410,394,374,-1,
374,394,379,-1,
374,379,375,-1,
375,379,395,-1,
375,395,417,-1,
417,395,411,-1,
417,411,416,-1,
416,411,410,-1,
416,410,374,-1,
368,352,332,-1,
332,352,337,-1,
332,337,333,-1,
333,337,353,-1,
333,353,375,-1,
375,353,369,-1,
375,369,374,-1,
374,369,368,-1,
374,368,332,-1,
326,310,290,-1,
290,310,295,-1,
290,295,291,-1,
291,295,311,-1,
291,311,333,-1,
333,311,327,-1,
333,327,332,-1,
479,495,501,-1,
501,495,494,-1,
501,494,500,-1,
500,494,458,-1,
500,458,462,-1,
462,458,457,-1,
462,477,500,-1,
500,477,493,-1,
500,493,499,-1,
499,493,492,-1,
499,492,457,-1,
457,492,476,-1,
457,476,462,-1,
450,434,415,-1,
415,434,420,-1,
415,420,416,-1,
416,420,435,-1,
416,435,458,-1,
458,435,451,-1,
458,451,457,-1,
457,451,450,-1,
457,450,415,-1,
408,392,373,-1,
373,392,378,-1,
373,378,374,-1,
374,378,393,-1,
374,393,416,-1,
416,393,409,-1,
416,409,415,-1,
415,409,408,-1,
415,408,373,-1,
366,350,331,-1,
331,350,336,-1,
331,336,332,-1,
332,336,351,-1,
332,351,374,-1,
374,351,367,-1,
374,367,373,-1,
373,367,366,-1,
373,366,331,-1,
327,326,332,-1,
332,326,290,-1,
332,290,294,-1,
294,290,289,-1,
294,309,332,-1,
332,309,325,-1,
332,325,331,-1,
331,325,324,-1,
331,324,289,-1,
289,324,308,-1,
289,308,294,-1,
456,474,461,-1,
456,461,457,-1,
457,461,475,-1,
457,475,499,-1,
499,475,491,-1,
499,491,490,-1,
474,456,490,-1,
490,456,498,-1,
490,498,499,-1,
448,432,414,-1,
414,432,419,-1,
414,419,415,-1,
415,419,433,-1,
415,433,457,-1,
457,433,449,-1,
457,449,456,-1,
456,449,448,-1,
456,448,414,-1,
406,390,372,-1,
372,390,377,-1,
372,377,373,-1,
373,377,391,-1,
373,391,415,-1,
415,391,407,-1,
415,407,414,-1,
414,407,406,-1,
414,406,372,-1,
364,348,330,-1,
330,348,335,-1,
330,335,331,-1,
331,335,349,-1,
331,349,373,-1,
373,349,365,-1,
373,365,372,-1,
372,365,364,-1,
372,364,330,-1,
322,306,288,-1,
288,306,293,-1,
288,293,289,-1,
289,293,307,-1,
289,307,331,-1,
331,307,323,-1,
331,323,330,-1,
330,323,322,-1,
330,322,288,-1,
489,488,497,-1,
497,488,472,-1,
497,472,455,-1,
455,472,460,-1,
455,460,456,-1,
456,460,473,-1,
456,473,498,-1,
498,473,489,-1,
498,489,497,-1,
447,446,455,-1,
455,446,430,-1,
455,430,413,-1,
413,430,418,-1,
413,418,414,-1,
414,418,431,-1,
414,431,456,-1,
456,431,447,-1,
456,447,455,-1,
405,404,413,-1,
413,404,388,-1,
413,388,371,-1,
371,388,376,-1,
371,376,372,-1,
372,376,389,-1,
372,389,414,-1,
414,389,405,-1,
414,405,413,-1,
363,362,371,-1,
371,362,346,-1,
371,346,329,-1,
329,346,334,-1,
329,334,330,-1,
330,334,347,-1,
330,347,372,-1,
372,347,363,-1,
372,363,371,-1,
320,304,287,-1,
287,304,292,-1,
287,292,288,-1,
288,292,305,-1,
288,305,330,-1,
330,305,321,-1,
330,321,329,-1,
329,321,320,-1,
329,320,287,-1,
291,285,290,-1,
290,285,284,-1,
290,284,289,-1,
289,284,283,-1,
289,283,288,-1,
288,283,282,-1,
288,282,287,-1,
287,282,281,-1,
496,455,454,-1,
454,455,413,-1,
454,413,412,-1,
412,413,371,-1,
412,371,370,-1,
370,371,329,-1,
370,329,328,-1,
328,329,287,-1,
328,287,286,-1,
286,287,281,-1,
286,281,280,-1,
1,3,0,-1,
0,3,2,-1,
0,280,281,-1,
281,282,0,-1,
0,282,283,-1,
0,283,1,-1,
1,283,284,-1,
1,284,285,-1,
165,152,181,-1,
181,152,164,-1,
181,164,180,-1,
152,460,156,-1,
156,460,228,-1,
164,156,228,-1,
472,164,468,-1,
468,164,232,-1,
460,468,232,-1,
164,472,172,-1,
172,472,204,-1,
180,172,204,-1,
488,180,480,-1,
480,180,204,-1,
472,480,204,-1,
180,488,181,-1,
181,488,489,-1,
181,489,173,-1,
173,489,276,-1,
165,173,276,-1,
473,165,481,-1,
481,165,276,-1,
489,481,276,-1,
165,473,160,-1,
160,473,256,-1,
152,160,256,-1,
460,152,464,-1,
464,152,252,-1,
473,464,252,-1,
43,27,42,-1,
42,27,11,-1,
42,11,26,-1,
11,295,18,-1,
18,295,212,-1,
26,18,212,-1,
310,26,302,-1,
302,26,212,-1,
295,302,212,-1,
26,310,34,-1,
34,310,191,-1,
42,34,191,-1,
326,42,318,-1,
318,42,191,-1,
310,318,191,-1,
42,326,43,-1,
43,326,327,-1,
43,327,35,-1,
35,327,263,-1,
27,35,263,-1,
311,27,319,-1,
319,27,263,-1,
327,319,263,-1,
27,311,19,-1,
19,311,239,-1,
11,19,239,-1,
295,11,303,-1,
303,11,239,-1,
311,303,239,-1,
79,63,78,-1,
78,63,47,-1,
78,47,62,-1,
47,337,54,-1,
54,337,217,-1,
62,54,217,-1,
352,62,344,-1,
344,62,217,-1,
337,344,217,-1,
62,352,70,-1,
70,352,195,-1,
78,70,195,-1,
368,78,360,-1,
360,78,195,-1,
352,360,195,-1,
78,368,79,-1,
79,368,369,-1,
79,369,71,-1,
71,369,267,-1,
63,71,267,-1,
353,63,361,-1,
361,63,267,-1,
369,361,267,-1,
63,353,55,-1,
55,353,243,-1,
47,55,243,-1,
337,47,345,-1,
345,47,243,-1,
353,345,243,-1,
115,99,114,-1,
114,99,83,-1,
114,83,98,-1,
83,379,90,-1,
90,379,222,-1,
98,90,222,-1,
394,98,386,-1,
386,98,222,-1,
379,386,222,-1,
98,394,106,-1,
106,394,199,-1,
114,106,199,-1,
410,114,402,-1,
402,114,199,-1,
394,402,199,-1,
114,410,115,-1,
115,410,411,-1,
115,411,107,-1,
107,411,271,-1,
99,107,271,-1,
395,99,403,-1,
403,99,271,-1,
411,403,271,-1,
99,395,91,-1,
91,395,247,-1,
83,91,247,-1,
379,83,387,-1,
387,83,247,-1,
395,387,247,-1,
129,116,145,-1,
145,116,128,-1,
145,128,144,-1,
116,418,120,-1,
120,418,224,-1,
128,120,224,-1,
430,128,422,-1,
422,128,223,-1,
418,422,223,-1,
128,430,136,-1,
136,430,200,-1,
144,136,200,-1,
446,144,438,-1,
438,144,200,-1,
430,438,200,-1,
144,446,145,-1,
145,446,447,-1,
145,447,137,-1,
137,447,272,-1,
129,137,272,-1,
431,129,439,-1,
439,129,272,-1,
447,439,272,-1,
129,431,121,-1,
121,431,248,-1,
116,121,248,-1,
418,116,423,-1,
423,116,248,-1,
431,423,248,-1,
93,80,109,-1,
109,80,92,-1,
109,92,108,-1,
80,376,84,-1,
84,376,219,-1,
92,84,219,-1,
388,92,380,-1,
380,92,218,-1,
376,380,218,-1,
92,388,100,-1,
100,388,196,-1,
108,100,196,-1,
404,108,396,-1,
396,108,196,-1,
388,396,196,-1,
108,404,109,-1,
109,404,405,-1,
109,405,101,-1,
101,405,268,-1,
93,101,268,-1,
389,93,397,-1,
397,93,268,-1,
405,397,268,-1,
93,389,85,-1,
85,389,244,-1,
80,85,244,-1,
376,80,381,-1,
381,80,244,-1,
389,381,244,-1,
57,44,73,-1,
73,44,56,-1,
73,56,72,-1,
44,334,48,-1,
48,334,214,-1,
56,48,214,-1,
346,56,338,-1,
338,56,213,-1,
334,338,213,-1,
56,346,64,-1,
64,346,192,-1,
72,64,192,-1,
362,72,354,-1,
354,72,192,-1,
346,354,192,-1,
72,362,73,-1,
73,362,363,-1,
73,363,65,-1,
65,363,264,-1,
57,65,264,-1,
347,57,355,-1,
355,57,264,-1,
363,355,264,-1,
57,347,49,-1,
49,347,240,-1,
44,49,240,-1,
334,44,339,-1,
339,44,240,-1,
347,339,240,-1,
21,8,37,-1,
37,8,20,-1,
37,20,36,-1,
8,292,12,-1,
12,292,209,-1,
20,12,209,-1,
304,20,296,-1,
296,20,208,-1,
292,296,208,-1,
20,304,28,-1,
28,304,188,-1,
36,28,188,-1,
320,36,312,-1,
312,36,188,-1,
304,312,188,-1,
36,320,37,-1,
37,320,321,-1,
37,321,29,-1,
29,321,260,-1,
21,29,260,-1,
305,21,313,-1,
313,21,260,-1,
321,313,260,-1,
21,305,13,-1,
13,305,236,-1,
8,13,236,-1,
292,8,297,-1,
297,8,236,-1,
305,297,236,-1,
183,167,182,-1,
182,167,153,-1,
182,153,166,-1,
153,461,157,-1,
157,461,229,-1,
166,157,229,-1,
474,166,469,-1,
469,166,233,-1,
461,469,233,-1,
166,474,174,-1,
174,474,205,-1,
182,174,205,-1,
490,182,482,-1,
482,182,205,-1,
474,482,205,-1,
182,490,183,-1,
183,490,491,-1,
183,491,175,-1,
175,491,277,-1,
167,175,277,-1,
475,167,483,-1,
483,167,277,-1,
491,483,277,-1,
167,475,161,-1,
161,475,257,-1,
153,161,257,-1,
461,153,465,-1,
465,153,253,-1,
475,465,253,-1,
130,146,117,-1,
117,146,147,-1,
117,147,131,-1,
117,419,122,-1,
122,419,225,-1,
130,122,225,-1,
432,130,424,-1,
424,130,225,-1,
419,424,225,-1,
130,432,138,-1,
138,432,201,-1,
146,138,201,-1,
448,146,440,-1,
440,146,201,-1,
432,440,201,-1,
146,448,147,-1,
147,448,449,-1,
147,449,139,-1,
139,449,273,-1,
131,139,273,-1,
433,131,441,-1,
441,131,273,-1,
449,441,273,-1,
131,433,123,-1,
123,433,249,-1,
117,123,249,-1,
419,117,425,-1,
425,117,249,-1,
433,425,249,-1,
111,95,110,-1,
110,95,81,-1,
110,81,94,-1,
81,377,86,-1,
86,377,220,-1,
94,86,220,-1,
390,94,382,-1,
382,94,220,-1,
377,382,220,-1,
94,390,102,-1,
102,390,197,-1,
110,102,197,-1,
406,110,398,-1,
398,110,197,-1,
390,398,197,-1,
110,406,111,-1,
111,406,407,-1,
111,407,103,-1,
103,407,269,-1,
95,103,269,-1,
391,95,399,-1,
399,95,269,-1,
407,399,269,-1,
95,391,87,-1,
87,391,245,-1,
81,87,245,-1,
377,81,383,-1,
383,81,245,-1,
391,383,245,-1,
58,74,45,-1,
45,74,75,-1,
45,75,59,-1,
45,335,50,-1,
50,335,215,-1,
58,50,215,-1,
348,58,340,-1,
340,58,215,-1,
335,340,215,-1,
58,348,66,-1,
66,348,193,-1,
74,66,193,-1,
364,74,356,-1,
356,74,193,-1,
348,356,193,-1,
74,364,75,-1,
75,364,365,-1,
75,365,67,-1,
67,365,265,-1,
59,67,265,-1,
349,59,357,-1,
357,59,265,-1,
365,357,265,-1,
59,349,51,-1,
51,349,241,-1,
45,51,241,-1,
335,45,341,-1,
341,45,241,-1,
349,341,241,-1,
151,135,150,-1,
150,135,119,-1,
150,119,134,-1,
119,421,126,-1,
126,421,227,-1,
134,126,227,-1,
436,134,428,-1,
428,134,227,-1,
421,428,227,-1,
134,436,142,-1,
142,436,203,-1,
150,142,203,-1,
452,150,444,-1,
444,150,203,-1,
436,444,203,-1,
150,452,151,-1,
151,452,453,-1,
151,453,143,-1,
143,453,275,-1,
135,143,275,-1,
437,135,445,-1,
445,135,275,-1,
453,445,275,-1,
135,437,127,-1,
127,437,251,-1,
119,127,251,-1,
421,119,429,-1,
429,119,251,-1,
437,429,251,-1,
187,171,186,-1,
186,171,155,-1,
186,155,170,-1,
155,463,159,-1,
159,463,231,-1,
170,159,231,-1,
478,170,471,-1,
471,170,235,-1,
463,471,235,-1,
170,478,178,-1,
178,478,207,-1,
186,178,207,-1,
494,186,486,-1,
486,186,207,-1,
478,486,207,-1,
186,494,187,-1,
187,494,495,-1,
187,495,179,-1,
179,495,279,-1,
171,179,279,-1,
479,171,487,-1,
487,171,279,-1,
495,487,279,-1,
171,479,163,-1,
163,479,259,-1,
155,163,259,-1,
463,155,467,-1,
467,155,255,-1,
479,467,255,-1,
40,41,24,-1,
24,41,25,-1,
24,25,10,-1,
10,294,16,-1,
16,294,211,-1,
24,16,211,-1,
308,24,300,-1,
300,24,211,-1,
294,300,211,-1,
24,308,32,-1,
32,308,190,-1,
40,32,190,-1,
324,40,316,-1,
316,40,190,-1,
308,316,190,-1,
40,324,41,-1,
41,324,325,-1,
41,325,33,-1,
33,325,262,-1,
25,33,262,-1,
309,25,317,-1,
317,25,262,-1,
325,317,262,-1,
25,309,17,-1,
17,309,238,-1,
10,17,238,-1,
294,10,301,-1,
301,10,238,-1,
309,301,238,-1,
61,46,77,-1,
77,46,60,-1,
77,60,76,-1,
46,336,52,-1,
52,336,216,-1,
60,52,216,-1,
350,60,342,-1,
342,60,216,-1,
336,342,216,-1,
60,350,68,-1,
68,350,194,-1,
76,68,194,-1,
366,76,358,-1,
358,76,194,-1,
350,358,194,-1,
76,366,77,-1,
77,366,367,-1,
77,367,69,-1,
69,367,266,-1,
61,69,266,-1,
351,61,359,-1,
359,61,266,-1,
367,359,266,-1,
61,351,53,-1,
53,351,242,-1,
46,53,242,-1,
336,46,343,-1,
343,46,242,-1,
351,343,242,-1,
39,23,38,-1,
38,23,9,-1,
38,9,22,-1,
9,293,14,-1,
14,293,210,-1,
22,14,210,-1,
306,22,298,-1,
298,22,210,-1,
293,298,210,-1,
22,306,30,-1,
30,306,189,-1,
38,30,189,-1,
322,38,314,-1,
314,38,189,-1,
306,314,189,-1,
38,322,39,-1,
39,322,323,-1,
39,323,31,-1,
31,323,261,-1,
23,31,261,-1,
307,23,315,-1,
315,23,261,-1,
323,315,261,-1,
23,307,15,-1,
15,307,237,-1,
9,15,237,-1,
293,9,299,-1,
299,9,237,-1,
307,299,237,-1,
184,185,168,-1,
168,185,169,-1,
168,169,154,-1,
154,462,158,-1,
158,462,230,-1,
168,158,230,-1,
476,168,470,-1,
470,168,234,-1,
462,470,234,-1,
168,476,176,-1,
176,476,206,-1,
184,176,206,-1,
492,184,484,-1,
484,184,206,-1,
476,484,206,-1,
184,492,185,-1,
185,492,493,-1,
185,493,177,-1,
177,493,278,-1,
169,177,278,-1,
477,169,485,-1,
485,169,278,-1,
493,485,278,-1,
169,477,162,-1,
162,477,258,-1,
154,162,258,-1,
462,154,466,-1,
466,154,254,-1,
477,466,254,-1,
133,118,149,-1,
149,118,132,-1,
149,132,148,-1,
118,420,124,-1,
124,420,226,-1,
132,124,226,-1,
434,132,426,-1,
426,132,226,-1,
420,426,226,-1,
132,434,140,-1,
140,434,202,-1,
148,140,202,-1,
450,148,442,-1,
442,148,202,-1,
434,442,202,-1,
148,450,149,-1,
149,450,451,-1,
149,451,141,-1,
141,451,274,-1,
133,141,274,-1,
435,133,443,-1,
443,133,274,-1,
451,443,274,-1,
133,435,125,-1,
125,435,250,-1,
118,125,250,-1,
420,118,427,-1,
427,118,250,-1,
435,427,250,-1,
97,82,113,-1,
113,82,96,-1,
113,96,112,-1,
82,378,88,-1,
88,378,221,-1,
96,88,221,-1,
392,96,384,-1,
384,96,221,-1,
378,384,221,-1,
96,392,104,-1,
104,392,198,-1,
112,104,198,-1,
408,112,400,-1,
400,112,198,-1,
392,400,198,-1,
112,408,113,-1,
113,408,409,-1,
113,409,105,-1,
105,409,270,-1,
97,105,270,-1,
393,97,401,-1,
401,97,270,-1,
409,401,270,-1,
97,393,89,-1,
89,393,246,-1,
82,89,246,-1,
378,82,385,-1,
385,82,246,-1,
393,385,246,-1,
497,496,4,-1,
501,500,5,-1,
5,500,499,-1,
5,499,4,-1,
4,499,498,-1,
4,498,497,-1,
4,6,5,-1,
5,6,7,-1
]
normalIndex [
7,7,7,-1,
7,7,7,-1,
7,7,7,-1,
7,7,7,-1,
7,7,7,-1,
7,7,7,-1,
7,7,7,-1,
7,7,7,-1,
7,7,7,-1,
9,9,9,-1,
9,9,9,-1,
8,8,8,-1,
8,8,8,-1,
8,8,8,-1,
8,8,8,-1,
8,8,8,-1,
8,8,8,-1,
8,8,8,-1,
8,8,8,-1,
8,8,8,-1,
14,14,14,-1,
14,14,14,-1,
14,14,14,-1,
14,14,14,-1,
14,14,14,-1,
14,14,14,-1,
14,14,14,-1,
14,14,14,-1,
14,14,14,-1,
14,14,14,-1,
14,14,14,-1,
14,14,14,-1,
14,14,14,-1,
14,14,14,-1,
14,14,14,-1,
14,14,14,-1,
14,14,14,-1,
14,14,14,-1,
14,14,14,-1,
14,14,14,-1,
14,14,14,-1,
14,14,14,-1,
14,14,14,-1,
14,14,14,-1,
14,14,14,-1,
14,14,14,-1,
14,14,14,-1,
14,14,14,-1,
14,14,14,-1,
14,14,14,-1,
14,14,14,-1,
14,14,14,-1,
14,14,14,-1,
14,14,14,-1,
14,14,14,-1,
14,14,14,-1,
14,14,14,-1,
14,14,14,-1,
14,14,14,-1,
14,14,14,-1,
14,14,14,-1,
14,14,14,-1,
14,14,14,-1,
14,14,14,-1,
14,14,14,-1,
14,14,14,-1,
14,14,14,-1,
14,14,14,-1,
14,14,14,-1,
14,14,14,-1,
14,14,14,-1,
14,14,14,-1,
14,14,14,-1,
14,14,14,-1,
14,14,14,-1,
14,14,14,-1,
14,14,14,-1,
14,14,14,-1,
14,14,14,-1,
14,14,14,-1,
14,14,14,-1,
14,14,14,-1,
14,14,14,-1,
14,14,14,-1,
14,14,14,-1,
14,14,14,-1,
14,14,14,-1,
14,14,14,-1,
14,14,14,-1,
14,14,14,-1,
14,14,14,-1,
14,14,14,-1,
14,14,14,-1,
14,14,14,-1,
14,14,14,-1,
14,14,14,-1,
14,14,14,-1,
14,14,14,-1,
14,14,14,-1,
14,14,14,-1,
14,14,14,-1,
14,14,14,-1,
14,14,14,-1,
14,14,14,-1,
14,14,14,-1,
14,14,14,-1,
14,14,14,-1,
14,14,14,-1,
14,14,14,-1,
14,14,14,-1,
14,14,14,-1,
14,14,14,-1,
14,14,14,-1,
14,14,14,-1,
14,14,14,-1,
14,14,14,-1,
14,14,14,-1,
14,14,14,-1,
14,14,14,-1,
14,14,14,-1,
14,14,14,-1,
14,14,14,-1,
14,14,14,-1,
14,14,14,-1,
14,14,14,-1,
14,14,14,-1,
14,14,14,-1,
14,14,14,-1,
14,14,14,-1,
14,14,14,-1,
14,14,14,-1,
14,14,14,-1,
14,14,14,-1,
14,14,14,-1,
14,14,14,-1,
14,14,14,-1,
14,14,14,-1,
14,14,14,-1,
14,14,14,-1,
14,14,14,-1,
14,14,14,-1,
14,14,14,-1,
14,14,14,-1,
14,14,14,-1,
14,14,14,-1,
14,14,14,-1,
14,14,14,-1,
14,14,14,-1,
14,14,14,-1,
14,14,14,-1,
14,14,14,-1,
14,14,14,-1,
14,14,14,-1,
14,14,14,-1,
14,14,14,-1,
14,14,14,-1,
14,14,14,-1,
14,14,14,-1,
14,14,14,-1,
14,14,14,-1,
14,14,14,-1,
14,14,14,-1,
14,14,14,-1,
14,14,14,-1,
14,14,14,-1,
14,14,14,-1,
14,14,14,-1,
14,14,14,-1,
14,14,14,-1,
14,14,14,-1,
14,14,14,-1,
14,14,14,-1,
14,14,14,-1,
14,14,14,-1,
14,14,14,-1,
14,14,14,-1,
14,14,14,-1,
14,14,14,-1,
14,14,14,-1,
14,14,14,-1,
14,14,14,-1,
14,14,14,-1,
14,14,14,-1,
14,14,14,-1,
14,14,14,-1,
14,14,14,-1,
14,14,14,-1,
14,14,14,-1,
14,14,14,-1,
14,14,14,-1,
14,14,14,-1,
14,14,14,-1,
14,14,14,-1,
14,14,14,-1,
14,14,14,-1,
14,14,14,-1,
14,14,14,-1,
14,14,14,-1,
14,14,14,-1,
14,14,14,-1,
14,14,14,-1,
14,14,14,-1,
14,14,14,-1,
14,14,14,-1,
14,14,14,-1,
14,14,14,-1,
14,14,14,-1,
14,14,14,-1,
14,14,14,-1,
14,14,14,-1,
14,14,14,-1,
14,14,14,-1,
14,14,14,-1,
14,14,14,-1,
14,14,14,-1,
14,14,14,-1,
14,14,14,-1,
14,14,14,-1,
14,14,14,-1,
14,14,14,-1,
0,0,0,-1,
0,0,0,-1,
6,6,6,-1,
6,6,6,-1,
6,6,6,-1,
6,6,6,-1,
6,6,6,-1,
6,6,6,-1,
14,14,14,-1,
14,14,14,-1,
14,14,14,-1,
5,5,2,-1,
2,5,2,-1,
1,2,2,-1,
1,1,2,-1,
2,1,2,-1,
5,2,2,-1,
1,1,3,-1,
3,1,3,-1,
4,3,3,-1,
4,4,3,-1,
3,4,3,-1,
1,3,3,-1,
4,4,10,-1,
10,4,10,-1,
10,10,12,-1,
12,10,12,-1,
13,12,12,-1,
13,13,12,-1,
12,13,12,-1,
10,12,12,-1,
13,13,11,-1,
11,13,11,-1,
5,11,11,-1,
5,5,11,-1,
11,5,11,-1,
13,11,11,-1,
14,14,14,-1,
14,14,14,-1,
14,14,14,-1,
5,5,2,-1,
2,5,2,-1,
1,2,2,-1,
1,1,2,-1,
2,1,2,-1,
5,2,2,-1,
1,1,3,-1,
3,1,3,-1,
4,3,3,-1,
4,4,3,-1,
3,4,3,-1,
1,3,3,-1,
4,4,10,-1,
10,4,10,-1,
10,10,12,-1,
12,10,12,-1,
13,12,12,-1,
13,13,12,-1,
12,13,12,-1,
10,12,12,-1,
13,13,11,-1,
11,13,11,-1,
5,11,11,-1,
5,5,11,-1,
11,5,11,-1,
13,11,11,-1,
14,14,14,-1,
14,14,14,-1,
14,14,14,-1,
5,5,2,-1,
2,5,2,-1,
1,2,2,-1,
1,1,2,-1,
2,1,2,-1,
5,2,2,-1,
1,1,3,-1,
3,1,3,-1,
4,3,3,-1,
4,4,3,-1,
3,4,3,-1,
1,3,3,-1,
4,4,10,-1,
10,4,10,-1,
10,10,12,-1,
12,10,12,-1,
13,12,12,-1,
13,13,12,-1,
12,13,12,-1,
10,12,12,-1,
13,13,11,-1,
11,13,11,-1,
5,11,11,-1,
5,5,11,-1,
11,5,11,-1,
13,11,11,-1,
14,14,14,-1,
14,14,14,-1,
14,14,14,-1,
5,5,2,-1,
2,5,2,-1,
1,2,2,-1,
1,1,2,-1,
2,1,2,-1,
5,2,2,-1,
1,1,3,-1,
3,1,3,-1,
4,3,3,-1,
4,4,3,-1,
3,4,3,-1,
1,3,3,-1,
4,4,10,-1,
10,4,10,-1,
10,10,12,-1,
12,10,12,-1,
13,12,12,-1,
13,13,12,-1,
12,13,12,-1,
10,12,12,-1,
13,13,11,-1,
11,13,11,-1,
5,11,11,-1,
5,5,11,-1,
11,5,11,-1,
13,11,11,-1,
14,14,14,-1,
14,14,14,-1,
14,14,14,-1,
5,5,2,-1,
2,5,2,-1,
1,2,2,-1,
1,1,2,-1,
2,1,2,-1,
5,2,2,-1,
1,1,3,-1,
3,1,3,-1,
4,3,3,-1,
4,4,3,-1,
3,4,3,-1,
1,3,3,-1,
4,4,10,-1,
10,4,10,-1,
10,10,12,-1,
12,10,12,-1,
13,12,12,-1,
13,13,12,-1,
12,13,12,-1,
10,12,12,-1,
13,13,11,-1,
11,13,11,-1,
5,11,11,-1,
5,5,11,-1,
11,5,11,-1,
13,11,11,-1,
14,14,14,-1,
14,14,14,-1,
14,14,14,-1,
5,5,2,-1,
2,5,2,-1,
1,2,2,-1,
1,1,2,-1,
2,1,2,-1,
5,2,2,-1,
1,1,3,-1,
3,1,3,-1,
4,3,3,-1,
4,4,3,-1,
3,4,3,-1,
1,3,3,-1,
4,4,10,-1,
10,4,10,-1,
10,10,12,-1,
12,10,12,-1,
13,12,12,-1,
13,13,12,-1,
12,13,12,-1,
10,12,12,-1,
13,13,11,-1,
11,13,11,-1,
5,11,11,-1,
5,5,11,-1,
11,5,11,-1,
13,11,11,-1,
14,14,14,-1,
14,14,14,-1,
14,14,14,-1,
5,5,2,-1,
2,5,2,-1,
1,2,2,-1,
1,1,2,-1,
2,1,2,-1,
5,2,2,-1,
1,1,3,-1,
3,1,3,-1,
4,3,3,-1,
4,4,3,-1,
3,4,3,-1,
1,3,3,-1,
4,4,10,-1,
10,4,10,-1,
10,10,12,-1,
12,10,12,-1,
13,12,12,-1,
13,13,12,-1,
12,13,12,-1,
10,12,12,-1,
13,13,11,-1,
11,13,11,-1,
5,11,11,-1,
5,5,11,-1,
11,5,11,-1,
13,11,11,-1,
14,14,14,-1,
14,14,14,-1,
14,14,14,-1,
5,5,2,-1,
2,5,2,-1,
1,2,2,-1,
1,1,2,-1,
2,1,2,-1,
5,2,2,-1,
1,1,3,-1,
3,1,3,-1,
4,3,3,-1,
4,4,3,-1,
3,4,3,-1,
1,3,3,-1,
4,4,10,-1,
10,4,10,-1,
10,10,12,-1,
12,10,12,-1,
13,12,12,-1,
13,13,12,-1,
12,13,12,-1,
10,12,12,-1,
13,13,11,-1,
11,13,11,-1,
5,11,11,-1,
5,5,11,-1,
11,5,11,-1,
13,11,11,-1,
14,14,14,-1,
14,14,14,-1,
14,14,14,-1,
5,5,2,-1,
2,5,2,-1,
1,2,2,-1,
1,1,2,-1,
2,1,2,-1,
5,2,2,-1,
1,1,3,-1,
3,1,3,-1,
4,3,3,-1,
4,4,3,-1,
3,4,3,-1,
1,3,3,-1,
4,4,10,-1,
10,4,10,-1,
10,10,12,-1,
12,10,12,-1,
13,12,12,-1,
13,13,12,-1,
12,13,12,-1,
10,12,12,-1,
13,13,11,-1,
11,13,11,-1,
5,11,11,-1,
5,5,11,-1,
11,5,11,-1,
13,11,11,-1,
14,14,14,-1,
14,14,14,-1,
14,14,14,-1,
5,5,2,-1,
2,5,2,-1,
1,2,2,-1,
1,1,2,-1,
2,1,2,-1,
5,2,2,-1,
1,1,3,-1,
3,1,3,-1,
4,3,3,-1,
4,4,3,-1,
3,4,3,-1,
1,3,3,-1,
4,4,10,-1,
10,4,10,-1,
10,10,12,-1,
12,10,12,-1,
13,12,12,-1,
13,13,12,-1,
12,13,12,-1,
10,12,12,-1,
13,13,11,-1,
11,13,11,-1,
5,11,11,-1,
5,5,11,-1,
11,5,11,-1,
13,11,11,-1,
14,14,14,-1,
14,14,14,-1,
14,14,14,-1,
5,5,2,-1,
2,5,2,-1,
1,2,2,-1,
1,1,2,-1,
2,1,2,-1,
5,2,2,-1,
1,1,3,-1,
3,1,3,-1,
4,3,3,-1,
4,4,3,-1,
3,4,3,-1,
1,3,3,-1,
4,4,10,-1,
10,4,10,-1,
10,10,12,-1,
12,10,12,-1,
13,12,12,-1,
13,13,12,-1,
12,13,12,-1,
10,12,12,-1,
13,13,11,-1,
11,13,11,-1,
5,11,11,-1,
5,5,11,-1,
11,5,11,-1,
13,11,11,-1,
14,14,14,-1,
14,14,14,-1,
14,14,14,-1,
5,5,2,-1,
2,5,2,-1,
1,2,2,-1,
1,1,2,-1,
2,1,2,-1,
5,2,2,-1,
1,1,3,-1,
3,1,3,-1,
4,3,3,-1,
4,4,3,-1,
3,4,3,-1,
1,3,3,-1,
4,4,10,-1,
10,4,10,-1,
10,10,12,-1,
12,10,12,-1,
13,12,12,-1,
13,13,12,-1,
12,13,12,-1,
10,12,12,-1,
13,13,11,-1,
11,13,11,-1,
5,11,11,-1,
5,5,11,-1,
11,5,11,-1,
13,11,11,-1,
14,14,14,-1,
14,14,14,-1,
14,14,14,-1,
5,5,2,-1,
2,5,2,-1,
1,2,2,-1,
1,1,2,-1,
2,1,2,-1,
5,2,2,-1,
1,1,3,-1,
3,1,3,-1,
4,3,3,-1,
4,4,3,-1,
3,4,3,-1,
1,3,3,-1,
4,4,10,-1,
10,4,10,-1,
10,10,12,-1,
12,10,12,-1,
13,12,12,-1,
13,13,12,-1,
12,13,12,-1,
10,12,12,-1,
13,13,11,-1,
11,13,11,-1,
5,11,11,-1,
5,5,11,-1,
11,5,11,-1,
13,11,11,-1,
14,14,14,-1,
14,14,14,-1,
14,14,14,-1,
5,5,2,-1,
2,5,2,-1,
1,2,2,-1,
1,1,2,-1,
2,1,2,-1,
5,2,2,-1,
1,1,3,-1,
3,1,3,-1,
4,3,3,-1,
4,4,3,-1,
3,4,3,-1,
1,3,3,-1,
4,4,10,-1,
10,4,10,-1,
10,10,12,-1,
12,10,12,-1,
13,12,12,-1,
13,13,12,-1,
12,13,12,-1,
10,12,12,-1,
13,13,11,-1,
11,13,11,-1,
5,11,11,-1,
5,5,11,-1,
11,5,11,-1,
13,11,11,-1,
14,14,14,-1,
14,14,14,-1,
14,14,14,-1,
5,5,2,-1,
2,5,2,-1,
1,2,2,-1,
1,1,2,-1,
2,1,2,-1,
5,2,2,-1,
1,1,3,-1,
3,1,3,-1,
4,3,3,-1,
4,4,3,-1,
3,4,3,-1,
1,3,3,-1,
4,4,10,-1,
10,4,10,-1,
10,10,12,-1,
12,10,12,-1,
13,12,12,-1,
13,13,12,-1,
12,13,12,-1,
10,12,12,-1,
13,13,11,-1,
11,13,11,-1,
5,11,11,-1,
5,5,11,-1,
11,5,11,-1,
13,11,11,-1,
14,14,14,-1,
14,14,14,-1,
14,14,14,-1,
5,5,2,-1,
2,5,2,-1,
1,2,2,-1,
1,1,2,-1,
2,1,2,-1,
5,2,2,-1,
1,1,3,-1,
3,1,3,-1,
4,3,3,-1,
4,4,3,-1,
3,4,3,-1,
1,3,3,-1,
4,4,10,-1,
10,4,10,-1,
10,10,12,-1,
12,10,12,-1,
13,12,12,-1,
13,13,12,-1,
12,13,12,-1,
10,12,12,-1,
13,13,11,-1,
11,13,11,-1,
5,11,11,-1,
5,5,11,-1,
11,5,11,-1,
13,11,11,-1,
14,14,14,-1,
14,14,14,-1,
14,14,14,-1,
5,5,2,-1,
2,5,2,-1,
1,2,2,-1,
1,1,2,-1,
2,1,2,-1,
5,2,2,-1,
1,1,3,-1,
3,1,3,-1,
4,3,3,-1,
4,4,3,-1,
3,4,3,-1,
1,3,3,-1,
4,4,10,-1,
10,4,10,-1,
10,10,12,-1,
12,10,12,-1,
13,12,12,-1,
13,13,12,-1,
12,13,12,-1,
10,12,12,-1,
13,13,11,-1,
11,13,11,-1,
5,11,11,-1,
5,5,11,-1,
11,5,11,-1,
13,11,11,-1,
14,14,14,-1,
14,14,14,-1,
14,14,14,-1,
5,5,2,-1,
2,5,2,-1,
1,2,2,-1,
1,1,2,-1,
2,1,2,-1,
5,2,2,-1,
1,1,3,-1,
3,1,3,-1,
4,3,3,-1,
4,4,3,-1,
3,4,3,-1,
1,3,3,-1,
4,4,10,-1,
10,4,10,-1,
10,10,12,-1,
12,10,12,-1,
13,12,12,-1,
13,13,12,-1,
12,13,12,-1,
10,12,12,-1,
13,13,11,-1,
11,13,11,-1,
5,11,11,-1,
5,5,11,-1,
11,5,11,-1,
13,11,11,-1,
14,14,14,-1,
14,14,14,-1,
14,14,14,-1,
5,5,2,-1,
2,5,2,-1,
1,2,2,-1,
1,1,2,-1,
2,1,2,-1,
5,2,2,-1,
1,1,3,-1,
3,1,3,-1,
4,3,3,-1,
4,4,3,-1,
3,4,3,-1,
1,3,3,-1,
4,4,10,-1,
10,4,10,-1,
10,10,12,-1,
12,10,12,-1,
13,12,12,-1,
13,13,12,-1,
12,13,12,-1,
10,12,12,-1,
13,13,11,-1,
11,13,11,-1,
5,11,11,-1,
5,5,11,-1,
11,5,11,-1,
13,11,11,-1,
14,14,14,-1,
14,14,14,-1,
14,14,14,-1,
5,5,2,-1,
2,5,2,-1,
1,2,2,-1,
1,1,2,-1,
2,1,2,-1,
5,2,2,-1,
1,1,3,-1,
3,1,3,-1,
4,3,3,-1,
4,4,3,-1,
3,4,3,-1,
1,3,3,-1,
4,4,10,-1,
10,4,10,-1,
10,10,12,-1,
12,10,12,-1,
13,12,12,-1,
13,13,12,-1,
12,13,12,-1,
10,12,12,-1,
13,13,11,-1,
11,13,11,-1,
5,11,11,-1,
5,5,11,-1,
11,5,11,-1,
13,11,11,-1,
9,9,9,-1,
9,9,9,-1,
9,9,9,-1,
9,9,9,-1,
9,9,9,-1,
9,9,9,-1,
14,14,14,-1,
14,14,14,-1
]
texCoordIndex [
256,254,253,-1,
205,255,209,-1,
209,255,256,-1,
209,256,213,-1,
213,256,253,-1,
213,253,217,-1,
205,201,255,-1,
255,201,197,-1,
255,197,196,-1,
309,308,355,-1,
355,308,354,-1,
258,256,257,-1,
257,256,255,-1,
286,287,255,-1,
255,287,291,-1,
291,295,255,-1,
255,295,299,-1,
255,299,257,-1,
257,299,303,-1,
257,303,307,-1,
194,185,184,-1,
37,45,52,-1,
52,45,30,-1,
52,30,7,-1,
7,30,14,-1,
7,14,8,-1,
36,44,51,-1,
51,44,29,-1,
51,29,6,-1,
6,29,13,-1,
6,13,7,-1,
7,13,24,-1,
7,24,52,-1,
52,24,36,-1,
52,36,51,-1,
35,43,50,-1,
50,43,28,-1,
50,28,5,-1,
5,28,12,-1,
5,12,6,-1,
6,12,23,-1,
6,23,51,-1,
51,23,35,-1,
51,35,50,-1,
34,42,49,-1,
49,42,27,-1,
49,27,4,-1,
4,27,11,-1,
4,11,5,-1,
5,11,22,-1,
5,22,50,-1,
50,22,34,-1,
50,34,49,-1,
33,41,48,-1,
48,41,26,-1,
48,26,3,-1,
3,26,10,-1,
3,10,4,-1,
4,10,21,-1,
4,21,49,-1,
14,25,8,-1,
8,25,37,-1,
8,37,53,-1,
53,37,52,-1,
53,52,74,-1,
74,52,96,-1,
74,58,53,-1,
53,58,69,-1,
53,69,97,-1,
97,69,81,-1,
97,81,96,-1,
96,81,89,-1,
96,89,74,-1,
80,88,95,-1,
95,88,73,-1,
95,73,51,-1,
51,73,57,-1,
51,57,52,-1,
52,57,68,-1,
52,68,96,-1,
96,68,80,-1,
96,80,95,-1,
79,87,94,-1,
94,87,72,-1,
94,72,50,-1,
50,72,56,-1,
50,56,51,-1,
51,56,67,-1,
51,67,95,-1,
95,67,79,-1,
95,79,94,-1,
78,86,93,-1,
93,86,71,-1,
93,71,49,-1,
49,71,55,-1,
49,55,50,-1,
50,55,66,-1,
50,66,94,-1,
94,66,78,-1,
94,78,93,-1,
21,33,49,-1,
49,33,48,-1,
49,48,70,-1,
70,48,92,-1,
70,54,49,-1,
49,54,65,-1,
49,65,93,-1,
93,65,77,-1,
93,77,92,-1,
92,77,85,-1,
92,85,70,-1,
140,133,118,-1,
140,118,96,-1,
96,118,102,-1,
96,102,97,-1,
97,102,113,-1,
97,113,125,-1,
133,140,125,-1,
125,140,141,-1,
125,141,97,-1,
124,132,139,-1,
139,132,117,-1,
139,117,95,-1,
95,117,101,-1,
95,101,96,-1,
96,101,112,-1,
96,112,140,-1,
140,112,124,-1,
140,124,139,-1,
123,131,138,-1,
138,131,116,-1,
138,116,94,-1,
94,116,100,-1,
94,100,95,-1,
95,100,111,-1,
95,111,139,-1,
139,111,123,-1,
139,123,138,-1,
122,130,137,-1,
137,130,115,-1,
137,115,93,-1,
93,115,99,-1,
93,99,94,-1,
94,99,110,-1,
94,110,138,-1,
138,110,122,-1,
138,122,137,-1,
121,129,136,-1,
136,129,114,-1,
136,114,92,-1,
92,114,98,-1,
92,98,93,-1,
93,98,109,-1,
93,109,137,-1,
137,109,121,-1,
137,121,136,-1,
157,169,185,-1,
185,169,177,-1,
185,177,184,-1,
184,177,162,-1,
184,162,140,-1,
140,162,146,-1,
140,146,141,-1,
141,146,157,-1,
141,157,185,-1,
156,168,184,-1,
184,168,176,-1,
184,176,183,-1,
183,176,161,-1,
183,161,139,-1,
139,161,145,-1,
139,145,140,-1,
140,145,156,-1,
140,156,184,-1,
155,167,183,-1,
183,167,175,-1,
183,175,182,-1,
182,175,160,-1,
182,160,138,-1,
138,160,144,-1,
138,144,139,-1,
139,144,155,-1,
139,155,183,-1,
154,166,182,-1,
182,166,174,-1,
182,174,181,-1,
181,174,159,-1,
181,159,137,-1,
137,159,143,-1,
137,143,138,-1,
138,143,154,-1,
138,154,182,-1,
165,173,180,-1,
180,173,158,-1,
180,158,136,-1,
136,158,142,-1,
136,142,137,-1,
137,142,153,-1,
137,153,181,-1,
181,153,165,-1,
181,165,180,-1,
3,2,48,-1,
48,2,47,-1,
48,47,92,-1,
92,47,91,-1,
92,91,136,-1,
136,91,135,-1,
136,135,180,-1,
180,135,179,-1,
194,184,193,-1,
193,184,183,-1,
193,183,192,-1,
192,183,182,-1,
192,182,191,-1,
191,182,181,-1,
191,181,190,-1,
190,181,180,-1,
190,180,189,-1,
189,180,179,-1,
189,179,188,-1,
357,358,311,-1,
311,358,312,-1,
186,187,178,-1,
178,134,186,-1,
186,134,90,-1,
186,90,0,-1,
0,90,46,-1,
0,46,1,-1,
146,162,157,-1,
157,162,177,-1,
157,177,169,-1,
318,319,316,-1,
316,319,317,-1,
272,271,284,-1,
305,272,304,-1,
304,272,285,-1,
319,315,314,-1,
272,305,273,-1,
273,305,278,-1,
163,170,171,-1,
164,163,172,-1,
172,163,171,-1,
305,306,278,-1,
163,164,151,-1,
151,164,152,-1,
151,152,147,-1,
147,152,148,-1,
251,252,227,-1,
215,251,216,-1,
216,251,222,-1,
152,150,149,-1,
251,215,250,-1,
250,215,232,-1,
318,320,322,-1,
319,318,323,-1,
323,318,321,-1,
215,214,237,-1,
21,10,33,-1,
33,10,26,-1,
33,26,41,-1,
348,349,345,-1,
345,349,346,-1,
260,259,279,-1,
289,260,288,-1,
288,260,280,-1,
349,347,346,-1,
260,289,261,-1,
261,289,274,-1,
31,38,39,-1,
32,31,40,-1,
40,31,39,-1,
289,290,274,-1,
31,32,19,-1,
19,32,20,-1,
19,20,15,-1,
15,20,16,-1,
239,240,223,-1,
199,239,200,-1,
200,239,218,-1,
20,18,17,-1,
239,199,238,-1,
238,199,228,-1,
348,350,352,-1,
349,348,353,-1,
353,348,351,-1,
199,198,233,-1,
22,11,34,-1,
34,11,27,-1,
34,27,42,-1,
348,349,345,-1,
345,349,346,-1,
263,262,281,-1,
293,263,292,-1,
292,263,281,-1,
349,347,346,-1,
263,293,264,-1,
264,293,275,-1,
31,38,39,-1,
32,31,40,-1,
40,31,39,-1,
293,294,275,-1,
31,32,19,-1,
19,32,20,-1,
19,20,15,-1,
15,20,16,-1,
242,243,224,-1,
203,242,204,-1,
204,242,219,-1,
20,18,17,-1,
242,203,241,-1,
241,203,229,-1,
348,350,352,-1,
349,348,353,-1,
353,348,351,-1,
203,202,234,-1,
23,12,35,-1,
35,12,28,-1,
35,28,43,-1,
348,349,345,-1,
345,349,346,-1,
266,265,282,-1,
297,266,296,-1,
296,266,282,-1,
349,347,346,-1,
266,297,267,-1,
267,297,276,-1,
31,38,39,-1,
32,31,40,-1,
40,31,39,-1,
297,298,276,-1,
31,32,19,-1,
19,32,20,-1,
19,20,15,-1,
15,20,16,-1,
245,246,225,-1,
207,245,208,-1,
208,245,220,-1,
20,18,17,-1,
245,207,244,-1,
244,207,230,-1,
348,350,352,-1,
349,348,353,-1,
353,348,351,-1,
207,206,235,-1,
145,161,156,-1,
156,161,176,-1,
156,176,168,-1,
318,319,316,-1,
316,319,317,-1,
269,268,283,-1,
301,269,300,-1,
300,269,283,-1,
319,315,314,-1,
269,301,270,-1,
270,301,277,-1,
163,170,171,-1,
164,163,172,-1,
172,163,171,-1,
301,302,277,-1,
163,164,151,-1,
151,164,152,-1,
151,152,147,-1,
147,152,148,-1,
248,249,226,-1,
211,248,212,-1,
212,248,221,-1,
152,150,149,-1,
248,211,247,-1,
247,211,231,-1,
318,320,322,-1,
319,318,323,-1,
323,318,321,-1,
211,210,236,-1,
144,160,155,-1,
155,160,175,-1,
155,175,167,-1,
318,319,316,-1,
316,319,317,-1,
266,265,282,-1,
297,266,296,-1,
296,266,282,-1,
319,315,314,-1,
266,297,267,-1,
267,297,276,-1,
163,170,171,-1,
164,163,172,-1,
172,163,171,-1,
297,298,276,-1,
163,164,151,-1,
151,164,152,-1,
151,152,147,-1,
147,152,148,-1,
245,246,225,-1,
207,245,208,-1,
208,245,220,-1,
152,150,149,-1,
245,207,244,-1,
244,207,230,-1,
318,320,322,-1,
319,318,323,-1,
323,318,321,-1,
207,206,235,-1,
143,159,154,-1,
154,159,174,-1,
154,174,166,-1,
318,319,316,-1,
316,319,317,-1,
263,262,281,-1,
293,263,292,-1,
292,263,281,-1,
319,315,314,-1,
263,293,264,-1,
264,293,275,-1,
163,170,171,-1,
164,163,172,-1,
172,163,171,-1,
293,294,275,-1,
163,164,151,-1,
151,164,152,-1,
151,152,147,-1,
147,152,148,-1,
242,243,224,-1,
203,242,204,-1,
204,242,219,-1,
152,150,149,-1,
242,203,241,-1,
241,203,229,-1,
318,320,322,-1,
319,318,323,-1,
323,318,321,-1,
203,202,234,-1,
142,158,153,-1,
153,158,173,-1,
153,173,165,-1,
318,319,316,-1,
316,319,317,-1,
260,259,279,-1,
289,260,288,-1,
288,260,280,-1,
319,315,314,-1,
260,289,261,-1,
261,289,274,-1,
163,170,171,-1,
164,163,172,-1,
172,163,171,-1,
289,290,274,-1,
163,164,151,-1,
151,164,152,-1,
151,152,147,-1,
147,152,148,-1,
239,240,223,-1,
199,239,200,-1,
200,239,218,-1,
152,150,149,-1,
239,199,238,-1,
238,199,228,-1,
318,320,322,-1,
319,318,323,-1,
323,318,321,-1,
199,198,233,-1,
113,102,125,-1,
125,102,118,-1,
125,118,133,-1,
328,329,325,-1,
325,329,326,-1,
272,271,284,-1,
305,272,304,-1,
304,272,285,-1,
329,327,326,-1,
272,305,273,-1,
273,305,278,-1,
119,126,127,-1,
120,119,128,-1,
128,119,127,-1,
305,306,278,-1,
119,120,107,-1,
107,120,108,-1,
107,108,103,-1,
103,108,104,-1,
251,252,227,-1,
215,251,216,-1,
216,251,222,-1,
108,106,105,-1,
251,215,250,-1,
250,215,232,-1,
328,330,332,-1,
329,328,333,-1,
333,328,331,-1,
215,214,237,-1,
132,124,117,-1,
117,124,112,-1,
117,112,101,-1,
328,329,325,-1,
325,329,326,-1,
269,268,283,-1,
301,269,300,-1,
300,269,283,-1,
329,327,326,-1,
269,301,270,-1,
270,301,277,-1,
119,126,127,-1,
120,119,128,-1,
128,119,127,-1,
301,302,277,-1,
119,120,107,-1,
107,120,108,-1,
107,108,103,-1,
103,108,104,-1,
248,249,226,-1,
211,248,212,-1,
212,248,221,-1,
108,106,105,-1,
248,211,247,-1,
247,211,231,-1,
328,330,332,-1,
329,328,333,-1,
333,328,331,-1,
211,210,236,-1,
111,100,123,-1,
123,100,116,-1,
123,116,131,-1,
328,329,325,-1,
325,329,326,-1,
266,265,282,-1,
297,266,296,-1,
296,266,282,-1,
329,327,326,-1,
266,297,267,-1,
267,297,276,-1,
119,126,127,-1,
120,119,128,-1,
128,119,127,-1,
297,298,276,-1,
119,120,107,-1,
107,120,108,-1,
107,108,103,-1,
103,108,104,-1,
245,246,225,-1,
207,245,208,-1,
208,245,220,-1,
108,106,105,-1,
245,207,244,-1,
244,207,230,-1,
328,330,332,-1,
329,328,333,-1,
333,328,331,-1,
207,206,235,-1,
130,122,115,-1,
115,122,110,-1,
115,110,99,-1,
328,329,325,-1,
325,329,326,-1,
263,262,281,-1,
293,263,292,-1,
292,263,281,-1,
329,327,326,-1,
263,293,264,-1,
264,293,275,-1,
119,126,127,-1,
120,119,128,-1,
128,119,127,-1,
293,294,275,-1,
119,120,107,-1,
107,120,108,-1,
107,108,103,-1,
103,108,104,-1,
242,243,224,-1,
203,242,204,-1,
204,242,219,-1,
108,106,105,-1,
242,203,241,-1,
241,203,229,-1,
328,330,332,-1,
329,328,333,-1,
333,328,331,-1,
203,202,234,-1,
24,13,36,-1,
36,13,29,-1,
36,29,44,-1,
348,349,345,-1,
345,349,346,-1,
269,268,283,-1,
301,269,300,-1,
300,269,283,-1,
349,347,346,-1,
269,301,270,-1,
270,301,277,-1,
31,38,39,-1,
32,31,40,-1,
40,31,39,-1,
301,302,277,-1,
31,32,19,-1,
19,32,20,-1,
19,20,15,-1,
15,20,16,-1,
248,249,226,-1,
211,248,212,-1,
212,248,221,-1,
20,18,17,-1,
248,211,247,-1,
247,211,231,-1,
348,350,352,-1,
349,348,353,-1,
353,348,351,-1,
211,210,236,-1,
25,14,37,-1,
37,14,30,-1,
37,30,45,-1,
348,349,345,-1,
345,349,346,-1,
272,271,284,-1,
305,272,304,-1,
304,272,285,-1,
349,347,346,-1,
272,305,273,-1,
273,305,278,-1,
31,38,39,-1,
32,31,40,-1,
40,31,39,-1,
305,306,278,-1,
31,32,19,-1,
19,32,20,-1,
19,20,15,-1,
15,20,16,-1,
251,252,227,-1,
215,251,216,-1,
216,251,222,-1,
20,18,17,-1,
251,215,250,-1,
250,215,232,-1,
348,350,352,-1,
349,348,353,-1,
353,348,351,-1,
215,214,237,-1,
77,65,85,-1,
85,65,54,-1,
85,54,70,-1,
338,339,335,-1,
335,339,336,-1,
260,259,279,-1,
289,260,288,-1,
288,260,280,-1,
339,337,336,-1,
260,289,261,-1,
261,289,274,-1,
75,82,83,-1,
76,75,84,-1,
84,75,83,-1,
289,290,274,-1,
75,76,63,-1,
63,76,64,-1,
63,64,59,-1,
59,64,60,-1,
239,240,223,-1,
199,239,200,-1,
200,239,218,-1,
64,62,61,-1,
239,199,238,-1,
238,199,228,-1,
338,340,342,-1,
339,338,343,-1,
343,338,341,-1,
199,198,233,-1,
55,71,66,-1,
66,71,86,-1,
66,86,78,-1,
338,339,335,-1,
335,339,336,-1,
263,262,281,-1,
293,263,292,-1,
292,263,281,-1,
339,337,336,-1,
263,293,264,-1,
264,293,275,-1,
75,82,83,-1,
76,75,84,-1,
84,75,83,-1,
293,294,275,-1,
75,76,63,-1,
63,76,64,-1,
63,64,59,-1,
59,64,60,-1,
242,243,224,-1,
203,242,204,-1,
204,242,219,-1,
64,62,61,-1,
242,203,241,-1,
241,203,229,-1,
338,340,342,-1,
339,338,343,-1,
343,338,341,-1,
203,202,234,-1,
109,98,121,-1,
121,98,114,-1,
121,114,129,-1,
328,329,325,-1,
325,329,326,-1,
260,259,279,-1,
289,260,288,-1,
288,260,280,-1,
329,327,326,-1,
260,289,261,-1,
261,289,274,-1,
119,126,127,-1,
120,119,128,-1,
128,119,127,-1,
289,290,274,-1,
119,120,107,-1,
107,120,108,-1,
107,108,103,-1,
103,108,104,-1,
239,240,223,-1,
199,239,200,-1,
200,239,218,-1,
108,106,105,-1,
239,199,238,-1,
238,199,228,-1,
328,330,332,-1,
329,328,333,-1,
333,328,331,-1,
199,198,233,-1,
81,69,89,-1,
89,69,58,-1,
89,58,74,-1,
338,339,335,-1,
335,339,336,-1,
272,271,284,-1,
305,272,304,-1,
304,272,285,-1,
339,337,336,-1,
272,305,273,-1,
273,305,278,-1,
75,82,83,-1,
76,75,84,-1,
84,75,83,-1,
305,306,278,-1,
75,76,63,-1,
63,76,64,-1,
63,64,59,-1,
59,64,60,-1,
251,252,227,-1,
215,251,216,-1,
216,251,222,-1,
64,62,61,-1,
251,215,250,-1,
250,215,232,-1,
338,340,342,-1,
339,338,343,-1,
343,338,341,-1,
215,214,237,-1,
57,73,68,-1,
68,73,88,-1,
68,88,80,-1,
338,339,335,-1,
335,339,336,-1,
269,268,283,-1,
301,269,300,-1,
300,269,283,-1,
339,337,336,-1,
269,301,270,-1,
270,301,277,-1,
75,82,83,-1,
76,75,84,-1,
84,75,83,-1,
301,302,277,-1,
75,76,63,-1,
63,76,64,-1,
63,64,59,-1,
59,64,60,-1,
248,249,226,-1,
211,248,212,-1,
212,248,221,-1,
64,62,61,-1,
248,211,247,-1,
247,211,231,-1,
338,340,342,-1,
339,338,343,-1,
343,338,341,-1,
211,210,236,-1,
56,72,67,-1,
67,72,87,-1,
67,87,79,-1,
338,339,335,-1,
335,339,336,-1,
266,265,282,-1,
297,266,296,-1,
296,266,282,-1,
339,337,336,-1,
266,297,267,-1,
267,297,276,-1,
75,82,83,-1,
76,75,84,-1,
84,75,83,-1,
297,298,276,-1,
75,76,63,-1,
63,76,64,-1,
63,64,59,-1,
59,64,60,-1,
245,246,225,-1,
207,245,208,-1,
208,245,220,-1,
64,62,61,-1,
245,207,244,-1,
244,207,230,-1,
338,340,342,-1,
339,338,343,-1,
343,338,341,-1,
207,206,235,-1,
313,310,309,-1,
356,344,355,-1,
355,344,334,-1,
355,334,309,-1,
309,334,324,-1,
309,324,313,-1,
194,195,8,-1,
8,195,9,-1
]
}
}
Shape {
appearance Appearance {
material Material {
ambientIntensity 0
diffuseColor 1 1 1
specularColor 0 0 0
shininess 0
transparency 0
}
texture DEF MDF ImageTexture {
repeatS TRUE
repeatT TRUE
url ["MDF.jpg"]
}
}
geometry IndexedFaceSet {
normalPerVertex TRUE
solid TRUE
convex TRUE
coord Coordinate { point [
-1.432 -1.276 1.109,
-1.432 -1.196 1.109,
-1.432 -1.276 -0.375,
-1.432 -1.196 -0.375,
-1.429 -1.196 1.109,
-1.429 -1.196 -0.375,
-1.413 -1.276 1.109,
-1.413 -1.212 1.109,
-1.413 -1.276 -0.375,
-1.413 -1.212 -0.375
] }
normal Normal { vector [
-1 0 0,
0 0 -1,
0 1 0,
0 -1 0,
0 0 1,
0.707107 0.707107 0,
1 0 0
] }
texCoord TextureCoordinate { point [
-30.68 0,
-30.68 0.320001,
-30.68 0.380001,
-30.68 0.68,
-30.68 2.28,
-1 0,
-1 0.320001,
-1 0.380001,
-1 0.68,
-1 2.28,
-0.380001 0.68,
-0.380001 2.28,
-0.320001 0.68,
0 1,
0 2.28,
0.320001 0.68,
0.380001 0.68,
0.380001 2.28,
1 0,
1 0.380001,
1 1,
1 2.28,
30.68 0,
30.68 0.380001,
30.68 1,
30.68 2.28
] }
coordIndex [
5,3,4,-1,
4,3,1,-1,
3,2,1,-1,
1,2,0,-1,
2,8,0,-1,
0,8,6,-1,
8,9,6,-1,
6,9,7,-1,
9,5,7,-1,
7,5,4,-1,
9,8,5,-1,
5,8,2,-1,
5,2,3,-1,
6,7,0,-1,
0,7,4,-1,
0,4,1,-1
]
normalIndex [
2,2,2,-1,
2,2,2,-1,
0,0,0,-1,
0,0,0,-1,
3,3,3,-1,
3,3,3,-1,
6,6,6,-1,
6,6,6,-1,
5,5,5,-1,
5,5,5,-1,
1,1,1,-1,
1,1,1,-1,
1,1,1,-1,
4,4,4,-1,
4,4,4,-1,
4,4,4,-1
]
texCoordIndex [
6,7,1,-1,
1,7,2,-1,
8,9,3,-1,
3,9,4,-1,
19,18,23,-1,
23,18,22,-1,
21,20,25,-1,
25,20,24,-1,
5,6,0,-1,
0,6,1,-1,
13,14,12,-1,
12,14,11,-1,
12,11,10,-1,
14,13,17,-1,
17,13,15,-1,
17,15,16,-1
]
}
}
Shape {
appearance Appearance {
material Material {
ambientIntensity 0
diffuseColor 1 1 1
specularColor 0 0 0
shininess 0
transparency 0
}
texture USE MDF
}
geometry IndexedFaceSet {
normalPerVertex TRUE
solid TRUE
convex TRUE
coord Coordinate { point [
-1.432 -0.48699999 1.109,
-1.432 -0.40699995 1.109,
-1.432 -0.48699999 -0.375,
-1.432 -0.40699995 -0.375,
-1.429 -0.40699995 1.109,
-1.429 -0.40699995 -0.375,
-1.413 -0.48699999 1.109,
-1.413 -0.42299998 1.109,
-1.413 -0.48699999 -0.375,
-1.413 -0.42299998 -0.375
] }
normal Normal { vector [
-1 0 0,
0 0 -1,
0 1 0,
0 -1 0,
0 0 1,
0.707107 0.707107 0,
1 0 0
] }
texCoord TextureCoordinate { point [
-30.68 0,
-30.68 0.320001,
-30.68 0.380001,
-30.68 0.68,
-30.68 2.28,
-1 0,
-1 0.320001,
-1 0.380001,
-1 0.68,
-1 2.28,
-0.380001 0.68,
-0.380001 2.28,
-0.320001 0.68,
0 1,
0 2.28,
0.320001 0.68,
0.380001 0.68,
0.380001 2.28,
1 0,
1 0.380001,
1 1,
1 2.28,
30.68 0,
30.68 0.380001,
30.68 1,
30.68 2.28
] }
coordIndex [
5,3,4,-1,
4,3,1,-1,
3,2,1,-1,
1,2,0,-1,
2,8,0,-1,
0,8,6,-1,
8,9,6,-1,
6,9,7,-1,
9,5,7,-1,
7,5,4,-1,
9,8,5,-1,
5,8,2,-1,
5,2,3,-1,
6,7,0,-1,
0,7,4,-1,
0,4,1,-1
]
normalIndex [
2,2,2,-1,
2,2,2,-1,
0,0,0,-1,
0,0,0,-1,
3,3,3,-1,
3,3,3,-1,
6,6,6,-1,
6,6,6,-1,
5,5,5,-1,
5,5,5,-1,
1,1,1,-1,
1,1,1,-1,
1,1,1,-1,
4,4,4,-1,
4,4,4,-1,
4,4,4,-1
]
texCoordIndex [
6,7,1,-1,
1,7,2,-1,
8,9,3,-1,
3,9,4,-1,
19,18,23,-1,
23,18,22,-1,
21,20,25,-1,
25,20,24,-1,
5,6,0,-1,
0,6,1,-1,
13,14,12,-1,
12,14,11,-1,
12,11,10,-1,
14,13,17,-1,
17,13,15,-1,
17,15,16,-1
]
}
}
Shape {
appearance Appearance {
material Material {
ambientIntensity 0
diffuseColor 1 1 1
specularColor 0 0 0
shininess 0
transparency 0
}
texture USE MDF
}
geometry IndexedFaceSet {
normalPerVertex TRUE
solid TRUE
convex TRUE
coord Coordinate { point [
-1.432 0.30200005 1.109,
-1.432 0.38200009 1.109,
-1.432 0.30200005 -0.375,
-1.432 0.38200009 -0.375,
-1.429 0.38200009 1.109,
-1.429 0.38200009 -0.375,
-1.413 0.30200005 1.109,
-1.413 0.36600006 1.109,
-1.413 0.30200005 -0.375,
-1.413 0.36600006 -0.375
] }
normal Normal { vector [
-1 0 0,
0 0 -1,
0 1 0,
0 -1 0,
0 0 1,
0.707107 0.707107 0,
1 0 0
] }
texCoord TextureCoordinate { point [
-30.68 0,
-30.68 0.320001,
-30.68 0.380001,
-30.68 0.679998,
-30.68 2.28,
-1 0,
-1 0.320001,
-1 0.380001,
-1 0.679998,
-1 2.28,
-0.380001 0.679998,
-0.380001 2.28,
-0.320001 0.679998,
0 0.999999,
0 2.28,
0.320001 0.679998,
0.380001 0.679998,
0.380001 2.28,
1 0,
1 0.380001,
1 0.999999,
1 2.28,
30.68 0,
30.68 0.380001,
30.68 0.999999,
30.68 2.28
] }
coordIndex [
5,3,4,-1,
4,3,1,-1,
3,2,1,-1,
1,2,0,-1,
2,8,0,-1,
0,8,6,-1,
8,9,6,-1,
6,9,7,-1,
9,5,7,-1,
7,5,4,-1,
9,8,5,-1,
5,8,2,-1,
5,2,3,-1,
6,7,0,-1,
0,7,4,-1,
0,4,1,-1
]
normalIndex [
2,2,2,-1,
2,2,2,-1,
0,0,0,-1,
0,0,0,-1,
3,3,3,-1,
3,3,3,-1,
6,6,6,-1,
6,6,6,-1,
5,5,5,-1,
5,5,5,-1,
1,1,1,-1,
1,1,1,-1,
1,1,1,-1,
4,4,4,-1,
4,4,4,-1,
4,4,4,-1
]
texCoordIndex [
6,7,1,-1,
1,7,2,-1,
8,9,3,-1,
3,9,4,-1,
19,18,23,-1,
23,18,22,-1,
21,20,25,-1,
25,20,24,-1,
5,6,0,-1,
0,6,1,-1,
13,14,12,-1,
12,14,11,-1,
12,11,10,-1,
14,13,17,-1,
17,13,15,-1,
17,15,16,-1
]
}
}
Shape {
appearance Appearance {
material Material {
ambientIntensity 0
diffuseColor 1 1 1
specularColor 0 0 0
shininess 0
transparency 0
}
texture USE MDF
}
geometry IndexedFaceSet {
normalPerVertex TRUE
solid TRUE
convex TRUE
coord Coordinate { point [
-1.432 1.091 1.109,
-1.432 1.1710001 1.109,
-1.432 1.091 -0.375,
-1.432 1.1710001 -0.375,
-1.429 1.1710001 1.109,
-1.429 1.1710001 -0.375,
-1.413 1.091 1.109,
-1.413 1.1550001 1.109,
-1.413 1.091 -0.375,
-1.413 1.1550001 -0.375
] }
normal Normal { vector [
-1 0 0,
0 0 -1,
0 1 0,
0 -1 0,
0 0 1,
0.707107 0.707107 0,
1 0 0
] }
texCoord TextureCoordinate { point [
-30.68 0,
-30.68 0.320001,
-30.68 0.380001,
-30.68 0.679998,
-30.68 2.28,
-1 0,
-1 0.320001,
-1 0.380001,
-1 0.679998,
-1 2.28,
-0.380001 0.679998,
-0.380001 2.28,
-0.320001 0.679998,
0 0.999999,
0 2.28,
0.320001 0.679998,
0.380001 0.679998,
0.380001 2.28,
1 0,
1 0.380001,
1 0.999999,
1 2.28,
30.68 0,
30.68 0.380001,
30.68 0.999999,
30.68 2.28
] }
coordIndex [
5,3,4,-1,
4,3,1,-1,
3,2,1,-1,
1,2,0,-1,
2,8,0,-1,
0,8,6,-1,
8,9,6,-1,
6,9,7,-1,
9,5,7,-1,
7,5,4,-1,
9,8,5,-1,
5,8,2,-1,
5,2,3,-1,
4,1,7,-1,
7,1,0,-1,
7,0,6,-1
]
normalIndex [
2,2,2,-1,
2,2,2,-1,
0,0,0,-1,
0,0,0,-1,
3,3,3,-1,
3,3,3,-1,
6,6,6,-1,
6,6,6,-1,
5,5,5,-1,
5,5,5,-1,
1,1,1,-1,
1,1,1,-1,
1,1,1,-1,
4,4,4,-1,
4,4,4,-1,
4,4,4,-1
]
texCoordIndex [
6,7,1,-1,
1,7,2,-1,
8,9,3,-1,
3,9,4,-1,
19,18,23,-1,
23,18,22,-1,
21,20,25,-1,
25,20,24,-1,
5,6,0,-1,
0,6,1,-1,
13,14,12,-1,
12,14,11,-1,
12,11,10,-1,
15,16,13,-1,
13,16,17,-1,
13,17,14,-1
]
}
}
Shape {
appearance Appearance {
material Material {
ambientIntensity 0
diffuseColor 1 1 1
specularColor 0 0 0
shininess 0
transparency 0
}
texture USE MELA_H3450_ST22
}
geometry IndexedFaceSet {
normalPerVertex TRUE
solid TRUE
convex TRUE
coord Coordinate { point [
-1.451 -1.326 1.1470001,
-1.451 1.341 1.1470001,
-1.451 -1.326 1.128,
-1.451 -1.2479999 1.128,
-1.451 -0.77449995 1.128,
-1.451 0.014500022 1.128,
-1.451 0.80350006 1.128,
-1.451 1.341 1.128,
-1.361809 -1.1695877 1.133,
-1.361809 -1.1684122 1.133,
-1.361809 -0.38058776 1.133,
-1.361809 -0.37941217 1.133,
-1.361809 0.40841222 1.133,
-1.361809 0.40958786 1.133,
-1.361809 1.1974124 1.133,
-1.361809 1.1985878 1.133,
-1.361809 -1.1695877 1.128,
-1.361809 -1.1684122 1.128,
-1.361809 -0.38058776 1.128,
-1.361809 -0.37941217 1.128,
-1.361809 0.40841222 1.128,
-1.361809 0.40958786 1.128,
-1.361809 1.1974124 1.128,
-1.361809 1.1985878 1.128,
-1.361642 -1.169642 1.133,
-1.361642 -1.1683578 1.133,
-1.361642 -0.380642 1.133,
-1.361642 -0.37935787 1.133,
-1.361642 0.40835798 1.133,
-1.361642 0.40964234 1.133,
-1.361642 1.197358 1.133,
-1.361642 1.1986421 1.133,
-1.361642 -1.169642 1.1322533,
-1.361642 -0.380642 1.1322533,
-1.361642 0.40835798 1.1322533,
-1.361642 1.197358 1.1322533,
-1.361642 -1.1683578 1.1287467,
-1.361642 -0.37935787 1.1287467,
-1.361642 0.40964234 1.1287467,
-1.361642 1.1986421 1.1287467,
-1.361642 -1.169642 1.128,
-1.361642 -1.1683578 1.128,
-1.361642 -0.380642 1.128,
-1.361642 -0.37935787 1.128,
-1.361642 0.40835798 1.128,
-1.361642 0.40964234 1.128,
-1.361642 1.197358 1.128,
-1.361642 1.1986421 1.128,
-1.360691 -1.169951 1.133,
-1.360691 -1.1680489 1.133,
-1.360691 -0.38095105 1.133,
-1.360691 -0.37904888 1.133,
-1.360691 0.40804899 1.133,
-1.360691 0.40995109 1.133,
-1.360691 1.197049 1.133,
-1.360691 1.1989511 1.133,
-1.360691 -1.169951 1.128,
-1.360691 -1.1680489 1.128,
-1.360691 -0.38095105 1.128,
-1.360691 -0.37904888 1.128,
-1.360691 0.40804899 1.128,
-1.360691 0.40995109 1.128,
-1.360691 1.197049 1.128,
-1.360691 1.1989511 1.128,
-1.3604208 -1.169579 1.133,
-1.3604208 -1.1684208 1.133,
-1.3604208 -0.38057917 1.133,
-1.3604208 -0.3794207 1.133,
-1.3604208 0.40842092 1.133,
-1.3604208 0.40957916 1.133,
-1.3604208 1.197421 1.133,
-1.3604208 1.1985792 1.133,
-1.3604208 -1.1695791 1.131045,
-1.3604208 -1.169579 1.131045,
-1.3604208 -0.38057917 1.131045,
-1.3604208 0.40842092 1.131045,
-1.3604208 1.197421 1.131045,
-1.3604208 -1.1684208 1.1299551,
-1.3604208 -0.3794207 1.1299551,
-1.3604208 0.40957916 1.1299551,
-1.3604208 1.1985792 1.1299551,
-1.3604208 -1.1695791 1.128,
-1.3604208 -1.1684208 1.128,
-1.3604208 -0.38057917 1.128,
-1.3604208 -0.3794207 1.128,
-1.3604208 0.40842092 1.128,
-1.3604208 0.40957916 1.128,
-1.3604208 1.197421 1.128,
-1.3604208 1.1985792 1.128,
-1.36 -1.1689999 1.133,
-1.36 -0.37999994 1.133,
-1.36 0.40900004 1.133,
-1.36 1.1980001 1.133,
-1.36 -1.1689999 1.128,
-1.36 -0.37999994 1.128,
-1.36 0.40900004 1.128,
-1.36 1.1980001 1.128,
-1.3423333 -1.326 1.128,
-1.3423333 -1.2479999 1.128,
-1.3423333 -0.77449995 1.128,
-1.3423333 0.014500022 1.128,
-1.3423333 0.80350006 1.128,
-1.3423333 1.341 1.128,
-1.3244756 -1.1695877 1.133,
-1.3244756 -1.1684122 1.133,
-1.3244756 -0.38058776 1.133,
-1.3244756 -0.37941217 1.133,
-1.3244756 0.40841222 1.133,
-1.3244756 0.40958786 1.133,
-1.3244756 1.1974124 1.133,
-1.3244756 1.1985878 1.133,
-1.3244756 -1.1695877 1.128,
-1.3244756 -1.1684122 1.128,
-1.3244756 -0.38058776 1.128,
-1.3244756 -0.37941217 1.128,
-1.3244756 0.40841222 1.128,
-1.3244756 0.40958786 1.128,
-1.3244756 1.1974124 1.128,
-1.3244756 1.1985878 1.128,
-1.3243086 -1.169642 1.133,
-1.3243086 -1.1683578 1.133,
-1.3243086 -0.380642 1.133,
-1.3243086 -0.37935787 1.133,
-1.3243086 0.40835798 1.133,
-1.3243086 0.40964234 1.133,
-1.3243086 1.197358 1.133,
-1.3243086 1.1986421 1.133,
-1.3243086 -1.169642 1.1322533,
-1.3243086 -0.380642 1.1322533,
-1.3243086 0.40835798 1.1322533,
-1.3243086 1.197358 1.1322533,
-1.3243086 -1.1683578 1.1287467,
-1.3243086 -0.37935787 1.1287467,
-1.3243086 0.40964234 1.1287467,
-1.3243086 1.1986421 1.1287467,
-1.3243086 -1.169642 1.128,
-1.3243086 -1.1683578 1.128,
-1.3243086 -0.380642 1.128,
-1.3243086 -0.37935787 1.128,
-1.3243086 0.40835798 1.128,
-1.3243086 0.40964234 1.128,
-1.3243086 1.197358 1.128,
-1.3243086 1.1986421 1.128,
-1.3233576 -1.169951 1.133,
-1.3233576 -1.1680489 1.133,
-1.3233576 -0.38095105 1.133,
-1.3233576 -0.37904888 1.133,
-1.3233576 0.40804899 1.133,
-1.3233576 0.40995109 1.133,
-1.3233576 1.197049 1.133,
-1.3233576 1.1989511 1.133,
-1.3233576 -1.169951 1.128,
-1.3233576 -1.1680489 1.128,
-1.3233576 -0.38095105 1.128,
-1.3233576 -0.37904888 1.128,
-1.3233576 0.40804899 1.128,
-1.3233576 0.40995109 1.128,
-1.3233576 1.197049 1.128,
-1.3233576 1.1989511 1.128,
-1.3230875 -1.169579 1.133,
-1.3230875 -1.1684208 1.133,
-1.3230875 -0.38057917 1.133,
-1.3230875 -0.3794207 1.133,
-1.3230875 0.40842092 1.133,
-1.3230875 0.40957916 1.133,
-1.3230875 1.197421 1.133,
-1.3230875 1.1985792 1.133,
-1.3230875 -1.1695791 1.131045,
-1.3230875 -1.169579 1.131045,
-1.3230875 -0.38057917 1.131045,
-1.3230875 0.40842092 1.131045,
-1.3230875 1.197421 1.131045,
-1.3230875 -1.1684208 1.1299551,
-1.3230875 -0.3794207 1.1299551,
-1.3230875 0.40957916 1.1299551,
-1.3230875 1.1985792 1.1299551,
-1.3230875 -1.1695791 1.128,
-1.3230875 -1.1684208 1.128,
-1.3230875 -0.38057917 1.128,
-1.3230875 -0.3794207 1.128,
-1.3230875 0.40842092 1.128,
-1.3230875 0.40957916 1.128,
-1.3230875 1.197421 1.128,
-1.3230875 1.1985792 1.128,
-1.3226666 -1.1689999 1.133,
-1.3226666 -0.37999994 1.133,
-1.3226666 0.40900004 1.133,
-1.3226666 1.1980001 1.133,
-1.3226666 -1.1689999 1.128,
-1.3226666 -0.37999994 1.128,
-1.3226666 0.40900004 1.128,
-1.3226666 1.1980001 1.128,
-1.3049999 -1.326 1.128,
-1.3049999 -1.2479999 1.128,
-1.3049999 -0.77449995 1.128,
-1.3049999 0.014500022 1.128,
-1.3049999 0.80350006 1.128,
-1.3049999 1.341 1.128,
-1.2871424 -1.1695877 1.133,
-1.2871424 -1.1684122 1.133,
-1.2871424 -0.38058776 1.133,
-1.2871424 -0.37941217 1.133,
-1.2871424 0.40841222 1.133,
-1.2871424 0.40958786 1.133,
-1.2871424 1.1974124 1.133,
-1.2871424 1.1985878 1.133,
-1.2871424 -1.1695877 1.128,
-1.2871424 -1.1684122 1.128,
-1.2871424 -0.38058776 1.128,
-1.2871424 -0.37941217 1.128,
-1.2871424 0.40841222 1.128,
-1.2871424 0.40958786 1.128,
-1.2871424 1.1974124 1.128,
-1.2871424 1.1985878 1.128,
-1.2869754 -1.169642 1.133,
-1.2869754 -1.1683578 1.133,
-1.2869754 -0.380642 1.133,
-1.2869754 -0.37935787 1.133,
-1.2869754 0.40835798 1.133,
-1.2869754 0.40964234 1.133,
-1.2869754 1.197358 1.133,
-1.2869754 1.1986421 1.133,
-1.2869754 -1.169642 1.1322533,
-1.2869754 -0.380642 1.1322533,
-1.2869754 0.40835798 1.1322533,
-1.2869754 1.197358 1.1322533,
-1.2869754 -1.1683578 1.1287467,
-1.2869754 -0.37935787 1.1287467,
-1.2869754 0.40964234 1.1287467,
-1.2869754 1.1986421 1.1287467,
-1.2869754 -1.169642 1.128,
-1.2869754 -1.1683578 1.128,
-1.2869754 -0.380642 1.128,
-1.2869754 -0.37935787 1.128,
-1.2869754 0.40835798 1.128,
-1.2869754 0.40964234 1.128,
-1.2869754 1.197358 1.128,
-1.2869754 1.1986421 1.128,
-1.2860243 -1.169951 1.133,
-1.2860243 -1.1680489 1.133,
-1.2860243 -0.38095105 1.133,
-1.2860243 -0.37904888 1.133,
-1.2860243 0.40804899 1.133,
-1.2860243 0.40995109 1.133,
-1.2860243 1.197049 1.133,
-1.2860243 1.1989511 1.133,
-1.2860243 -1.169951 1.128,
-1.2860243 -1.1680489 1.128,
-1.2860243 -0.38095105 1.128,
-1.2860243 -0.37904888 1.128,
-1.2860243 0.40804899 1.128,
-1.2860243 0.40995109 1.128,
-1.2860243 1.197049 1.128,
-1.2860243 1.1989511 1.128,
-1.2857542 -1.169579 1.133,
-1.2857542 -1.1684208 1.133,
-1.2857542 -0.38057917 1.133,
-1.2857542 -0.3794207 1.133,
-1.2857542 0.40842092 1.133,
-1.2857542 0.40957916 1.133,
-1.2857542 1.197421 1.133,
-1.2857542 1.1985792 1.133,
-1.2857542 -1.1695791 1.131045,
-1.2857542 -1.169579 1.131045,
-1.2857542 -0.38057917 1.131045,
-1.2857542 0.40842092 1.131045,
-1.2857542 1.197421 1.131045,
-1.2857542 -1.1684208 1.1299551,
-1.2857542 -0.3794207 1.1299551,
-1.2857542 0.40957916 1.1299551,
-1.2857542 1.1985792 1.1299551,
-1.2857542 -1.1695791 1.128,
-1.2857542 -1.1684208 1.128,
-1.2857542 -0.38057917 1.128,
-1.2857542 -0.3794207 1.128,
-1.2857542 0.40842092 1.128,
-1.2857542 0.40957916 1.128,
-1.2857542 1.197421 1.128,
-1.2857542 1.1985792 1.128,
-1.2853333 -1.1689999 1.133,
-1.2853333 -0.37999994 1.133,
-1.2853333 0.40900004 1.133,
-1.2853333 1.1980001 1.133,
-1.2853333 -1.1689999 1.128,
-1.2853333 -0.37999994 1.128,
-1.2853333 0.40900004 1.128,
-1.2853333 1.1980001 1.128,
-1.2676667 -1.326 1.128,
-1.2676667 -1.2479999 1.128,
-1.2676667 -0.77449995 1.128,
-1.2676667 0.014500022 1.128,
-1.2676667 0.80350006 1.128,
-1.2676667 1.341 1.128,
-1.249809 -1.1695877 1.133,
-1.249809 -1.1684122 1.133,
-1.249809 -0.38058776 1.133,
-1.249809 -0.37941217 1.133,
-1.249809 0.40841222 1.133,
-1.249809 0.40958786 1.133,
-1.249809 1.1974124 1.133,
-1.249809 1.1985878 1.133,
-1.249809 -1.1695877 1.128,
-1.249809 -1.1684122 1.128,
-1.249809 -0.38058776 1.128,
-1.249809 -0.37941217 1.128,
-1.249809 0.40841222 1.128,
-1.249809 0.40958786 1.128,
-1.249809 1.1974124 1.128,
-1.249809 1.1985878 1.128,
-1.249642 -1.169642 1.133,
-1.249642 -1.1683578 1.133,
-1.249642 -0.380642 1.133,
-1.249642 -0.37935787 1.133,
-1.249642 0.40835798 1.133,
-1.249642 0.40964234 1.133,
-1.249642 1.197358 1.133,
-1.249642 1.1986421 1.133,
-1.249642 -1.169642 1.1322533,
-1.249642 -0.380642 1.1322533,
-1.249642 0.40835798 1.1322533,
-1.249642 1.197358 1.1322533,
-1.249642 -1.1683578 1.1287467,
-1.249642 -0.37935787 1.1287467,
-1.249642 0.40964234 1.1287467,
-1.249642 1.1986421 1.1287467,
-1.249642 -1.169642 1.128,
-1.249642 -1.1683578 1.128,
-1.249642 -0.380642 1.128,
-1.249642 -0.37935787 1.128,
-1.249642 0.40835798 1.128,
-1.249642 0.40964234 1.128,
-1.249642 1.197358 1.128,
-1.249642 1.1986421 1.128,
-1.248691 -1.169951 1.133,
-1.248691 -1.1680489 1.133,
-1.248691 -0.38095105 1.133,
-1.248691 -0.37904888 1.133,
-1.248691 0.40804899 1.133,
-1.248691 0.40995109 1.133,
-1.248691 1.197049 1.133,
-1.248691 1.1989511 1.133,
-1.248691 -1.169951 1.128,
-1.248691 -1.1680489 1.128,
-1.248691 -0.38095105 1.128,
-1.248691 -0.37904888 1.128,
-1.248691 0.40804899 1.128,
-1.248691 0.40995109 1.128,
-1.248691 1.197049 1.128,
-1.248691 1.1989511 1.128,
-1.2484208 -1.169579 1.133,
-1.2484208 -1.1684208 1.133,
-1.2484208 -0.38057917 1.133,
-1.2484208 -0.3794207 1.133,
-1.2484208 0.40842092 1.133,
-1.2484208 0.40957916 1.133,
-1.2484208 1.197421 1.133,
-1.2484208 1.1985792 1.133,
-1.2484208 -1.1695791 1.131045,
-1.2484208 -1.169579 1.131045,
-1.2484208 -0.38057917 1.131045,
-1.2484208 0.40842092 1.131045,
-1.2484208 1.197421 1.131045,
-1.2484208 -1.1684208 1.1299551,
-1.2484208 -0.3794207 1.1299551,
-1.2484208 0.40957916 1.1299551,
-1.2484208 1.1985792 1.1299551,
-1.2484208 -1.1695791 1.128,
-1.2484208 -1.1684208 1.128,
-1.2484208 -0.38057917 1.128,
-1.2484208 -0.3794207 1.128,
-1.2484208 0.40842092 1.128,
-1.2484208 0.40957916 1.128,
-1.2484208 1.197421 1.128,
-1.2484208 1.1985792 1.128,
-1.248 -1.1689999 1.133,
-1.248 -0.37999994 1.133,
-1.248 0.40900004 1.133,
-1.248 1.1980001 1.133,
-1.248 -1.1689999 1.128,
-1.248 -0.37999994 1.128,
-1.248 0.40900004 1.128,
-1.248 1.1980001 1.128,
-1.221 -1.326 1.128,
-1.221 -1.2479999 1.128,
-1.221 -0.77449995 1.128,
-1.221 0.014500022 1.128,
-1.221 0.80350006 1.128,
-1.221 1.341 1.128,
-1.194 -1.326 1.14,
-1.194 1.341 1.14,
-1.194 -1.326 1.128,
-1.194 -1.2479999 1.128,
-1.194 -0.77449995 1.128,
-1.194 0.014500022 1.128,
-1.194 0.80350006 1.128,
-1.194 1.341 1.128,
-1.1289999 -1.326 1.1470001,
-1.1289999 1.341 1.1470001,
-1.1289999 -1.326 1.14,
-1.1289999 1.341 1.14
] }
normal Normal { vector [
-1 0 0,
-0.707107 0.707107 0,
-0.707107 -0.707107 0,
-0.707107 0.707107 0,
-0.707107 -0.707107 0,
-0.309017 0.951057 0,
-0.309017 -0.951057 0,
0 0 -1,
0 0 1,
0 -1 0,
0 1 0,
0 0 -1,
0.707107 0.707107 0,
0.707107 -0.707107 0,
0.809017 0.587785 0,
0.809017 -0.587785 0,
1 0 0
] }
texCoord TextureCoordinate { point [
-4.96925 0,
-4.96925 0.0224362,
-4.96925 0.060898,
-4.96925 1,
-4.96925 1.20834,
-4.96925 1.29487,
-4.96925 1.44445,
-4.96925 1.56411,
-4.96925 1.68377,
-4.96925 2.03206,
-4.75784 1.38363,
-4.75784 1.50329,
-4.75784 1.62295,
-4.75784 1.74261,
-4.75738 0.0448722,
-4.75738 0.0585046,
-4.75738 0.060898,
-4.7573 0.0448722,
-4.7573 0.060898,
-4.7573 1.38721,
-4.7573 1.50687,
-4.7573 1.62653,
-4.7573 1.74619,
-4.75643 1.38141,
-4.75643 1.50107,
-4.75643 1.62073,
-4.75643 1.74039,
-4.75555 0.0448722,
-4.75555 0.060898,
-4.75555 1.38721,
-4.75555 1.50687,
-4.75555 1.62653,
-4.75555 1.74619,
-4.75547 0.0448722,
-4.75547 0.0472657,
-4.75547 0.0472657,
-4.75547 0.060898,
-4.75501 1.38363,
-4.75501 1.50329,
-4.75501 1.62295,
-4.75501 1.74261,
-4.1693 0.060898,
-4.1693 1.20834,
-4.1693 1.29487,
-4.1693 1.44445,
-4.1693 1.56411,
-4.1693 1.68377,
-4.1693 2.03206,
-3.58359 1.38363,
-3.58359 1.50329,
-3.58359 1.62295,
-3.58359 1.74261,
-3.58313 0.0448722,
-3.58313 0.0585046,
-3.58313 0.060898,
-3.58305 0.0448722,
-3.58305 0.060898,
-3.58305 1.38721,
-3.58305 1.50687,
-3.58305 1.62653,
-3.58305 1.74619,
-3.58217 1.38141,
-3.58217 1.50107,
-3.58217 1.62073,
-3.58217 1.74039,
-3.5813 0.0448722,
-3.5813 0.060898,
-3.5813 1.38721,
-3.5813 1.50687,
-3.5813 1.62653,
-3.5813 1.74619,
-3.58122 0.0448722,
-3.58122 0.0472657,
-3.58122 0.0472657,
-3.58122 0.060898,
-3.58076 1.38363,
-3.58076 1.50329,
-3.58076 1.62295,
-3.58076 1.74261,
-2.99504 0.060898,
-2.99504 1.20834,
-2.99504 1.29487,
-2.99504 1.44445,
-2.99504 1.56411,
-2.99504 1.68377,
-2.99504 2.03206,
-2.40933 1.38363,
-2.40933 1.50329,
-2.40933 1.62295,
-2.40933 1.74261,
-2.40887 0.0448722,
-2.40887 0.0585046,
-2.40887 0.060898,
-2.40879 0.0448722,
-2.40879 0.060898,
-2.40879 1.38721,
-2.40879 1.50687,
-2.40879 1.62653,
-2.40879 1.74619,
-2.40792 1.38141,
-2.40792 1.50107,
-2.40792 1.62073,
-2.40792 1.74039,
-2.40704 0.0448722,
-2.40704 0.060898,
-2.40704 1.38721,
-2.40704 1.50687,
-2.40704 1.62653,
-2.40704 1.74619,
-2.40696 0.0448722,
-2.40696 0.0472657,
-2.40696 0.0472657,
-2.40696 0.060898,
-2.4065 1.38363,
-2.4065 1.50329,
-2.4065 1.62295,
-2.4065 1.74261,
-1.82079 0.060898,
-1.82079 1.20834,
-1.82079 1.29487,
-1.82079 1.44445,
-1.82079 1.56411,
-1.82079 1.68377,
-1.82079 2.03206,
-1.23508 1.38363,
-1.23508 1.50329,
-1.23508 1.62295,
-1.23508 1.74261,
-1.23462 0.0448722,
-1.23462 0.0585046,
-1.23462 0.060898,
-1.23454 0.0448722,
-1.23454 0.060898,
-1.23454 1.38721,
-1.23454 1.50687,
-1.23454 1.62653,
-1.23454 1.74619,
-1.23366 1.38141,
-1.23366 1.50107,
-1.23366 1.62073,
-1.23366 1.74039,
-1.23279 0.0448722,
-1.23279 0.060898,
-1.23279 1.38721,
-1.23279 1.50687,
-1.23279 1.62653,
-1.23279 1.74619,
-1.2327 0.0448722,
-1.2327 0.0472657,
-1.2327 0.0472657,
-1.2327 0.060898,
-1.23225 1.38363,
-1.23225 1.50329,
-1.23225 1.62295,
-1.23225 1.74261,
-1.11609 0.060898,
-1.11609 1.20834,
-1.11609 1.29487,
-1.11609 1.44445,
-1.11609 1.56411,
-1.11609 1.68377,
-1.11609 2.03206,
-1 0,
-1 0.0224362,
-1 0.060898,
-1 1,
-1 1.20834,
-1 1.29487,
-1 1.44445,
-1 1.56411,
-1 1.68377,
-1 2.03206,
-0.0282774 1.20834,
-0.0282774 1.29487,
-0.0282774 1.38276,
-0.0282774 1.38363,
-0.0282774 1.38668,
-0.0282774 1.44445,
-0.0282774 1.50242,
-0.0282774 1.50329,
-0.0282774 1.50634,
-0.0282774 1.56411,
-0.0282774 1.62208,
-0.0282774 1.62295,
-0.0282774 1.626,
-0.0282774 1.68377,
-0.0282774 1.74174,
-0.0282774 1.74261,
-0.0282774 1.74565,
-0.0282774 2.03206,
-0.027166 1.38668,
-0.027166 1.50634,
-0.027166 1.50634,
-0.027166 1.626,
-0.027166 1.74565,
-0.0253678 1.38276,
-0.0253678 1.50242,
-0.0253678 1.62208,
-0.0253678 1.74174,
-0.0253678 1.38276,
-0.0253678 1.50242,
-0.0253678 1.62208,
-0.0253678 1.74174,
-0.020836 1.38276,
-0.020836 1.38363,
-0.020836 1.38668,
-0.020836 1.50242,
-0.020836 1.50329,
-0.020836 1.50634,
-0.020836 1.62208,
-0.020836 1.62295,
-0.020836 1.626,
-0.020836 1.74174,
-0.020836 1.74261,
-0.020836 1.74565,
-0.010418 1,
-0.010418 1.20834,
0 1,
0 2.03206,
0.010418 1,
0.010418 1.20834,
0.020836 1.38276,
0.020836 1.38363,
0.020836 1.38668,
0.020836 1.50242,
0.020836 1.50329,
0.020836 1.50634,
0.020836 1.62208,
0.020836 1.62295,
0.020836 1.626,
0.020836 1.74174,
0.020836 1.74261,
0.020836 1.74565,
0.0219473 1.38668,
0.0219473 1.50634,
0.0219473 1.626,
0.0219473 1.74565,
0.0219473 1.38668,
0.0219473 1.50634,
0.0219473 1.626,
0.0219473 1.74565,
0.0237456 1.38276,
0.0237456 1.38276,
0.0237456 1.50242,
0.0237456 1.62208,
0.0237456 1.74174,
0.0282774 1.20834,
0.0282774 1.29487,
0.0282774 1.38276,
0.0282774 1.38363,
0.0282774 1.38668,
0.0282774 1.44445,
0.0282774 1.50242,
0.0282774 1.50329,
0.0282774 1.50634,
0.0282774 1.56411,
0.0282774 1.62208,
0.0282774 1.62295,
0.0282774 1.626,
0.0282774 1.68377,
0.0282774 1.74174,
0.0282774 1.74261,
0.0282774 1.74565,
0.0282774 2.03206,
1 0,
1 0.060898,
1 1,
1 2.03206,
1.11609 0.060898,
1.2328 0.0511383,
1.2328 0.060898,
1.2328 0.0448722,
1.2328 0.0511383,
1.23366 0.0448722,
1.23366 0.060898,
1.23452 0.0448722,
1.23452 0.0546319,
1.23452 0.0546319,
1.23452 0.060898,
1.82079 0.060898,
2.40705 0.0448722,
2.40705 0.0511383,
2.40705 0.060898,
2.40792 0.0448722,
2.40792 0.060898,
2.40878 0.0448722,
2.40878 0.0546319,
2.40878 0.0546319,
2.40878 0.060898,
2.99504 0.060898,
3.58131 0.0448722,
3.58131 0.0511383,
3.58131 0.060898,
3.58217 0.0448722,
3.58217 0.060898,
3.58303 0.0448722,
3.58303 0.0546319,
3.58303 0.0546319,
3.58303 0.060898,
4.1693 0.060898,
4.75557 0.0448722,
4.75557 0.0511383,
4.75557 0.060898,
4.75643 0.0448722,
4.75643 0.060898,
4.75729 0.0448722,
4.75729 0.0546319,
4.75729 0.0546319,
4.75729 0.060898,
4.96925 0,
4.96925 0.060898,
4.96925 1,
4.96925 2.03206
] }
coordIndex [
382,390,388,-1,
398,396,388,-1,
388,396,0,-1,
2,97,0,-1,
0,97,192,-1,
0,192,388,-1,
388,192,287,-1,
388,287,382,-1,
1,397,389,-1,
389,397,399,-1,
389,395,387,-1,
387,292,389,-1,
389,292,197,-1,
389,197,1,-1,
1,197,102,-1,
1,102,7,-1,
2,3,98,-1,
284,249,290,-1,
189,154,195,-1,
94,59,100,-1,
285,251,291,-1,
190,156,196,-1,
95,61,101,-1,
101,62,96,-1,
102,63,7,-1,
7,63,23,-1,
7,23,22,-1,
62,101,22,-1,
22,101,6,-1,
22,6,7,-1,
196,157,191,-1,
197,158,102,-1,
102,158,118,-1,
102,118,117,-1,
157,196,117,-1,
117,196,101,-1,
117,101,102,-1,
102,101,96,-1,
102,96,63,-1,
291,252,286,-1,
292,253,197,-1,
197,253,213,-1,
197,213,212,-1,
252,291,212,-1,
212,291,196,-1,
212,196,197,-1,
197,196,191,-1,
197,191,158,-1,
386,347,381,-1,
386,381,387,-1,
387,381,348,-1,
387,348,292,-1,
292,348,308,-1,
292,308,307,-1,
347,386,307,-1,
307,386,291,-1,
307,291,292,-1,
292,291,286,-1,
292,286,253,-1,
20,5,6,-1,
101,61,6,-1,
6,61,21,-1,
6,21,20,-1,
5,20,100,-1,
100,20,60,-1,
100,60,95,-1,
196,156,101,-1,
101,156,116,-1,
101,116,115,-1,
95,101,100,-1,
100,101,115,-1,
100,115,195,-1,
195,115,155,-1,
195,155,190,-1,
291,251,196,-1,
196,251,211,-1,
196,211,210,-1,
190,196,195,-1,
195,196,210,-1,
195,210,290,-1,
290,210,250,-1,
290,250,285,-1,
285,291,290,-1,
290,291,305,-1,
290,305,385,-1,
305,345,385,-1,
385,345,380,-1,
385,380,386,-1,
386,380,346,-1,
386,346,291,-1,
291,346,306,-1,
291,306,305,-1,
18,4,5,-1,
100,59,5,-1,
5,59,19,-1,
5,19,18,-1,
4,18,99,-1,
99,18,58,-1,
99,58,94,-1,
195,154,100,-1,
100,154,114,-1,
100,114,113,-1,
94,100,99,-1,
99,100,113,-1,
99,113,194,-1,
194,113,153,-1,
194,153,189,-1,
290,249,195,-1,
195,249,209,-1,
195,209,208,-1,
189,195,194,-1,
194,195,208,-1,
194,208,289,-1,
289,208,248,-1,
289,248,284,-1,
284,290,289,-1,
289,290,303,-1,
289,303,384,-1,
303,343,384,-1,
384,343,379,-1,
384,379,385,-1,
385,379,344,-1,
385,344,290,-1,
290,344,304,-1,
290,304,303,-1,
16,56,98,-1,
98,56,93,-1,
98,93,99,-1,
99,93,57,-1,
99,57,4,-1,
4,57,17,-1,
4,17,3,-1,
3,17,16,-1,
3,16,98,-1,
111,151,193,-1,
193,151,188,-1,
193,188,194,-1,
194,188,152,-1,
194,152,99,-1,
99,152,112,-1,
99,112,98,-1,
98,112,111,-1,
98,111,193,-1,
206,246,288,-1,
288,246,283,-1,
288,283,289,-1,
289,283,247,-1,
289,247,194,-1,
194,247,207,-1,
194,207,193,-1,
193,207,206,-1,
193,206,288,-1,
301,341,383,-1,
383,341,378,-1,
383,378,384,-1,
384,378,342,-1,
384,342,289,-1,
289,342,302,-1,
289,302,288,-1,
288,302,301,-1,
288,301,383,-1,
2,98,97,-1,
97,98,193,-1,
97,193,192,-1,
192,193,288,-1,
192,288,287,-1,
287,288,383,-1,
287,383,382,-1,
387,395,386,-1,
386,395,394,-1,
386,394,385,-1,
385,394,393,-1,
385,393,384,-1,
384,393,392,-1,
384,392,383,-1,
383,392,391,-1,
383,391,382,-1,
382,391,390,-1,
399,397,398,-1,
398,397,396,-1,
397,1,396,-1,
396,1,0,-1,
3,2,0,-1,
7,6,1,-1,
1,6,5,-1,
1,5,0,-1,
0,5,4,-1,
0,4,3,-1,
48,8,89,-1,
89,8,9,-1,
89,9,49,-1,
89,93,64,-1,
64,93,73,-1,
48,64,73,-1,
56,48,81,-1,
81,48,72,-1,
93,81,72,-1,
48,56,24,-1,
24,56,32,-1,
8,24,32,-1,
16,8,40,-1,
40,8,32,-1,
56,40,32,-1,
8,16,9,-1,
9,16,17,-1,
9,17,25,-1,
25,17,36,-1,
49,25,36,-1,
57,49,41,-1,
41,49,36,-1,
17,41,36,-1,
49,57,65,-1,
65,57,77,-1,
89,65,77,-1,
93,89,82,-1,
82,89,77,-1,
57,82,77,-1,
54,14,92,-1,
92,14,15,-1,
92,15,55,-1,
92,96,70,-1,
70,96,76,-1,
54,70,76,-1,
62,54,87,-1,
87,54,76,-1,
96,87,76,-1,
54,62,30,-1,
30,62,35,-1,
14,30,35,-1,
22,14,46,-1,
46,14,35,-1,
62,46,35,-1,
14,22,15,-1,
15,22,23,-1,
15,23,31,-1,
31,23,39,-1,
55,31,39,-1,
63,55,47,-1,
47,55,39,-1,
23,47,39,-1,
55,63,71,-1,
71,63,80,-1,
92,71,80,-1,
96,92,88,-1,
88,92,80,-1,
63,88,80,-1,
337,297,376,-1,
376,297,298,-1,
376,298,338,-1,
376,380,353,-1,
353,380,360,-1,
337,353,360,-1,
345,337,370,-1,
370,337,360,-1,
380,370,360,-1,
337,345,313,-1,
313,345,319,-1,
297,313,319,-1,
305,297,329,-1,
329,297,319,-1,
345,329,319,-1,
297,305,298,-1,
298,305,306,-1,
298,306,314,-1,
314,306,323,-1,
338,314,323,-1,
346,338,330,-1,
330,338,323,-1,
306,330,323,-1,
338,346,354,-1,
354,346,364,-1,
376,354,364,-1,
380,376,371,-1,
371,376,364,-1,
346,371,364,-1,
242,202,281,-1,
281,202,203,-1,
281,203,243,-1,
281,285,258,-1,
258,285,265,-1,
242,258,265,-1,
250,242,275,-1,
275,242,265,-1,
285,275,265,-1,
242,250,218,-1,
218,250,224,-1,
202,218,224,-1,
210,202,234,-1,
234,202,224,-1,
250,234,224,-1,
202,210,203,-1,
203,210,211,-1,
203,211,219,-1,
219,211,228,-1,
243,219,228,-1,
251,243,235,-1,
235,243,228,-1,
211,235,228,-1,
243,251,259,-1,
259,251,269,-1,
281,259,269,-1,
285,281,276,-1,
276,281,269,-1,
251,276,269,-1,
147,107,186,-1,
186,107,108,-1,
186,108,148,-1,
186,190,163,-1,
163,190,170,-1,
147,163,170,-1,
155,147,180,-1,
180,147,170,-1,
190,180,170,-1,
147,155,123,-1,
123,155,129,-1,
107,123,129,-1,
115,107,139,-1,
139,107,129,-1,
155,139,129,-1,
107,115,108,-1,
108,115,116,-1,
108,116,124,-1,
124,116,133,-1,
148,124,133,-1,
156,148,140,-1,
140,148,133,-1,
116,140,133,-1,
148,156,164,-1,
164,156,174,-1,
186,164,174,-1,
190,186,181,-1,
181,186,174,-1,
156,181,174,-1,
149,109,187,-1,
187,109,110,-1,
187,110,150,-1,
187,191,165,-1,
165,191,171,-1,
149,165,171,-1,
157,149,182,-1,
182,149,171,-1,
191,182,171,-1,
149,157,125,-1,
125,157,130,-1,
109,125,130,-1,
117,109,141,-1,
141,109,130,-1,
157,141,130,-1,
109,117,110,-1,
110,117,118,-1,
110,118,126,-1,
126,118,134,-1,
150,126,134,-1,
158,150,142,-1,
142,150,134,-1,
118,142,134,-1,
150,158,166,-1,
166,158,175,-1,
187,166,175,-1,
191,187,183,-1,
183,187,175,-1,
158,183,175,-1,
244,204,282,-1,
282,204,205,-1,
282,205,245,-1,
282,286,260,-1,
260,286,266,-1,
244,260,266,-1,
252,244,277,-1,
277,244,266,-1,
286,277,266,-1,
244,252,220,-1,
220,252,225,-1,
204,220,225,-1,
212,204,236,-1,
236,204,225,-1,
252,236,225,-1,
204,212,205,-1,
205,212,213,-1,
205,213,221,-1,
221,213,229,-1,
245,221,229,-1,
253,245,237,-1,
237,245,229,-1,
213,237,229,-1,
245,253,261,-1,
261,253,270,-1,
282,261,270,-1,
286,282,278,-1,
278,282,270,-1,
253,278,270,-1,
339,299,377,-1,
377,299,300,-1,
377,300,340,-1,
377,381,355,-1,
355,381,361,-1,
339,355,361,-1,
347,339,372,-1,
372,339,361,-1,
381,372,361,-1,
339,347,315,-1,
315,347,320,-1,
299,315,320,-1,
307,299,331,-1,
331,299,320,-1,
347,331,320,-1,
299,307,300,-1,
300,307,308,-1,
300,308,316,-1,
316,308,324,-1,
340,316,324,-1,
348,340,332,-1,
332,340,324,-1,
308,332,324,-1,
340,348,356,-1,
356,348,365,-1,
377,356,365,-1,
381,377,373,-1,
373,377,365,-1,
348,373,365,-1,
50,10,90,-1,
90,10,11,-1,
90,11,51,-1,
90,94,66,-1,
66,94,74,-1,
50,66,74,-1,
58,50,83,-1,
83,50,74,-1,
94,83,74,-1,
50,58,26,-1,
26,58,33,-1,
10,26,33,-1,
18,10,42,-1,
42,10,33,-1,
58,42,33,-1,
10,18,11,-1,
11,18,19,-1,
11,19,27,-1,
27,19,37,-1,
51,27,37,-1,
59,51,43,-1,
43,51,37,-1,
19,43,37,-1,
51,59,67,-1,
67,59,78,-1,
90,67,78,-1,
94,90,84,-1,
84,90,78,-1,
59,84,78,-1,
333,293,374,-1,
374,293,294,-1,
374,294,334,-1,
374,378,349,-1,
349,378,358,-1,
333,349,358,-1,
341,333,366,-1,
366,333,357,-1,
378,366,357,-1,
333,341,309,-1,
309,341,317,-1,
293,309,317,-1,
301,293,325,-1,
325,293,317,-1,
341,325,317,-1,
293,301,294,-1,
294,301,302,-1,
294,302,310,-1,
310,302,321,-1,
334,310,321,-1,
342,334,326,-1,
326,334,321,-1,
302,326,321,-1,
334,342,350,-1,
350,342,362,-1,
374,350,362,-1,
378,374,367,-1,
367,374,362,-1,
342,367,362,-1,
238,198,279,-1,
279,198,199,-1,
279,199,239,-1,
279,283,254,-1,
254,283,263,-1,
238,254,263,-1,
246,238,271,-1,
271,238,262,-1,
283,271,262,-1,
238,246,214,-1,
214,246,222,-1,
198,214,222,-1,
206,198,230,-1,
230,198,222,-1,
246,230,222,-1,
198,206,199,-1,
199,206,207,-1,
199,207,215,-1,
215,207,226,-1,
239,215,226,-1,
247,239,231,-1,
231,239,226,-1,
207,231,226,-1,
239,247,255,-1,
255,247,267,-1,
279,255,267,-1,
283,279,272,-1,
272,279,267,-1,
247,272,267,-1,
143,103,184,-1,
184,103,104,-1,
184,104,144,-1,
184,188,159,-1,
159,188,168,-1,
143,159,168,-1,
151,143,176,-1,
176,143,167,-1,
188,176,167,-1,
143,151,119,-1,
119,151,127,-1,
103,119,127,-1,
111,103,135,-1,
135,103,127,-1,
151,135,127,-1,
103,111,104,-1,
104,111,112,-1,
104,112,120,-1,
120,112,131,-1,
144,120,131,-1,
152,144,136,-1,
136,144,131,-1,
112,136,131,-1,
144,152,160,-1,
160,152,172,-1,
184,160,172,-1,
188,184,177,-1,
177,184,172,-1,
152,177,172,-1,
52,12,91,-1,
91,12,13,-1,
91,13,53,-1,
91,95,68,-1,
68,95,75,-1,
52,68,75,-1,
60,52,85,-1,
85,52,75,-1,
95,85,75,-1,
52,60,28,-1,
28,60,34,-1,
12,28,34,-1,
20,12,44,-1,
44,12,34,-1,
60,44,34,-1,
12,20,13,-1,
13,20,21,-1,
13,21,29,-1,
29,21,38,-1,
53,29,38,-1,
61,53,45,-1,
45,53,38,-1,
21,45,38,-1,
53,61,69,-1,
69,61,79,-1,
91,69,79,-1,
95,91,86,-1,
86,91,79,-1,
61,86,79,-1,
335,295,375,-1,
375,295,296,-1,
375,296,336,-1,
375,379,351,-1,
351,379,359,-1,
335,351,359,-1,
343,335,368,-1,
368,335,359,-1,
379,368,359,-1,
335,343,311,-1,
311,343,318,-1,
295,311,318,-1,
303,295,327,-1,
327,295,318,-1,
343,327,318,-1,
295,303,296,-1,
296,303,304,-1,
296,304,312,-1,
312,304,322,-1,
336,312,322,-1,
344,336,328,-1,
328,336,322,-1,
304,328,322,-1,
336,344,352,-1,
352,344,363,-1,
375,352,363,-1,
379,375,369,-1,
369,375,363,-1,
344,369,363,-1,
240,200,280,-1,
280,200,201,-1,
280,201,241,-1,
280,284,256,-1,
256,284,264,-1,
240,256,264,-1,
248,240,273,-1,
273,240,264,-1,
284,273,264,-1,
240,248,216,-1,
216,248,223,-1,
200,216,223,-1,
208,200,232,-1,
232,200,223,-1,
248,232,223,-1,
200,208,201,-1,
201,208,209,-1,
201,209,217,-1,
217,209,227,-1,
241,217,227,-1,
249,241,233,-1,
233,241,227,-1,
209,233,227,-1,
241,249,257,-1,
257,249,268,-1,
280,257,268,-1,
284,280,274,-1,
274,280,268,-1,
249,274,268,-1,
145,105,185,-1,
185,105,106,-1,
185,106,146,-1,
185,189,161,-1,
161,189,169,-1,
145,161,169,-1,
153,145,178,-1,
178,145,169,-1,
189,178,169,-1,
145,153,121,-1,
121,153,128,-1,
105,121,128,-1,
113,105,137,-1,
137,105,128,-1,
153,137,128,-1,
105,113,106,-1,
106,113,114,-1,
106,114,122,-1,
122,114,132,-1,
146,122,132,-1,
154,146,138,-1,
138,146,132,-1,
114,138,132,-1,
146,154,162,-1,
162,154,173,-1,
185,162,173,-1,
189,185,179,-1,
179,185,173,-1,
154,179,173,-1,
388,390,391,-1,
391,392,388,-1,
388,392,393,-1,
388,393,389,-1,
389,393,394,-1,
389,394,395,-1,
389,399,388,-1,
388,399,398,-1
]
normalIndex [
9,9,9,-1,
9,9,9,-1,
9,9,9,-1,
9,9,9,-1,
9,9,9,-1,
9,9,9,-1,
9,9,9,-1,
9,9,9,-1,
10,10,10,-1,
10,10,10,-1,
10,10,10,-1,
10,10,10,-1,
10,10,10,-1,
10,10,10,-1,
10,10,10,-1,
10,10,10,-1,
11,11,11,-1,
11,11,11,-1,
11,11,11,-1,
11,11,11,-1,
11,11,11,-1,
11,11,11,-1,
11,11,11,-1,
11,11,11,-1,
11,11,11,-1,
11,11,11,-1,
11,11,11,-1,
11,11,11,-1,
11,11,11,-1,
11,11,11,-1,
11,11,11,-1,
11,11,11,-1,
11,11,11,-1,
11,11,11,-1,
11,11,11,-1,
11,11,11,-1,
11,11,11,-1,
11,11,11,-1,
11,11,11,-1,
11,11,11,-1,
11,11,11,-1,
11,11,11,-1,
11,11,11,-1,
11,11,11,-1,
11,11,11,-1,
11,11,11,-1,
11,11,11,-1,
11,11,11,-1,
11,11,11,-1,
11,11,11,-1,
11,11,11,-1,
11,11,11,-1,
11,11,11,-1,
11,11,11,-1,
11,11,11,-1,
11,11,11,-1,
11,11,11,-1,
11,11,11,-1,
11,11,11,-1,
11,11,11,-1,
11,11,11,-1,
11,11,11,-1,
11,11,11,-1,
11,11,11,-1,
11,11,11,-1,
11,11,11,-1,
11,11,11,-1,
11,11,11,-1,
11,11,11,-1,
11,11,11,-1,
11,11,11,-1,
11,11,11,-1,
11,11,11,-1,
11,11,11,-1,
11,11,11,-1,
11,11,11,-1,
11,11,11,-1,
11,11,11,-1,
11,11,11,-1,
11,11,11,-1,
11,11,11,-1,
11,11,11,-1,
11,11,11,-1,
11,11,11,-1,
11,11,11,-1,
11,11,11,-1,
11,11,11,-1,
11,11,11,-1,
11,11,11,-1,
11,11,11,-1,
11,11,11,-1,
11,11,11,-1,
11,11,11,-1,
11,11,11,-1,
11,11,11,-1,
11,11,11,-1,
11,11,11,-1,
11,11,11,-1,
11,11,11,-1,
11,11,11,-1,
11,11,11,-1,
11,11,11,-1,
11,11,11,-1,
11,11,11,-1,
11,11,11,-1,
11,11,11,-1,
11,11,11,-1,
11,11,11,-1,
11,11,11,-1,
11,11,11,-1,
11,11,11,-1,
11,11,11,-1,
11,11,11,-1,
11,11,11,-1,
11,11,11,-1,
11,11,11,-1,
11,11,11,-1,
11,11,11,-1,
11,11,11,-1,
11,11,11,-1,
11,11,11,-1,
11,11,11,-1,
11,11,11,-1,
11,11,11,-1,
11,11,11,-1,
11,11,11,-1,
11,11,11,-1,
11,11,11,-1,
11,11,11,-1,
11,11,11,-1,
11,11,11,-1,
11,11,11,-1,
11,11,11,-1,
11,11,11,-1,
11,11,11,-1,
11,11,11,-1,
11,11,11,-1,
11,11,11,-1,
11,11,11,-1,
11,11,11,-1,
11,11,11,-1,
11,11,11,-1,
11,11,11,-1,
11,11,11,-1,
11,11,11,-1,
11,11,11,-1,
11,11,11,-1,
11,11,11,-1,
11,11,11,-1,
11,11,11,-1,
11,11,11,-1,
11,11,11,-1,
11,11,11,-1,
11,11,11,-1,
11,11,11,-1,
11,11,11,-1,
11,11,11,-1,
11,11,11,-1,
11,11,11,-1,
11,11,11,-1,
11,11,11,-1,
11,11,11,-1,
11,11,11,-1,
11,11,11,-1,
11,11,11,-1,
11,11,11,-1,
11,11,11,-1,
11,11,11,-1,
11,11,11,-1,
11,11,11,-1,
11,11,11,-1,
11,11,11,-1,
11,11,11,-1,
11,11,11,-1,
11,11,11,-1,
11,11,11,-1,
11,11,11,-1,
11,11,11,-1,
16,16,16,-1,
16,16,16,-1,
8,8,8,-1,
8,8,8,-1,
0,0,0,-1,
0,0,0,-1,
0,0,0,-1,
0,0,0,-1,
0,0,0,-1,
0,0,0,-1,
7,7,7,-1,
7,7,7,-1,
7,7,7,-1,
0,0,1,-1,
1,0,1,-1,
5,1,1,-1,
5,5,3,-1,
3,5,3,-1,
0,3,3,-1,
5,5,12,-1,
12,5,12,-1,
14,12,12,-1,
14,14,12,-1,
12,14,12,-1,
5,12,12,-1,
14,14,15,-1,
15,14,15,-1,
15,15,13,-1,
13,15,13,-1,
6,13,13,-1,
6,6,13,-1,
13,6,13,-1,
15,13,13,-1,
6,6,4,-1,
4,6,4,-1,
0,4,4,-1,
0,0,2,-1,
2,0,2,-1,
6,2,2,-1,
7,7,7,-1,
7,7,7,-1,
7,7,7,-1,
0,0,1,-1,
1,0,1,-1,
5,1,1,-1,
5,5,3,-1,
3,5,3,-1,
0,3,3,-1,
5,5,12,-1,
12,5,12,-1,
14,12,12,-1,
14,14,12,-1,
12,14,12,-1,
5,12,12,-1,
14,14,15,-1,
15,14,15,-1,
15,15,13,-1,
13,15,13,-1,
6,13,13,-1,
6,6,13,-1,
13,6,13,-1,
15,13,13,-1,
6,6,4,-1,
4,6,4,-1,
0,4,4,-1,
0,0,2,-1,
2,0,2,-1,
6,2,2,-1,
7,7,7,-1,
7,7,7,-1,
7,7,7,-1,
0,0,1,-1,
1,0,1,-1,
5,1,1,-1,
5,5,3,-1,
3,5,3,-1,
0,3,3,-1,
5,5,12,-1,
12,5,12,-1,
14,12,12,-1,
14,14,12,-1,
12,14,12,-1,
5,12,12,-1,
14,14,15,-1,
15,14,15,-1,
15,15,13,-1,
13,15,13,-1,
6,13,13,-1,
6,6,13,-1,
13,6,13,-1,
15,13,13,-1,
6,6,4,-1,
4,6,4,-1,
0,4,4,-1,
0,0,2,-1,
2,0,2,-1,
6,2,2,-1,
7,7,7,-1,
7,7,7,-1,
7,7,7,-1,
0,0,1,-1,
1,0,1,-1,
5,1,1,-1,
5,5,3,-1,
3,5,3,-1,
0,3,3,-1,
5,5,12,-1,
12,5,12,-1,
14,12,12,-1,
14,14,12,-1,
12,14,12,-1,
5,12,12,-1,
14,14,15,-1,
15,14,15,-1,
15,15,13,-1,
13,15,13,-1,
6,13,13,-1,
6,6,13,-1,
13,6,13,-1,
15,13,13,-1,
6,6,4,-1,
4,6,4,-1,
0,4,4,-1,
0,0,2,-1,
2,0,2,-1,
6,2,2,-1,
7,7,7,-1,
7,7,7,-1,
7,7,7,-1,
0,0,1,-1,
1,0,1,-1,
5,1,1,-1,
5,5,3,-1,
3,5,3,-1,
0,3,3,-1,
5,5,12,-1,
12,5,12,-1,
14,12,12,-1,
14,14,12,-1,
12,14,12,-1,
5,12,12,-1,
14,14,15,-1,
15,14,15,-1,
15,15,13,-1,
13,15,13,-1,
6,13,13,-1,
6,6,13,-1,
13,6,13,-1,
15,13,13,-1,
6,6,4,-1,
4,6,4,-1,
0,4,4,-1,
0,0,2,-1,
2,0,2,-1,
6,2,2,-1,
7,7,7,-1,
7,7,7,-1,
7,7,7,-1,
0,0,1,-1,
1,0,1,-1,
5,1,1,-1,
5,5,3,-1,
3,5,3,-1,
0,3,3,-1,
5,5,12,-1,
12,5,12,-1,
14,12,12,-1,
14,14,12,-1,
12,14,12,-1,
5,12,12,-1,
14,14,15,-1,
15,14,15,-1,
15,15,13,-1,
13,15,13,-1,
6,13,13,-1,
6,6,13,-1,
13,6,13,-1,
15,13,13,-1,
6,6,4,-1,
4,6,4,-1,
0,4,4,-1,
0,0,2,-1,
2,0,2,-1,
6,2,2,-1,
7,7,7,-1,
7,7,7,-1,
7,7,7,-1,
0,0,1,-1,
1,0,1,-1,
5,1,1,-1,
5,5,3,-1,
3,5,3,-1,
0,3,3,-1,
5,5,12,-1,
12,5,12,-1,
14,12,12,-1,
14,14,12,-1,
12,14,12,-1,
5,12,12,-1,
14,14,15,-1,
15,14,15,-1,
15,15,13,-1,
13,15,13,-1,
6,13,13,-1,
6,6,13,-1,
13,6,13,-1,
15,13,13,-1,
6,6,4,-1,
4,6,4,-1,
0,4,4,-1,
0,0,2,-1,
2,0,2,-1,
6,2,2,-1,
7,7,7,-1,
7,7,7,-1,
7,7,7,-1,
0,0,1,-1,
1,0,1,-1,
5,1,1,-1,
5,5,3,-1,
3,5,3,-1,
0,3,3,-1,
5,5,12,-1,
12,5,12,-1,
14,12,12,-1,
14,14,12,-1,
12,14,12,-1,
5,12,12,-1,
14,14,15,-1,
15,14,15,-1,
15,15,13,-1,
13,15,13,-1,
6,13,13,-1,
6,6,13,-1,
13,6,13,-1,
15,13,13,-1,
6,6,4,-1,
4,6,4,-1,
0,4,4,-1,
0,0,2,-1,
2,0,2,-1,
6,2,2,-1,
7,7,7,-1,
7,7,7,-1,
7,7,7,-1,
0,0,1,-1,
1,0,1,-1,
5,1,1,-1,
5,5,3,-1,
3,5,3,-1,
0,3,3,-1,
5,5,12,-1,
12,5,12,-1,
14,12,12,-1,
14,14,12,-1,
12,14,12,-1,
5,12,12,-1,
14,14,15,-1,
15,14,15,-1,
15,15,13,-1,
13,15,13,-1,
6,13,13,-1,
6,6,13,-1,
13,6,13,-1,
15,13,13,-1,
6,6,4,-1,
4,6,4,-1,
0,4,4,-1,
0,0,2,-1,
2,0,2,-1,
6,2,2,-1,
7,7,7,-1,
7,7,7,-1,
7,7,7,-1,
0,0,1,-1,
1,0,1,-1,
5,1,1,-1,
5,5,3,-1,
3,5,3,-1,
0,3,3,-1,
5,5,12,-1,
12,5,12,-1,
14,12,12,-1,
14,14,12,-1,
12,14,12,-1,
5,12,12,-1,
14,14,15,-1,
15,14,15,-1,
15,15,13,-1,
13,15,13,-1,
6,13,13,-1,
6,6,13,-1,
13,6,13,-1,
15,13,13,-1,
6,6,4,-1,
4,6,4,-1,
0,4,4,-1,
0,0,2,-1,
2,0,2,-1,
6,2,2,-1,
7,7,7,-1,
7,7,7,-1,
7,7,7,-1,
0,0,1,-1,
1,0,1,-1,
5,1,1,-1,
5,5,3,-1,
3,5,3,-1,
0,3,3,-1,
5,5,12,-1,
12,5,12,-1,
14,12,12,-1,
14,14,12,-1,
12,14,12,-1,
5,12,12,-1,
14,14,15,-1,
15,14,15,-1,
15,15,13,-1,
13,15,13,-1,
6,13,13,-1,
6,6,13,-1,
13,6,13,-1,
15,13,13,-1,
6,6,4,-1,
4,6,4,-1,
0,4,4,-1,
0,0,2,-1,
2,0,2,-1,
6,2,2,-1,
7,7,7,-1,
7,7,7,-1,
7,7,7,-1,
0,0,1,-1,
1,0,1,-1,
5,1,1,-1,
5,5,3,-1,
3,5,3,-1,
0,3,3,-1,
5,5,12,-1,
12,5,12,-1,
14,12,12,-1,
14,14,12,-1,
12,14,12,-1,
5,12,12,-1,
14,14,15,-1,
15,14,15,-1,
15,15,13,-1,
13,15,13,-1,
6,13,13,-1,
6,6,13,-1,
13,6,13,-1,
15,13,13,-1,
6,6,4,-1,
4,6,4,-1,
0,4,4,-1,
0,0,2,-1,
2,0,2,-1,
6,2,2,-1,
7,7,7,-1,
7,7,7,-1,
7,7,7,-1,
0,0,1,-1,
1,0,1,-1,
5,1,1,-1,
5,5,3,-1,
3,5,3,-1,
0,3,3,-1,
5,5,12,-1,
12,5,12,-1,
14,12,12,-1,
14,14,12,-1,
12,14,12,-1,
5,12,12,-1,
14,14,15,-1,
15,14,15,-1,
15,15,13,-1,
13,15,13,-1,
6,13,13,-1,
6,6,13,-1,
13,6,13,-1,
15,13,13,-1,
6,6,4,-1,
4,6,4,-1,
0,4,4,-1,
0,0,2,-1,
2,0,2,-1,
6,2,2,-1,
7,7,7,-1,
7,7,7,-1,
7,7,7,-1,
0,0,1,-1,
1,0,1,-1,
5,1,1,-1,
5,5,3,-1,
3,5,3,-1,
0,3,3,-1,
5,5,12,-1,
12,5,12,-1,
14,12,12,-1,
14,14,12,-1,
12,14,12,-1,
5,12,12,-1,
14,14,15,-1,
15,14,15,-1,
15,15,13,-1,
13,15,13,-1,
6,13,13,-1,
6,6,13,-1,
13,6,13,-1,
15,13,13,-1,
6,6,4,-1,
4,6,4,-1,
0,4,4,-1,
0,0,2,-1,
2,0,2,-1,
6,2,2,-1,
7,7,7,-1,
7,7,7,-1,
7,7,7,-1,
0,0,1,-1,
1,0,1,-1,
5,1,1,-1,
5,5,3,-1,
3,5,3,-1,
0,3,3,-1,
5,5,12,-1,
12,5,12,-1,
14,12,12,-1,
14,14,12,-1,
12,14,12,-1,
5,12,12,-1,
14,14,15,-1,
15,14,15,-1,
15,15,13,-1,
13,15,13,-1,
6,13,13,-1,
6,6,13,-1,
13,6,13,-1,
15,13,13,-1,
6,6,4,-1,
4,6,4,-1,
0,4,4,-1,
0,0,2,-1,
2,0,2,-1,
6,2,2,-1,
7,7,7,-1,
7,7,7,-1,
7,7,7,-1,
0,0,1,-1,
1,0,1,-1,
5,1,1,-1,
5,5,3,-1,
3,5,3,-1,
0,3,3,-1,
5,5,12,-1,
12,5,12,-1,
14,12,12,-1,
14,14,12,-1,
12,14,12,-1,
5,12,12,-1,
14,14,15,-1,
15,14,15,-1,
15,15,13,-1,
13,15,13,-1,
6,13,13,-1,
6,6,13,-1,
13,6,13,-1,
15,13,13,-1,
6,6,4,-1,
4,6,4,-1,
0,4,4,-1,
0,0,2,-1,
2,0,2,-1,
6,2,2,-1,
16,16,16,-1,
16,16,16,-1,
16,16,16,-1,
16,16,16,-1,
16,16,16,-1,
16,16,16,-1,
7,7,7,-1,
7,7,7,-1
]
texCoordIndex [
173,172,216,-1,
215,217,216,-1,
216,217,218,-1,
189,185,218,-1,
218,185,181,-1,
218,181,216,-1,
216,181,177,-1,
216,177,173,-1,
218,217,220,-1,
220,217,219,-1,
220,246,247,-1,
247,251,220,-1,
220,251,255,-1,
220,255,218,-1,
218,255,259,-1,
218,259,263,-1,
171,161,160,-1,
100,87,82,-1,
101,88,83,-1,
102,89,84,-1,
62,49,44,-1,
63,50,45,-1,
64,51,46,-1,
46,40,26,-1,
8,13,9,-1,
9,13,22,-1,
9,22,32,-1,
40,46,32,-1,
32,46,47,-1,
32,47,9,-1,
45,39,25,-1,
7,12,8,-1,
8,12,21,-1,
8,21,31,-1,
39,45,31,-1,
31,45,46,-1,
31,46,8,-1,
8,46,26,-1,
8,26,13,-1,
44,38,24,-1,
6,11,7,-1,
7,11,20,-1,
7,20,30,-1,
38,44,30,-1,
30,44,45,-1,
30,45,7,-1,
7,45,25,-1,
7,25,12,-1,
43,37,23,-1,
43,23,5,-1,
5,23,10,-1,
5,10,6,-1,
6,10,19,-1,
6,19,29,-1,
37,43,29,-1,
29,43,44,-1,
29,44,6,-1,
6,44,24,-1,
6,24,11,-1,
70,85,47,-1,
46,51,47,-1,
47,51,60,-1,
47,60,70,-1,
85,70,84,-1,
84,70,78,-1,
84,78,64,-1,
45,50,46,-1,
46,50,59,-1,
46,59,69,-1,
64,46,84,-1,
84,46,69,-1,
84,69,83,-1,
83,69,77,-1,
83,77,63,-1,
44,49,45,-1,
45,49,58,-1,
45,58,68,-1,
63,45,83,-1,
83,45,68,-1,
83,68,82,-1,
82,68,76,-1,
82,76,62,-1,
62,44,82,-1,
82,44,67,-1,
82,67,81,-1,
67,75,81,-1,
81,75,61,-1,
81,61,43,-1,
43,61,48,-1,
43,48,44,-1,
44,48,57,-1,
44,57,67,-1,
108,123,85,-1,
84,89,85,-1,
85,89,98,-1,
85,98,108,-1,
123,108,122,-1,
122,108,116,-1,
122,116,102,-1,
83,88,84,-1,
84,88,97,-1,
84,97,107,-1,
102,84,122,-1,
122,84,107,-1,
122,107,121,-1,
121,107,115,-1,
121,115,101,-1,
82,87,83,-1,
83,87,96,-1,
83,96,106,-1,
101,83,121,-1,
121,83,106,-1,
121,106,120,-1,
120,106,114,-1,
120,114,100,-1,
100,82,120,-1,
120,82,105,-1,
120,105,119,-1,
105,113,119,-1,
119,113,99,-1,
119,99,81,-1,
81,99,86,-1,
81,86,82,-1,
82,86,95,-1,
82,95,105,-1,
146,154,160,-1,
160,154,140,-1,
160,140,122,-1,
122,140,127,-1,
122,127,123,-1,
123,127,136,-1,
123,136,161,-1,
161,136,146,-1,
161,146,160,-1,
145,153,159,-1,
159,153,139,-1,
159,139,121,-1,
121,139,126,-1,
121,126,122,-1,
122,126,135,-1,
122,135,160,-1,
160,135,145,-1,
160,145,159,-1,
144,152,158,-1,
158,152,138,-1,
158,138,120,-1,
120,138,125,-1,
120,125,121,-1,
121,125,134,-1,
121,134,159,-1,
159,134,144,-1,
159,144,158,-1,
143,151,157,-1,
157,151,137,-1,
157,137,119,-1,
119,137,124,-1,
119,124,120,-1,
120,124,133,-1,
120,133,158,-1,
158,133,143,-1,
158,143,157,-1,
171,160,170,-1,
170,160,159,-1,
170,159,169,-1,
169,159,158,-1,
169,158,168,-1,
168,158,157,-1,
168,157,167,-1,
5,4,43,-1,
43,4,42,-1,
43,42,81,-1,
81,42,80,-1,
81,80,119,-1,
119,80,118,-1,
119,118,157,-1,
157,118,156,-1,
157,156,167,-1,
167,156,166,-1,
1,0,163,-1,
163,0,162,-1,
311,312,266,-1,
266,312,267,-1,
268,265,264,-1,
310,299,309,-1,
309,299,289,-1,
309,289,264,-1,
264,289,279,-1,
264,279,268,-1,
154,146,140,-1,
140,146,136,-1,
140,136,127,-1,
273,274,271,-1,
271,274,272,-1,
231,230,245,-1,
261,231,260,-1,
260,231,245,-1,
274,270,269,-1,
231,261,232,-1,
232,261,240,-1,
141,147,149,-1,
142,141,150,-1,
150,141,148,-1,
261,262,236,-1,
141,142,131,-1,
131,142,132,-1,
131,132,128,-1,
128,132,129,-1,
213,214,194,-1,
187,213,188,-1,
188,213,194,-1,
132,130,129,-1,
213,187,212,-1,
212,187,198,-1,
273,275,277,-1,
274,273,278,-1,
278,273,276,-1,
187,186,202,-1,
40,32,26,-1,
26,32,22,-1,
26,22,13,-1,
303,304,300,-1,
300,304,301,-1,
231,230,245,-1,
261,231,260,-1,
260,231,245,-1,
304,302,301,-1,
231,261,232,-1,
232,261,240,-1,
27,33,35,-1,
28,27,36,-1,
36,27,34,-1,
261,262,236,-1,
27,28,17,-1,
17,28,18,-1,
17,18,14,-1,
14,18,15,-1,
213,214,194,-1,
187,213,188,-1,
188,213,194,-1,
18,16,15,-1,
213,187,212,-1,
212,187,198,-1,
303,305,307,-1,
304,303,308,-1,
308,303,306,-1,
187,186,202,-1,
75,67,61,-1,
61,67,57,-1,
61,57,48,-1,
293,294,290,-1,
290,294,291,-1,
222,221,241,-1,
249,222,248,-1,
248,222,242,-1,
294,292,291,-1,
222,249,223,-1,
223,249,237,-1,
65,71,73,-1,
66,65,74,-1,
74,65,72,-1,
249,250,233,-1,
65,66,55,-1,
55,66,56,-1,
55,56,52,-1,
52,56,53,-1,
204,205,190,-1,
175,204,176,-1,
176,204,190,-1,
56,54,53,-1,
204,175,203,-1,
203,175,195,-1,
293,295,297,-1,
294,293,298,-1,
298,293,296,-1,
175,174,199,-1,
76,68,62,-1,
62,68,58,-1,
62,58,49,-1,
293,294,290,-1,
290,294,291,-1,
225,224,243,-1,
253,225,252,-1,
252,225,243,-1,
294,292,291,-1,
225,253,226,-1,
226,253,238,-1,
65,71,73,-1,
66,65,74,-1,
74,65,72,-1,
253,254,234,-1,
65,66,55,-1,
55,66,56,-1,
55,56,52,-1,
52,56,53,-1,
207,208,191,-1,
179,207,180,-1,
180,207,192,-1,
56,54,53,-1,
207,179,206,-1,
206,179,196,-1,
293,295,297,-1,
294,293,298,-1,
298,293,296,-1,
179,178,200,-1,
77,69,63,-1,
63,69,59,-1,
63,59,50,-1,
293,294,290,-1,
290,294,291,-1,
228,227,244,-1,
257,228,256,-1,
256,228,244,-1,
294,292,291,-1,
228,257,229,-1,
229,257,239,-1,
65,71,73,-1,
66,65,74,-1,
74,65,72,-1,
257,258,235,-1,
65,66,55,-1,
55,66,56,-1,
55,56,52,-1,
52,56,53,-1,
210,211,193,-1,
183,210,184,-1,
184,210,193,-1,
56,54,53,-1,
210,183,209,-1,
209,183,197,-1,
293,295,297,-1,
294,293,298,-1,
298,293,296,-1,
183,182,201,-1,
39,31,25,-1,
25,31,21,-1,
25,21,12,-1,
303,304,300,-1,
300,304,301,-1,
228,227,244,-1,
257,228,256,-1,
256,228,244,-1,
304,302,301,-1,
228,257,229,-1,
229,257,239,-1,
27,33,35,-1,
28,27,36,-1,
36,27,34,-1,
257,258,235,-1,
27,28,17,-1,
17,28,18,-1,
17,18,14,-1,
14,18,15,-1,
210,211,193,-1,
183,210,184,-1,
184,210,193,-1,
18,16,15,-1,
210,183,209,-1,
209,183,197,-1,
303,305,307,-1,
304,303,308,-1,
308,303,306,-1,
183,182,201,-1,
38,30,24,-1,
24,30,20,-1,
24,20,11,-1,
303,304,300,-1,
300,304,301,-1,
225,224,243,-1,
253,225,252,-1,
252,225,243,-1,
304,302,301,-1,
225,253,226,-1,
226,253,238,-1,
27,33,35,-1,
28,27,36,-1,
36,27,34,-1,
253,254,234,-1,
27,28,17,-1,
17,28,18,-1,
17,18,14,-1,
14,18,15,-1,
207,208,191,-1,
179,207,180,-1,
180,207,192,-1,
18,16,15,-1,
207,179,206,-1,
206,179,196,-1,
303,305,307,-1,
304,303,308,-1,
308,303,306,-1,
179,178,200,-1,
37,29,23,-1,
23,29,19,-1,
23,19,10,-1,
303,304,300,-1,
300,304,301,-1,
222,221,241,-1,
249,222,248,-1,
248,222,242,-1,
304,302,301,-1,
222,249,223,-1,
223,249,237,-1,
27,33,35,-1,
28,27,36,-1,
36,27,34,-1,
249,250,233,-1,
27,28,17,-1,
17,28,18,-1,
17,18,14,-1,
14,18,15,-1,
204,205,190,-1,
175,204,176,-1,
176,204,190,-1,
18,16,15,-1,
204,175,203,-1,
203,175,195,-1,
303,305,307,-1,
304,303,308,-1,
308,303,306,-1,
175,174,199,-1,
116,108,102,-1,
102,108,98,-1,
102,98,89,-1,
283,284,280,-1,
280,284,281,-1,
231,230,245,-1,
261,231,260,-1,
260,231,245,-1,
284,282,281,-1,
231,261,232,-1,
232,261,240,-1,
103,109,111,-1,
104,103,112,-1,
112,103,110,-1,
261,262,236,-1,
103,104,93,-1,
93,104,94,-1,
93,94,90,-1,
90,94,91,-1,
213,214,194,-1,
187,213,188,-1,
188,213,194,-1,
94,92,91,-1,
213,187,212,-1,
212,187,198,-1,
283,285,287,-1,
284,283,288,-1,
288,283,286,-1,
187,186,202,-1,
151,143,137,-1,
137,143,133,-1,
137,133,124,-1,
273,274,271,-1,
271,274,272,-1,
222,221,241,-1,
249,222,248,-1,
248,222,242,-1,
274,270,269,-1,
222,249,223,-1,
223,249,237,-1,
141,147,149,-1,
142,141,150,-1,
150,141,148,-1,
249,250,233,-1,
141,142,131,-1,
131,142,132,-1,
131,132,128,-1,
128,132,129,-1,
204,205,190,-1,
175,204,176,-1,
176,204,190,-1,
132,130,129,-1,
204,175,203,-1,
203,175,195,-1,
273,275,277,-1,
274,273,278,-1,
278,273,276,-1,
175,174,199,-1,
152,144,138,-1,
138,144,134,-1,
138,134,125,-1,
273,274,271,-1,
271,274,272,-1,
225,224,243,-1,
253,225,252,-1,
252,225,243,-1,
274,270,269,-1,
225,253,226,-1,
226,253,238,-1,
141,147,149,-1,
142,141,150,-1,
150,141,148,-1,
253,254,234,-1,
141,142,131,-1,
131,142,132,-1,
131,132,128,-1,
128,132,129,-1,
207,208,191,-1,
179,207,180,-1,
180,207,192,-1,
132,130,129,-1,
207,179,206,-1,
206,179,196,-1,
273,275,277,-1,
274,273,278,-1,
278,273,276,-1,
179,178,200,-1,
153,145,139,-1,
139,145,135,-1,
139,135,126,-1,
273,274,271,-1,
271,274,272,-1,
228,227,244,-1,
257,228,256,-1,
256,228,244,-1,
274,270,269,-1,
228,257,229,-1,
229,257,239,-1,
141,147,149,-1,
142,141,150,-1,
150,141,148,-1,
257,258,235,-1,
141,142,131,-1,
131,142,132,-1,
131,132,128,-1,
128,132,129,-1,
210,211,193,-1,
183,210,184,-1,
184,210,193,-1,
132,130,129,-1,
210,183,209,-1,
209,183,197,-1,
273,275,277,-1,
274,273,278,-1,
278,273,276,-1,
183,182,201,-1,
78,70,64,-1,
64,70,60,-1,
64,60,51,-1,
293,294,290,-1,
290,294,291,-1,
231,230,245,-1,
261,231,260,-1,
260,231,245,-1,
294,292,291,-1,
231,261,232,-1,
232,261,240,-1,
65,71,73,-1,
66,65,74,-1,
74,65,72,-1,
261,262,236,-1,
65,66,55,-1,
55,66,56,-1,
55,56,52,-1,
52,56,53,-1,
213,214,194,-1,
187,213,188,-1,
188,213,194,-1,
56,54,53,-1,
213,187,212,-1,
212,187,198,-1,
293,295,297,-1,
294,293,298,-1,
298,293,296,-1,
187,186,202,-1,
113,105,99,-1,
99,105,95,-1,
99,95,86,-1,
283,284,280,-1,
280,284,281,-1,
222,221,241,-1,
249,222,248,-1,
248,222,242,-1,
284,282,281,-1,
222,249,223,-1,
223,249,237,-1,
103,109,111,-1,
104,103,112,-1,
112,103,110,-1,
249,250,233,-1,
103,104,93,-1,
93,104,94,-1,
93,94,90,-1,
90,94,91,-1,
204,205,190,-1,
175,204,176,-1,
176,204,190,-1,
94,92,91,-1,
204,175,203,-1,
203,175,195,-1,
283,285,287,-1,
284,283,288,-1,
288,283,286,-1,
175,174,199,-1,
114,106,100,-1,
100,106,96,-1,
100,96,87,-1,
283,284,280,-1,
280,284,281,-1,
225,224,243,-1,
253,225,252,-1,
252,225,243,-1,
284,282,281,-1,
225,253,226,-1,
226,253,238,-1,
103,109,111,-1,
104,103,112,-1,
112,103,110,-1,
253,254,234,-1,
103,104,93,-1,
93,104,94,-1,
93,94,90,-1,
90,94,91,-1,
207,208,191,-1,
179,207,180,-1,
180,207,192,-1,
94,92,91,-1,
207,179,206,-1,
206,179,196,-1,
283,285,287,-1,
284,283,288,-1,
288,283,286,-1,
179,178,200,-1,
115,107,101,-1,
101,107,97,-1,
101,97,88,-1,
283,284,280,-1,
280,284,281,-1,
228,227,244,-1,
257,228,256,-1,
256,228,244,-1,
284,282,281,-1,
228,257,229,-1,
229,257,239,-1,
103,109,111,-1,
104,103,112,-1,
112,103,110,-1,
257,258,235,-1,
103,104,93,-1,
93,104,94,-1,
93,94,90,-1,
90,94,91,-1,
210,211,193,-1,
183,210,184,-1,
184,210,193,-1,
94,92,91,-1,
210,183,209,-1,
209,183,197,-1,
283,285,287,-1,
284,283,288,-1,
288,283,286,-1,
183,182,201,-1,
163,164,155,-1,
155,117,163,-1,
163,117,79,-1,
163,79,1,-1,
1,79,41,-1,
1,41,2,-1,
4,3,166,-1,
166,3,165,-1
]
}
}
Shape {
appearance Appearance {
material Material {
ambientIntensity 0
diffuseColor 1 1 1
specularColor 0 0 0
shininess 0
transparency 0
}
texture USE MDF
}
geometry IndexedFaceSet {
normalPerVertex TRUE
solid TRUE
convex TRUE
coord Coordinate { point [
-1.411 -1.276 1.128,
-1.411 -1.196 1.128,
-1.411 -1.196 1.125,
-1.411 -1.276 1.109,
-1.411 -1.212 1.109,
-1.199 -1.276 1.128,
-1.199 -1.196 1.128,
-1.199 -1.196 1.125,
-1.199 -1.276 1.109,
-1.199 -1.212 1.109
] }
normal Normal { vector [
-1 0 0,
0 -1 0,
0 0 1,
0 0 -1,
0 0.707107 -0.707107,
0 1 0,
1 0 0
] }
texCoord TextureCoordinate { point [
-5.24 0,
-5.24 0.319999,
-5.24 0.38,
-5.24 0.68,
-5.24 2.28,
-0.999999 0,
-0.999999 0.319999,
-0.999999 0.38,
-0.999999 0.68,
-0.999999 2.28,
-0.38 0.68,
-0.38 2.28,
-0.319999 0.68,
0 1,
0 2.28,
0.319999 0.68,
0.38 0.68,
0.38 2.28,
0.999999 0,
0.999999 0.38,
0.999999 1,
0.999999 2.28,
5.24 0,
5.24 0.38,
5.24 1,
5.24 2.28
] }
coordIndex [
2,1,7,-1,
7,1,6,-1,
1,0,6,-1,
6,0,5,-1,
0,3,5,-1,
5,3,8,-1,
3,4,8,-1,
8,4,9,-1,
4,2,9,-1,
9,2,7,-1,
1,2,0,-1,
0,2,4,-1,
0,4,3,-1,
7,6,9,-1,
9,6,5,-1,
9,5,8,-1
]
normalIndex [
5,5,5,-1,
5,5,5,-1,
2,2,2,-1,
2,2,2,-1,
1,1,1,-1,
1,1,1,-1,
3,3,3,-1,
3,3,3,-1,
4,4,4,-1,
4,4,4,-1,
0,0,0,-1,
0,0,0,-1,
0,0,0,-1,
6,6,6,-1,
6,6,6,-1,
6,6,6,-1
]
texCoordIndex [
6,7,1,-1,
1,7,2,-1,
8,9,3,-1,
3,9,4,-1,
19,18,23,-1,
23,18,22,-1,
21,20,25,-1,
25,20,24,-1,
5,6,0,-1,
0,6,1,-1,
10,12,11,-1,
11,12,13,-1,
11,13,14,-1,
15,16,13,-1,
13,16,17,-1,
13,17,14,-1
]
}
}
Shape {
appearance Appearance {
material Material {
ambientIntensity 0
diffuseColor 1 1 1
specularColor 0 0 0
shininess 0
transparency 0
}
texture USE MDF
}
geometry IndexedFaceSet {
normalPerVertex TRUE
solid TRUE
convex TRUE
coord Coordinate { point [
-1.411 -0.48699999 1.128,
-1.411 -0.40699995 1.128,
-1.411 -0.40699995 1.125,
-1.411 -0.48699999 1.109,
-1.411 -0.42299998 1.109,
-1.199 -0.48699999 1.128,
-1.199 -0.40699995 1.128,
-1.199 -0.40699995 1.125,
-1.199 -0.48699999 1.109,
-1.199 -0.42299998 1.109
] }
normal Normal { vector [
-1 0 0,
0 -1 0,
0 0 1,
0 0 -1,
0 0.707107 -0.707107,
0 1 0,
1 0 0
] }
texCoord TextureCoordinate { point [
-5.24 0,
-5.24 0.319999,
-5.24 0.38,
-5.24 0.68,
-5.24 2.28,
-0.999999 0,
-0.999999 0.319999,
-0.999999 0.38,
-0.999999 0.68,
-0.999999 2.28,
-0.38 0.68,
-0.38 2.28,
-0.319999 0.68,
0 1,
0 2.28,
0.319999 0.68,
0.38 0.68,
0.38 2.28,
0.999999 0,
0.999999 0.38,
0.999999 1,
0.999999 2.28,
5.24 0,
5.24 0.38,
5.24 1,
5.24 2.28
] }
coordIndex [
2,1,7,-1,
7,1,6,-1,
1,0,6,-1,
6,0,5,-1,
0,3,5,-1,
5,3,8,-1,
3,4,8,-1,
8,4,9,-1,
4,2,9,-1,
9,2,7,-1,
1,2,0,-1,
0,2,4,-1,
0,4,3,-1,
7,6,9,-1,
9,6,5,-1,
9,5,8,-1
]
normalIndex [
5,5,5,-1,
5,5,5,-1,
2,2,2,-1,
2,2,2,-1,
1,1,1,-1,
1,1,1,-1,
3,3,3,-1,
3,3,3,-1,
4,4,4,-1,
4,4,4,-1,
0,0,0,-1,
0,0,0,-1,
0,0,0,-1,
6,6,6,-1,
6,6,6,-1,
6,6,6,-1
]
texCoordIndex [
6,7,1,-1,
1,7,2,-1,
8,9,3,-1,
3,9,4,-1,
19,18,23,-1,
23,18,22,-1,
21,20,25,-1,
25,20,24,-1,
5,6,0,-1,
0,6,1,-1,
10,12,11,-1,
11,12,13,-1,
11,13,14,-1,
15,16,13,-1,
13,16,17,-1,
13,17,14,-1
]
}
}
Shape {
appearance Appearance {
material Material {
ambientIntensity 0
diffuseColor 1 1 1
specularColor 0 0 0
shininess 0
transparency 0
}
texture USE MDF
}
geometry IndexedFaceSet {
normalPerVertex TRUE
solid TRUE
convex TRUE
coord Coordinate { point [
-1.411 0.30200005 1.128,
-1.411 0.38200009 1.128,
-1.411 0.38200009 1.125,
-1.411 0.30200005 1.109,
-1.411 0.36600006 1.109,
-1.199 0.30200005 1.128,
-1.199 0.38200009 1.128,
-1.199 0.38200009 1.125,
-1.199 0.30200005 1.109,
-1.199 0.36600006 1.109
] }
normal Normal { vector [
-1 0 0,
0 -1 0,
0 0 1,
0 0 -1,
0 0.707107 -0.707107,
0 1 0,
1 0 0
] }
texCoord TextureCoordinate { point [
-5.24 0,
-5.24 0.319999,
-5.24 0.38,
-5.24 0.679998,
-5.24 2.28,
-0.999999 0,
-0.999999 0.319999,
-0.999999 0.38,
-0.999999 0.679998,
-0.999999 2.28,
-0.38 0.679998,
-0.38 2.28,
-0.319999 0.679998,
0 0.999999,
0 2.28,
0.319999 0.679998,
0.38 0.679998,
0.38 2.28,
0.999999 0,
0.999999 0.38,
0.999999 0.999999,
0.999999 2.28,
5.24 0,
5.24 0.38,
5.24 0.999999,
5.24 2.28
] }
coordIndex [
2,1,7,-1,
7,1,6,-1,
1,0,6,-1,
6,0,5,-1,
0,3,5,-1,
5,3,8,-1,
3,4,8,-1,
8,4,9,-1,
4,2,9,-1,
9,2,7,-1,
1,2,0,-1,
0,2,4,-1,
0,4,3,-1,
8,9,5,-1,
5,9,7,-1,
5,7,6,-1
]
normalIndex [
5,5,5,-1,
5,5,5,-1,
2,2,2,-1,
2,2,2,-1,
1,1,1,-1,
1,1,1,-1,
3,3,3,-1,
3,3,3,-1,
4,4,4,-1,
4,4,4,-1,
0,0,0,-1,
0,0,0,-1,
0,0,0,-1,
6,6,6,-1,
6,6,6,-1,
6,6,6,-1
]
texCoordIndex [
6,7,1,-1,
1,7,2,-1,
8,9,3,-1,
3,9,4,-1,
19,18,23,-1,
23,18,22,-1,
21,20,25,-1,
25,20,24,-1,
5,6,0,-1,
0,6,1,-1,
10,12,11,-1,
11,12,13,-1,
11,13,14,-1,
14,13,17,-1,
17,13,15,-1,
17,15,16,-1
]
}
}
Shape {
appearance Appearance {
material Material {
ambientIntensity 0
diffuseColor 1 1 1
specularColor 0 0 0
shininess 0
transparency 0
}
texture USE MDF
}
geometry IndexedFaceSet {
normalPerVertex TRUE
solid TRUE
convex TRUE
coord Coordinate { point [
-1.411 1.091 1.128,
-1.411 1.1710001 1.128,
-1.411 1.1710001 1.125,
-1.411 1.091 1.109,
-1.411 1.1550001 1.109,
-1.199 1.091 1.128,
-1.199 1.1710001 1.128,
-1.199 1.1710001 1.125,
-1.199 1.091 1.109,
-1.199 1.1550001 1.109
] }
normal Normal { vector [
-1 0 0,
0 -1 0,
0 0 1,
0 0 -1,
0 0.707107 -0.707107,
0 1 0,
1 0 0
] }
texCoord TextureCoordinate { point [
-5.24 0,
-5.24 0.319999,
-5.24 0.38,
-5.24 0.679998,
-5.24 2.28,
-0.999999 0,
-0.999999 0.319999,
-0.999999 0.38,
-0.999999 0.679998,
-0.999999 2.28,
-0.38 0.679998,
-0.38 2.28,
-0.319999 0.679998,
0 0.999999,
0 2.28,
0.319999 0.679998,
0.38 0.679998,
0.38 2.28,
0.999999 0,
0.999999 0.38,
0.999999 0.999999,
0.999999 2.28,
5.24 0,
5.24 0.38,
5.24 0.999999,
5.24 2.28
] }
coordIndex [
2,1,7,-1,
7,1,6,-1,
1,0,6,-1,
6,0,5,-1,
0,3,5,-1,
5,3,8,-1,
3,4,8,-1,
8,4,9,-1,
4,2,9,-1,
9,2,7,-1,
1,2,0,-1,
0,2,4,-1,
0,4,3,-1,
7,6,9,-1,
9,6,5,-1,
9,5,8,-1
]
normalIndex [
5,5,5,-1,
5,5,5,-1,
2,2,2,-1,
2,2,2,-1,
1,1,1,-1,
1,1,1,-1,
3,3,3,-1,
3,3,3,-1,
4,4,4,-1,
4,4,4,-1,
0,0,0,-1,
0,0,0,-1,
0,0,0,-1,
6,6,6,-1,
6,6,6,-1,
6,6,6,-1
]
texCoordIndex [
6,7,1,-1,
1,7,2,-1,
8,9,3,-1,
3,9,4,-1,
19,18,23,-1,
23,18,22,-1,
21,20,25,-1,
25,20,24,-1,
5,6,0,-1,
0,6,1,-1,
10,12,11,-1,
11,12,13,-1,
11,13,14,-1,
15,16,13,-1,
13,16,17,-1,
13,17,14,-1
]
}
}
Shape {
appearance Appearance {
material Material {
ambientIntensity 0
diffuseColor 1 1 1
specularColor 0 0 0
shininess 0
transparency 0
}
texture USE MELA_H3450_ST22
}
geometry IndexedFaceSet {
normalPerVertex TRUE
solid TRUE
convex TRUE
coord Coordinate { point [
-1.1259999 0.81900012 1.1470001,
-1.1259999 1.341 1.1470001,
-1.1259999 0.81900012 1.14,
-1.1259999 0.88399994 1.14,
-1.1259999 0.88399994 1.128,
-1.1259999 0.96200001 1.128,
-1.1259999 1.1195 1.128,
-1.1259999 1.1980001 1.128,
-1.1259999 1.341 1.128,
-1.029809 1.0404123 1.133,
-1.029809 1.0415877 1.133,
-1.029809 1.1974124 1.133,
-1.029809 1.1985878 1.133,
-1.029809 1.0404123 1.128,
-1.029809 1.0415877 1.128,
-1.029809 1.1974124 1.128,
-1.029809 1.1980001 1.128,
-1.029809 1.1985878 1.128,
-1.029642 1.0403582 1.133,
-1.029642 1.0416418 1.133,
-1.029642 1.1973583 1.133,
-1.029642 1.1986419 1.133,
-1.029642 1.0403579 1.1322533,
-1.029642 1.0403582 1.1322533,
-1.029642 1.1973583 1.1322533,
-1.029642 1.0416418 1.1287467,
-1.029642 1.1986419 1.1287467,
-1.029642 1.1986421 1.1287467,
-1.029642 1.0403579 1.128,
-1.029642 1.0416418 1.128,
-1.029642 1.1973583 1.128,
-1.029642 1.1986421 1.128,
-1.0286909 1.040049 1.133,
-1.0286909 1.0419511 1.133,
-1.0286909 1.197049 1.133,
-1.0286909 1.1989511 1.133,
-1.0286909 1.040049 1.128,
-1.0286909 1.0419511 1.128,
-1.0286909 1.197049 1.128,
-1.0286909 1.1989511 1.128,
-1.0284208 1.0404209 1.133,
-1.0284208 1.0415794 1.133,
-1.0284208 1.197421 1.133,
-1.0284208 1.1985794 1.133,
-1.0284208 1.0404209 1.131045,
-1.0284208 1.197421 1.131045,
-1.0284208 1.0415791 1.1299551,
-1.0284208 1.0415794 1.1299551,
-1.0284208 1.1985792 1.1299551,
-1.0284208 1.1985794 1.1299551,
-1.0284208 1.0404209 1.128,
-1.0284208 1.0415791 1.128,
-1.0284208 1.197421 1.128,
-1.0284208 1.1985792 1.128,
-1.028 1.041 1.133,
-1.028 1.1980001 1.133,
-1.028 1.041 1.128,
-1.028 1.1980001 1.128,
-0.84474999 0.88399994 1.128,
-0.84474999 0.96200001 1.128,
-0.84474999 1.1195 1.128,
-0.84474999 1.1980001 1.128,
-0.84474999 1.341 1.128,
-0.661309 1.0404123 1.133,
-0.661309 1.0415877 1.133,
-0.661309 1.1974124 1.133,
-0.661309 1.1985878 1.133,
-0.661309 1.0404123 1.128,
-0.661309 1.0415877 1.128,
-0.661309 1.1974124 1.128,
-0.661309 1.1980001 1.128,
-0.661309 1.1985878 1.128,
-0.66114205 1.0403582 1.133,
-0.66114205 1.0416418 1.133,
-0.66114205 1.1973583 1.133,
-0.66114205 1.1986419 1.133,
-0.66114205 1.0403579 1.1322533,
-0.66114205 1.0403582 1.1322533,
-0.66114205 1.1973583 1.1322533,
-0.66114205 1.0416418 1.1287467,
-0.66114205 1.1986419 1.1287467,
-0.66114205 1.1986421 1.1287467,
-0.66114205 1.0403579 1.128,
-0.66114205 1.0416418 1.128,
-0.66114205 1.1973583 1.128,
-0.66114205 1.1986421 1.128,
-0.66019094 1.040049 1.133,
-0.66019094 1.0419511 1.133,
-0.66019094 1.197049 1.133,
-0.66019094 1.1989511 1.133,
-0.66019094 1.040049 1.128,
-0.66019094 1.0419511 1.128,
-0.66019094 1.197049 1.128,
-0.66019094 1.1989511 1.128,
-0.65992081 1.0404209 1.133,
-0.65992081 1.0415794 1.133,
-0.65992081 1.197421 1.133,
-0.65992081 1.1985794 1.133,
-0.65992081 1.0404209 1.131045,
-0.65992081 1.197421 1.131045,
-0.65992081 1.0415791 1.1299551,
-0.65992081 1.0415794 1.1299551,
-0.65992081 1.1985792 1.1299551,
-0.65992081 1.1985794 1.1299551,
-0.65992081 1.0404209 1.128,
-0.65992081 1.0415791 1.128,
-0.65992081 1.197421 1.128,
-0.65992081 1.1985792 1.128,
-0.6595 1.041 1.133,
-0.6595 1.1980001 1.133,
-0.6595 1.041 1.128,
-0.6595 1.1980001 1.128,
-0.47624999 0.88399994 1.128,
-0.47624999 0.96200001 1.128,
-0.47624999 1.1195 1.128,
-0.47624999 1.1980001 1.128,
-0.47624999 1.341 1.128,
-0.29280901 1.0404123 1.133,
-0.29280901 1.0415877 1.133,
-0.29280901 1.1974124 1.133,
-0.29280901 1.1985878 1.133,
-0.29280901 1.0404123 1.128,
-0.29280901 1.0415877 1.128,
-0.29280901 1.1974124 1.128,
-0.29280901 1.1980001 1.128,
-0.29280901 1.1985878 1.128,
-0.29264206 1.0403582 1.133,
-0.29264206 1.1973583 1.133,
-0.29264206 1.0403582 1.1322533,
-0.29264206 1.1973583 1.1322533,
-0.29264206 1.0416418 1.1287467,
-0.29264206 1.1986421 1.1287467,
-0.29264206 1.0416418 1.128,
-0.29264206 1.1986421 1.128,
-0.29264206 1.0416418 1.133,
-0.29264206 1.1986419 1.133,
-0.29264206 1.0403579 1.1322533,
-0.29264206 1.1973583 1.1322533,
-0.29264206 1.0416418 1.1287467,
-0.29264206 1.1986419 1.1287467,
-0.29264206 1.0403579 1.128,
-0.29264206 1.1973583 1.128,
-0.29169101 1.040049 1.133,
-0.29169101 1.0419511 1.133,
-0.29169101 1.197049 1.133,
-0.29169101 1.1989511 1.133,
-0.29169101 1.040049 1.128,
-0.29169101 1.0419511 1.128,
-0.29169101 1.197049 1.128,
-0.29169101 1.1989511 1.128,
-0.29142082 1.0404209 1.133,
-0.29142082 1.0415794 1.133,
-0.29142082 1.197421 1.133,
-0.29142082 1.1985794 1.133,
-0.29142082 1.0404209 1.131045,
-0.29142082 1.197421 1.131045,
-0.29142082 1.0415791 1.1299551,
-0.29142082 1.0415794 1.1299551,
-0.29142082 1.1985792 1.1299551,
-0.29142082 1.1985794 1.1299551,
-0.29142082 1.0404209 1.128,
-0.29142082 1.0415791 1.128,
-0.29142082 1.197421 1.128,
-0.29142082 1.1985792 1.128,
-0.29100001 1.041 1.133,
-0.29100001 1.1980001 1.133,
-0.29100001 1.041 1.128,
-0.29100001 1.1980001 1.128,
-0.24300002 0.88399994 1.128,
-0.24300002 0.96200001 1.128,
-0.24300002 1.1195 1.128,
-0.24300002 1.1980001 1.128,
-0.24300002 1.341 1.128,
-0.19500001 0.81900012 1.1470001,
-0.19500001 1.341 1.1470001,
-0.19500001 0.81900012 1.14,
-0.19500001 0.88399994 1.14,
-0.19500001 0.88399994 1.128,
-0.19500001 0.96200001 1.128,
-0.19500001 1.1195 1.128,
-0.19500001 1.1980001 1.128,
-0.19500001 1.341 1.128
] }
normal Normal { vector [
-1 0 0,
-0.707107 0.707107 0,
-0.707107 -0.707107 0,
-0.707107 0.707107 0,
-0.707107 -0.707107 0,
-0.309017 0.951057 0,
-0.309017 -0.951057 0,
0 0 -1,
0 0 1,
0 -1 0,
0 1 0,
0 0 -1,
0.707107 0.707107 0,
0.707107 -0.707107 0,
0.809017 0.587785 0,
0.809017 -0.587785 0,
1 0 0
] }
texCoord TextureCoordinate { point [
-1.77688 0,
-1.77688 0.060898,
-1.77688 1,
-1.77688 1.15385,
-1.77688 1.90145,
-1.77688 3.08255,
-1.77688 3.984,
-1.56547 1.30991,
-1.56547 2.49101,
-1.56547 3.67211,
-1.56502 0.0585046,
-1.56502 0.060898,
-1.56501 0.0448722,
-1.56501 0.0585046,
-1.56493 0.0448722,
-1.56493 0.060898,
-1.56493 1.31349,
-1.56493 2.49459,
-1.56493 3.6757,
-1.56406 0.060898,
-1.56406 1,
-1.56406 1.15385,
-1.56406 1.3077,
-1.56406 1.31349,
-1.56406 1.90145,
-1.56406 2.4888,
-1.56406 2.49459,
-1.56406 3.08255,
-1.56406 3.6699,
-1.56406 3.6757,
-1.56406 3.984,
-1.56318 0.0448722,
-1.56318 0.060898,
-1.56318 1.31349,
-1.56318 2.49459,
-1.56318 3.6757,
-1.5631 0.0448722,
-1.5631 0.0472657,
-1.5631 0.0472657,
-1.5631 0.060898,
-1.56264 1.30991,
-1.56264 2.49101,
-1.56264 3.67211,
-1.44723 0.060898,
-1.44723 1,
-1.44723 1.15385,
-1.44723 1.90145,
-1.44723 3.08255,
-1.44723 3.984,
-1.33181 1.30991,
-1.33181 2.49101,
-1.33181 3.67211,
-1.33135 0.0448722,
-1.33135 0.0585046,
-1.33135 0.060898,
-1.33127 0.0448722,
-1.33127 0.060898,
-1.33127 1.31349,
-1.33127 2.49459,
-1.33127 3.6757,
-1.3304 1.3077,
-1.3304 2.4888,
-1.3304 3.6699,
-1.32952 0.0448722,
-1.32952 0.060898,
-1.32952 1.31349,
-1.32952 2.49459,
-1.32952 3.6757,
-1.32944 0.0448722,
-1.32944 0.0472657,
-1.32944 0.0472657,
-1.32944 0.060898,
-1.32898 1.30991,
-1.32898 2.49101,
-1.32898 3.67211,
-1.21282 0.060898,
-1.21282 1,
-1.21282 1.15385,
-1.21282 1.90145,
-1.21282 3.08255,
-1.21282 3.984,
-1.09674 0.0224362,
-1.09674 0.060898,
-1.09674 1,
-1.09674 1.15385,
-1.09674 1.90145,
-1.09674 3.08255,
-1.09674 3.984,
-1 0,
-1 0.0224362,
-1 1,
-1 3.984,
-0.0282774 1,
-0.0282774 1.15385,
-0.0282774 1.30904,
-0.0282774 1.30991,
-0.0282774 1.31296,
-0.0282774 1.90145,
-0.0282774 2.49015,
-0.0282774 2.49101,
-0.0282774 2.49406,
-0.0282774 3.08255,
-0.0282774 3.67125,
-0.0282774 3.67211,
-0.0282774 3.67516,
-0.0282774 3.984,
-0.027166 1.31296,
-0.027166 1.31296,
-0.027166 2.49406,
-0.027166 3.67516,
-0.0253678 1.30904,
-0.0253678 2.49015,
-0.0253678 3.67125,
-0.0253678 1.30904,
-0.0253678 2.49015,
-0.0253678 3.67125,
-0.020836 1.30904,
-0.020836 1.30991,
-0.020836 1.31296,
-0.020836 2.49015,
-0.020836 2.49101,
-0.020836 2.49406,
-0.020836 3.67125,
-0.020836 3.67211,
-0.020836 3.67516,
-0.010418 1,
-0.010418 3.984,
0 1,
0 3.984,
0.020836 1.30904,
0.020836 1.30991,
0.020836 1.31296,
0.020836 2.49015,
0.020836 2.49101,
0.020836 2.49406,
0.020836 3.67125,
0.020836 3.67211,
0.020836 3.67516,
0.0219473 1.31296,
0.0219473 2.49406,
0.0219473 3.67516,
0.0219473 1.31296,
0.0219473 2.49406,
0.0219473 3.67516,
0.0237456 1.30904,
0.0237456 2.49015,
0.0237456 3.67125,
0.0282774 1,
0.0282774 1.15385,
0.0282774 1.30904,
0.0282774 1.30991,
0.0282774 1.31296,
0.0282774 1.90145,
0.0282774 2.49015,
0.0282774 2.49101,
0.0282774 2.49406,
0.0282774 3.08255,
0.0282774 3.67125,
0.0282774 3.67211,
0.0282774 3.67516,
0.0282774 3.984,
1 0,
1 0.0224362,
1 1,
1 3.984,
1.09674 0.0224362,
1.09674 0.060898,
1.21282 0.060898,
1.32954 0.0448722,
1.32954 0.0511383,
1.32954 0.060898,
1.3304 0.0448722,
1.3304 0.060898,
1.33126 0.0546319,
1.33126 0.060898,
1.33126 0.0448722,
1.33126 0.0546319,
1.44723 0.060898,
1.5632 0.0448722,
1.5632 0.0511383,
1.5632 0.060898,
1.56406 0.0448722,
1.56406 0.060898,
1.56492 0.0546319,
1.56492 0.060898,
1.56492 0.0448722,
1.56492 0.0546319,
1.77688 0,
1.77688 0.060898,
1.77688 1,
1.77688 3.984
] }
coordIndex [
175,173,2,-1,
2,173,0,-1,
2,0,3,-1,
3,0,1,-1,
8,7,1,-1,
1,7,6,-1,
1,6,3,-1,
3,6,5,-1,
3,5,4,-1,
125,116,149,-1,
149,116,172,-1,
149,172,167,-1,
167,172,171,-1,
167,171,148,-1,
148,171,170,-1,
148,170,123,-1,
123,170,114,-1,
123,114,124,-1,
124,114,115,-1,
124,115,125,-1,
125,115,116,-1,
60,69,92,-1,
69,60,70,-1,
70,60,61,-1,
70,61,71,-1,
71,61,62,-1,
71,62,93,-1,
93,62,116,-1,
93,116,111,-1,
111,116,115,-1,
111,115,92,-1,
92,115,114,-1,
92,114,60,-1,
6,15,38,-1,
15,6,16,-1,
16,6,7,-1,
16,7,17,-1,
17,7,8,-1,
17,8,39,-1,
39,8,62,-1,
39,62,57,-1,
57,62,61,-1,
57,61,38,-1,
38,61,60,-1,
38,60,6,-1,
4,5,59,-1,
59,5,36,-1,
59,36,60,-1,
36,56,60,-1,
60,56,37,-1,
60,37,6,-1,
6,37,14,-1,
6,14,5,-1,
5,14,13,-1,
5,13,36,-1,
90,113,59,-1,
113,90,114,-1,
90,110,114,-1,
114,110,91,-1,
114,91,60,-1,
60,91,68,-1,
60,68,59,-1,
59,68,67,-1,
59,67,90,-1,
121,146,169,-1,
169,146,166,-1,
169,166,170,-1,
170,166,147,-1,
170,147,114,-1,
114,147,122,-1,
114,122,113,-1,
113,122,121,-1,
113,121,169,-1,
4,59,58,-1,
58,59,113,-1,
58,113,112,-1,
112,113,169,-1,
112,169,168,-1,
172,181,171,-1,
171,181,180,-1,
171,180,170,-1,
170,180,179,-1,
170,179,169,-1,
169,179,178,-1,
169,178,168,-1,
168,178,177,-1,
174,173,176,-1,
176,173,175,-1,
177,178,176,-1,
176,178,179,-1,
176,179,174,-1,
174,179,180,-1,
174,180,181,-1,
174,1,173,-1,
173,1,0,-1,
181,172,174,-1,
174,172,116,-1,
174,116,1,-1,
1,116,62,-1,
1,62,8,-1,
32,9,54,-1,
54,9,10,-1,
54,10,33,-1,
54,56,40,-1,
40,56,44,-1,
32,40,44,-1,
36,32,50,-1,
50,32,44,-1,
56,50,44,-1,
32,36,18,-1,
18,36,23,-1,
9,18,23,-1,
13,9,28,-1,
28,9,22,-1,
36,28,22,-1,
9,13,10,-1,
10,13,14,-1,
10,14,19,-1,
19,14,25,-1,
33,19,25,-1,
37,33,29,-1,
29,33,25,-1,
14,29,25,-1,
33,37,41,-1,
41,37,47,-1,
54,41,47,-1,
56,54,51,-1,
51,54,46,-1,
37,51,46,-1,
120,145,119,-1,
119,145,165,-1,
119,165,144,-1,
165,167,152,-1,
152,167,155,-1,
144,152,155,-1,
148,144,162,-1,
162,144,155,-1,
167,162,155,-1,
144,148,127,-1,
127,148,129,-1,
119,127,129,-1,
123,119,141,-1,
141,119,137,-1,
148,141,137,-1,
119,123,120,-1,
120,123,125,-1,
120,125,135,-1,
135,125,139,-1,
145,135,139,-1,
149,145,133,-1,
133,145,131,-1,
125,133,131,-1,
145,149,153,-1,
153,149,159,-1,
165,153,159,-1,
167,165,163,-1,
163,165,158,-1,
149,163,158,-1,
66,89,65,-1,
65,89,109,-1,
65,109,88,-1,
109,111,96,-1,
96,111,99,-1,
88,96,99,-1,
92,88,106,-1,
106,88,99,-1,
111,106,99,-1,
88,92,74,-1,
74,92,78,-1,
65,74,78,-1,
69,65,84,-1,
84,65,78,-1,
92,84,78,-1,
65,69,66,-1,
66,69,71,-1,
66,71,75,-1,
75,71,80,-1,
89,75,80,-1,
93,89,85,-1,
85,89,81,-1,
71,85,81,-1,
89,93,97,-1,
97,93,103,-1,
109,97,103,-1,
111,109,107,-1,
107,109,102,-1,
93,107,102,-1,
34,11,55,-1,
55,11,12,-1,
55,12,35,-1,
55,57,42,-1,
42,57,45,-1,
34,42,45,-1,
38,34,52,-1,
52,34,45,-1,
57,52,45,-1,
34,38,20,-1,
20,38,24,-1,
11,20,24,-1,
15,11,30,-1,
30,11,24,-1,
38,30,24,-1,
11,15,12,-1,
12,15,17,-1,
12,17,21,-1,
21,17,26,-1,
35,21,26,-1,
39,35,31,-1,
31,35,27,-1,
17,31,27,-1,
35,39,43,-1,
43,39,49,-1,
55,43,49,-1,
57,55,53,-1,
53,55,48,-1,
39,53,48,-1,
118,143,117,-1,
117,143,164,-1,
117,164,142,-1,
164,166,150,-1,
150,166,154,-1,
142,150,154,-1,
146,142,160,-1,
160,142,154,-1,
166,160,154,-1,
142,146,126,-1,
126,146,128,-1,
117,126,128,-1,
121,117,140,-1,
140,117,136,-1,
146,140,136,-1,
117,121,118,-1,
118,121,122,-1,
118,122,134,-1,
134,122,138,-1,
143,134,138,-1,
147,143,132,-1,
132,143,130,-1,
122,132,130,-1,
143,147,151,-1,
151,147,157,-1,
164,151,157,-1,
166,164,161,-1,
161,164,156,-1,
147,161,156,-1,
64,87,63,-1,
63,87,108,-1,
63,108,86,-1,
108,110,94,-1,
94,110,98,-1,
86,94,98,-1,
90,86,104,-1,
104,86,98,-1,
110,104,98,-1,
86,90,72,-1,
72,90,77,-1,
63,72,77,-1,
67,63,82,-1,
82,63,76,-1,
90,82,76,-1,
63,67,64,-1,
64,67,68,-1,
64,68,73,-1,
73,68,79,-1,
87,73,79,-1,
91,87,83,-1,
83,87,79,-1,
68,83,79,-1,
87,91,95,-1,
95,91,101,-1,
108,95,101,-1,
110,108,105,-1,
105,108,100,-1,
91,105,100,-1,
4,58,3,-1,
3,58,112,-1,
3,112,176,-1,
176,112,168,-1,
176,168,177,-1,
176,175,3,-1,
3,175,2,-1
]
normalIndex [
9,9,9,-1,
9,9,9,-1,
0,0,0,-1,
0,0,0,-1,
0,0,0,-1,
0,0,0,-1,
0,0,0,-1,
0,0,0,-1,
0,0,0,-1,
11,11,11,-1,
11,11,11,-1,
11,11,11,-1,
11,11,11,-1,
11,11,11,-1,
11,11,11,-1,
11,11,11,-1,
11,11,11,-1,
11,11,11,-1,
11,11,11,-1,
11,11,11,-1,
11,11,11,-1,
11,11,11,-1,
11,11,11,-1,
11,11,11,-1,
11,11,11,-1,
11,11,11,-1,
11,11,11,-1,
11,11,11,-1,
11,11,11,-1,
11,11,11,-1,
11,11,11,-1,
11,11,11,-1,
11,11,11,-1,
11,11,11,-1,
11,11,11,-1,
11,11,11,-1,
11,11,11,-1,
11,11,11,-1,
11,11,11,-1,
11,11,11,-1,
11,11,11,-1,
11,11,11,-1,
11,11,11,-1,
11,11,11,-1,
11,11,11,-1,
11,11,11,-1,
11,11,11,-1,
11,11,11,-1,
11,11,11,-1,
11,11,11,-1,
11,11,11,-1,
11,11,11,-1,
11,11,11,-1,
11,11,11,-1,
11,11,11,-1,
11,11,11,-1,
11,11,11,-1,
11,11,11,-1,
11,11,11,-1,
11,11,11,-1,
11,11,11,-1,
11,11,11,-1,
11,11,11,-1,
11,11,11,-1,
11,11,11,-1,
11,11,11,-1,
11,11,11,-1,
11,11,11,-1,
11,11,11,-1,
11,11,11,-1,
11,11,11,-1,
11,11,11,-1,
11,11,11,-1,
11,11,11,-1,
11,11,11,-1,
11,11,11,-1,
11,11,11,-1,
11,11,11,-1,
11,11,11,-1,
11,11,11,-1,
11,11,11,-1,
11,11,11,-1,
11,11,11,-1,
11,11,11,-1,
11,11,11,-1,
11,11,11,-1,
16,16,16,-1,
16,16,16,-1,
16,16,16,-1,
16,16,16,-1,
16,16,16,-1,
16,16,16,-1,
16,16,16,-1,
8,8,8,-1,
8,8,8,-1,
10,10,10,-1,
10,10,10,-1,
10,10,10,-1,
10,10,10,-1,
10,10,10,-1,
7,7,7,-1,
7,7,7,-1,
7,7,7,-1,
0,0,1,-1,
1,0,1,-1,
5,1,1,-1,
5,5,3,-1,
3,5,3,-1,
0,3,3,-1,
5,5,12,-1,
12,5,12,-1,
14,12,12,-1,
14,14,12,-1,
12,14,12,-1,
5,12,12,-1,
14,14,15,-1,
15,14,15,-1,
15,15,13,-1,
13,15,13,-1,
6,13,13,-1,
6,6,13,-1,
13,6,13,-1,
15,13,13,-1,
6,6,4,-1,
4,6,4,-1,
0,4,4,-1,
0,0,2,-1,
2,0,2,-1,
6,2,2,-1,
7,7,7,-1,
7,7,7,-1,
7,7,7,-1,
0,0,1,-1,
1,0,1,-1,
5,1,1,-1,
5,5,3,-1,
3,5,3,-1,
0,3,3,-1,
5,5,12,-1,
12,5,12,-1,
14,12,12,-1,
14,14,12,-1,
12,14,12,-1,
5,12,12,-1,
14,14,15,-1,
15,14,15,-1,
15,15,13,-1,
13,15,13,-1,
6,13,13,-1,
6,6,13,-1,
13,6,13,-1,
15,13,13,-1,
6,6,4,-1,
4,6,4,-1,
0,4,4,-1,
0,0,2,-1,
2,0,2,-1,
6,2,2,-1,
7,7,7,-1,
7,7,7,-1,
7,7,7,-1,
0,0,1,-1,
1,0,1,-1,
5,1,1,-1,
5,5,3,-1,
3,5,3,-1,
0,3,3,-1,
5,5,12,-1,
12,5,12,-1,
14,12,12,-1,
14,14,12,-1,
12,14,12,-1,
5,12,12,-1,
14,14,15,-1,
15,14,15,-1,
15,15,13,-1,
13,15,13,-1,
6,13,13,-1,
6,6,13,-1,
13,6,13,-1,
15,13,13,-1,
6,6,4,-1,
4,6,4,-1,
0,4,4,-1,
0,0,2,-1,
2,0,2,-1,
6,2,2,-1,
7,7,7,-1,
7,7,7,-1,
7,7,7,-1,
0,0,1,-1,
1,0,1,-1,
5,1,1,-1,
5,5,3,-1,
3,5,3,-1,
0,3,3,-1,
5,5,12,-1,
12,5,12,-1,
14,12,12,-1,
14,14,12,-1,
12,14,12,-1,
5,12,12,-1,
14,14,15,-1,
15,14,15,-1,
15,15,13,-1,
13,15,13,-1,
6,13,13,-1,
6,6,13,-1,
13,6,13,-1,
15,13,13,-1,
6,6,4,-1,
4,6,4,-1,
0,4,4,-1,
0,0,2,-1,
2,0,2,-1,
6,2,2,-1,
7,7,7,-1,
7,7,7,-1,
7,7,7,-1,
0,0,1,-1,
1,0,1,-1,
5,1,1,-1,
5,5,3,-1,
3,5,3,-1,
0,3,3,-1,
5,5,12,-1,
12,5,12,-1,
14,12,12,-1,
14,14,12,-1,
12,14,12,-1,
5,12,12,-1,
14,14,15,-1,
15,14,15,-1,
15,15,13,-1,
13,15,13,-1,
6,13,13,-1,
6,6,13,-1,
13,6,13,-1,
15,13,13,-1,
6,6,4,-1,
4,6,4,-1,
0,4,4,-1,
0,0,2,-1,
2,0,2,-1,
6,2,2,-1,
7,7,7,-1,
7,7,7,-1,
7,7,7,-1,
0,0,1,-1,
1,0,1,-1,
5,1,1,-1,
5,5,3,-1,
3,5,3,-1,
0,3,3,-1,
5,5,12,-1,
12,5,12,-1,
14,12,12,-1,
14,14,12,-1,
12,14,12,-1,
5,12,12,-1,
14,14,15,-1,
15,14,15,-1,
15,15,13,-1,
13,15,13,-1,
6,13,13,-1,
6,6,13,-1,
13,6,13,-1,
15,13,13,-1,
6,6,4,-1,
4,6,4,-1,
0,4,4,-1,
0,0,2,-1,
2,0,2,-1,
6,2,2,-1,
9,9,9,-1,
9,9,9,-1,
9,9,9,-1,
9,9,9,-1,
9,9,9,-1,
11,11,11,-1,
11,11,11,-1
]
texCoordIndex [
125,127,126,-1,
126,127,128,-1,
162,161,165,-1,
165,161,187,-1,
188,182,187,-1,
187,182,177,-1,
187,177,165,-1,
165,177,167,-1,
165,167,166,-1,
16,4,7,-1,
7,4,3,-1,
7,3,22,-1,
22,3,21,-1,
22,21,40,-1,
40,21,45,-1,
40,45,33,-1,
33,45,46,-1,
33,46,23,-1,
23,46,24,-1,
23,24,16,-1,
16,24,4,-1,
47,34,41,-1,
34,47,26,-1,
26,47,27,-1,
26,27,17,-1,
17,27,5,-1,
17,5,8,-1,
8,5,4,-1,
8,4,25,-1,
25,4,24,-1,
25,24,41,-1,
41,24,46,-1,
41,46,47,-1,
48,35,42,-1,
35,48,29,-1,
29,48,30,-1,
29,30,18,-1,
18,30,6,-1,
18,6,9,-1,
9,6,5,-1,
9,5,28,-1,
28,5,27,-1,
28,27,42,-1,
42,27,47,-1,
42,47,48,-1,
87,80,79,-1,
79,80,74,-1,
79,74,47,-1,
74,62,47,-1,
47,62,51,-1,
47,51,48,-1,
48,51,59,-1,
48,59,80,-1,
80,59,67,-1,
80,67,74,-1,
73,78,79,-1,
78,73,46,-1,
73,61,46,-1,
46,61,50,-1,
46,50,47,-1,
47,50,58,-1,
47,58,79,-1,
79,58,66,-1,
79,66,73,-1,
65,72,77,-1,
77,72,60,-1,
77,60,45,-1,
45,60,49,-1,
45,49,46,-1,
46,49,57,-1,
46,57,78,-1,
78,57,65,-1,
78,65,77,-1,
87,79,86,-1,
86,79,78,-1,
86,78,85,-1,
85,78,77,-1,
85,77,84,-1,
3,2,21,-1,
21,2,20,-1,
21,20,45,-1,
45,20,44,-1,
45,44,77,-1,
77,44,76,-1,
77,76,84,-1,
84,76,83,-1,
0,88,81,-1,
81,88,89,-1,
82,75,81,-1,
81,75,43,-1,
81,43,0,-1,
0,43,19,-1,
0,19,1,-1,
189,190,163,-1,
163,190,164,-1,
147,148,127,-1,
127,148,152,-1,
127,152,128,-1,
128,152,156,-1,
128,156,160,-1,
74,67,62,-1,
62,67,59,-1,
62,59,51,-1,
171,172,168,-1,
168,172,169,-1,
136,135,146,-1,
158,136,157,-1,
157,136,146,-1,
172,170,169,-1,
136,158,137,-1,
137,158,143,-1,
63,68,69,-1,
64,63,71,-1,
71,63,70,-1,
158,159,140,-1,
63,64,55,-1,
55,64,56,-1,
55,56,52,-1,
52,56,53,-1,
123,124,109,-1,
103,123,104,-1,
104,123,109,-1,
56,54,53,-1,
123,103,122,-1,
122,103,112,-1,
171,175,176,-1,
172,171,174,-1,
174,171,173,-1,
103,102,115,-1,
16,7,33,-1,
33,7,22,-1,
33,22,40,-1,
181,182,178,-1,
178,182,179,-1,
130,129,144,-1,
150,130,149,-1,
149,130,144,-1,
182,180,179,-1,
130,150,131,-1,
131,150,141,-1,
31,36,38,-1,
32,31,39,-1,
39,31,37,-1,
150,151,138,-1,
31,32,14,-1,
14,32,15,-1,
14,15,12,-1,
12,15,13,-1,
117,118,106,-1,
95,117,96,-1,
96,117,107,-1,
15,11,10,-1,
117,95,116,-1,
116,95,110,-1,
181,185,186,-1,
182,181,184,-1,
184,181,183,-1,
95,94,113,-1,
17,8,34,-1,
34,8,25,-1,
34,25,41,-1,
181,182,178,-1,
178,182,179,-1,
133,132,145,-1,
154,133,153,-1,
153,133,145,-1,
182,180,179,-1,
133,154,134,-1,
134,154,142,-1,
31,36,38,-1,
32,31,39,-1,
39,31,37,-1,
154,155,139,-1,
31,32,14,-1,
14,32,15,-1,
14,15,12,-1,
12,15,13,-1,
120,121,108,-1,
99,120,100,-1,
100,120,108,-1,
15,11,10,-1,
120,99,119,-1,
119,99,111,-1,
181,185,186,-1,
182,181,184,-1,
184,181,183,-1,
99,98,114,-1,
42,35,28,-1,
28,35,18,-1,
28,18,9,-1,
181,182,178,-1,
178,182,179,-1,
136,135,146,-1,
158,136,157,-1,
157,136,146,-1,
182,180,179,-1,
136,158,137,-1,
137,158,143,-1,
31,36,38,-1,
32,31,39,-1,
39,31,37,-1,
158,159,140,-1,
31,32,14,-1,
14,32,15,-1,
14,15,12,-1,
12,15,13,-1,
123,124,109,-1,
103,123,104,-1,
104,123,109,-1,
15,11,10,-1,
123,103,122,-1,
122,103,112,-1,
181,185,186,-1,
182,181,184,-1,
184,181,183,-1,
103,102,115,-1,
57,49,65,-1,
65,49,60,-1,
65,60,72,-1,
171,172,168,-1,
168,172,169,-1,
130,129,144,-1,
150,130,149,-1,
149,130,144,-1,
172,170,169,-1,
130,150,131,-1,
131,150,141,-1,
63,68,69,-1,
64,63,71,-1,
71,63,70,-1,
150,151,138,-1,
63,64,55,-1,
55,64,56,-1,
55,56,52,-1,
52,56,53,-1,
117,118,106,-1,
95,117,96,-1,
96,117,107,-1,
56,54,53,-1,
117,95,116,-1,
116,95,110,-1,
171,175,176,-1,
172,171,174,-1,
174,171,173,-1,
95,94,113,-1,
58,50,66,-1,
66,50,61,-1,
66,61,73,-1,
171,172,168,-1,
168,172,169,-1,
133,132,145,-1,
154,133,153,-1,
153,133,145,-1,
172,170,169,-1,
133,154,134,-1,
134,154,142,-1,
63,68,69,-1,
64,63,71,-1,
71,63,70,-1,
154,155,139,-1,
63,64,55,-1,
55,64,56,-1,
55,56,52,-1,
52,56,53,-1,
120,121,108,-1,
99,120,100,-1,
100,120,108,-1,
56,54,53,-1,
120,99,119,-1,
119,99,111,-1,
171,175,176,-1,
172,171,174,-1,
174,171,173,-1,
99,98,114,-1,
105,101,126,-1,
126,101,97,-1,
126,97,125,-1,
125,97,93,-1,
125,93,92,-1,
83,90,87,-1,
87,90,91,-1
]
}
}
Shape {
appearance Appearance {
material Material {
ambientIntensity 0
diffuseColor 1 1 1
specularColor 0 0 0
shininess 0
transparency 0
}
texture USE MDF
}
geometry IndexedFaceSet {
normalPerVertex TRUE
solid TRUE
convex TRUE
coord Coordinate { point [
-1.1289999 0.93400013 1.128,
-1.1289999 1.0140001 1.128,
-1.1289999 1.0140001 1.125,
-1.1289999 0.93400013 1.109,
-1.1289999 0.99800003 1.109,
-0.19199999 0.93400013 1.128,
-0.19199999 1.0140001 1.128,
-0.19199999 1.0140001 1.125,
-0.19199999 0.93400013 1.109,
-0.19199999 0.99800003 1.109
] }
normal Normal { vector [
-1 0 0,
0 -1 0,
0 0 1,
0 0 -1,
0 0.707107 -0.707107,
0 1 0,
1 0 0
] }
texCoord TextureCoordinate { point [
-19.74 0,
-19.74 0.319999,
-19.74 0.38,
-19.74 0.679998,
-19.74 2.28,
-1 0,
-1 0.319999,
-1 0.38,
-1 0.679998,
-1 2.28,
-0.38 0.679998,
-0.38 2.28,
-0.319999 0.679998,
0 0.999999,
0 2.28,
0.319999 0.679998,
0.38 0.679998,
0.38 2.28,
1 0,
1 0.38,
1 0.999999,
1 2.28,
19.74 0,
19.74 0.38,
19.74 0.999999,
19.74 2.28
] }
coordIndex [
2,1,7,-1,
7,1,6,-1,
1,0,6,-1,
6,0,5,-1,
0,3,5,-1,
5,3,8,-1,
3,4,8,-1,
8,4,9,-1,
4,2,9,-1,
9,2,7,-1,
1,2,0,-1,
0,2,4,-1,
0,4,3,-1,
7,6,9,-1,
9,6,5,-1,
9,5,8,-1
]
normalIndex [
5,5,5,-1,
5,5,5,-1,
2,2,2,-1,
2,2,2,-1,
1,1,1,-1,
1,1,1,-1,
3,3,3,-1,
3,3,3,-1,
4,4,4,-1,
4,4,4,-1,
0,0,0,-1,
0,0,0,-1,
0,0,0,-1,
6,6,6,-1,
6,6,6,-1,
6,6,6,-1
]
texCoordIndex [
6,7,1,-1,
1,7,2,-1,
8,9,3,-1,
3,9,4,-1,
19,18,23,-1,
23,18,22,-1,
21,20,25,-1,
25,20,24,-1,
5,6,0,-1,
0,6,1,-1,
10,12,11,-1,
11,12,13,-1,
11,13,14,-1,
15,16,13,-1,
13,16,17,-1,
13,17,14,-1
]
}
}
Shape {
appearance Appearance {
material Material {
ambientIntensity 0
diffuseColor 1 1 1
specularColor 0 0 0
shininess 0
transparency 0
}
texture USE MELA_H3450_ST22
}
geometry IndexedFaceSet {
normalPerVertex TRUE
solid TRUE
convex TRUE
coord Coordinate { point [
-0.19199999 -1.326 1.1470001,
-0.19199999 1.341 1.1470001,
-0.19199999 -1.326 1.14,
-0.19199999 1.341 1.14,
-0.127 -1.326 1.14,
-0.127 1.341 1.14,
-0.127 -1.326 1.128,
-0.127 1.341 1.128,
-0.022809021 -1.1695877 1.133,
-0.022809021 -1.1684122 1.133,
-0.022809021 -0.38058776 1.133,
-0.022809021 -0.37941217 1.133,
-0.022809021 0.40841222 1.133,
-0.022809021 0.40958786 1.133,
-0.022809021 1.1974124 1.133,
-0.022809021 1.1985878 1.133,
-0.022809021 -1.1695877 1.128,
-0.022809021 -1.1684122 1.128,
-0.022809021 -0.38058776 1.128,
-0.022809021 -0.37941217 1.128,
-0.022809021 0.40841222 1.128,
-0.022809021 0.40958786 1.128,
-0.022809021 1.1974124 1.128,
-0.022809021 1.1985878 1.128,
-0.022642031 -1.169642 1.133,
-0.022642031 -1.1683578 1.133,
-0.022642031 -0.380642 1.133,
-0.022642031 -0.37935787 1.133,
-0.022642031 0.40835798 1.133,
-0.022642031 0.40964234 1.133,
-0.022642031 1.197358 1.133,
-0.022642031 1.1986421 1.133,
-0.022642031 -1.169642 1.1322533,
-0.022642031 -0.380642 1.1322533,
-0.022642031 0.40835798 1.1322533,
-0.022642031 1.197358 1.1322533,
-0.022642031 -1.1683578 1.1287467,
-0.022642031 -0.37935787 1.1287467,
-0.022642031 0.40964234 1.1287467,
-0.022642031 1.1986421 1.1287467,
-0.022642031 -1.169642 1.128,
-0.022642031 -1.1683578 1.128,
-0.022642031 -0.380642 1.128,
-0.022642031 -0.37935787 1.128,
-0.022642031 0.40835798 1.128,
-0.022642031 0.40964234 1.128,
-0.022642031 1.197358 1.128,
-0.022642031 1.1986421 1.128,
-0.021690987 -1.169951 1.133,
-0.021690987 -1.1680489 1.133,
-0.021690987 -0.38095105 1.133,
-0.021690987 -0.37904888 1.133,
-0.021690987 0.40804899 1.133,
-0.021690987 0.40995109 1.133,
-0.021690987 1.197049 1.133,
-0.021690987 1.1989511 1.133,
-0.021690987 -1.169951 1.128,
-0.021690987 -1.1680489 1.128,
-0.021690987 -0.38095105 1.128,
-0.021690987 -0.37904888 1.128,
-0.021690987 0.40804899 1.128,
-0.021690987 0.40995109 1.128,
-0.021690987 1.197049 1.128,
-0.021690987 1.1989511 1.128,
-0.021420792 -1.169579 1.133,
-0.021420792 -1.1684208 1.133,
-0.021420792 -0.38057917 1.133,
-0.021420792 -0.3794207 1.133,
-0.021420792 0.40842092 1.133,
-0.021420792 0.40957916 1.133,
-0.021420792 1.197421 1.133,
-0.021420792 1.1985792 1.133,
-0.021420792 -1.1695791 1.131045,
-0.021420792 -1.169579 1.131045,
-0.021420792 -0.38057917 1.131045,
-0.021420792 0.40842092 1.131045,
-0.021420792 1.197421 1.131045,
-0.021420792 -1.1684208 1.1299551,
-0.021420792 -0.3794207 1.1299551,
-0.021420792 0.40957916 1.1299551,
-0.021420792 1.1985792 1.1299551,
-0.021420792 -1.1695791 1.128,
-0.021420792 -1.1684208 1.128,
-0.021420792 -0.38057917 1.128,
-0.021420792 -0.3794207 1.128,
-0.021420792 0.40842092 1.128,
-0.021420792 0.40957916 1.128,
-0.021420792 1.197421 1.128,
-0.021420792 1.1985792 1.128,
-0.020999998 -1.1689999 1.133,
-0.020999998 -0.37999994 1.133,
-0.020999998 0.40900004 1.133,
-0.020999998 1.1980001 1.133,
-0.020999998 -1.1689999 1.128,
-0.020999998 -0.37999994 1.128,
-0.020999998 0.40900004 1.128,
-0.020999998 1.1980001 1.128,
0.1735 -1.326 1.14,
0.1735 1.341 1.14,
0.1735 -1.326 1.128,
0.1735 1.341 1.128,
0.32349998 -1.326 1.1470001,
0.32349998 1.341 1.1470001,
0.32349998 -1.326 1.14,
0.32349998 1.341 1.14
] }
normal Normal { vector [
-1 0 0,
-0.707107 0.707107 0,
-0.707107 -0.707107 0,
-0.707107 0.707107 0,
-0.707107 -0.707107 0,
-0.309017 0.951057 0,
-0.309017 -0.951057 0,
0 0 -1,
0 0 1,
0 -1 0,
0 1 0,
0 0 -1,
0.707107 0.707107 0,
0.707107 -0.707107 0,
0.809017 0.587785 0,
0.809017 -0.587785 0,
1 0 0
] }
texCoord TextureCoordinate { point [
-4.96925 0,
-4.96925 0.0224362,
-4.96925 0.060898,
-4.96925 1,
-4.96925 1.48077,
-4.96925 2.44392,
-4.96925 2.65226,
-4.75784 2.10639,
-4.75738 0.0448722,
-4.75738 0.0585046,
-4.75738 0.060898,
-4.7573 0.0448722,
-4.7573 0.060898,
-4.7573 2.10998,
-4.75643 2.10418,
-4.75555 0.0448722,
-4.75555 0.060898,
-4.75555 2.10998,
-4.75547 0.0448722,
-4.75547 0.0472657,
-4.75547 0.0472657,
-4.75547 0.060898,
-4.75501 2.10639,
-3.58359 2.10639,
-3.58313 0.0448722,
-3.58313 0.0585046,
-3.58313 0.060898,
-3.58305 0.0448722,
-3.58305 0.060898,
-3.58305 2.10998,
-3.58217 2.10418,
-3.5813 0.0448722,
-3.5813 0.060898,
-3.5813 2.10998,
-3.58122 0.0448722,
-3.58122 0.0472657,
-3.58122 0.0472657,
-3.58122 0.060898,
-3.58076 2.10639,
-2.40933 2.10639,
-2.40887 0.0448722,
-2.40887 0.0585046,
-2.40887 0.060898,
-2.40879 0.0448722,
-2.40879 0.060898,
-2.40879 2.10998,
-2.40792 2.10418,
-2.40704 0.0448722,
-2.40704 0.060898,
-2.40704 2.10998,
-2.40696 0.0448722,
-2.40696 0.0472657,
-2.40696 0.0472657,
-2.40696 0.060898,
-2.4065 2.10639,
-1.23508 2.10639,
-1.23462 0.0448722,
-1.23462 0.0585046,
-1.23462 0.060898,
-1.23454 0.0448722,
-1.23454 0.060898,
-1.23454 2.10998,
-1.23366 2.10418,
-1.23279 0.0448722,
-1.23279 0.060898,
-1.23279 2.10998,
-1.2327 0.0448722,
-1.2327 0.0472657,
-1.2327 0.0472657,
-1.2327 0.060898,
-1.23225 2.10639,
-1 0,
-1 0.0224362,
-1 0.060898,
-1 1,
-1 1.48077,
-1 2.44392,
-1 2.65226,
-0.0282774 1.48077,
-0.0282774 2.10553,
-0.0282774 2.10639,
-0.0282774 2.10944,
-0.0282774 2.44392,
-0.027166 2.10944,
-0.0253678 2.10553,
-0.0253678 2.10553,
-0.020836 2.10553,
-0.020836 2.10639,
-0.020836 2.10944,
-0.010418 1,
-0.010418 1.48077,
-0.010418 2.44392,
-0.010418 2.65226,
0 1,
0 2.65226,
0.010418 1,
0.010418 1.48077,
0.010418 2.44392,
0.010418 2.65226,
0.020836 2.10553,
0.020836 2.10639,
0.020836 2.10944,
0.0219473 2.10944,
0.0219473 2.10944,
0.0237456 2.10553,
0.0282774 1.48077,
0.0282774 2.10553,
0.0282774 2.10639,
0.0282774 2.10944,
0.0282774 2.44392,
1 0,
1 0.0224362,
1 0.060898,
1 1,
1 2.65226,
1.2328 0.0511383,
1.2328 0.060898,
1.2328 0.0448722,
1.2328 0.0511383,
1.23366 0.0448722,
1.23366 0.060898,
1.23452 0.0448722,
1.23452 0.0546319,
1.23452 0.0546319,
1.23452 0.060898,
2.40705 0.0448722,
2.40705 0.0511383,
2.40705 0.060898,
2.40792 0.0448722,
2.40792 0.060898,
2.40878 0.0448722,
2.40878 0.0546319,
2.40878 0.0546319,
2.40878 0.060898,
3.58131 0.0448722,
3.58131 0.0511383,
3.58131 0.060898,
3.58217 0.0448722,
3.58217 0.060898,
3.58303 0.0448722,
3.58303 0.0546319,
3.58303 0.0546319,
3.58303 0.060898,
4.75557 0.0448722,
4.75557 0.0511383,
4.75557 0.060898,
4.75643 0.0448722,
4.75643 0.060898,
4.75729 0.0448722,
4.75729 0.0546319,
4.75729 0.0546319,
4.75729 0.060898,
4.96925 0,
4.96925 0.0224362,
4.96925 0.060898,
4.96925 1,
4.96925 2.65226
] }
coordIndex [
101,0,4,-1,
4,0,2,-1,
103,101,97,-1,
97,101,4,-1,
97,4,99,-1,
99,4,6,-1,
5,3,1,-1,
102,104,98,-1,
100,7,98,-1,
98,7,5,-1,
98,5,102,-1,
102,5,1,-1,
95,61,22,-1,
17,16,6,-1,
57,100,93,-1,
93,100,99,-1,
6,16,99,-1,
99,16,56,-1,
99,56,93,-1,
22,61,7,-1,
7,61,21,-1,
7,21,20,-1,
7,19,18,-1,
6,7,17,-1,
17,7,18,-1,
17,18,57,-1,
18,58,57,-1,
57,58,94,-1,
57,94,100,-1,
100,94,95,-1,
19,7,59,-1,
59,7,20,-1,
59,20,94,-1,
94,20,60,-1,
94,60,95,-1,
22,62,95,-1,
95,62,96,-1,
95,96,100,-1,
100,96,63,-1,
100,63,7,-1,
7,63,23,-1,
7,23,22,-1,
104,102,103,-1,
103,102,101,-1,
2,0,3,-1,
3,0,1,-1,
102,1,101,-1,
101,1,0,-1,
15,55,14,-1,
14,55,92,-1,
14,92,54,-1,
92,96,70,-1,
70,96,76,-1,
54,70,76,-1,
62,54,87,-1,
87,54,76,-1,
96,87,76,-1,
54,62,30,-1,
30,62,35,-1,
14,30,35,-1,
22,14,46,-1,
46,14,35,-1,
62,46,35,-1,
14,22,15,-1,
15,22,23,-1,
15,23,31,-1,
31,23,39,-1,
55,31,39,-1,
63,55,47,-1,
47,55,39,-1,
23,47,39,-1,
55,63,71,-1,
71,63,80,-1,
92,71,80,-1,
96,92,88,-1,
88,92,80,-1,
63,88,80,-1,
53,91,13,-1,
13,91,52,-1,
13,52,12,-1,
91,95,68,-1,
68,95,75,-1,
52,68,75,-1,
60,52,85,-1,
85,52,75,-1,
95,85,75,-1,
52,60,28,-1,
28,60,34,-1,
12,28,34,-1,
20,12,44,-1,
44,12,34,-1,
60,44,34,-1,
12,20,13,-1,
13,20,21,-1,
13,21,29,-1,
29,21,38,-1,
53,29,38,-1,
61,53,45,-1,
45,53,38,-1,
21,45,38,-1,
53,61,69,-1,
69,61,79,-1,
91,69,79,-1,
95,91,86,-1,
86,91,79,-1,
61,86,79,-1,
11,51,10,-1,
10,51,90,-1,
10,90,50,-1,
90,94,66,-1,
66,94,74,-1,
50,66,74,-1,
58,50,83,-1,
83,50,74,-1,
94,83,74,-1,
50,58,26,-1,
26,58,33,-1,
10,26,33,-1,
18,10,42,-1,
42,10,33,-1,
58,42,33,-1,
10,18,11,-1,
11,18,19,-1,
11,19,27,-1,
27,19,37,-1,
51,27,37,-1,
59,51,43,-1,
43,51,37,-1,
19,43,37,-1,
51,59,67,-1,
67,59,78,-1,
90,67,78,-1,
94,90,84,-1,
84,90,78,-1,
59,84,78,-1,
9,49,8,-1,
8,49,89,-1,
8,89,48,-1,
89,93,64,-1,
64,93,73,-1,
48,64,73,-1,
56,48,81,-1,
81,48,72,-1,
93,81,72,-1,
48,56,24,-1,
24,56,32,-1,
8,24,32,-1,
16,8,40,-1,
40,8,32,-1,
56,40,32,-1,
8,16,9,-1,
9,16,17,-1,
9,17,25,-1,
25,17,36,-1,
49,25,36,-1,
57,49,41,-1,
41,49,36,-1,
17,41,36,-1,
49,57,65,-1,
65,57,77,-1,
89,65,77,-1,
93,89,82,-1,
82,89,77,-1,
57,82,77,-1,
7,6,5,-1,
5,6,4,-1,
4,2,5,-1,
5,2,3,-1,
98,97,100,-1,
100,97,99,-1,
98,104,97,-1,
97,104,103,-1
]
normalIndex [
9,9,9,-1,
9,9,9,-1,
9,9,9,-1,
9,9,9,-1,
9,9,9,-1,
9,9,9,-1,
10,10,10,-1,
10,10,10,-1,
10,10,10,-1,
10,10,10,-1,
10,10,10,-1,
10,10,10,-1,
11,11,11,-1,
11,11,11,-1,
11,11,11,-1,
11,11,11,-1,
11,11,11,-1,
11,11,11,-1,
11,11,11,-1,
11,11,11,-1,
11,11,11,-1,
11,11,11,-1,
11,11,11,-1,
11,11,11,-1,
11,11,11,-1,
11,11,11,-1,
11,11,11,-1,
11,11,11,-1,
11,11,11,-1,
11,11,11,-1,
11,11,11,-1,
11,11,11,-1,
11,11,11,-1,
11,11,11,-1,
11,11,11,-1,
11,11,11,-1,
11,11,11,-1,
11,11,11,-1,
11,11,11,-1,
11,11,11,-1,
11,11,11,-1,
11,11,11,-1,
16,16,16,-1,
16,16,16,-1,
0,0,0,-1,
0,0,0,-1,
8,8,8,-1,
8,8,8,-1,
7,7,7,-1,
7,7,7,-1,
7,7,7,-1,
0,0,1,-1,
1,0,1,-1,
5,1,1,-1,
5,5,3,-1,
3,5,3,-1,
0,3,3,-1,
5,5,12,-1,
12,5,12,-1,
14,12,12,-1,
14,14,12,-1,
12,14,12,-1,
5,12,12,-1,
14,14,15,-1,
15,14,15,-1,
15,15,13,-1,
13,15,13,-1,
6,13,13,-1,
6,6,13,-1,
13,6,13,-1,
15,13,13,-1,
6,6,4,-1,
4,6,4,-1,
0,4,4,-1,
0,0,2,-1,
2,0,2,-1,
6,2,2,-1,
7,7,7,-1,
7,7,7,-1,
7,7,7,-1,
0,0,1,-1,
1,0,1,-1,
5,1,1,-1,
5,5,3,-1,
3,5,3,-1,
0,3,3,-1,
5,5,12,-1,
12,5,12,-1,
14,12,12,-1,
14,14,12,-1,
12,14,12,-1,
5,12,12,-1,
14,14,15,-1,
15,14,15,-1,
15,15,13,-1,
13,15,13,-1,
6,13,13,-1,
6,6,13,-1,
13,6,13,-1,
15,13,13,-1,
6,6,4,-1,
4,6,4,-1,
0,4,4,-1,
0,0,2,-1,
2,0,2,-1,
6,2,2,-1,
7,7,7,-1,
7,7,7,-1,
7,7,7,-1,
0,0,1,-1,
1,0,1,-1,
5,1,1,-1,
5,5,3,-1,
3,5,3,-1,
0,3,3,-1,
5,5,12,-1,
12,5,12,-1,
14,12,12,-1,
14,14,12,-1,
12,14,12,-1,
5,12,12,-1,
14,14,15,-1,
15,14,15,-1,
15,15,13,-1,
13,15,13,-1,
6,13,13,-1,
6,6,13,-1,
13,6,13,-1,
15,13,13,-1,
6,6,4,-1,
4,6,4,-1,
0,4,4,-1,
0,0,2,-1,
2,0,2,-1,
6,2,2,-1,
7,7,7,-1,
7,7,7,-1,
7,7,7,-1,
0,0,1,-1,
1,0,1,-1,
5,1,1,-1,
5,5,3,-1,
3,5,3,-1,
0,3,3,-1,
5,5,12,-1,
12,5,12,-1,
14,12,12,-1,
14,14,12,-1,
12,14,12,-1,
5,12,12,-1,
14,14,15,-1,
15,14,15,-1,
15,15,13,-1,
13,15,13,-1,
6,13,13,-1,
6,6,13,-1,
13,6,13,-1,
15,13,13,-1,
6,6,4,-1,
4,6,4,-1,
0,4,4,-1,
0,0,2,-1,
2,0,2,-1,
6,2,2,-1,
0,0,0,-1,
0,0,0,-1,
11,11,11,-1,
11,11,11,-1,
16,16,16,-1,
16,16,16,-1,
7,7,7,-1,
7,7,7,-1
]
texCoordIndex [
93,94,91,-1,
91,94,92,-1,
89,93,90,-1,
90,93,91,-1,
90,91,78,-1,
78,91,82,-1,
97,98,94,-1,
93,95,96,-1,
105,109,96,-1,
96,109,97,-1,
96,97,93,-1,
93,97,94,-1,
30,23,17,-1,
61,65,76,-1,
55,4,62,-1,
62,4,75,-1,
76,65,75,-1,
75,65,70,-1,
75,70,62,-1,
17,23,5,-1,
5,23,29,-1,
5,29,33,-1,
5,45,49,-1,
76,5,61,-1,
61,5,49,-1,
61,49,55,-1,
49,54,55,-1,
55,54,46,-1,
55,46,4,-1,
4,46,30,-1,
45,5,39,-1,
39,5,33,-1,
39,33,46,-1,
46,33,38,-1,
46,38,30,-1,
17,22,30,-1,
30,22,14,-1,
30,14,4,-1,
4,14,7,-1,
4,7,5,-1,
5,7,13,-1,
5,13,17,-1,
1,0,72,-1,
72,0,71,-1,
111,110,153,-1,
153,110,152,-1,
155,156,113,-1,
113,156,114,-1,
13,7,17,-1,
17,7,14,-1,
17,14,22,-1,
146,147,143,-1,
143,147,144,-1,
100,99,104,-1,
107,100,106,-1,
106,100,104,-1,
147,145,144,-1,
100,107,101,-1,
101,107,103,-1,
15,18,20,-1,
16,15,21,-1,
21,15,19,-1,
107,108,102,-1,
15,16,11,-1,
11,16,12,-1,
11,12,8,-1,
8,12,9,-1,
87,88,83,-1,
80,87,81,-1,
81,87,83,-1,
12,10,9,-1,
87,80,86,-1,
86,80,84,-1,
146,148,150,-1,
147,146,151,-1,
151,146,149,-1,
80,79,85,-1,
23,30,29,-1,
29,30,38,-1,
29,38,33,-1,
137,138,134,-1,
134,138,135,-1,
100,99,104,-1,
107,100,106,-1,
106,100,104,-1,
138,136,135,-1,
100,107,101,-1,
101,107,103,-1,
31,34,36,-1,
32,31,37,-1,
37,31,35,-1,
107,108,102,-1,
31,32,27,-1,
27,32,28,-1,
27,28,24,-1,
24,28,25,-1,
87,88,83,-1,
80,87,81,-1,
81,87,83,-1,
28,26,25,-1,
87,80,86,-1,
86,80,84,-1,
137,139,141,-1,
138,137,142,-1,
142,137,140,-1,
80,79,85,-1,
45,39,49,-1,
49,39,46,-1,
49,46,54,-1,
128,129,125,-1,
125,129,126,-1,
100,99,104,-1,
107,100,106,-1,
106,100,104,-1,
129,127,126,-1,
100,107,101,-1,
101,107,103,-1,
47,50,52,-1,
48,47,53,-1,
53,47,51,-1,
107,108,102,-1,
47,48,43,-1,
43,48,44,-1,
43,44,40,-1,
40,44,41,-1,
87,88,83,-1,
80,87,81,-1,
81,87,83,-1,
44,42,41,-1,
87,80,86,-1,
86,80,84,-1,
128,130,132,-1,
129,128,133,-1,
133,128,131,-1,
80,79,85,-1,
61,55,65,-1,
65,55,62,-1,
65,62,70,-1,
119,120,117,-1,
117,120,118,-1,
100,99,104,-1,
107,100,106,-1,
106,100,104,-1,
120,116,115,-1,
100,107,101,-1,
101,107,103,-1,
63,66,68,-1,
64,63,69,-1,
69,63,67,-1,
107,108,102,-1,
63,64,59,-1,
59,64,60,-1,
59,60,56,-1,
56,60,57,-1,
87,88,83,-1,
80,87,81,-1,
81,87,83,-1,
60,58,57,-1,
87,80,86,-1,
86,80,84,-1,
119,121,123,-1,
120,119,124,-1,
124,119,122,-1,
80,79,85,-1,
154,112,153,-1,
153,112,111,-1,
76,77,5,-1,
5,77,6,-1,
1,72,2,-1,
2,72,73,-1,
4,3,75,-1,
75,3,74,-1
]
}
}
Shape {
appearance Appearance {
material Material {
ambientIntensity 0
diffuseColor 1 1 1
specularColor 0 0 0
shininess 0
transparency 0
}
texture USE MDF
}
geometry IndexedFaceSet {
normalPerVertex TRUE
solid TRUE
convex TRUE
coord Coordinate { point [
-0.12200001 -1.276 1.128,
-0.12200001 -1.196 1.128,
-0.12200001 -1.196 1.125,
-0.12200001 -1.276 1.109,
-0.12200001 -1.212 1.109,
0.175 -1.276 1.128,
0.175 -1.196 1.128,
0.175 -1.196 1.125,
0.175 -1.276 1.109,
0.175 -1.212 1.109
] }
normal Normal { vector [
-1 0 0,
0 -1 0,
0 0 1,
0 0 -1,
0 0.707107 -0.707107,
0 1 0,
1 0 0
] }
texCoord TextureCoordinate { point [
-6.94 0,
-6.94 0.319999,
-6.94 0.38,
-6.94 0.68,
-6.94 2.28,
-1 0,
-1 0.319999,
-1 0.38,
-1 0.68,
-1 2.28,
-0.38 0.68,
-0.38 2.28,
-0.319999 0.68,
0 1,
0 2.28,
0.319999 0.68,
0.38 0.68,
0.38 2.28,
1 0,
1 0.38,
1 1,
1 2.28,
6.94 0,
6.94 0.38,
6.94 1,
6.94 2.28
] }
coordIndex [
2,1,7,-1,
7,1,6,-1,
1,0,6,-1,
6,0,5,-1,
0,3,5,-1,
5,3,8,-1,
3,4,8,-1,
8,4,9,-1,
4,2,9,-1,
9,2,7,-1,
1,2,0,-1,
0,2,4,-1,
0,4,3,-1,
7,6,9,-1,
9,6,5,-1,
9,5,8,-1
]
normalIndex [
5,5,5,-1,
5,5,5,-1,
2,2,2,-1,
2,2,2,-1,
1,1,1,-1,
1,1,1,-1,
3,3,3,-1,
3,3,3,-1,
4,4,4,-1,
4,4,4,-1,
0,0,0,-1,
0,0,0,-1,
0,0,0,-1,
6,6,6,-1,
6,6,6,-1,
6,6,6,-1
]
texCoordIndex [
6,7,1,-1,
1,7,2,-1,
8,9,3,-1,
3,9,4,-1,
19,18,23,-1,
23,18,22,-1,
21,20,25,-1,
25,20,24,-1,
5,6,0,-1,
0,6,1,-1,
10,12,11,-1,
11,12,13,-1,
11,13,14,-1,
15,16,13,-1,
13,16,17,-1,
13,17,14,-1
]
}
}
Shape {
appearance Appearance {
material Material {
ambientIntensity 0
diffuseColor 1 1 1
specularColor 0 0 0
shininess 0
transparency 0
}
texture USE MDF
}
geometry IndexedFaceSet {
normalPerVertex TRUE
solid TRUE
convex TRUE
coord Coordinate { point [
-0.12200001 -0.48699999 1.128,
-0.12200001 -0.40699995 1.128,
-0.12200001 -0.40699995 1.125,
-0.12200001 -0.48699999 1.109,
-0.12200001 -0.42299998 1.109,
0.175 -0.48699999 1.128,
0.175 -0.40699995 1.128,
0.175 -0.40699995 1.125,
0.175 -0.48699999 1.109,
0.175 -0.42299998 1.109
] }
normal Normal { vector [
-1 0 0,
0 -1 0,
0 0 1,
0 0 -1,
0 0.707107 -0.707107,
0 1 0,
1 0 0
] }
texCoord TextureCoordinate { point [
-6.94 0,
-6.94 0.319999,
-6.94 0.38,
-6.94 0.68,
-6.94 2.28,
-1 0,
-1 0.319999,
-1 0.38,
-1 0.68,
-1 2.28,
-0.38 0.68,
-0.38 2.28,
-0.319999 0.68,
0 1,
0 2.28,
0.319999 0.68,
0.38 0.68,
0.38 2.28,
1 0,
1 0.38,
1 1,
1 2.28,
6.94 0,
6.94 0.38,
6.94 1,
6.94 2.28
] }
coordIndex [
2,1,7,-1,
7,1,6,-1,
1,0,6,-1,
6,0,5,-1,
0,3,5,-1,
5,3,8,-1,
3,4,8,-1,
8,4,9,-1,
4,2,9,-1,
9,2,7,-1,
1,2,0,-1,
0,2,4,-1,
0,4,3,-1,
7,6,9,-1,
9,6,5,-1,
9,5,8,-1
]
normalIndex [
5,5,5,-1,
5,5,5,-1,
2,2,2,-1,
2,2,2,-1,
1,1,1,-1,
1,1,1,-1,
3,3,3,-1,
3,3,3,-1,
4,4,4,-1,
4,4,4,-1,
0,0,0,-1,
0,0,0,-1,
0,0,0,-1,
6,6,6,-1,
6,6,6,-1,
6,6,6,-1
]
texCoordIndex [
6,7,1,-1,
1,7,2,-1,
8,9,3,-1,
3,9,4,-1,
19,18,23,-1,
23,18,22,-1,
21,20,25,-1,
25,20,24,-1,
5,6,0,-1,
0,6,1,-1,
10,12,11,-1,
11,12,13,-1,
11,13,14,-1,
15,16,13,-1,
13,16,17,-1,
13,17,14,-1
]
}
}
Shape {
appearance Appearance {
material Material {
ambientIntensity 0
diffuseColor 1 1 1
specularColor 0 0 0
shininess 0
transparency 0
}
texture USE MDF
}
geometry IndexedFaceSet {
normalPerVertex TRUE
solid TRUE
convex TRUE
coord Coordinate { point [
-0.12200001 0.30200005 1.128,
-0.12200001 0.38200009 1.128,
-0.12200001 0.38200009 1.125,
-0.12200001 0.30200005 1.109,
-0.12200001 0.36600006 1.109,
0.175 0.30200005 1.128,
0.175 0.38200009 1.128,
0.175 0.38200009 1.125,
0.175 0.30200005 1.109,
0.175 0.36600006 1.109
] }
normal Normal { vector [
-1 0 0,
0 -1 0,
0 0 1,
0 0 -1,
0 0.707107 -0.707107,
0 1 0,
1 0 0
] }
texCoord TextureCoordinate { point [
-6.94 0,
-6.94 0.319999,
-6.94 0.38,
-6.94 0.679998,
-6.94 2.28,
-1 0,
-1 0.319999,
-1 0.38,
-1 0.679998,
-1 2.28,
-0.38 0.679998,
-0.38 2.28,
-0.319999 0.679998,
0 0.999999,
0 2.28,
0.319999 0.679998,
0.38 0.679998,
0.38 2.28,
1 0,
1 0.38,
1 0.999999,
1 2.28,
6.94 0,
6.94 0.38,
6.94 0.999999,
6.94 2.28
] }
coordIndex [
2,1,7,-1,
7,1,6,-1,
1,0,6,-1,
6,0,5,-1,
0,3,5,-1,
5,3,8,-1,
3,4,8,-1,
8,4,9,-1,
4,2,9,-1,
9,2,7,-1,
1,2,0,-1,
0,2,4,-1,
0,4,3,-1,
7,6,9,-1,
9,6,5,-1,
9,5,8,-1
]
normalIndex [
5,5,5,-1,
5,5,5,-1,
2,2,2,-1,
2,2,2,-1,
1,1,1,-1,
1,1,1,-1,
3,3,3,-1,
3,3,3,-1,
4,4,4,-1,
4,4,4,-1,
0,0,0,-1,
0,0,0,-1,
0,0,0,-1,
6,6,6,-1,
6,6,6,-1,
6,6,6,-1
]
texCoordIndex [
6,7,1,-1,
1,7,2,-1,
8,9,3,-1,
3,9,4,-1,
19,18,23,-1,
23,18,22,-1,
21,20,25,-1,
25,20,24,-1,
5,6,0,-1,
0,6,1,-1,
10,12,11,-1,
11,12,13,-1,
11,13,14,-1,
15,16,13,-1,
13,16,17,-1,
13,17,14,-1
]
}
}
Shape {
appearance Appearance {
material Material {
ambientIntensity 0
diffuseColor 1 1 1
specularColor 0 0 0
shininess 0
transparency 0
}
texture USE MDF
}
geometry IndexedFaceSet {
normalPerVertex TRUE
solid TRUE
convex TRUE
coord Coordinate { point [
-0.12200001 1.091 1.128,
-0.12200001 1.1710001 1.128,
-0.12200001 1.1710001 1.125,
-0.12200001 1.091 1.109,
-0.12200001 1.1550001 1.109,
0.175 1.091 1.128,
0.175 1.1710001 1.128,
0.175 1.1710001 1.125,
0.175 1.091 1.109,
0.175 1.1550001 1.109
] }
normal Normal { vector [
-1 0 0,
0 -1 0,
0 0 1,
0 0 -1,
0 0.707107 -0.707107,
0 1 0,
1 0 0
] }
texCoord TextureCoordinate { point [
-6.94 0,
-6.94 0.319999,
-6.94 0.38,
-6.94 0.679998,
-6.94 2.28,
-1 0,
-1 0.319999,
-1 0.38,
-1 0.679998,
-1 2.28,
-0.38 0.679998,
-0.38 2.28,
-0.319999 0.679998,
0 0.999999,
0 2.28,
0.319999 0.679998,
0.38 0.679998,
0.38 2.28,
1 0,
1 0.38,
1 0.999999,
1 2.28,
6.94 0,
6.94 0.38,
6.94 0.999999,
6.94 2.28
] }
coordIndex [
2,1,7,-1,
7,1,6,-1,
1,0,6,-1,
6,0,5,-1,
0,3,5,-1,
5,3,8,-1,
3,4,8,-1,
8,4,9,-1,
4,2,9,-1,
9,2,7,-1,
1,2,0,-1,
0,2,4,-1,
0,4,3,-1,
7,6,9,-1,
9,6,5,-1,
9,5,8,-1
]
normalIndex [
5,5,5,-1,
5,5,5,-1,
2,2,2,-1,
2,2,2,-1,
1,1,1,-1,
1,1,1,-1,
3,3,3,-1,
3,3,3,-1,
4,4,4,-1,
4,4,4,-1,
0,0,0,-1,
0,0,0,-1,
0,0,0,-1,
6,6,6,-1,
6,6,6,-1,
6,6,6,-1
]
texCoordIndex [
6,7,1,-1,
1,7,2,-1,
8,9,3,-1,
3,9,4,-1,
19,18,23,-1,
23,18,22,-1,
21,20,25,-1,
25,20,24,-1,
5,6,0,-1,
0,6,1,-1,
10,12,11,-1,
11,12,13,-1,
11,13,14,-1,
15,16,13,-1,
13,16,17,-1,
13,17,14,-1
]
}
}
Shape {
appearance Appearance {
material Material {
ambientIntensity 0
diffuseColor 1 1 1
specularColor 0 0 0
shininess 0
transparency 0
}
texture USE MELA_H3450_ST22
}
geometry IndexedFaceSet {
normalPerVertex TRUE
solid TRUE
convex TRUE
coord Coordinate { point [
0.3265 0.69599998 1.1470001,
0.3265 1.341 1.1470001,
0.3265 0.69599998 1.14,
0.3265 0.84600008 1.14,
0.3265 0.84600008 1.128,
0.3265 0.89900005 1.128,
0.3265 1.0755001 1.128,
0.3265 1.1980001 1.128,
0.3265 1.341 1.128,
0.424191 0.95241225 1.133,
0.424191 0.95358789 1.133,
0.424191 1.1974124 1.133,
0.424191 1.1985878 1.133,
0.424191 0.95241225 1.128,
0.424191 0.95358789 1.128,
0.424191 1.1974124 1.128,
0.424191 1.1980001 1.128,
0.424191 1.1985878 1.128,
0.42435801 0.95235789 1.133,
0.42435801 0.95364201 1.133,
0.42435801 1.1973583 1.133,
0.42435801 1.1986419 1.133,
0.42435801 0.95235789 1.1322533,
0.42435801 1.1973583 1.1322533,
0.42435801 0.95364201 1.1287467,
0.42435801 1.1986419 1.1287467,
0.42435801 0.95235789 1.128,
0.42435801 0.95364201 1.128,
0.42435801 1.1973583 1.128,
0.42435801 1.1986419 1.128,
0.425309 0.9520489 1.133,
0.425309 0.953951 1.133,
0.425309 1.197049 1.133,
0.425309 1.1989511 1.133,
0.425309 0.9520489 1.128,
0.425309 0.953951 1.128,
0.425309 1.197049 1.128,
0.425309 1.1989511 1.128,
0.42557919 0.95242083 1.133,
0.42557919 0.95357907 1.133,
0.42557919 1.1974207 1.133,
0.42557919 1.1985794 1.133,
0.42557919 0.95242083 1.131045,
0.42557919 1.1974207 1.131045,
0.42557919 1.197421 1.131045,
0.42557919 0.95357907 1.1299551,
0.42557919 1.1985794 1.1299551,
0.42557919 0.95242083 1.128,
0.42557919 0.95357907 1.128,
0.42557919 1.197421 1.128,
0.42557919 1.1985794 1.128,
0.426 0.95299995 1.133,
0.426 1.1980001 1.133,
0.426 0.95299995 1.128,
0.426 1.1980001 1.128,
0.60874999 0.84600008 1.128,
0.60874999 0.89900005 1.128,
0.60874999 1.0755001 1.128,
0.60874999 1.1980001 1.128,
0.60874999 1.341 1.128,
0.79169101 0.95241225 1.133,
0.79169101 0.95358789 1.133,
0.79169101 1.1974124 1.133,
0.79169101 1.1985878 1.133,
0.79169101 0.95241225 1.128,
0.79169101 0.95358789 1.128,
0.79169101 1.1974124 1.128,
0.79169101 1.1980001 1.128,
0.79169101 1.1985878 1.128,
0.79185796 0.95235789 1.133,
0.79185796 0.95364201 1.133,
0.79185796 1.1973583 1.133,
0.79185796 1.1986419 1.133,
0.79185796 0.95235789 1.1322533,
0.79185796 1.1973583 1.1322533,
0.79185796 0.95364201 1.1287467,
0.79185796 1.1986419 1.1287467,
0.79185796 0.95235789 1.128,
0.79185796 0.95364201 1.128,
0.79185796 1.1973583 1.128,
0.79185796 1.1986419 1.128,
0.79280901 0.9520489 1.133,
0.79280901 0.953951 1.133,
0.79280901 1.197049 1.133,
0.79280901 1.1989511 1.133,
0.79280901 0.9520489 1.128,
0.79280901 0.953951 1.128,
0.79280901 1.197049 1.128,
0.79280901 1.1989511 1.128,
0.79307914 0.95357907 1.133,
0.79307914 1.1985794 1.133,
0.79307914 0.95242083 1.131045,
0.79307914 1.197421 1.131045,
0.79307914 0.95357907 1.1299551,
0.79307914 1.1985794 1.1299551,
0.79307914 0.95242083 1.128,
0.79307914 1.197421 1.128,
0.7930792 0.95242083 1.133,
0.7930792 1.1974207 1.133,
0.7930792 0.95242083 1.131045,
0.7930792 1.1974207 1.131045,
0.7930792 0.95357907 1.1299551,
0.7930792 1.1985794 1.1299551,
0.7930792 0.95357907 1.128,
0.7930792 1.1985794 1.128,
0.79350001 0.95299995 1.133,
0.79350001 1.1980001 1.133,
0.79350001 0.95299995 1.128,
0.79350001 1.1980001 1.128,
0.97624999 0.84600008 1.128,
0.97624999 0.89900005 1.128,
0.97624999 1.0755001 1.128,
0.97624999 1.1980001 1.128,
0.97624999 1.341 1.128,
1.159191 0.95241225 1.133,
1.159191 0.95358789 1.133,
1.159191 1.1974124 1.133,
1.159191 1.1985878 1.133,
1.159191 0.95241225 1.128,
1.159191 0.95358789 1.128,
1.159191 1.1974124 1.128,
1.159191 1.1980001 1.128,
1.159191 1.1985878 1.128,
1.159358 0.95235789 1.133,
1.159358 0.95364201 1.133,
1.159358 1.1973583 1.133,
1.159358 1.1986419 1.133,
1.159358 0.95235789 1.1322533,
1.159358 1.1973583 1.1322533,
1.159358 0.95364201 1.1287467,
1.159358 1.1986419 1.1287467,
1.159358 0.95235789 1.128,
1.159358 0.95364201 1.128,
1.159358 1.1973583 1.128,
1.159358 1.1986419 1.128,
1.1603091 0.9520489 1.133,
1.1603091 0.953951 1.133,
1.1603091 1.197049 1.133,
1.1603091 1.1989511 1.133,
1.1603091 0.9520489 1.128,
1.1603091 0.953951 1.128,
1.1603091 1.197049 1.128,
1.1603091 1.1989511 1.128,
1.1605792 0.95242083 1.133,
1.1605792 0.95357907 1.133,
1.1605792 1.1974207 1.133,
1.1605792 1.1985794 1.133,
1.1605792 0.95242083 1.131045,
1.1605792 1.1974207 1.131045,
1.1605792 1.197421 1.131045,
1.1605792 0.95357907 1.1299551,
1.1605792 1.1985794 1.1299551,
1.1605792 0.95242083 1.128,
1.1605792 0.95357907 1.128,
1.1605792 1.197421 1.128,
1.1605792 1.1985794 1.128,
1.161 0.95299995 1.133,
1.161 1.1980001 1.133,
1.161 0.95299995 1.128,
1.161 1.1980001 1.128,
1.2097501 0.84600008 1.128,
1.2097501 0.89900005 1.128,
1.2097501 1.0755001 1.128,
1.2097501 1.1980001 1.128,
1.2097501 1.341 1.128,
1.2585 0.69599998 1.1470001,
1.2585 1.341 1.1470001,
1.2585 0.69599998 1.14,
1.2585 0.84600008 1.14,
1.2585 0.84600008 1.128,
1.2585 0.89900005 1.128,
1.2585 1.0755001 1.128,
1.2585 1.1980001 1.128,
1.2585 1.341 1.128
] }
normal Normal { vector [
-1 0 0,
-0.707107 0.707107 0,
-0.707107 -0.707107 0,
-0.707107 0.707107 0,
-0.707107 -0.707107 0,
-0.309017 0.951057 0,
-0.309017 -0.951057 0,
0 0 -1,
0 0 1,
0 -1 0,
0 1 0,
0 0 -1,
0.707107 0.707107 0,
0.707107 -0.707107 0,
0.809017 0.587785 0,
0.809017 -0.587785 0,
1 0 0
] }
texCoord TextureCoordinate { point [
-1.95994 0,
-1.95994 0.060898,
-1.95994 1,
-1.95994 1.15625,
-1.95994 1.90466,
-1.95994 3.08255,
-1.95994 3.98721,
-1.74853 1.31472,
-1.74853 2.49261,
-1.74853 3.67051,
-1.74807 0.0448722,
-1.74807 0.0585046,
-1.74807 0.060898,
-1.74799 0.0448722,
-1.74799 0.060898,
-1.74799 1.3183,
-1.74799 2.4962,
-1.74799 3.67409,
-1.74712 0.060898,
-1.74712 1,
-1.74712 1.15625,
-1.74712 1.3125,
-1.74712 1.3183,
-1.74712 1.90466,
-1.74712 2.4904,
-1.74712 2.4962,
-1.74712 3.08255,
-1.74712 3.66829,
-1.74712 3.67409,
-1.74712 3.98721,
-1.74624 0.0448722,
-1.74624 0.060898,
-1.74624 1.3183,
-1.74624 2.4962,
-1.74624 3.67409,
-1.74616 0.0448722,
-1.74616 0.0472657,
-1.74616 0.0472657,
-1.74616 0.060898,
-1.7457 1.31472,
-1.7457 2.49261,
-1.7457 3.67051,
-1.5648 0.060898,
-1.5648 1,
-1.5648 1.15625,
-1.5648 1.90466,
-1.5648 3.08255,
-1.5648 3.98721,
-1.3839 1.31472,
-1.3839 2.49261,
-1.3839 3.67051,
-1.38344 0.0448722,
-1.38344 0.0585046,
-1.38344 0.060898,
-1.38336 0.0448722,
-1.38336 0.060898,
-1.38336 1.3183,
-1.38336 2.4962,
-1.38336 3.67409,
-1.38249 1.3125,
-1.38249 2.4904,
-1.38249 3.66829,
-1.38161 0.0448722,
-1.38161 0.060898,
-1.38161 1.3183,
-1.38161 2.4962,
-1.38161 3.67409,
-1.38153 0.0448722,
-1.38153 0.0472657,
-1.38153 0.0472657,
-1.38153 0.060898,
-1.38107 1.31472,
-1.38107 2.49261,
-1.38107 3.67051,
-1.30212 0.060898,
-1.30212 1,
-1.30212 1.15625,
-1.30212 1.90466,
-1.30212 3.08255,
-1.30212 3.98721,
-1.22324 0.0224362,
-1.22324 0.060898,
-1.22324 1,
-1.22324 1.15625,
-1.22324 1.90466,
-1.22324 3.08255,
-1.22324 3.98721,
-1 0,
-1 0.0224362,
-1 1,
-1 3.98721,
-0.0282774 1,
-0.0282774 1.15625,
-0.0282774 1.31385,
-0.0282774 1.31472,
-0.0282774 1.31777,
-0.0282774 1.90466,
-0.0282774 2.49175,
-0.0282774 2.49261,
-0.0282774 2.49566,
-0.0282774 3.08255,
-0.0282774 3.66964,
-0.0282774 3.67051,
-0.0282774 3.67356,
-0.0282774 3.98721,
-0.027166 1.31777,
-0.027166 2.49566,
-0.027166 3.67356,
-0.0253678 1.31385,
-0.0253678 2.49175,
-0.0253678 3.66964,
-0.0253678 1.31385,
-0.0253678 2.49175,
-0.0253678 3.66964,
-0.020836 1.31385,
-0.020836 1.31472,
-0.020836 1.31777,
-0.020836 2.49175,
-0.020836 2.49261,
-0.020836 2.49566,
-0.020836 3.66964,
-0.020836 3.67051,
-0.020836 3.67356,
-0.010418 1,
-0.010418 3.98721,
0 1,
0 3.98721,
0.020836 1.31385,
0.020836 1.31472,
0.020836 1.31777,
0.020836 2.49175,
0.020836 2.49261,
0.020836 2.49566,
0.020836 3.66964,
0.020836 3.67051,
0.020836 3.67356,
0.0219473 1.31777,
0.0219473 2.49566,
0.0219473 3.67356,
0.0219473 1.31777,
0.0219473 2.49566,
0.0219473 3.67356,
0.0237456 1.31385,
0.0237456 1.31385,
0.0237456 2.49175,
0.0237456 2.49175,
0.0237456 3.66964,
0.0282774 1,
0.0282774 1.15625,
0.0282774 1.31385,
0.0282774 1.31472,
0.0282774 1.31777,
0.0282774 1.90466,
0.0282774 2.49175,
0.0282774 2.49261,
0.0282774 2.49566,
0.0282774 3.08255,
0.0282774 3.66964,
0.0282774 3.67051,
0.0282774 3.67356,
0.0282774 3.98721,
1 0,
1 0.0224362,
1 1,
1 3.98721,
1.22324 0.0224362,
1.22324 0.060898,
1.30212 0.060898,
1.38163 0.0448722,
1.38163 0.0511383,
1.38163 0.0511383,
1.38163 0.060898,
1.38249 0.0448722,
1.38249 0.060898,
1.38335 0.0546319,
1.38335 0.060898,
1.38335 0.0448722,
1.38335 0.0546319,
1.5648 0.060898,
1.74626 0.0448722,
1.74626 0.0511383,
1.74626 0.0511383,
1.74626 0.060898,
1.74712 0.0448722,
1.74712 0.060898,
1.74798 0.0448722,
1.74798 0.0546319,
1.74798 0.0546319,
1.74798 0.060898,
1.95994 0,
1.95994 0.060898,
1.95994 1,
1.95994 3.98721
] }
coordIndex [
167,165,2,-1,
2,165,0,-1,
2,0,3,-1,
3,0,1,-1,
8,7,1,-1,
1,7,6,-1,
1,6,3,-1,
3,6,5,-1,
3,5,4,-1,
4,5,56,-1,
122,113,142,-1,
142,113,164,-1,
142,164,159,-1,
159,164,163,-1,
159,163,141,-1,
141,163,162,-1,
141,162,120,-1,
120,162,111,-1,
120,111,121,-1,
121,111,112,-1,
121,112,122,-1,
122,112,113,-1,
57,66,87,-1,
66,57,67,-1,
67,57,58,-1,
67,58,68,-1,
68,58,59,-1,
68,59,88,-1,
88,59,113,-1,
88,113,108,-1,
108,113,112,-1,
108,112,87,-1,
87,112,111,-1,
87,111,57,-1,
6,15,36,-1,
15,6,16,-1,
16,6,7,-1,
16,7,17,-1,
17,7,8,-1,
17,8,37,-1,
37,8,59,-1,
37,59,54,-1,
54,59,58,-1,
54,58,36,-1,
36,58,57,-1,
36,57,6,-1,
14,13,5,-1,
5,13,34,-1,
5,34,56,-1,
56,34,53,-1,
56,53,57,-1,
57,53,35,-1,
57,35,6,-1,
6,35,14,-1,
6,14,5,-1,
65,64,56,-1,
56,64,85,-1,
56,85,110,-1,
110,85,107,-1,
110,107,111,-1,
111,107,86,-1,
111,86,57,-1,
57,86,65,-1,
57,65,56,-1,
118,139,161,-1,
161,139,158,-1,
161,158,162,-1,
162,158,140,-1,
162,140,111,-1,
111,140,119,-1,
111,119,110,-1,
110,119,118,-1,
110,118,161,-1,
4,56,55,-1,
55,56,110,-1,
55,110,109,-1,
109,110,161,-1,
109,161,160,-1,
164,173,163,-1,
163,173,172,-1,
163,172,162,-1,
162,172,171,-1,
162,171,161,-1,
161,171,170,-1,
161,170,160,-1,
160,170,169,-1,
166,165,168,-1,
168,165,167,-1,
169,170,168,-1,
168,170,171,-1,
168,171,166,-1,
166,171,172,-1,
166,172,173,-1,
166,1,165,-1,
165,1,0,-1,
173,164,166,-1,
166,164,113,-1,
166,113,1,-1,
1,113,59,-1,
1,59,8,-1,
10,31,9,-1,
9,31,51,-1,
9,51,30,-1,
51,53,38,-1,
38,53,42,-1,
30,38,42,-1,
34,30,47,-1,
47,30,42,-1,
53,47,42,-1,
30,34,18,-1,
18,34,22,-1,
9,18,22,-1,
13,9,26,-1,
26,9,22,-1,
34,26,22,-1,
9,13,10,-1,
10,13,14,-1,
10,14,19,-1,
19,14,24,-1,
31,19,24,-1,
35,31,27,-1,
27,31,24,-1,
14,27,24,-1,
31,35,39,-1,
39,35,45,-1,
51,39,45,-1,
53,51,48,-1,
48,51,45,-1,
35,48,45,-1,
137,116,157,-1,
157,116,117,-1,
157,117,138,-1,
157,159,145,-1,
145,159,148,-1,
137,145,148,-1,
141,137,154,-1,
154,137,149,-1,
159,154,149,-1,
137,141,125,-1,
125,141,128,-1,
116,125,128,-1,
120,116,133,-1,
133,116,128,-1,
141,133,128,-1,
116,120,117,-1,
117,120,122,-1,
117,122,126,-1,
126,122,130,-1,
138,126,130,-1,
142,138,134,-1,
134,138,130,-1,
122,134,130,-1,
138,142,146,-1,
146,142,151,-1,
157,146,151,-1,
159,157,155,-1,
155,157,151,-1,
142,155,151,-1,
63,84,62,-1,
62,84,106,-1,
62,106,83,-1,
106,108,98,-1,
98,108,100,-1,
83,98,100,-1,
87,83,96,-1,
96,83,92,-1,
108,96,92,-1,
83,87,71,-1,
71,87,74,-1,
62,71,74,-1,
66,62,79,-1,
79,62,74,-1,
87,79,74,-1,
62,66,63,-1,
63,66,68,-1,
63,68,72,-1,
72,68,76,-1,
84,72,76,-1,
88,84,80,-1,
80,84,76,-1,
68,80,76,-1,
84,88,90,-1,
90,88,94,-1,
106,90,94,-1,
108,106,104,-1,
104,106,102,-1,
88,104,102,-1,
12,33,11,-1,
11,33,52,-1,
11,52,32,-1,
52,54,40,-1,
40,54,43,-1,
32,40,43,-1,
36,32,49,-1,
49,32,44,-1,
54,49,44,-1,
32,36,20,-1,
20,36,23,-1,
11,20,23,-1,
15,11,28,-1,
28,11,23,-1,
36,28,23,-1,
11,15,12,-1,
12,15,17,-1,
12,17,21,-1,
21,17,25,-1,
33,21,25,-1,
37,33,29,-1,
29,33,25,-1,
17,29,25,-1,
33,37,41,-1,
41,37,46,-1,
52,41,46,-1,
54,52,50,-1,
50,52,46,-1,
37,50,46,-1,
135,114,156,-1,
156,114,115,-1,
156,115,136,-1,
156,158,143,-1,
143,158,147,-1,
135,143,147,-1,
139,135,152,-1,
152,135,147,-1,
158,152,147,-1,
135,139,123,-1,
123,139,127,-1,
114,123,127,-1,
118,114,131,-1,
131,114,127,-1,
139,131,127,-1,
114,118,115,-1,
115,118,119,-1,
115,119,124,-1,
124,119,129,-1,
136,124,129,-1,
140,136,132,-1,
132,136,129,-1,
119,132,129,-1,
136,140,144,-1,
144,140,150,-1,
156,144,150,-1,
158,156,153,-1,
153,156,150,-1,
140,153,150,-1,
61,82,60,-1,
60,82,105,-1,
60,105,81,-1,
105,107,97,-1,
97,107,99,-1,
81,97,99,-1,
85,81,95,-1,
95,81,91,-1,
107,95,91,-1,
81,85,69,-1,
69,85,73,-1,
60,69,73,-1,
64,60,77,-1,
77,60,73,-1,
85,77,73,-1,
60,64,61,-1,
61,64,65,-1,
61,65,70,-1,
70,65,75,-1,
82,70,75,-1,
86,82,78,-1,
78,82,75,-1,
65,78,75,-1,
82,86,89,-1,
89,86,93,-1,
105,89,93,-1,
107,105,103,-1,
103,105,101,-1,
86,103,101,-1,
4,55,3,-1,
3,55,109,-1,
3,109,168,-1,
168,109,160,-1,
168,160,169,-1,
168,167,3,-1,
3,167,2,-1
]
normalIndex [
9,9,9,-1,
9,9,9,-1,
0,0,0,-1,
0,0,0,-1,
0,0,0,-1,
0,0,0,-1,
0,0,0,-1,
0,0,0,-1,
0,0,0,-1,
11,11,11,-1,
11,11,11,-1,
11,11,11,-1,
11,11,11,-1,
11,11,11,-1,
11,11,11,-1,
11,11,11,-1,
11,11,11,-1,
11,11,11,-1,
11,11,11,-1,
11,11,11,-1,
11,11,11,-1,
11,11,11,-1,
11,11,11,-1,
11,11,11,-1,
11,11,11,-1,
11,11,11,-1,
11,11,11,-1,
11,11,11,-1,
11,11,11,-1,
11,11,11,-1,
11,11,11,-1,
11,11,11,-1,
11,11,11,-1,
11,11,11,-1,
11,11,11,-1,
11,11,11,-1,
11,11,11,-1,
11,11,11,-1,
11,11,11,-1,
11,11,11,-1,
11,11,11,-1,
11,11,11,-1,
11,11,11,-1,
11,11,11,-1,
11,11,11,-1,
11,11,11,-1,
11,11,11,-1,
11,11,11,-1,
11,11,11,-1,
11,11,11,-1,
11,11,11,-1,
11,11,11,-1,
11,11,11,-1,
11,11,11,-1,
11,11,11,-1,
11,11,11,-1,
11,11,11,-1,
11,11,11,-1,
11,11,11,-1,
11,11,11,-1,
11,11,11,-1,
11,11,11,-1,
11,11,11,-1,
11,11,11,-1,
11,11,11,-1,
11,11,11,-1,
11,11,11,-1,
11,11,11,-1,
11,11,11,-1,
11,11,11,-1,
11,11,11,-1,
11,11,11,-1,
11,11,11,-1,
11,11,11,-1,
11,11,11,-1,
11,11,11,-1,
11,11,11,-1,
11,11,11,-1,
11,11,11,-1,
11,11,11,-1,
11,11,11,-1,
11,11,11,-1,
11,11,11,-1,
11,11,11,-1,
11,11,11,-1,
11,11,11,-1,
16,16,16,-1,
16,16,16,-1,
16,16,16,-1,
16,16,16,-1,
16,16,16,-1,
16,16,16,-1,
16,16,16,-1,
8,8,8,-1,
8,8,8,-1,
10,10,10,-1,
10,10,10,-1,
10,10,10,-1,
10,10,10,-1,
10,10,10,-1,
7,7,7,-1,
7,7,7,-1,
7,7,7,-1,
0,0,1,-1,
1,0,1,-1,
5,1,1,-1,
5,5,3,-1,
3,5,3,-1,
0,3,3,-1,
5,5,12,-1,
12,5,12,-1,
14,12,12,-1,
14,14,12,-1,
12,14,12,-1,
5,12,12,-1,
14,14,15,-1,
15,14,15,-1,
15,15,13,-1,
13,15,13,-1,
6,13,13,-1,
6,6,13,-1,
13,6,13,-1,
15,13,13,-1,
6,6,4,-1,
4,6,4,-1,
0,4,4,-1,
0,0,2,-1,
2,0,2,-1,
6,2,2,-1,
7,7,7,-1,
7,7,7,-1,
7,7,7,-1,
0,0,1,-1,
1,0,1,-1,
5,1,1,-1,
5,5,3,-1,
3,5,3,-1,
0,3,3,-1,
5,5,12,-1,
12,5,12,-1,
14,12,12,-1,
14,14,12,-1,
12,14,12,-1,
5,12,12,-1,
14,14,15,-1,
15,14,15,-1,
15,15,13,-1,
13,15,13,-1,
6,13,13,-1,
6,6,13,-1,
13,6,13,-1,
15,13,13,-1,
6,6,4,-1,
4,6,4,-1,
0,4,4,-1,
0,0,2,-1,
2,0,2,-1,
6,2,2,-1,
7,7,7,-1,
7,7,7,-1,
7,7,7,-1,
0,0,1,-1,
1,0,1,-1,
5,1,1,-1,
5,5,3,-1,
3,5,3,-1,
0,3,3,-1,
5,5,12,-1,
12,5,12,-1,
14,12,12,-1,
14,14,12,-1,
12,14,12,-1,
5,12,12,-1,
14,14,15,-1,
15,14,15,-1,
15,15,13,-1,
13,15,13,-1,
6,13,13,-1,
6,6,13,-1,
13,6,13,-1,
15,13,13,-1,
6,6,4,-1,
4,6,4,-1,
0,4,4,-1,
0,0,2,-1,
2,0,2,-1,
6,2,2,-1,
7,7,7,-1,
7,7,7,-1,
7,7,7,-1,
0,0,1,-1,
1,0,1,-1,
5,1,1,-1,
5,5,3,-1,
3,5,3,-1,
0,3,3,-1,
5,5,12,-1,
12,5,12,-1,
14,12,12,-1,
14,14,12,-1,
12,14,12,-1,
5,12,12,-1,
14,14,15,-1,
15,14,15,-1,
15,15,13,-1,
13,15,13,-1,
6,13,13,-1,
6,6,13,-1,
13,6,13,-1,
15,13,13,-1,
6,6,4,-1,
4,6,4,-1,
0,4,4,-1,
0,0,2,-1,
2,0,2,-1,
6,2,2,-1,
7,7,7,-1,
7,7,7,-1,
7,7,7,-1,
0,0,1,-1,
1,0,1,-1,
5,1,1,-1,
5,5,3,-1,
3,5,3,-1,
0,3,3,-1,
5,5,12,-1,
12,5,12,-1,
14,12,12,-1,
14,14,12,-1,
12,14,12,-1,
5,12,12,-1,
14,14,15,-1,
15,14,15,-1,
15,15,13,-1,
13,15,13,-1,
6,13,13,-1,
6,6,13,-1,
13,6,13,-1,
15,13,13,-1,
6,6,4,-1,
4,6,4,-1,
0,4,4,-1,
0,0,2,-1,
2,0,2,-1,
6,2,2,-1,
7,7,7,-1,
7,7,7,-1,
7,7,7,-1,
0,0,1,-1,
1,0,1,-1,
5,1,1,-1,
5,5,3,-1,
3,5,3,-1,
0,3,3,-1,
5,5,12,-1,
12,5,12,-1,
14,12,12,-1,
14,14,12,-1,
12,14,12,-1,
5,12,12,-1,
14,14,15,-1,
15,14,15,-1,
15,15,13,-1,
13,15,13,-1,
6,13,13,-1,
6,6,13,-1,
13,6,13,-1,
15,13,13,-1,
6,6,4,-1,
4,6,4,-1,
0,4,4,-1,
0,0,2,-1,
2,0,2,-1,
6,2,2,-1,
9,9,9,-1,
9,9,9,-1,
9,9,9,-1,
9,9,9,-1,
9,9,9,-1,
11,11,11,-1,
11,11,11,-1
]
texCoordIndex [
123,125,124,-1,
124,125,126,-1,
162,161,165,-1,
165,161,189,-1,
190,184,189,-1,
189,184,178,-1,
189,178,165,-1,
165,178,167,-1,
165,167,166,-1,
86,79,78,-1,
15,4,7,-1,
7,4,3,-1,
7,3,21,-1,
21,3,20,-1,
21,20,39,-1,
39,20,44,-1,
39,44,32,-1,
32,44,45,-1,
32,45,22,-1,
22,45,23,-1,
22,23,15,-1,
15,23,4,-1,
46,33,40,-1,
33,46,25,-1,
25,46,26,-1,
25,26,16,-1,
16,26,5,-1,
16,5,8,-1,
8,5,4,-1,
8,4,24,-1,
24,4,23,-1,
24,23,40,-1,
40,23,45,-1,
40,45,46,-1,
47,34,41,-1,
34,47,28,-1,
28,47,29,-1,
28,29,17,-1,
17,29,6,-1,
17,6,9,-1,
9,6,5,-1,
9,5,27,-1,
27,5,26,-1,
27,26,41,-1,
41,26,46,-1,
41,46,47,-1,
58,66,79,-1,
79,66,73,-1,
79,73,78,-1,
78,73,61,-1,
78,61,46,-1,
46,61,50,-1,
46,50,47,-1,
47,50,58,-1,
47,58,79,-1,
57,65,78,-1,
78,65,72,-1,
78,72,77,-1,
77,72,60,-1,
77,60,45,-1,
45,60,49,-1,
45,49,46,-1,
46,49,57,-1,
46,57,78,-1,
64,71,76,-1,
76,71,59,-1,
76,59,44,-1,
44,59,48,-1,
44,48,45,-1,
45,48,56,-1,
45,56,77,-1,
77,56,64,-1,
77,64,76,-1,
86,78,85,-1,
85,78,77,-1,
85,77,84,-1,
84,77,76,-1,
84,76,83,-1,
3,2,20,-1,
20,2,19,-1,
20,19,44,-1,
44,19,43,-1,
44,43,76,-1,
76,43,75,-1,
76,75,83,-1,
83,75,82,-1,
0,87,80,-1,
80,87,88,-1,
81,74,80,-1,
80,74,42,-1,
80,42,0,-1,
0,42,18,-1,
0,18,1,-1,
191,192,163,-1,
163,192,164,-1,
147,148,125,-1,
125,148,152,-1,
125,152,126,-1,
126,152,156,-1,
126,156,160,-1,
58,50,66,-1,
66,50,61,-1,
66,61,73,-1,
172,173,168,-1,
168,173,169,-1,
134,133,146,-1,
158,134,157,-1,
157,134,146,-1,
173,171,170,-1,
134,158,135,-1,
135,158,141,-1,
62,67,69,-1,
63,62,70,-1,
70,62,68,-1,
158,159,138,-1,
62,63,54,-1,
54,63,55,-1,
54,55,51,-1,
51,55,52,-1,
121,122,107,-1,
102,121,103,-1,
103,121,107,-1,
55,53,52,-1,
121,102,120,-1,
120,102,110,-1,
172,176,177,-1,
173,172,175,-1,
175,172,174,-1,
102,101,113,-1,
39,32,21,-1,
21,32,15,-1,
21,15,7,-1,
183,184,179,-1,
179,184,180,-1,
128,127,142,-1,
150,128,149,-1,
149,128,143,-1,
184,182,181,-1,
128,150,129,-1,
129,150,139,-1,
30,35,37,-1,
31,30,38,-1,
38,30,36,-1,
150,151,136,-1,
30,31,13,-1,
13,31,14,-1,
13,14,10,-1,
10,14,11,-1,
115,116,105,-1,
94,115,95,-1,
95,115,105,-1,
14,12,11,-1,
115,94,114,-1,
114,94,108,-1,
183,185,187,-1,
184,183,188,-1,
188,183,186,-1,
94,93,111,-1,
16,8,33,-1,
33,8,24,-1,
33,24,40,-1,
183,184,179,-1,
179,184,180,-1,
131,130,144,-1,
154,131,153,-1,
153,131,145,-1,
184,182,181,-1,
131,154,132,-1,
132,154,140,-1,
30,35,37,-1,
31,30,38,-1,
38,30,36,-1,
154,155,137,-1,
30,31,13,-1,
13,31,14,-1,
13,14,10,-1,
10,14,11,-1,
118,119,106,-1,
98,118,99,-1,
99,118,106,-1,
14,12,11,-1,
118,98,117,-1,
117,98,109,-1,
183,185,187,-1,
184,183,188,-1,
188,183,186,-1,
98,97,112,-1,
17,9,34,-1,
34,9,27,-1,
34,27,41,-1,
183,184,179,-1,
179,184,180,-1,
134,133,146,-1,
158,134,157,-1,
157,134,146,-1,
184,182,181,-1,
134,158,135,-1,
135,158,141,-1,
30,35,37,-1,
31,30,38,-1,
38,30,36,-1,
158,159,138,-1,
30,31,13,-1,
13,31,14,-1,
13,14,10,-1,
10,14,11,-1,
121,122,107,-1,
102,121,103,-1,
103,121,107,-1,
14,12,11,-1,
121,102,120,-1,
120,102,110,-1,
183,185,187,-1,
184,183,188,-1,
188,183,186,-1,
102,101,113,-1,
71,64,59,-1,
59,64,56,-1,
59,56,48,-1,
172,173,168,-1,
168,173,169,-1,
128,127,142,-1,
150,128,149,-1,
149,128,143,-1,
173,171,170,-1,
128,150,129,-1,
129,150,139,-1,
62,67,69,-1,
63,62,70,-1,
70,62,68,-1,
150,151,136,-1,
62,63,54,-1,
54,63,55,-1,
54,55,51,-1,
51,55,52,-1,
115,116,105,-1,
94,115,95,-1,
95,115,105,-1,
55,53,52,-1,
115,94,114,-1,
114,94,108,-1,
172,176,177,-1,
173,172,175,-1,
175,172,174,-1,
94,93,111,-1,
57,49,65,-1,
65,49,60,-1,
65,60,72,-1,
172,173,168,-1,
168,173,169,-1,
131,130,144,-1,
154,131,153,-1,
153,131,145,-1,
173,171,170,-1,
131,154,132,-1,
132,154,140,-1,
62,67,69,-1,
63,62,70,-1,
70,62,68,-1,
154,155,137,-1,
62,63,54,-1,
54,63,55,-1,
54,55,51,-1,
51,55,52,-1,
118,119,106,-1,
98,118,99,-1,
99,118,106,-1,
55,53,52,-1,
118,98,117,-1,
117,98,109,-1,
172,176,177,-1,
173,172,175,-1,
175,172,174,-1,
98,97,112,-1,
104,100,124,-1,
124,100,96,-1,
124,96,123,-1,
123,96,92,-1,
123,92,91,-1,
82,89,86,-1,
86,89,90,-1
]
}
}
Shape {
appearance Appearance {
material Material {
ambientIntensity 0
diffuseColor 1 1 1
specularColor 0 0 0
shininess 0
transparency 0
}
texture USE MDF
}
geometry IndexedFaceSet {
normalPerVertex TRUE
solid TRUE
convex TRUE
coord Coordinate { point [
0.32499999 0.84600008 1.128,
0.32499999 0.926 1.128,
0.32499999 0.926 1.125,
0.32499999 0.84600008 1.109,
0.32499999 0.90999997 1.109,
1.26 0.84600008 1.128,
1.26 0.926 1.128,
1.26 0.926 1.125,
1.26 0.84600008 1.109,
1.26 0.90999997 1.109
] }
normal Normal { vector [
-1 0 0,
0 -1 0,
0 0 1,
0 0 -1,
0 0.707107 -0.707107,
0 1 0,
1 0 0
] }
texCoord TextureCoordinate { point [
-19.7 0,
-19.7 0.319999,
-19.7 0.38,
-19.7 0.680003,
-19.7 2.28,
-1 0,
-1 0.319999,
-1 0.38,
-1 0.680003,
-1 2.28,
-0.38 0.680003,
-0.38 2.28,
-0.319999 0.680003,
0 1,
0 2.28,
0.319999 0.680003,
0.38 0.680003,
0.38 2.28,
1 0,
1 0.38,
1 1,
1 2.28,
19.7 0,
19.7 0.38,
19.7 1,
19.7 2.28
] }
coordIndex [
2,1,7,-1,
7,1,6,-1,
1,0,6,-1,
6,0,5,-1,
0,3,5,-1,
5,3,8,-1,
3,4,8,-1,
8,4,9,-1,
4,2,9,-1,
9,2,7,-1,
1,2,0,-1,
0,2,4,-1,
0,4,3,-1,
7,6,9,-1,
9,6,5,-1,
9,5,8,-1
]
normalIndex [
5,5,5,-1,
5,5,5,-1,
2,2,2,-1,
2,2,2,-1,
1,1,1,-1,
1,1,1,-1,
3,3,3,-1,
3,3,3,-1,
4,4,4,-1,
4,4,4,-1,
0,0,0,-1,
0,0,0,-1,
0,0,0,-1,
6,6,6,-1,
6,6,6,-1,
6,6,6,-1
]
texCoordIndex [
6,7,1,-1,
1,7,2,-1,
8,9,3,-1,
3,9,4,-1,
19,18,23,-1,
23,18,22,-1,
21,20,25,-1,
25,20,24,-1,
5,6,0,-1,
0,6,1,-1,
10,12,11,-1,
11,12,13,-1,
11,13,14,-1,
15,16,13,-1,
13,16,17,-1,
13,17,14,-1
]
}
}
Shape {
appearance Appearance {
material Material {
ambientIntensity 0
diffuseColor 1 1 1
specularColor 0 0 0
shininess 0
transparency 0
}
texture USE MDF
}
geometry IndexedFaceSet {
normalPerVertex TRUE
solid TRUE
convex TRUE
coord Coordinate { point [
0.32499999 1.091 1.128,
0.32499999 1.1710001 1.128,
0.32499999 1.1710001 1.125,
0.32499999 1.091 1.109,
0.32499999 1.1550001 1.109,
1.26 1.091 1.128,
1.26 1.1710001 1.128,
1.26 1.1710001 1.125,
1.26 1.091 1.109,
1.26 1.1550001 1.109
] }
normal Normal { vector [
-1 0 0,
0 -1 0,
0 0 1,
0 0 -1,
0 0.707107 -0.707107,
0 1 0,
1 0 0
] }
texCoord TextureCoordinate { point [
-19.7 0,
-19.7 0.319999,
-19.7 0.38,
-19.7 0.679998,
-19.7 2.28,
-1 0,
-1 0.319999,
-1 0.38,
-1 0.679998,
-1 2.28,
-0.38 0.679998,
-0.38 2.28,
-0.319999 0.679998,
0 0.999999,
0 2.28,
0.319999 0.679998,
0.38 0.679998,
0.38 2.28,
1 0,
1 0.38,
1 0.999999,
1 2.28,
19.7 0,
19.7 0.38,
19.7 0.999999,
19.7 2.28
] }
coordIndex [
2,1,7,-1,
7,1,6,-1,
1,0,6,-1,
6,0,5,-1,
0,3,5,-1,
5,3,8,-1,
3,4,8,-1,
8,4,9,-1,
4,2,9,-1,
9,2,7,-1,
1,2,0,-1,
0,2,4,-1,
0,4,3,-1,
7,6,9,-1,
9,6,5,-1,
9,5,8,-1
]
normalIndex [
5,5,5,-1,
5,5,5,-1,
2,2,2,-1,
2,2,2,-1,
1,1,1,-1,
1,1,1,-1,
3,3,3,-1,
3,3,3,-1,
4,4,4,-1,
4,4,4,-1,
0,0,0,-1,
0,0,0,-1,
0,0,0,-1,
6,6,6,-1,
6,6,6,-1,
6,6,6,-1
]
texCoordIndex [
6,7,1,-1,
1,7,2,-1,
8,9,3,-1,
3,9,4,-1,
19,18,23,-1,
23,18,22,-1,
21,20,25,-1,
25,20,24,-1,
5,6,0,-1,
0,6,1,-1,
10,12,11,-1,
11,12,13,-1,
11,13,14,-1,
15,16,13,-1,
13,16,17,-1,
13,17,14,-1
]
}
}
Shape {
appearance Appearance {
material Material {
ambientIntensity 0
diffuseColor 1 1 1
specularColor 0 0 0
shininess 0
transparency 0
}
texture USE MELA_H3450_ST22
}
geometry IndexedFaceSet {
normalPerVertex TRUE
solid TRUE
convex TRUE
coord Coordinate { point [
1.432 -1.326 1.1389999,
1.432 -1.2479999 1.1389999,
1.432 -0.77449995 1.1389999,
1.432 0.014500022 1.1389999,
1.432 0.80350006 1.1389999,
1.432 1.341 1.1389999,
1.432 -1.1695877 1.009809,
1.432 -1.1684122 1.009809,
1.432 -0.38058776 1.009809,
1.432 -0.37941217 1.009809,
1.432 0.40841222 1.009809,
1.432 0.40958786 1.009809,
1.432 1.1974124 1.009809,
1.432 1.1985878 1.009809,
1.432 -1.169642 1.0096421,
1.432 -1.1683578 1.0096421,
1.432 -0.380642 1.0096421,
1.432 -0.37935787 1.0096421,
1.432 0.40835798 1.0096421,
1.432 0.40964234 1.0096421,
1.432 1.197358 1.0096421,
1.432 1.1986421 1.0096421,
1.432 -1.169951 1.008691,
1.432 -1.1680489 1.008691,
1.432 -0.38095105 1.008691,
1.432 -0.37904888 1.008691,
1.432 0.40804899 1.008691,
1.432 0.40995109 1.008691,
1.432 1.197049 1.008691,
1.432 1.1989511 1.008691,
1.432 -1.1695791 1.0084207,
1.432 -1.1684208 1.0084207,
1.432 -0.38057917 1.0084207,
1.432 -0.3794207 1.0084207,
1.432 0.40842092 1.0084207,
1.432 0.40957916 1.0084207,
1.432 1.197421 1.0084207,
1.432 1.1985792 1.0084207,
1.432 -1.1689999 1.008,
1.432 -0.37999994 1.008,
1.432 0.40900004 1.008,
1.432 1.1980001 1.008,
1.432 -1.326 0.85858333,
1.432 -1.2479999 0.85858333,
1.432 -0.77449995 0.85858333,
1.432 0.014500022 0.85858333,
1.432 0.80350006 0.85858333,
1.432 1.341 0.85858333,
1.432 -1.1695877 0.70897567,
1.432 -1.1684122 0.70897567,
1.432 -0.38058776 0.70897567,
1.432 -0.37941217 0.70897567,
1.432 0.40841222 0.70897567,
1.432 0.40958786 0.70897567,
1.432 1.1974124 0.70897567,
1.432 1.1985878 0.70897567,
1.432 -1.169642 0.7088086,
1.432 -1.1683578 0.7088086,
1.432 -0.380642 0.7088086,
1.432 -0.37935787 0.7088086,
1.432 0.40835798 0.7088086,
1.432 0.40964234 0.7088086,
1.432 1.197358 0.7088086,
1.432 1.1986421 0.7088086,
1.432 -1.169951 0.70785761,
1.432 -1.1680489 0.70785761,
1.432 -0.38095105 0.70785761,
1.432 -0.37904888 0.70785761,
1.432 0.40804899 0.70785761,
1.432 0.40995109 0.70785761,
1.432 1.197049 0.70785761,
1.432 1.1989511 0.70785761,
1.432 -1.1695791 0.70758754,
1.432 -1.1684208 0.70758754,
1.432 -0.38057917 0.70758754,
1.432 -0.3794207 0.70758754,
1.432 0.40842092 0.70758754,
1.432 0.40957916 0.70758754,
1.432 1.197421 0.70758754,
1.432 1.1985792 0.70758754,
1.432 -1.1689999 0.70716667,
1.432 -0.37999994 0.70716667,
1.432 0.40900004 0.70716667,
1.432 1.1980001 0.70716667,
1.432 -1.326 0.55774999,
1.432 -1.2479999 0.55774999,
1.432 -0.77449995 0.55774999,
1.432 0.014500022 0.55774999,
1.432 0.80350006 0.55774999,
1.432 1.341 0.55774999,
1.432 -1.1695877 0.40814236,
1.432 -1.1684122 0.40814236,
1.432 -0.38058776 0.40814236,
1.432 -0.37941217 0.40814236,
1.432 0.40841222 0.40814236,
1.432 0.40958786 0.40814236,
1.432 1.1974124 0.40814236,
1.432 1.1985878 0.40814236,
1.432 -1.1683578 0.40797538,
1.432 -0.37935787 0.40797538,
1.432 0.40964234 0.40797538,
1.432 1.1986421 0.40797538,
1.432 -1.169642 0.40797532,
1.432 -0.380642 0.40797532,
1.432 0.40835798 0.40797532,
1.432 1.197358 0.40797532,
1.432 -1.169951 0.40702432,
1.432 -1.1680489 0.40702432,
1.432 -0.38095105 0.40702432,
1.432 -0.37904888 0.40702432,
1.432 0.40804899 0.40702432,
1.432 0.40995109 0.40702432,
1.432 1.197049 0.40702432,
1.432 1.1989511 0.40702432,
1.432 -1.1695791 0.4067542,
1.432 -0.38057917 0.4067542,
1.432 0.40842092 0.4067542,
1.432 1.197421 0.4067542,
1.432 -1.1684208 0.40675414,
1.432 -0.3794207 0.40675414,
1.432 0.40957916 0.40675414,
1.432 1.1985792 0.40675414,
1.432 -1.1689999 0.40633333,
1.432 -0.37999994 0.40633333,
1.432 0.40900004 0.40633333,
1.432 1.1980001 0.40633333,
1.432 -1.326 0.25691667,
1.432 -1.2479999 0.25691667,
1.432 -0.77449995 0.25691667,
1.432 0.014500022 0.25691667,
1.432 0.80350006 0.25691667,
1.432 1.341 0.25691667,
1.432 -1.1695877 0.10730901,
1.432 -1.1684122 0.10730901,
1.432 -0.38058776 0.10730901,
1.432 -0.37941217 0.10730901,
1.432 0.40841222 0.10730901,
1.432 0.40958786 0.10730901,
1.432 1.1974124 0.10730901,
1.432 1.1985878 0.10730901,
1.432 -1.169642 0.10714203,
1.432 -1.1683578 0.10714203,
1.432 -0.380642 0.10714203,
1.432 -0.37935787 0.10714203,
1.432 0.40835798 0.10714203,
1.432 0.40964234 0.10714203,
1.432 1.197358 0.10714203,
1.432 1.1986421 0.10714203,
1.432 -1.169951 0.10619098,
1.432 -1.1680489 0.10619098,
1.432 -0.38095105 0.10619098,
1.432 -0.37904888 0.10619098,
1.432 0.40804899 0.10619098,
1.432 0.40995109 0.10619098,
1.432 1.197049 0.10619098,
1.432 1.1989511 0.10619098,
1.432 -1.1695791 0.10592082,
1.432 -1.1684208 0.10592082,
1.432 -0.38057917 0.10592082,
1.432 -0.3794207 0.10592082,
1.432 0.40842092 0.10592082,
1.432 0.40957916 0.10592082,
1.432 1.197421 0.10592082,
1.432 1.1985792 0.10592082,
1.432 -1.1689999 0.10550001,
1.432 -0.37999994 0.10550001,
1.432 0.40900004 0.10550001,
1.432 1.1980001 0.10550001,
1.432 -1.326 0.05675,
1.432 -1.2479999 0.05675,
1.432 -0.77449995 0.05675,
1.432 0.014500022 0.05675,
1.432 0.80350006 0.05675,
1.432 1.341 0.05675,
1.432 -1.326 0.0079999864,
1.432 -1.2479999 0.0079999864,
1.432 -0.77449995 0.0079999864,
1.432 0.014500022 0.0079999864,
1.432 0.80350006 0.0079999864,
1.432 1.341 0.0079999864,
1.4327468 -1.1683578 1.0096421,
1.4327468 -0.37935787 1.0096421,
1.4327468 0.40964234 1.0096421,
1.4327468 1.1986421 1.0096421,
1.4327468 -1.1683578 0.7088086,
1.4327468 -0.37935787 0.7088086,
1.4327468 0.40964234 0.7088086,
1.4327468 1.1986421 0.7088086,
1.4327468 -1.1683578 0.40797538,
1.4327468 -0.37935787 0.40797538,
1.4327468 0.40964234 0.40797538,
1.4327468 1.1986421 0.40797538,
1.4327468 -1.1683578 0.40797532,
1.4327468 -0.37935787 0.40797532,
1.4327468 0.40964234 0.40797532,
1.4327468 1.1986421 0.40797532,
1.4327468 -1.1683578 0.10714203,
1.4327468 -0.37935787 0.10714203,
1.4327468 0.40964234 0.10714203,
1.4327468 1.1986421 0.10714203,
1.4339551 -1.1684208 1.0084207,
1.4339551 -0.3794207 1.0084207,
1.4339551 0.40957916 1.0084207,
1.4339551 1.1985792 1.0084207,
1.4339551 -1.1684208 0.70758754,
1.4339551 -0.3794207 0.70758754,
1.4339551 0.40957916 0.70758754,
1.4339551 1.1985792 0.70758754,
1.4339551 -1.1684208 0.4067542,
1.4339551 -0.3794207 0.4067542,
1.4339551 0.40957916 0.4067542,
1.4339551 1.1985792 0.4067542,
1.4339551 -1.1684208 0.40675414,
1.4339551 -0.3794207 0.40675414,
1.4339551 0.40957916 0.40675414,
1.4339551 1.1985792 0.40675414,
1.4339551 -1.1684208 0.10592082,
1.4339551 -0.3794207 0.10592082,
1.4339551 0.40957916 0.10592082,
1.4339551 1.1985792 0.10592082,
1.435045 -1.1695791 1.0084207,
1.435045 -1.169579 1.0084207,
1.435045 -0.38057917 1.0084207,
1.435045 0.40842092 1.0084207,
1.435045 1.197421 1.0084207,
1.435045 -1.1695791 0.70758754,
1.435045 -1.169579 0.70758754,
1.435045 -0.38057917 0.70758754,
1.435045 0.40842092 0.70758754,
1.435045 1.197421 0.70758754,
1.435045 -1.1695791 0.4067542,
1.435045 -0.38057917 0.4067542,
1.435045 0.40842092 0.4067542,
1.435045 1.197421 0.4067542,
1.435045 -1.169579 0.40675414,
1.435045 -0.38057917 0.40675414,
1.435045 0.40842092 0.40675414,
1.435045 1.197421 0.40675414,
1.435045 -1.1695791 0.10592082,
1.435045 -1.169579 0.10592082,
1.435045 -0.38057917 0.10592082,
1.435045 0.40842092 0.10592082,
1.435045 1.197421 0.10592082,
1.4362533 -1.169642 1.0096421,
1.4362533 -0.380642 1.0096421,
1.4362533 0.40835798 1.0096421,
1.4362533 1.197358 1.0096421,
1.4362533 -1.169642 0.7088086,
1.4362533 -0.380642 0.7088086,
1.4362533 0.40835798 0.7088086,
1.4362533 1.197358 0.7088086,
1.4362533 -1.169642 0.40797538,
1.4362533 -0.380642 0.40797538,
1.4362533 0.40835798 0.40797538,
1.4362533 1.197358 0.40797538,
1.4362533 -1.169642 0.40797532,
1.4362533 -0.380642 0.40797532,
1.4362533 0.40835798 0.40797532,
1.4362533 1.197358 0.40797532,
1.4362533 -1.169642 0.10714203,
1.4362533 -0.380642 0.10714203,
1.4362533 0.40835798 0.10714203,
1.4362533 1.197358 0.10714203,
1.437 -1.1695877 1.009809,
1.437 -1.1684122 1.009809,
1.437 -0.38058776 1.009809,
1.437 -0.37941217 1.009809,
1.437 0.40841222 1.009809,
1.437 0.40958786 1.009809,
1.437 1.1974124 1.009809,
1.437 1.1985878 1.009809,
1.437 -1.169642 1.0096421,
1.437 -1.1683578 1.0096421,
1.437 -0.380642 1.0096421,
1.437 -0.37935787 1.0096421,
1.437 0.40835798 1.0096421,
1.437 0.40964234 1.0096421,
1.437 1.197358 1.0096421,
1.437 1.1986421 1.0096421,
1.437 -1.169951 1.008691,
1.437 -1.1680489 1.008691,
1.437 -0.38095105 1.008691,
1.437 -0.37904888 1.008691,
1.437 0.40804899 1.008691,
1.437 0.40995109 1.008691,
1.437 1.197049 1.008691,
1.437 1.1989511 1.008691,
1.437 -1.169579 1.0084207,
1.437 -1.1684208 1.0084207,
1.437 -0.38057917 1.0084207,
1.437 -0.3794207 1.0084207,
1.437 0.40842092 1.0084207,
1.437 0.40957916 1.0084207,
1.437 1.197421 1.0084207,
1.437 1.1985792 1.0084207,
1.437 -1.1689999 1.008,
1.437 -0.37999994 1.008,
1.437 0.40900004 1.008,
1.437 1.1980001 1.008,
1.437 -1.1695877 0.70897567,
1.437 -1.1684122 0.70897567,
1.437 -0.38058776 0.70897567,
1.437 -0.37941217 0.70897567,
1.437 0.40841222 0.70897567,
1.437 0.40958786 0.70897567,
1.437 1.1974124 0.70897567,
1.437 1.1985878 0.70897567,
1.437 -1.169642 0.7088086,
1.437 -1.1683578 0.7088086,
1.437 -0.380642 0.7088086,
1.437 -0.37935787 0.7088086,
1.437 0.40835798 0.7088086,
1.437 0.40964234 0.7088086,
1.437 1.197358 0.7088086,
1.437 1.1986421 0.7088086,
1.437 -1.169951 0.70785761,
1.437 -1.1680489 0.70785761,
1.437 -0.38095105 0.70785761,
1.437 -0.37904888 0.70785761,
1.437 0.40804899 0.70785761,
1.437 0.40995109 0.70785761,
1.437 1.197049 0.70785761,
1.437 1.1989511 0.70785761,
1.437 -1.169579 0.70758754,
1.437 -1.1684208 0.70758754,
1.437 -0.38057917 0.70758754,
1.437 -0.3794207 0.70758754,
1.437 0.40842092 0.70758754,
1.437 0.40957916 0.70758754,
1.437 1.197421 0.70758754,
1.437 1.1985792 0.70758754,
1.437 -1.1689999 0.70716667,
1.437 -0.37999994 0.70716667,
1.437 0.40900004 0.70716667,
1.437 1.1980001 0.70716667,
1.437 -1.1695877 0.40814236,
1.437 -1.1684122 0.40814236,
1.437 -0.38058776 0.40814236,
1.437 -0.37941217 0.40814236,
1.437 0.40841222 0.40814236,
1.437 0.40958786 0.40814236,
1.437 1.1974124 0.40814236,
1.437 1.1985878 0.40814236,
1.437 -1.169642 0.40797538,
1.437 -0.380642 0.40797538,
1.437 0.40835798 0.40797538,
1.437 1.197358 0.40797538,
1.437 -1.1683578 0.40797532,
1.437 -0.37935787 0.40797532,
1.437 0.40964234 0.40797532,
1.437 1.1986421 0.40797532,
1.437 -1.169951 0.40702432,
1.437 -1.1680489 0.40702432,
1.437 -0.38095105 0.40702432,
1.437 -0.37904888 0.40702432,
1.437 0.40804899 0.40702432,
1.437 0.40995109 0.40702432,
1.437 1.197049 0.40702432,
1.437 1.1989511 0.40702432,
1.437 -1.1684208 0.4067542,
1.437 -0.3794207 0.4067542,
1.437 0.40957916 0.4067542,
1.437 1.1985792 0.4067542,
1.437 -1.169579 0.40675414,
1.437 -0.38057917 0.40675414,
1.437 0.40842092 0.40675414,
1.437 1.197421 0.40675414,
1.437 -1.1689999 0.40633333,
1.437 -0.37999994 0.40633333,
1.437 0.40900004 0.40633333,
1.437 1.1980001 0.40633333,
1.437 -1.1695877 0.10730901,
1.437 -1.1684122 0.10730901,
1.437 -0.38058776 0.10730901,
1.437 -0.37941217 0.10730901,
1.437 0.40841222 0.10730901,
1.437 0.40958786 0.10730901,
1.437 1.1974124 0.10730901,
1.437 1.1985878 0.10730901,
1.437 -1.169642 0.10714203,
1.437 -1.1683578 0.10714203,
1.437 -0.380642 0.10714203,
1.437 -0.37935787 0.10714203,
1.437 0.40835798 0.10714203,
1.437 0.40964234 0.10714203,
1.437 1.197358 0.10714203,
1.437 1.1986421 0.10714203,
1.437 -1.169951 0.10619098,
1.437 -1.1680489 0.10619098,
1.437 -0.38095105 0.10619098,
1.437 -0.37904888 0.10619098,
1.437 0.40804899 0.10619098,
1.437 0.40995109 0.10619098,
1.437 1.197049 0.10619098,
1.437 1.1989511 0.10619098,
1.437 -1.169579 0.10592082,
1.437 -1.1684208 0.10592082,
1.437 -0.38057917 0.10592082,
1.437 -0.3794207 0.10592082,
1.437 0.40842092 0.10592082,
1.437 0.40957916 0.10592082,
1.437 1.197421 0.10592082,
1.437 1.1985792 0.10592082,
1.437 -1.1689999 0.10550001,
1.437 -0.37999994 0.10550001,
1.437 0.40900004 0.10550001,
1.437 1.1980001 0.10550001,
1.451 -1.326 1.1389999,
1.451 1.341 1.1389999,
1.451 -1.326 0.0079999864,
1.451 1.341 0.0079999864
] }
normal Normal { vector [
-1 0 0,
0 -0.951057 0.309017,
0 -0.707107 -0.707107,
0 -0.707107 0.707107,
0 -0.587785 -0.809017,
0 0 1,
0 -1 0,
0 1 0,
0 0 -1,
0 0 1,
0 0.587785 -0.809017,
0 0.707107 -0.707107,
0 0.707107 0.707107,
0 0.951057 0.309017,
1 0 0
] }
texCoord TextureCoordinate { point [
-4.96925 0,
-4.96925 0.0608978,
-4.96925 1,
-4.96925 1.15625,
-4.96925 1.79782,
-4.96925 2.76204,
-4.96925 3.72625,
-4.96925 4.62503,
-4.75784 1.31472,
-4.75784 2.27894,
-4.75784 3.24316,
-4.75784 4.20737,
-4.75738 0.044872,
-4.75738 0.0585044,
-4.75738 0.0585044,
-4.75738 0.0608978,
-4.7573 0.044872,
-4.7573 0.0608978,
-4.7573 1.3183,
-4.7573 2.28252,
-4.7573 3.24674,
-4.7573 4.21096,
-4.75643 1.3125,
-4.75643 2.27672,
-4.75643 3.24094,
-4.75643 4.20516,
-4.75555 0.044872,
-4.75555 0.0608978,
-4.75555 1.3183,
-4.75555 2.28252,
-4.75555 3.24674,
-4.75555 4.21096,
-4.75547 0.044872,
-4.75547 0.0472655,
-4.75547 0.0608978,
-4.75501 1.31472,
-4.75501 2.27894,
-4.75501 3.24316,
-4.75501 4.20737,
-4.1693 0.0608978,
-4.1693 1,
-4.1693 1.15625,
-4.1693 1.79782,
-4.1693 2.76204,
-4.1693 3.72625,
-4.1693 4.62503,
-3.58359 1.31472,
-3.58359 2.27894,
-3.58359 3.24316,
-3.58359 4.20737,
-3.58313 0.044872,
-3.58313 0.0585044,
-3.58313 0.0585044,
-3.58313 0.0608978,
-3.58305 0.044872,
-3.58305 0.0608978,
-3.58305 1.3183,
-3.58305 2.28252,
-3.58305 3.24674,
-3.58305 4.21096,
-3.58217 1.3125,
-3.58217 2.27672,
-3.58217 3.24094,
-3.58217 4.20516,
-3.5813 0.044872,
-3.5813 0.0608978,
-3.5813 1.3183,
-3.5813 2.28252,
-3.5813 3.24674,
-3.5813 4.21096,
-3.58122 0.044872,
-3.58122 0.0472655,
-3.58122 0.0608978,
-3.58076 1.31472,
-3.58076 2.27894,
-3.58076 3.24316,
-3.58076 4.20737,
-2.99504 0.0608978,
-2.99504 1,
-2.99504 1.15625,
-2.99504 1.79782,
-2.99504 2.76204,
-2.99504 3.72625,
-2.99504 4.62503,
-2.40933 1.31472,
-2.40933 2.27894,
-2.40933 3.24316,
-2.40933 4.20737,
-2.40887 0.044872,
-2.40887 0.0585044,
-2.40887 0.0585044,
-2.40887 0.0608978,
-2.40879 0.044872,
-2.40879 0.0608978,
-2.40879 1.3183,
-2.40879 2.28252,
-2.40879 3.24674,
-2.40879 4.21096,
-2.40792 1.3125,
-2.40792 2.27672,
-2.40792 3.24094,
-2.40792 4.20516,
-2.40704 0.044872,
-2.40704 0.0608978,
-2.40704 1.3183,
-2.40704 2.28252,
-2.40704 3.24674,
-2.40704 4.21096,
-2.40696 0.044872,
-2.40696 0.0472655,
-2.40696 0.0608978,
-2.4065 1.31472,
-2.4065 2.27894,
-2.4065 3.24316,
-2.4065 4.20737,
-1.82079 0.0608978,
-1.82079 1,
-1.82079 1.15625,
-1.82079 1.79782,
-1.82079 2.76204,
-1.82079 3.72625,
-1.82079 4.62503,
-1.23508 1.31472,
-1.23508 2.27894,
-1.23508 3.24316,
-1.23508 4.20737,
-1.23462 0.044872,
-1.23462 0.0585044,
-1.23462 0.0585044,
-1.23462 0.0608978,
-1.23454 0.044872,
-1.23454 0.0608978,
-1.23454 1.3183,
-1.23454 2.28252,
-1.23454 3.24674,
-1.23454 4.21096,
-1.23366 1.3125,
-1.23366 2.27672,
-1.23366 3.24094,
-1.23366 4.20516,
-1.23279 0.044872,
-1.23279 0.0608978,
-1.23279 1.3183,
-1.23279 2.28252,
-1.23279 3.24674,
-1.23279 4.21096,
-1.2327 0.044872,
-1.2327 0.0472655,
-1.2327 0.0608978,
-1.23225 1.31472,
-1.23225 2.27894,
-1.23225 3.24316,
-1.23225 4.20737,
-1.11609 0.0608978,
-1.11609 1,
-1.11609 1.15625,
-1.11609 1.79782,
-1.11609 2.76204,
-1.11609 3.72625,
-1.11609 4.62503,
-1 0,
-1 0.0608978,
-1 1,
-1 1.15625,
-1 1.79782,
-1 2.76204,
-1 3.72625,
-1 4.62503,
-0.0282773 1,
-0.0282773 1.15625,
-0.0282773 1.31385,
-0.0282773 1.31472,
-0.0282773 1.31777,
-0.0282773 1.79782,
-0.0282773 2.27807,
-0.0282773 2.27894,
-0.0282773 2.28198,
-0.0282773 2.76204,
-0.0282773 3.24229,
-0.0282773 3.24316,
-0.0282773 3.2462,
-0.0282773 3.72625,
-0.0282773 4.20651,
-0.0282773 4.20737,
-0.0282773 4.21042,
-0.0282773 4.62503,
-0.0271659 1.31777,
-0.0271659 2.28198,
-0.0271659 3.2462,
-0.0271659 4.21042,
-0.0271659 1.31777,
-0.0271659 2.28198,
-0.0271659 3.2462,
-0.0271659 4.21042,
-0.0253677 1.31385,
-0.0253677 2.27807,
-0.0253677 3.24229,
-0.0253677 4.20651,
-0.0253677 1.31385,
-0.0253677 2.27807,
-0.0253677 3.24229,
-0.0253677 4.20651,
-0.0208359 1.31385,
-0.0208359 1.31472,
-0.0208359 1.31777,
-0.0208359 2.27807,
-0.0208359 2.27894,
-0.0208359 2.28198,
-0.0208359 3.24229,
-0.0208359 3.24316,
-0.0208359 3.2462,
-0.0208359 4.20651,
-0.0208359 4.20737,
-0.0208359 4.21042,
0 1,
0 4.62503,
0.0208359 1.31385,
0.0208359 1.31472,
0.0208359 1.31777,
0.0208359 2.27807,
0.0208359 2.27894,
0.0208359 2.28198,
0.0208359 3.24229,
0.0208359 3.24316,
0.0208359 3.2462,
0.0208359 4.20651,
0.0208359 4.20737,
0.0208359 4.21042,
0.0219472 1.31777,
0.0219472 2.28198,
0.0219472 2.28198,
0.0219472 3.2462,
0.0219472 4.21042,
0.0237455 1.31385,
0.0237455 2.27807,
0.0237455 2.27807,
0.0237455 3.24229,
0.0237455 4.20651,
0.0282773 1,
0.0282773 1.15625,
0.0282773 1.31385,
0.0282773 1.31472,
0.0282773 1.31777,
0.0282773 1.79782,
0.0282773 2.27807,
0.0282773 2.27894,
0.0282773 2.28198,
0.0282773 2.76204,
0.0282773 3.24229,
0.0282773 3.24316,
0.0282773 3.2462,
0.0282773 3.72625,
0.0282773 4.20651,
0.0282773 4.20737,
0.0282773 4.21042,
0.0282773 4.62503,
1 0,
1 0.0608978,
1 1,
1 4.62503,
1.11609 0.0608978,
1.2328 0.0511381,
1.2328 0.0608978,
1.2328 0.044872,
1.2328 0.0511381,
1.23366 0.044872,
1.23366 0.0608978,
1.23452 0.044872,
1.23452 0.0546317,
1.23452 0.0546317,
1.23452 0.0608978,
1.82079 0.0608978,
2.40705 0.044872,
2.40705 0.0511381,
2.40705 0.0608978,
2.40792 0.044872,
2.40792 0.0608978,
2.40878 0.044872,
2.40878 0.0546317,
2.40878 0.0546317,
2.40878 0.0608978,
2.99504 0.0608978,
3.58131 0.044872,
3.58131 0.0511381,
3.58131 0.0608978,
3.58217 0.044872,
3.58217 0.0608978,
3.58303 0.044872,
3.58303 0.0546317,
3.58303 0.0546317,
3.58303 0.0608978,
4.1693 0.0608978,
4.75557 0.044872,
4.75557 0.0511381,
4.75557 0.0608978,
4.75643 0.044872,
4.75643 0.0608978,
4.75729 0.044872,
4.75729 0.0546317,
4.75729 0.0546317,
4.75729 0.0608978,
4.96925 0,
4.96925 0.0608978,
4.96925 1,
4.96925 4.62503
] }
coordIndex [
410,408,409,-1,
409,408,407,-1,
168,174,409,-1,
0,42,407,-1,
407,42,84,-1,
407,84,409,-1,
409,84,126,-1,
409,126,168,-1,
1,0,407,-1,
5,4,408,-1,
408,4,3,-1,
408,3,407,-1,
407,3,2,-1,
407,2,1,-1,
410,179,173,-1,
173,131,410,-1,
410,131,89,-1,
410,89,408,-1,
408,89,47,-1,
408,47,5,-1,
0,1,43,-1,
12,28,46,-1,
46,28,41,-1,
46,41,47,-1,
47,41,29,-1,
47,29,5,-1,
5,29,13,-1,
5,13,4,-1,
4,13,12,-1,
4,12,46,-1,
54,70,88,-1,
88,70,83,-1,
88,83,89,-1,
89,83,71,-1,
89,71,47,-1,
47,71,55,-1,
47,55,46,-1,
46,55,54,-1,
46,54,88,-1,
96,112,130,-1,
130,112,125,-1,
130,125,131,-1,
131,125,113,-1,
131,113,89,-1,
89,113,97,-1,
89,97,88,-1,
88,97,96,-1,
88,96,130,-1,
138,154,172,-1,
172,154,167,-1,
172,167,173,-1,
173,167,155,-1,
173,155,131,-1,
131,155,139,-1,
131,139,130,-1,
130,139,138,-1,
130,138,172,-1,
45,40,46,-1,
46,40,27,-1,
46,27,4,-1,
4,27,11,-1,
4,11,3,-1,
3,11,10,-1,
3,10,45,-1,
45,10,26,-1,
45,26,40,-1,
87,82,88,-1,
88,82,69,-1,
88,69,46,-1,
46,69,53,-1,
46,53,45,-1,
45,53,52,-1,
45,52,87,-1,
87,52,68,-1,
87,68,82,-1,
129,124,130,-1,
130,124,111,-1,
130,111,88,-1,
88,111,95,-1,
88,95,87,-1,
87,95,94,-1,
87,94,129,-1,
129,94,110,-1,
129,110,124,-1,
171,166,172,-1,
172,166,153,-1,
172,153,130,-1,
130,153,137,-1,
130,137,129,-1,
129,137,136,-1,
129,136,171,-1,
171,136,152,-1,
171,152,166,-1,
8,24,44,-1,
44,24,39,-1,
44,39,45,-1,
45,39,25,-1,
45,25,3,-1,
3,25,9,-1,
3,9,2,-1,
2,9,8,-1,
2,8,44,-1,
50,66,86,-1,
86,66,81,-1,
86,81,87,-1,
87,81,67,-1,
87,67,45,-1,
45,67,51,-1,
45,51,44,-1,
44,51,50,-1,
44,50,86,-1,
92,108,128,-1,
128,108,123,-1,
128,123,129,-1,
129,123,109,-1,
129,109,87,-1,
87,109,93,-1,
87,93,86,-1,
86,93,92,-1,
86,92,128,-1,
134,150,170,-1,
170,150,165,-1,
170,165,171,-1,
171,165,151,-1,
171,151,129,-1,
129,151,135,-1,
129,135,128,-1,
128,135,134,-1,
128,134,170,-1,
7,6,1,-1,
1,6,22,-1,
1,22,43,-1,
43,22,38,-1,
43,38,44,-1,
44,38,23,-1,
44,23,2,-1,
2,23,7,-1,
2,7,1,-1,
49,48,43,-1,
43,48,64,-1,
43,64,85,-1,
85,64,80,-1,
85,80,86,-1,
86,80,65,-1,
86,65,44,-1,
44,65,49,-1,
44,49,43,-1,
91,90,85,-1,
85,90,106,-1,
85,106,127,-1,
127,106,122,-1,
127,122,128,-1,
128,122,107,-1,
128,107,86,-1,
86,107,91,-1,
86,91,85,-1,
132,148,169,-1,
169,148,164,-1,
169,164,170,-1,
170,164,149,-1,
170,149,128,-1,
128,149,133,-1,
128,133,127,-1,
127,133,132,-1,
127,132,169,-1,
0,43,42,-1,
42,43,85,-1,
42,85,84,-1,
84,85,127,-1,
84,127,126,-1,
126,127,169,-1,
126,169,168,-1,
173,179,172,-1,
172,179,178,-1,
172,178,171,-1,
171,178,177,-1,
171,177,170,-1,
170,177,176,-1,
170,176,169,-1,
169,176,175,-1,
169,175,168,-1,
168,175,174,-1,
409,174,175,-1,
175,176,409,-1,
409,176,177,-1,
409,177,410,-1,
410,177,178,-1,
410,178,179,-1,
280,295,264,-1,
264,295,279,-1,
264,279,263,-1,
295,38,287,-1,
287,38,221,-1,
279,287,221,-1,
22,279,30,-1,
30,279,220,-1,
38,30,220,-1,
279,22,271,-1,
271,22,243,-1,
263,271,243,-1,
6,263,14,-1,
14,263,243,-1,
22,14,243,-1,
263,6,264,-1,
264,6,7,-1,
264,7,272,-1,
272,7,180,-1,
280,272,180,-1,
23,280,15,-1,
15,280,180,-1,
7,15,180,-1,
280,23,288,-1,
288,23,200,-1,
295,288,200,-1,
38,295,31,-1,
31,295,200,-1,
23,31,200,-1,
270,286,269,-1,
269,286,298,-1,
269,298,285,-1,
298,41,293,-1,
293,41,224,-1,
285,293,224,-1,
28,285,36,-1,
36,285,224,-1,
41,36,224,-1,
285,28,277,-1,
277,28,246,-1,
269,277,246,-1,
12,269,20,-1,
20,269,246,-1,
28,20,246,-1,
269,12,270,-1,
270,12,13,-1,
270,13,278,-1,
278,13,183,-1,
286,278,183,-1,
29,286,21,-1,
21,286,183,-1,
13,21,183,-1,
286,29,294,-1,
294,29,203,-1,
298,294,203,-1,
41,298,37,-1,
37,298,203,-1,
29,37,203,-1,
392,405,376,-1,
376,405,391,-1,
376,391,375,-1,
405,166,399,-1,
399,166,241,-1,
391,399,241,-1,
152,391,160,-1,
160,391,241,-1,
166,160,241,-1,
391,152,383,-1,
383,152,261,-1,
375,383,261,-1,
136,375,144,-1,
144,375,261,-1,
152,144,261,-1,
375,136,376,-1,
376,136,137,-1,
376,137,384,-1,
384,137,198,-1,
392,384,198,-1,
153,392,145,-1,
145,392,198,-1,
137,145,198,-1,
392,153,400,-1,
400,153,218,-1,
405,400,218,-1,
166,405,161,-1,
161,405,218,-1,
153,161,218,-1,
356,369,340,-1,
340,369,355,-1,
340,355,339,-1,
369,124,365,-1,
365,124,236,-1,
355,365,236,-1,
110,355,116,-1,
116,355,232,-1,
124,116,232,-1,
355,110,345,-1,
345,110,253,-1,
339,345,253,-1,
94,339,104,-1,
104,339,257,-1,
110,104,257,-1,
339,94,340,-1,
340,94,95,-1,
340,95,349,-1,
349,95,194,-1,
356,349,194,-1,
111,356,100,-1,
100,356,190,-1,
95,100,190,-1,
356,111,361,-1,
361,111,210,-1,
369,361,210,-1,
124,369,120,-1,
120,369,214,-1,
111,120,214,-1,
320,333,304,-1,
304,333,319,-1,
304,319,303,-1,
333,82,327,-1,
327,82,228,-1,
319,327,228,-1,
68,319,76,-1,
76,319,228,-1,
82,76,228,-1,
319,68,311,-1,
311,68,249,-1,
303,311,249,-1,
52,303,60,-1,
60,303,249,-1,
68,60,249,-1,
303,52,304,-1,
304,52,53,-1,
304,53,312,-1,
312,53,186,-1,
320,312,186,-1,
69,320,61,-1,
61,320,186,-1,
53,61,186,-1,
320,69,328,-1,
328,69,206,-1,
333,328,206,-1,
82,333,77,-1,
77,333,206,-1,
69,77,206,-1,
306,322,305,-1,
305,322,334,-1,
305,334,321,-1,
334,83,329,-1,
329,83,229,-1,
321,329,229,-1,
70,321,78,-1,
78,321,229,-1,
83,78,229,-1,
321,70,313,-1,
313,70,250,-1,
305,313,250,-1,
54,305,62,-1,
62,305,250,-1,
70,62,250,-1,
305,54,306,-1,
306,54,55,-1,
306,55,314,-1,
314,55,187,-1,
322,314,187,-1,
71,322,63,-1,
63,322,187,-1,
55,63,187,-1,
322,71,330,-1,
330,71,207,-1,
334,330,207,-1,
83,334,79,-1,
79,334,207,-1,
71,79,207,-1,
342,358,341,-1,
341,358,370,-1,
341,370,357,-1,
370,125,366,-1,
366,125,237,-1,
357,366,237,-1,
112,357,117,-1,
117,357,233,-1,
125,117,233,-1,
357,112,346,-1,
346,112,254,-1,
341,346,254,-1,
96,341,105,-1,
105,341,258,-1,
112,105,258,-1,
341,96,342,-1,
342,96,97,-1,
342,97,350,-1,
350,97,195,-1,
358,350,195,-1,
113,358,101,-1,
101,358,191,-1,
97,101,191,-1,
358,113,362,-1,
362,113,211,-1,
370,362,211,-1,
125,370,121,-1,
121,370,215,-1,
113,121,215,-1,
378,394,377,-1,
377,394,406,-1,
377,406,393,-1,
406,167,401,-1,
401,167,242,-1,
393,401,242,-1,
154,393,162,-1,
162,393,242,-1,
167,162,242,-1,
393,154,385,-1,
385,154,262,-1,
377,385,262,-1,
138,377,146,-1,
146,377,262,-1,
154,146,262,-1,
377,138,378,-1,
378,138,139,-1,
378,139,386,-1,
386,139,199,-1,
394,386,199,-1,
155,394,147,-1,
147,394,199,-1,
139,147,199,-1,
394,155,402,-1,
402,155,219,-1,
406,402,219,-1,
167,406,163,-1,
163,406,219,-1,
155,163,219,-1,
266,282,265,-1,
265,282,296,-1,
265,296,281,-1,
296,39,289,-1,
289,39,222,-1,
281,289,222,-1,
24,281,32,-1,
32,281,222,-1,
39,32,222,-1,
281,24,273,-1,
273,24,244,-1,
265,273,244,-1,
8,265,16,-1,
16,265,244,-1,
24,16,244,-1,
265,8,266,-1,
266,8,9,-1,
266,9,274,-1,
274,9,181,-1,
282,274,181,-1,
25,282,17,-1,
17,282,181,-1,
9,17,181,-1,
282,25,290,-1,
290,25,201,-1,
296,290,201,-1,
39,296,33,-1,
33,296,201,-1,
25,33,201,-1,
388,403,372,-1,
372,403,387,-1,
372,387,371,-1,
403,164,395,-1,
395,164,239,-1,
387,395,239,-1,
148,387,156,-1,
156,387,238,-1,
164,156,238,-1,
387,148,379,-1,
379,148,259,-1,
371,379,259,-1,
132,371,140,-1,
140,371,259,-1,
148,140,259,-1,
371,132,372,-1,
372,132,133,-1,
372,133,380,-1,
380,133,196,-1,
388,380,196,-1,
149,388,141,-1,
141,388,196,-1,
133,141,196,-1,
388,149,396,-1,
396,149,216,-1,
403,396,216,-1,
164,403,157,-1,
157,403,216,-1,
149,157,216,-1,
352,367,336,-1,
336,367,351,-1,
336,351,335,-1,
367,122,363,-1,
363,122,234,-1,
351,363,234,-1,
106,351,114,-1,
114,351,230,-1,
122,114,230,-1,
351,106,343,-1,
343,106,251,-1,
335,343,251,-1,
90,335,102,-1,
102,335,255,-1,
106,102,255,-1,
335,90,336,-1,
336,90,91,-1,
336,91,347,-1,
347,91,192,-1,
352,347,192,-1,
107,352,98,-1,
98,352,188,-1,
91,98,188,-1,
352,107,359,-1,
359,107,208,-1,
367,359,208,-1,
122,367,118,-1,
118,367,212,-1,
107,118,212,-1,
316,331,300,-1,
300,331,315,-1,
300,315,299,-1,
331,80,323,-1,
323,80,226,-1,
315,323,226,-1,
64,315,72,-1,
72,315,225,-1,
80,72,225,-1,
315,64,307,-1,
307,64,247,-1,
299,307,247,-1,
48,299,56,-1,
56,299,247,-1,
64,56,247,-1,
299,48,300,-1,
300,48,49,-1,
300,49,308,-1,
308,49,184,-1,
316,308,184,-1,
65,316,57,-1,
57,316,184,-1,
49,57,184,-1,
316,65,324,-1,
324,65,204,-1,
331,324,204,-1,
80,331,73,-1,
73,331,204,-1,
65,73,204,-1,
267,268,283,-1,
283,268,284,-1,
283,284,297,-1,
297,40,291,-1,
291,40,223,-1,
283,291,223,-1,
26,283,34,-1,
34,283,223,-1,
40,34,223,-1,
283,26,275,-1,
275,26,245,-1,
267,275,245,-1,
10,267,18,-1,
18,267,245,-1,
26,18,245,-1,
267,10,268,-1,
268,10,11,-1,
268,11,276,-1,
276,11,182,-1,
284,276,182,-1,
27,284,19,-1,
19,284,182,-1,
11,19,182,-1,
284,27,292,-1,
292,27,202,-1,
297,292,202,-1,
40,297,35,-1,
35,297,202,-1,
27,35,202,-1,
389,373,404,-1,
404,373,374,-1,
404,374,390,-1,
404,165,397,-1,
397,165,240,-1,
389,397,240,-1,
150,389,158,-1,
158,389,240,-1,
165,158,240,-1,
389,150,381,-1,
381,150,260,-1,
373,381,260,-1,
134,373,142,-1,
142,373,260,-1,
150,142,260,-1,
373,134,374,-1,
374,134,135,-1,
374,135,382,-1,
382,135,197,-1,
390,382,197,-1,
151,390,143,-1,
143,390,197,-1,
135,143,197,-1,
390,151,398,-1,
398,151,217,-1,
404,398,217,-1,
165,404,159,-1,
159,404,217,-1,
151,159,217,-1,
338,354,337,-1,
337,354,368,-1,
337,368,353,-1,
368,123,364,-1,
364,123,235,-1,
353,364,235,-1,
108,353,115,-1,
115,353,231,-1,
123,115,231,-1,
353,108,344,-1,
344,108,252,-1,
337,344,252,-1,
92,337,103,-1,
103,337,256,-1,
108,103,256,-1,
337,92,338,-1,
338,92,93,-1,
338,93,348,-1,
348,93,193,-1,
354,348,193,-1,
109,354,99,-1,
99,354,189,-1,
93,99,189,-1,
354,109,360,-1,
360,109,209,-1,
368,360,209,-1,
123,368,119,-1,
119,368,213,-1,
109,119,213,-1,
317,301,332,-1,
332,301,302,-1,
332,302,318,-1,
332,81,325,-1,
325,81,227,-1,
317,325,227,-1,
66,317,74,-1,
74,317,227,-1,
81,74,227,-1,
317,66,309,-1,
309,66,248,-1,
301,309,248,-1,
50,301,58,-1,
58,301,248,-1,
66,58,248,-1,
301,50,302,-1,
302,50,51,-1,
302,51,310,-1,
310,51,185,-1,
318,310,185,-1,
67,318,59,-1,
59,318,185,-1,
51,59,185,-1,
318,67,326,-1,
326,67,205,-1,
332,326,205,-1,
81,332,75,-1,
75,332,205,-1,
67,75,205,-1
]
normalIndex [
14,14,14,-1,
14,14,14,-1,
6,6,6,-1,
6,6,6,-1,
6,6,6,-1,
6,6,6,-1,
6,6,6,-1,
6,6,6,-1,
5,5,5,-1,
5,5,5,-1,
5,5,5,-1,
5,5,5,-1,
5,5,5,-1,
5,5,5,-1,
7,7,7,-1,
7,7,7,-1,
7,7,7,-1,
7,7,7,-1,
7,7,7,-1,
7,7,7,-1,
0,0,0,-1,
0,0,0,-1,
0,0,0,-1,
0,0,0,-1,
0,0,0,-1,
0,0,0,-1,
0,0,0,-1,
0,0,0,-1,
0,0,0,-1,
0,0,0,-1,
0,0,0,-1,
0,0,0,-1,
0,0,0,-1,
0,0,0,-1,
0,0,0,-1,
0,0,0,-1,
0,0,0,-1,
0,0,0,-1,
0,0,0,-1,
0,0,0,-1,
0,0,0,-1,
0,0,0,-1,
0,0,0,-1,
0,0,0,-1,
0,0,0,-1,
0,0,0,-1,
0,0,0,-1,
0,0,0,-1,
0,0,0,-1,
0,0,0,-1,
0,0,0,-1,
0,0,0,-1,
0,0,0,-1,
0,0,0,-1,
0,0,0,-1,
0,0,0,-1,
0,0,0,-1,
0,0,0,-1,
0,0,0,-1,
0,0,0,-1,
0,0,0,-1,
0,0,0,-1,
0,0,0,-1,
0,0,0,-1,
0,0,0,-1,
0,0,0,-1,
0,0,0,-1,
0,0,0,-1,
0,0,0,-1,
0,0,0,-1,
0,0,0,-1,
0,0,0,-1,
0,0,0,-1,
0,0,0,-1,
0,0,0,-1,
0,0,0,-1,
0,0,0,-1,
0,0,0,-1,
0,0,0,-1,
0,0,0,-1,
0,0,0,-1,
0,0,0,-1,
0,0,0,-1,
0,0,0,-1,
0,0,0,-1,
0,0,0,-1,
0,0,0,-1,
0,0,0,-1,
0,0,0,-1,
0,0,0,-1,
0,0,0,-1,
0,0,0,-1,
0,0,0,-1,
0,0,0,-1,
0,0,0,-1,
0,0,0,-1,
0,0,0,-1,
0,0,0,-1,
0,0,0,-1,
0,0,0,-1,
0,0,0,-1,
0,0,0,-1,
0,0,0,-1,
0,0,0,-1,
0,0,0,-1,
0,0,0,-1,
0,0,0,-1,
0,0,0,-1,
0,0,0,-1,
0,0,0,-1,
0,0,0,-1,
0,0,0,-1,
0,0,0,-1,
0,0,0,-1,
0,0,0,-1,
0,0,0,-1,
0,0,0,-1,
0,0,0,-1,
0,0,0,-1,
0,0,0,-1,
0,0,0,-1,
0,0,0,-1,
0,0,0,-1,
0,0,0,-1,
0,0,0,-1,
0,0,0,-1,
0,0,0,-1,
0,0,0,-1,
0,0,0,-1,
0,0,0,-1,
0,0,0,-1,
0,0,0,-1,
0,0,0,-1,
0,0,0,-1,
0,0,0,-1,
0,0,0,-1,
0,0,0,-1,
0,0,0,-1,
0,0,0,-1,
0,0,0,-1,
0,0,0,-1,
0,0,0,-1,
0,0,0,-1,
0,0,0,-1,
0,0,0,-1,
0,0,0,-1,
0,0,0,-1,
0,0,0,-1,
0,0,0,-1,
0,0,0,-1,
0,0,0,-1,
0,0,0,-1,
0,0,0,-1,
0,0,0,-1,
0,0,0,-1,
0,0,0,-1,
0,0,0,-1,
0,0,0,-1,
0,0,0,-1,
0,0,0,-1,
0,0,0,-1,
0,0,0,-1,
0,0,0,-1,
0,0,0,-1,
0,0,0,-1,
0,0,0,-1,
0,0,0,-1,
0,0,0,-1,
0,0,0,-1,
0,0,0,-1,
0,0,0,-1,
0,0,0,-1,
0,0,0,-1,
0,0,0,-1,
0,0,0,-1,
0,0,0,-1,
0,0,0,-1,
0,0,0,-1,
0,0,0,-1,
0,0,0,-1,
0,0,0,-1,
0,0,0,-1,
8,8,8,-1,
8,8,8,-1,
8,8,8,-1,
8,8,8,-1,
8,8,8,-1,
8,8,8,-1,
0,0,0,-1,
0,0,0,-1,
0,0,0,-1,
9,9,12,-1,
12,9,12,-1,
13,12,12,-1,
13,13,12,-1,
12,13,12,-1,
9,12,12,-1,
13,13,11,-1,
11,13,11,-1,
10,11,11,-1,
10,10,11,-1,
11,10,11,-1,
13,11,11,-1,
10,10,4,-1,
4,10,4,-1,
4,4,2,-1,
2,4,2,-1,
1,2,2,-1,
1,1,2,-1,
2,1,2,-1,
4,2,2,-1,
1,1,3,-1,
3,1,3,-1,
9,3,3,-1,
9,9,3,-1,
3,9,3,-1,
1,3,3,-1,
0,0,0,-1,
0,0,0,-1,
0,0,0,-1,
9,9,12,-1,
12,9,12,-1,
13,12,12,-1,
13,13,12,-1,
12,13,12,-1,
9,12,12,-1,
13,13,11,-1,
11,13,11,-1,
10,11,11,-1,
10,10,11,-1,
11,10,11,-1,
13,11,11,-1,
10,10,4,-1,
4,10,4,-1,
4,4,2,-1,
2,4,2,-1,
1,2,2,-1,
1,1,2,-1,
2,1,2,-1,
4,2,2,-1,
1,1,3,-1,
3,1,3,-1,
9,3,3,-1,
9,9,3,-1,
3,9,3,-1,
1,3,3,-1,
0,0,0,-1,
0,0,0,-1,
0,0,0,-1,
9,9,12,-1,
12,9,12,-1,
13,12,12,-1,
13,13,12,-1,
12,13,12,-1,
9,12,12,-1,
13,13,11,-1,
11,13,11,-1,
10,11,11,-1,
10,10,11,-1,
11,10,11,-1,
13,11,11,-1,
10,10,4,-1,
4,10,4,-1,
4,4,2,-1,
2,4,2,-1,
1,2,2,-1,
1,1,2,-1,
2,1,2,-1,
4,2,2,-1,
1,1,3,-1,
3,1,3,-1,
9,3,3,-1,
9,9,3,-1,
3,9,3,-1,
1,3,3,-1,
0,0,0,-1,
0,0,0,-1,
0,0,0,-1,
9,9,12,-1,
12,9,12,-1,
13,12,12,-1,
13,13,12,-1,
12,13,12,-1,
9,12,12,-1,
13,13,11,-1,
11,13,11,-1,
10,11,11,-1,
10,10,11,-1,
11,10,11,-1,
13,11,11,-1,
10,10,4,-1,
4,10,4,-1,
4,4,2,-1,
2,4,2,-1,
1,2,2,-1,
1,1,2,-1,
2,1,2,-1,
4,2,2,-1,
1,1,3,-1,
3,1,3,-1,
9,3,3,-1,
9,9,3,-1,
3,9,3,-1,
1,3,3,-1,
0,0,0,-1,
0,0,0,-1,
0,0,0,-1,
9,9,12,-1,
12,9,12,-1,
13,12,12,-1,
13,13,12,-1,
12,13,12,-1,
9,12,12,-1,
13,13,11,-1,
11,13,11,-1,
10,11,11,-1,
10,10,11,-1,
11,10,11,-1,
13,11,11,-1,
10,10,4,-1,
4,10,4,-1,
4,4,2,-1,
2,4,2,-1,
1,2,2,-1,
1,1,2,-1,
2,1,2,-1,
4,2,2,-1,
1,1,3,-1,
3,1,3,-1,
9,3,3,-1,
9,9,3,-1,
3,9,3,-1,
1,3,3,-1,
0,0,0,-1,
0,0,0,-1,
0,0,0,-1,
9,9,12,-1,
12,9,12,-1,
13,12,12,-1,
13,13,12,-1,
12,13,12,-1,
9,12,12,-1,
13,13,11,-1,
11,13,11,-1,
10,11,11,-1,
10,10,11,-1,
11,10,11,-1,
13,11,11,-1,
10,10,4,-1,
4,10,4,-1,
4,4,2,-1,
2,4,2,-1,
1,2,2,-1,
1,1,2,-1,
2,1,2,-1,
4,2,2,-1,
1,1,3,-1,
3,1,3,-1,
9,3,3,-1,
9,9,3,-1,
3,9,3,-1,
1,3,3,-1,
0,0,0,-1,
0,0,0,-1,
0,0,0,-1,
9,9,12,-1,
12,9,12,-1,
13,12,12,-1,
13,13,12,-1,
12,13,12,-1,
9,12,12,-1,
13,13,11,-1,
11,13,11,-1,
10,11,11,-1,
10,10,11,-1,
11,10,11,-1,
13,11,11,-1,
10,10,4,-1,
4,10,4,-1,
4,4,2,-1,
2,4,2,-1,
1,2,2,-1,
1,1,2,-1,
2,1,2,-1,
4,2,2,-1,
1,1,3,-1,
3,1,3,-1,
9,3,3,-1,
9,9,3,-1,
3,9,3,-1,
1,3,3,-1,
0,0,0,-1,
0,0,0,-1,
0,0,0,-1,
9,9,12,-1,
12,9,12,-1,
13,12,12,-1,
13,13,12,-1,
12,13,12,-1,
9,12,12,-1,
13,13,11,-1,
11,13,11,-1,
10,11,11,-1,
10,10,11,-1,
11,10,11,-1,
13,11,11,-1,
10,10,4,-1,
4,10,4,-1,
4,4,2,-1,
2,4,2,-1,
1,2,2,-1,
1,1,2,-1,
2,1,2,-1,
4,2,2,-1,
1,1,3,-1,
3,1,3,-1,
9,3,3,-1,
9,9,3,-1,
3,9,3,-1,
1,3,3,-1,
0,0,0,-1,
0,0,0,-1,
0,0,0,-1,
9,9,12,-1,
12,9,12,-1,
13,12,12,-1,
13,13,12,-1,
12,13,12,-1,
9,12,12,-1,
13,13,11,-1,
11,13,11,-1,
10,11,11,-1,
10,10,11,-1,
11,10,11,-1,
13,11,11,-1,
10,10,4,-1,
4,10,4,-1,
4,4,2,-1,
2,4,2,-1,
1,2,2,-1,
1,1,2,-1,
2,1,2,-1,
4,2,2,-1,
1,1,3,-1,
3,1,3,-1,
9,3,3,-1,
9,9,3,-1,
3,9,3,-1,
1,3,3,-1,
0,0,0,-1,
0,0,0,-1,
0,0,0,-1,
9,9,12,-1,
12,9,12,-1,
13,12,12,-1,
13,13,12,-1,
12,13,12,-1,
9,12,12,-1,
13,13,11,-1,
11,13,11,-1,
10,11,11,-1,
10,10,11,-1,
11,10,11,-1,
13,11,11,-1,
10,10,4,-1,
4,10,4,-1,
4,4,2,-1,
2,4,2,-1,
1,2,2,-1,
1,1,2,-1,
2,1,2,-1,
4,2,2,-1,
1,1,3,-1,
3,1,3,-1,
9,3,3,-1,
9,9,3,-1,
3,9,3,-1,
1,3,3,-1,
0,0,0,-1,
0,0,0,-1,
0,0,0,-1,
9,9,12,-1,
12,9,12,-1,
13,12,12,-1,
13,13,12,-1,
12,13,12,-1,
9,12,12,-1,
13,13,11,-1,
11,13,11,-1,
10,11,11,-1,
10,10,11,-1,
11,10,11,-1,
13,11,11,-1,
10,10,4,-1,
4,10,4,-1,
4,4,2,-1,
2,4,2,-1,
1,2,2,-1,
1,1,2,-1,
2,1,2,-1,
4,2,2,-1,
1,1,3,-1,
3,1,3,-1,
9,3,3,-1,
9,9,3,-1,
3,9,3,-1,
1,3,3,-1,
0,0,0,-1,
0,0,0,-1,
0,0,0,-1,
9,9,12,-1,
12,9,12,-1,
13,12,12,-1,
13,13,12,-1,
12,13,12,-1,
9,12,12,-1,
13,13,11,-1,
11,13,11,-1,
10,11,11,-1,
10,10,11,-1,
11,10,11,-1,
13,11,11,-1,
10,10,4,-1,
4,10,4,-1,
4,4,2,-1,
2,4,2,-1,
1,2,2,-1,
1,1,2,-1,
2,1,2,-1,
4,2,2,-1,
1,1,3,-1,
3,1,3,-1,
9,3,3,-1,
9,9,3,-1,
3,9,3,-1,
1,3,3,-1,
0,0,0,-1,
0,0,0,-1,
0,0,0,-1,
9,9,12,-1,
12,9,12,-1,
13,12,12,-1,
13,13,12,-1,
12,13,12,-1,
9,12,12,-1,
13,13,11,-1,
11,13,11,-1,
10,11,11,-1,
10,10,11,-1,
11,10,11,-1,
13,11,11,-1,
10,10,4,-1,
4,10,4,-1,
4,4,2,-1,
2,4,2,-1,
1,2,2,-1,
1,1,2,-1,
2,1,2,-1,
4,2,2,-1,
1,1,3,-1,
3,1,3,-1,
9,3,3,-1,
9,9,3,-1,
3,9,3,-1,
1,3,3,-1,
0,0,0,-1,
0,0,0,-1,
0,0,0,-1,
9,9,12,-1,
12,9,12,-1,
13,12,12,-1,
13,13,12,-1,
12,13,12,-1,
9,12,12,-1,
13,13,11,-1,
11,13,11,-1,
10,11,11,-1,
10,10,11,-1,
11,10,11,-1,
13,11,11,-1,
10,10,4,-1,
4,10,4,-1,
4,4,2,-1,
2,4,2,-1,
1,2,2,-1,
1,1,2,-1,
2,1,2,-1,
4,2,2,-1,
1,1,3,-1,
3,1,3,-1,
9,3,3,-1,
9,9,3,-1,
3,9,3,-1,
1,3,3,-1,
0,0,0,-1,
0,0,0,-1,
0,0,0,-1,
9,9,12,-1,
12,9,12,-1,
13,12,12,-1,
13,13,12,-1,
12,13,12,-1,
9,12,12,-1,
13,13,11,-1,
11,13,11,-1,
10,11,11,-1,
10,10,11,-1,
11,10,11,-1,
13,11,11,-1,
10,10,4,-1,
4,10,4,-1,
4,4,2,-1,
2,4,2,-1,
1,2,2,-1,
1,1,2,-1,
2,1,2,-1,
4,2,2,-1,
1,1,3,-1,
3,1,3,-1,
9,3,3,-1,
9,9,3,-1,
3,9,3,-1,
1,3,3,-1,
0,0,0,-1,
0,0,0,-1,
0,0,0,-1,
9,9,12,-1,
12,9,12,-1,
13,12,12,-1,
13,13,12,-1,
12,13,12,-1,
9,12,12,-1,
13,13,11,-1,
11,13,11,-1,
10,11,11,-1,
10,10,11,-1,
11,10,11,-1,
13,11,11,-1,
10,10,4,-1,
4,10,4,-1,
4,4,2,-1,
2,4,2,-1,
1,2,2,-1,
1,1,2,-1,
2,1,2,-1,
4,2,2,-1,
1,1,3,-1,
3,1,3,-1,
9,3,3,-1,
9,9,3,-1,
3,9,3,-1,
1,3,3,-1
]
texCoordIndex [
303,304,258,-1,
258,304,259,-1,
169,168,214,-1,
185,181,215,-1,
215,181,177,-1,
215,177,214,-1,
214,177,173,-1,
214,173,169,-1,
260,257,256,-1,
302,291,301,-1,
301,291,281,-1,
301,281,256,-1,
256,281,271,-1,
256,271,260,-1,
214,238,239,-1,
239,243,214,-1,
214,243,247,-1,
214,247,215,-1,
215,247,251,-1,
215,251,255,-1,
167,159,158,-1,
31,38,44,-1,
44,38,25,-1,
44,25,6,-1,
6,25,11,-1,
6,11,7,-1,
7,11,21,-1,
7,21,45,-1,
45,21,31,-1,
45,31,44,-1,
30,37,43,-1,
43,37,24,-1,
43,24,5,-1,
5,24,10,-1,
5,10,6,-1,
6,10,20,-1,
6,20,44,-1,
44,20,30,-1,
44,30,43,-1,
29,36,42,-1,
42,36,23,-1,
42,23,4,-1,
4,23,9,-1,
4,9,5,-1,
5,9,19,-1,
5,19,43,-1,
43,19,29,-1,
43,29,42,-1,
28,35,41,-1,
41,35,22,-1,
41,22,3,-1,
3,22,8,-1,
3,8,4,-1,
4,8,18,-1,
4,18,42,-1,
42,18,28,-1,
42,28,41,-1,
82,63,44,-1,
44,63,49,-1,
44,49,45,-1,
45,49,59,-1,
45,59,83,-1,
83,59,69,-1,
83,69,82,-1,
82,69,76,-1,
82,76,63,-1,
81,62,43,-1,
43,62,48,-1,
43,48,44,-1,
44,48,58,-1,
44,58,82,-1,
82,58,68,-1,
82,68,81,-1,
81,68,75,-1,
81,75,62,-1,
80,61,42,-1,
42,61,47,-1,
42,47,43,-1,
43,47,57,-1,
43,57,81,-1,
81,57,67,-1,
81,67,80,-1,
80,67,74,-1,
80,74,61,-1,
79,60,41,-1,
41,60,46,-1,
41,46,42,-1,
42,46,56,-1,
42,56,80,-1,
80,56,66,-1,
80,66,79,-1,
79,66,73,-1,
79,73,60,-1,
107,114,120,-1,
120,114,101,-1,
120,101,82,-1,
82,101,87,-1,
82,87,83,-1,
83,87,97,-1,
83,97,121,-1,
121,97,107,-1,
121,107,120,-1,
106,113,119,-1,
119,113,100,-1,
119,100,81,-1,
81,100,86,-1,
81,86,82,-1,
82,86,96,-1,
82,96,120,-1,
120,96,106,-1,
120,106,119,-1,
105,112,118,-1,
118,112,99,-1,
118,99,80,-1,
80,99,85,-1,
80,85,81,-1,
81,85,95,-1,
81,95,119,-1,
119,95,105,-1,
119,105,118,-1,
104,111,117,-1,
117,111,98,-1,
117,98,79,-1,
79,98,84,-1,
79,84,80,-1,
80,84,94,-1,
80,94,118,-1,
118,94,104,-1,
118,104,117,-1,
135,145,159,-1,
159,145,152,-1,
159,152,158,-1,
158,152,139,-1,
158,139,120,-1,
120,139,125,-1,
120,125,121,-1,
121,125,135,-1,
121,135,159,-1,
134,144,158,-1,
158,144,151,-1,
158,151,157,-1,
157,151,138,-1,
157,138,119,-1,
119,138,124,-1,
119,124,120,-1,
120,124,134,-1,
120,134,158,-1,
133,143,157,-1,
157,143,150,-1,
157,150,156,-1,
156,150,137,-1,
156,137,118,-1,
118,137,123,-1,
118,123,119,-1,
119,123,133,-1,
119,133,157,-1,
142,149,155,-1,
155,149,136,-1,
155,136,117,-1,
117,136,122,-1,
117,122,118,-1,
118,122,132,-1,
118,132,156,-1,
156,132,142,-1,
156,142,155,-1,
167,158,166,-1,
166,158,157,-1,
166,157,165,-1,
165,157,156,-1,
165,156,164,-1,
164,156,155,-1,
164,155,163,-1,
3,2,41,-1,
41,2,40,-1,
41,40,79,-1,
79,40,78,-1,
79,78,117,-1,
117,78,116,-1,
117,116,155,-1,
155,116,154,-1,
155,154,163,-1,
163,154,162,-1,
160,161,153,-1,
153,115,160,-1,
160,115,77,-1,
160,77,0,-1,
0,77,39,-1,
0,39,1,-1,
125,139,135,-1,
135,139,152,-1,
135,152,145,-1,
265,266,263,-1,
263,266,264,-1,
226,225,237,-1,
253,226,252,-1,
252,226,237,-1,
266,262,261,-1,
226,253,227,-1,
227,253,232,-1,
140,146,147,-1,
141,140,148,-1,
148,140,147,-1,
253,254,232,-1,
140,141,130,-1,
130,141,131,-1,
130,131,126,-1,
126,131,127,-1,
212,213,193,-1,
183,212,184,-1,
184,212,189,-1,
131,129,128,-1,
212,183,211,-1,
211,183,197,-1,
265,267,269,-1,
266,265,270,-1,
270,265,268,-1,
183,182,201,-1,
21,11,31,-1,
31,11,25,-1,
31,25,38,-1,
295,296,292,-1,
292,296,293,-1,
226,225,237,-1,
253,226,252,-1,
252,226,237,-1,
296,294,293,-1,
226,253,227,-1,
227,253,232,-1,
26,32,33,-1,
27,26,34,-1,
34,26,33,-1,
253,254,232,-1,
26,27,16,-1,
16,27,17,-1,
16,17,12,-1,
12,17,13,-1,
212,213,193,-1,
183,212,184,-1,
184,212,189,-1,
17,15,14,-1,
212,183,211,-1,
211,183,197,-1,
295,297,299,-1,
296,295,300,-1,
300,295,298,-1,
183,182,201,-1,
46,60,56,-1,
56,60,73,-1,
56,73,66,-1,
285,286,282,-1,
282,286,283,-1,
217,216,233,-1,
241,217,240,-1,
240,217,233,-1,
286,284,283,-1,
217,241,218,-1,
218,241,228,-1,
64,70,71,-1,
65,64,72,-1,
72,64,71,-1,
241,242,228,-1,
64,65,54,-1,
54,65,55,-1,
54,55,50,-1,
50,55,51,-1,
203,204,190,-1,
171,203,172,-1,
172,203,186,-1,
55,53,52,-1,
203,171,202,-1,
202,171,194,-1,
285,287,289,-1,
286,285,290,-1,
290,285,288,-1,
171,170,198,-1,
47,61,57,-1,
57,61,74,-1,
57,74,67,-1,
285,286,282,-1,
282,286,283,-1,
220,219,234,-1,
245,220,244,-1,
244,220,235,-1,
286,284,283,-1,
220,245,221,-1,
221,245,230,-1,
64,70,71,-1,
65,64,72,-1,
72,64,71,-1,
245,246,229,-1,
64,65,54,-1,
54,65,55,-1,
54,55,50,-1,
50,55,51,-1,
206,207,191,-1,
175,206,176,-1,
176,206,187,-1,
55,53,52,-1,
206,175,205,-1,
205,175,195,-1,
285,287,289,-1,
286,285,290,-1,
290,285,288,-1,
175,174,199,-1,
48,62,58,-1,
58,62,75,-1,
58,75,68,-1,
285,286,282,-1,
282,286,283,-1,
223,222,236,-1,
249,223,248,-1,
248,223,236,-1,
286,284,283,-1,
223,249,224,-1,
224,249,231,-1,
64,70,71,-1,
65,64,72,-1,
72,64,71,-1,
249,250,231,-1,
64,65,54,-1,
54,65,55,-1,
54,55,50,-1,
50,55,51,-1,
209,210,192,-1,
179,209,180,-1,
180,209,188,-1,
55,53,52,-1,
209,179,208,-1,
208,179,196,-1,
285,287,289,-1,
286,285,290,-1,
290,285,288,-1,
179,178,200,-1,
20,10,30,-1,
30,10,24,-1,
30,24,37,-1,
295,296,292,-1,
292,296,293,-1,
223,222,236,-1,
249,223,248,-1,
248,223,236,-1,
296,294,293,-1,
223,249,224,-1,
224,249,231,-1,
26,32,33,-1,
27,26,34,-1,
34,26,33,-1,
249,250,231,-1,
26,27,16,-1,
16,27,17,-1,
16,17,12,-1,
12,17,13,-1,
209,210,192,-1,
179,209,180,-1,
180,209,188,-1,
17,15,14,-1,
209,179,208,-1,
208,179,196,-1,
295,297,299,-1,
296,295,300,-1,
300,295,298,-1,
179,178,200,-1,
19,9,29,-1,
29,9,23,-1,
29,23,36,-1,
295,296,292,-1,
292,296,293,-1,
220,219,234,-1,
245,220,244,-1,
244,220,235,-1,
296,294,293,-1,
220,245,221,-1,
221,245,230,-1,
26,32,33,-1,
27,26,34,-1,
34,26,33,-1,
245,246,229,-1,
26,27,16,-1,
16,27,17,-1,
16,17,12,-1,
12,17,13,-1,
206,207,191,-1,
175,206,176,-1,
176,206,187,-1,
17,15,14,-1,
206,175,205,-1,
205,175,195,-1,
295,297,299,-1,
296,295,300,-1,
300,295,298,-1,
175,174,199,-1,
18,8,28,-1,
28,8,22,-1,
28,22,35,-1,
295,296,292,-1,
292,296,293,-1,
217,216,233,-1,
241,217,240,-1,
240,217,233,-1,
296,294,293,-1,
217,241,218,-1,
218,241,228,-1,
26,32,33,-1,
27,26,34,-1,
34,26,33,-1,
241,242,228,-1,
26,27,16,-1,
16,27,17,-1,
16,17,12,-1,
12,17,13,-1,
203,204,190,-1,
171,203,172,-1,
172,203,186,-1,
17,15,14,-1,
203,171,202,-1,
202,171,194,-1,
295,297,299,-1,
296,295,300,-1,
300,295,298,-1,
171,170,198,-1,
97,87,107,-1,
107,87,101,-1,
107,101,114,-1,
275,276,272,-1,
272,276,273,-1,
226,225,237,-1,
253,226,252,-1,
252,226,237,-1,
276,274,273,-1,
226,253,227,-1,
227,253,232,-1,
102,108,109,-1,
103,102,110,-1,
110,102,109,-1,
253,254,232,-1,
102,103,92,-1,
92,103,93,-1,
92,93,88,-1,
88,93,89,-1,
212,213,193,-1,
183,212,184,-1,
184,212,189,-1,
93,91,90,-1,
212,183,211,-1,
211,183,197,-1,
275,277,279,-1,
276,275,280,-1,
280,275,278,-1,
183,182,201,-1,
122,136,132,-1,
132,136,149,-1,
132,149,142,-1,
265,266,263,-1,
263,266,264,-1,
217,216,233,-1,
241,217,240,-1,
240,217,233,-1,
266,262,261,-1,
217,241,218,-1,
218,241,228,-1,
140,146,147,-1,
141,140,148,-1,
148,140,147,-1,
241,242,228,-1,
140,141,130,-1,
130,141,131,-1,
130,131,126,-1,
126,131,127,-1,
203,204,190,-1,
171,203,172,-1,
172,203,186,-1,
131,129,128,-1,
203,171,202,-1,
202,171,194,-1,
265,267,269,-1,
266,265,270,-1,
270,265,268,-1,
171,170,198,-1,
123,137,133,-1,
133,137,150,-1,
133,150,143,-1,
265,266,263,-1,
263,266,264,-1,
220,219,234,-1,
245,220,244,-1,
244,220,235,-1,
266,262,261,-1,
220,245,221,-1,
221,245,230,-1,
140,146,147,-1,
141,140,148,-1,
148,140,147,-1,
245,246,229,-1,
140,141,130,-1,
130,141,131,-1,
130,131,126,-1,
126,131,127,-1,
206,207,191,-1,
175,206,176,-1,
176,206,187,-1,
131,129,128,-1,
206,175,205,-1,
205,175,195,-1,
265,267,269,-1,
266,265,270,-1,
270,265,268,-1,
175,174,199,-1,
124,138,134,-1,
134,138,151,-1,
134,151,144,-1,
265,266,263,-1,
263,266,264,-1,
223,222,236,-1,
249,223,248,-1,
248,223,236,-1,
266,262,261,-1,
223,249,224,-1,
224,249,231,-1,
140,146,147,-1,
141,140,148,-1,
148,140,147,-1,
249,250,231,-1,
140,141,130,-1,
130,141,131,-1,
130,131,126,-1,
126,131,127,-1,
209,210,192,-1,
179,209,180,-1,
180,209,188,-1,
131,129,128,-1,
209,179,208,-1,
208,179,196,-1,
265,267,269,-1,
266,265,270,-1,
270,265,268,-1,
179,178,200,-1,
69,59,76,-1,
76,59,49,-1,
76,49,63,-1,
285,286,282,-1,
282,286,283,-1,
226,225,237,-1,
253,226,252,-1,
252,226,237,-1,
286,284,283,-1,
226,253,227,-1,
227,253,232,-1,
64,70,71,-1,
65,64,72,-1,
72,64,71,-1,
253,254,232,-1,
64,65,54,-1,
54,65,55,-1,
54,55,50,-1,
50,55,51,-1,
212,213,193,-1,
183,212,184,-1,
184,212,189,-1,
55,53,52,-1,
212,183,211,-1,
211,183,197,-1,
285,287,289,-1,
286,285,290,-1,
290,285,288,-1,
183,182,201,-1,
111,104,98,-1,
98,104,94,-1,
98,94,84,-1,
275,276,272,-1,
272,276,273,-1,
217,216,233,-1,
241,217,240,-1,
240,217,233,-1,
276,274,273,-1,
217,241,218,-1,
218,241,228,-1,
102,108,109,-1,
103,102,110,-1,
110,102,109,-1,
241,242,228,-1,
102,103,92,-1,
92,103,93,-1,
92,93,88,-1,
88,93,89,-1,
203,204,190,-1,
171,203,172,-1,
172,203,186,-1,
93,91,90,-1,
203,171,202,-1,
202,171,194,-1,
275,277,279,-1,
276,275,280,-1,
280,275,278,-1,
171,170,198,-1,
95,85,105,-1,
105,85,99,-1,
105,99,112,-1,
275,276,272,-1,
272,276,273,-1,
220,219,234,-1,
245,220,244,-1,
244,220,235,-1,
276,274,273,-1,
220,245,221,-1,
221,245,230,-1,
102,108,109,-1,
103,102,110,-1,
110,102,109,-1,
245,246,229,-1,
102,103,92,-1,
92,103,93,-1,
92,93,88,-1,
88,93,89,-1,
206,207,191,-1,
175,206,176,-1,
176,206,187,-1,
93,91,90,-1,
206,175,205,-1,
205,175,195,-1,
275,277,279,-1,
276,275,280,-1,
280,275,278,-1,
175,174,199,-1,
113,106,100,-1,
100,106,96,-1,
100,96,86,-1,
275,276,272,-1,
272,276,273,-1,
223,222,236,-1,
249,223,248,-1,
248,223,236,-1,
276,274,273,-1,
223,249,224,-1,
224,249,231,-1,
102,108,109,-1,
103,102,110,-1,
110,102,109,-1,
249,250,231,-1,
102,103,92,-1,
92,103,93,-1,
92,93,88,-1,
88,93,89,-1,
209,210,192,-1,
179,209,180,-1,
180,209,188,-1,
93,91,90,-1,
209,179,208,-1,
208,179,196,-1,
275,277,279,-1,
276,275,280,-1,
280,275,278,-1,
179,178,200,-1
]
}
}
Shape {
appearance Appearance {
material Material {
ambientIntensity 0
diffuseColor 1 1 1
specularColor 0 0 0
shininess 0
transparency 0
}
texture USE MDF
}
geometry IndexedFaceSet {
normalPerVertex TRUE
solid TRUE
convex TRUE
coord Coordinate { point [
1.413 -1.276 1.109,
1.413 -1.212 1.109,
1.413 -1.276 0.0065000057,
1.413 -1.212 0.0065000057,
1.429 -1.196 1.109,
1.429 -1.196 0.0065000057,
1.432 -1.276 1.109,
1.432 -1.196 1.109,
1.432 -1.276 0.0065000057,
1.432 -1.196 0.0065000057
] }
normal Normal { vector [
-1 0 0,
-0.707107 0.707107 0,
0 0 -1,
0 -1 0,
0 1 0,
0 0 1,
1 0 0
] }
texCoord TextureCoordinate { point [
-23.05 0,
-23.05 0.320001,
-23.05 0.380001,
-23.05 0.68,
-23.05 2.28,
-0.999999 0,
-0.999999 0.320001,
-0.999999 0.380001,
-0.999999 0.68,
-0.999999 2.28,
-0.380001 0.68,
-0.380001 2.28,
-0.320001 0.68,
0 1,
0 2.28,
0.320001 0.68,
0.380001 0.68,
0.380001 2.28,
0.999999 0,
0.999999 0.380001,
0.999999 1,
0.999999 2.28,
23.05 0,
23.05 0.380001,
23.05 1,
23.05 2.28
] }
coordIndex [
4,7,5,-1,
5,7,9,-1,
7,6,9,-1,
9,6,8,-1,
6,0,8,-1,
8,0,2,-1,
0,1,2,-1,
2,1,3,-1,
1,4,3,-1,
3,4,5,-1,
1,0,4,-1,
4,0,6,-1,
4,6,7,-1,
2,3,8,-1,
8,3,5,-1,
8,5,9,-1
]
normalIndex [
4,4,4,-1,
4,4,4,-1,
6,6,6,-1,
6,6,6,-1,
3,3,3,-1,
3,3,3,-1,
0,0,0,-1,
0,0,0,-1,
1,1,1,-1,
1,1,1,-1,
5,5,5,-1,
5,5,5,-1,
5,5,5,-1,
2,2,2,-1,
2,2,2,-1,
2,2,2,-1
]
texCoordIndex [
6,7,1,-1,
1,7,2,-1,
8,9,3,-1,
3,9,4,-1,
19,18,23,-1,
23,18,22,-1,
21,20,25,-1,
25,20,24,-1,
5,6,0,-1,
0,6,1,-1,
13,14,12,-1,
12,14,11,-1,
12,11,10,-1,
14,13,17,-1,
17,13,15,-1,
17,15,16,-1
]
}
}
Shape {
appearance Appearance {
material Material {
ambientIntensity 0
diffuseColor 1 1 1
specularColor 0 0 0
shininess 0
transparency 0
}
texture USE MDF
}
geometry IndexedFaceSet {
normalPerVertex TRUE
solid TRUE
convex TRUE
coord Coordinate { point [
1.413 -0.48699999 1.109,
1.413 -0.42299998 1.109,
1.413 -0.48699999 0.0065000057,
1.413 -0.42299998 0.0065000057,
1.429 -0.40699995 1.109,
1.429 -0.40699995 0.0065000057,
1.432 -0.48699999 1.109,
1.432 -0.40699995 1.109,
1.432 -0.48699999 0.0065000057,
1.432 -0.40699995 0.0065000057
] }
normal Normal { vector [
-1 0 0,
-0.707107 0.707107 0,
0 0 -1,
0 -1 0,
0 1 0,
0 0 1,
1 0 0
] }
texCoord TextureCoordinate { point [
-23.05 0,
-23.05 0.320001,
-23.05 0.380001,
-23.05 0.68,
-23.05 2.28,
-0.999999 0,
-0.999999 0.320001,
-0.999999 0.380001,
-0.999999 0.68,
-0.999999 2.28,
-0.380001 0.68,
-0.380001 2.28,
-0.320001 0.68,
0 1,
0 2.28,
0.320001 0.68,
0.380001 0.68,
0.380001 2.28,
0.999999 0,
0.999999 0.380001,
0.999999 1,
0.999999 2.28,
23.05 0,
23.05 0.380001,
23.05 1,
23.05 2.28
] }
coordIndex [
4,7,5,-1,
5,7,9,-1,
7,6,9,-1,
9,6,8,-1,
6,0,8,-1,
8,0,2,-1,
0,1,2,-1,
2,1,3,-1,
1,4,3,-1,
3,4,5,-1,
1,0,4,-1,
4,0,6,-1,
4,6,7,-1,
5,9,3,-1,
3,9,8,-1,
3,8,2,-1
]
normalIndex [
4,4,4,-1,
4,4,4,-1,
6,6,6,-1,
6,6,6,-1,
3,3,3,-1,
3,3,3,-1,
0,0,0,-1,
0,0,0,-1,
1,1,1,-1,
1,1,1,-1,
5,5,5,-1,
5,5,5,-1,
5,5,5,-1,
2,2,2,-1,
2,2,2,-1,
2,2,2,-1
]
texCoordIndex [
6,7,1,-1,
1,7,2,-1,
8,9,3,-1,
3,9,4,-1,
19,18,23,-1,
23,18,22,-1,
21,20,25,-1,
25,20,24,-1,
5,6,0,-1,
0,6,1,-1,
13,14,12,-1,
12,14,11,-1,
12,11,10,-1,
15,16,13,-1,
13,16,17,-1,
13,17,14,-1
]
}
}
Shape {
appearance Appearance {
material Material {
ambientIntensity 0
diffuseColor 1 1 1
specularColor 0 0 0
shininess 0
transparency 0
}
texture USE MDF
}
geometry IndexedFaceSet {
normalPerVertex TRUE
solid TRUE
convex TRUE
coord Coordinate { point [
1.413 0.30200005 1.109,
1.413 0.36600006 1.109,
1.413 0.30200005 0.0065000057,
1.413 0.36600006 0.0065000057,
1.429 0.38200009 1.109,
1.429 0.38200009 0.0065000057,
1.432 0.30200005 1.109,
1.432 0.38200009 1.109,
1.432 0.30200005 0.0065000057,
1.432 0.38200009 0.0065000057
] }
normal Normal { vector [
-1 0 0,
-0.707107 0.707107 0,
0 0 -1,
0 -1 0,
0 1 0,
0 0 1,
1 0 0
] }
texCoord TextureCoordinate { point [
-23.05 0,
-23.05 0.320001,
-23.05 0.380001,
-23.05 0.679998,
-23.05 2.28,
-0.999999 0,
-0.999999 0.320001,
-0.999999 0.380001,
-0.999999 0.679998,
-0.999999 2.28,
-0.380001 0.679998,
-0.380001 2.28,
-0.320001 0.679998,
0 0.999999,
0 2.28,
0.320001 0.679998,
0.380001 0.679998,
0.380001 2.28,
0.999999 0,
0.999999 0.380001,
0.999999 0.999999,
0.999999 2.28,
23.05 0,
23.05 0.380001,
23.05 0.999999,
23.05 2.28
] }
coordIndex [
4,7,5,-1,
5,7,9,-1,
7,6,9,-1,
9,6,8,-1,
6,0,8,-1,
8,0,2,-1,
0,1,2,-1,
2,1,3,-1,
1,4,3,-1,
3,4,5,-1,
1,0,4,-1,
4,0,6,-1,
4,6,7,-1,
2,3,8,-1,
8,3,5,-1,
8,5,9,-1
]
normalIndex [
4,4,4,-1,
4,4,4,-1,
6,6,6,-1,
6,6,6,-1,
3,3,3,-1,
3,3,3,-1,
0,0,0,-1,
0,0,0,-1,
1,1,1,-1,
1,1,1,-1,
5,5,5,-1,
5,5,5,-1,
5,5,5,-1,
2,2,2,-1,
2,2,2,-1,
2,2,2,-1
]
texCoordIndex [
6,7,1,-1,
1,7,2,-1,
8,9,3,-1,
3,9,4,-1,
19,18,23,-1,
23,18,22,-1,
21,20,25,-1,
25,20,24,-1,
5,6,0,-1,
0,6,1,-1,
13,14,12,-1,
12,14,11,-1,
12,11,10,-1,
14,13,17,-1,
17,13,15,-1,
17,15,16,-1
]
}
}
Shape {
appearance Appearance {
material Material {
ambientIntensity 0
diffuseColor 1 1 1
specularColor 0 0 0
shininess 0
transparency 0
}
texture USE MDF
}
geometry IndexedFaceSet {
normalPerVertex TRUE
solid TRUE
convex TRUE
coord Coordinate { point [
1.413 1.091 1.109,
1.413 1.1550001 1.109,
1.413 1.091 0.0065000057,
1.413 1.1550001 0.0065000057,
1.429 1.1710001 1.109,
1.429 1.1710001 0.0065000057,
1.432 1.091 1.109,
1.432 1.1710001 1.109,
1.432 1.091 0.0065000057,
1.432 1.1710001 0.0065000057
] }
normal Normal { vector [
-1 0 0,
-0.707107 0.707107 0,
0 0 -1,
0 -1 0,
0 1 0,
0 0 1,
1 0 0
] }
texCoord TextureCoordinate { point [
-23.05 0,
-23.05 0.320001,
-23.05 0.380001,
-23.05 0.679998,
-23.05 2.28,
-0.999999 0,
-0.999999 0.320001,
-0.999999 0.380001,
-0.999999 0.679998,
-0.999999 2.28,
-0.380001 0.679998,
-0.380001 2.28,
-0.320001 0.679998,
0 0.999999,
0 2.28,
0.320001 0.679998,
0.380001 0.679998,
0.380001 2.28,
0.999999 0,
0.999999 0.380001,
0.999999 0.999999,
0.999999 2.28,
23.05 0,
23.05 0.380001,
23.05 0.999999,
23.05 2.28
] }
coordIndex [
4,7,5,-1,
5,7,9,-1,
7,6,9,-1,
9,6,8,-1,
6,0,8,-1,
8,0,2,-1,
0,1,2,-1,
2,1,3,-1,
1,4,3,-1,
3,4,5,-1,
1,0,4,-1,
4,0,6,-1,
4,6,7,-1,
5,9,3,-1,
3,9,8,-1,
3,8,2,-1
]
normalIndex [
4,4,4,-1,
4,4,4,-1,
6,6,6,-1,
6,6,6,-1,
3,3,3,-1,
3,3,3,-1,
0,0,0,-1,
0,0,0,-1,
1,1,1,-1,
1,1,1,-1,
5,5,5,-1,
5,5,5,-1,
5,5,5,-1,
2,2,2,-1,
2,2,2,-1,
2,2,2,-1
]
texCoordIndex [
6,7,1,-1,
1,7,2,-1,
8,9,3,-1,
3,9,4,-1,
19,18,23,-1,
23,18,22,-1,
21,20,25,-1,
25,20,24,-1,
5,6,0,-1,
0,6,1,-1,
13,14,12,-1,
12,14,11,-1,
12,11,10,-1,
15,16,13,-1,
13,16,17,-1,
13,17,14,-1
]
}
}
Shape {
appearance Appearance {
material Material {
ambientIntensity 0
diffuseColor 1 1 1
specularColor 0 0 0
shininess 0
transparency 0
}
texture USE MELA_H3450_ST22
}
geometry IndexedFaceSet {
normalPerVertex TRUE
solid TRUE
convex TRUE
coord Coordinate { point [
1.432 -1.326 0.0049999952,
1.432 -1.2479999 0.0049999952,
1.432 -0.77449995 0.0049999952,
1.432 0.014500022 0.0049999952,
1.432 0.80350006 0.0049999952,
1.432 1.341 0.0049999952,
1.432 -1.1695877 -0.092690974,
1.432 -1.1684122 -0.092690974,
1.432 -0.38058776 -0.092690974,
1.432 -0.37941217 -0.092690974,
1.432 0.40841222 -0.092690974,
1.432 0.40958786 -0.092690974,
1.432 1.1974124 -0.092690974,
1.432 1.1985878 -0.092690974,
1.432 -1.169642 -0.092857838,
1.432 -1.1683578 -0.092857838,
1.432 -0.380642 -0.092857838,
1.432 -0.37935787 -0.092857838,
1.432 0.40835798 -0.092857838,
1.432 0.40964234 -0.092857838,
1.432 1.197358 -0.092857838,
1.432 1.1986421 -0.092857838,
1.432 -1.169951 -0.093809009,
1.432 -1.1680489 -0.093809009,
1.432 -0.38095105 -0.093809009,
1.432 -0.37904888 -0.093809009,
1.432 0.40804899 -0.093809009,
1.432 0.40995109 -0.093809009,
1.432 1.197049 -0.093809009,
1.432 1.1989511 -0.093809009,
1.432 -1.1695791 -0.094079256,
1.432 -1.1684208 -0.094079256,
1.432 -0.38057917 -0.094079256,
1.432 -0.3794207 -0.094079256,
1.432 0.40842092 -0.094079256,
1.432 0.40957916 -0.094079256,
1.432 1.197421 -0.094079256,
1.432 1.1985792 -0.094079256,
1.432 -1.1689999 -0.094500005,
1.432 -0.37999994 -0.094500005,
1.432 0.40900004 -0.094500005,
1.432 1.1980001 -0.094500005,
1.432 -1.326 -0.2389167,
1.432 -1.2479999 -0.2389167,
1.432 -0.77449995 -0.2389167,
1.432 0.014500022 -0.2389167,
1.432 0.80350006 -0.2389167,
1.432 1.341 -0.2389167,
1.432 -1.1695877 -0.3835243,
1.432 -1.1684122 -0.3835243,
1.432 -0.38058776 -0.3835243,
1.432 -0.37941217 -0.3835243,
1.432 0.40841222 -0.3835243,
1.432 0.40958786 -0.3835243,
1.432 1.1974124 -0.3835243,
1.432 1.1985878 -0.3835243,
1.432 -1.169642 -0.38369131,
1.432 -1.1683578 -0.38369131,
1.432 -0.380642 -0.38369131,
1.432 -0.37935787 -0.38369131,
1.432 0.40835798 -0.38369131,
1.432 0.40964234 -0.38369131,
1.432 1.197358 -0.38369131,
1.432 1.1986421 -0.38369131,
1.432 -1.169951 -0.38464236,
1.432 -1.1680489 -0.38464236,
1.432 -0.38095105 -0.38464236,
1.432 -0.37904888 -0.38464236,
1.432 0.40804899 -0.38464236,
1.432 0.40995109 -0.38464236,
1.432 1.197049 -0.38464236,
1.432 1.1989511 -0.38464236,
1.432 -1.1695791 -0.38491249,
1.432 -1.1684208 -0.38491249,
1.432 -0.38057917 -0.38491249,
1.432 -0.3794207 -0.38491249,
1.432 0.40842092 -0.38491249,
1.432 0.40957916 -0.38491249,
1.432 1.197421 -0.38491249,
1.432 1.1985792 -0.38491249,
1.432 -1.1689999 -0.38533336,
1.432 -0.37999994 -0.38533336,
1.432 0.40900004 -0.38533336,
1.432 1.1980001 -0.38533336,
1.432 -1.326 -0.52974999,
1.432 -1.2479999 -0.52974999,
1.432 -0.77449995 -0.52974999,
1.432 0.014500022 -0.52974999,
1.432 0.80350006 -0.52974999,
1.432 1.341 -0.52974999,
1.432 -1.1695877 -0.67435765,
1.432 -1.1684122 -0.67435765,
1.432 -0.38058776 -0.67435765,
1.432 -0.37941217 -0.67435765,
1.432 0.40841222 -0.67435765,
1.432 0.40958786 -0.67435765,
1.432 1.1974124 -0.67435765,
1.432 1.1985878 -0.67435765,
1.432 -1.169642 -0.67452466,
1.432 -1.1683578 -0.67452466,
1.432 -0.380642 -0.67452466,
1.432 -0.37935787 -0.67452466,
1.432 0.40835798 -0.67452466,
1.432 0.40964234 -0.67452466,
1.432 1.197358 -0.67452466,
1.432 1.1986421 -0.67452466,
1.432 -1.169951 -0.67547572,
1.432 -1.1680489 -0.67547572,
1.432 -0.38095105 -0.67547572,
1.432 -0.37904888 -0.67547572,
1.432 0.40804899 -0.67547572,
1.432 0.40995109 -0.67547572,
1.432 1.197049 -0.67547572,
1.432 1.1989511 -0.67547572,
1.432 -1.1695791 -0.67574584,
1.432 -1.1684208 -0.67574584,
1.432 -0.38057917 -0.67574584,
1.432 -0.3794207 -0.67574584,
1.432 0.40842092 -0.67574584,
1.432 0.40957916 -0.67574584,
1.432 1.197421 -0.67574584,
1.432 1.1985792 -0.67574584,
1.432 -1.1689999 -0.67616665,
1.432 -0.37999994 -0.67616665,
1.432 0.40900004 -0.67616665,
1.432 1.1980001 -0.67616665,
1.432 -1.326 -0.82058334,
1.432 -1.2479999 -0.82058334,
1.432 -0.77449995 -0.82058334,
1.432 0.014500022 -0.82058334,
1.432 0.80350006 -0.82058334,
1.432 1.341 -0.82058334,
1.432 -1.1695877 -0.96519101,
1.432 -1.1684122 -0.96519101,
1.432 -0.38058776 -0.96519101,
1.432 -0.37941217 -0.96519101,
1.432 0.40841222 -0.96519101,
1.432 0.40958786 -0.96519101,
1.432 1.1974124 -0.96519101,
1.432 1.1985878 -0.96519101,
1.432 -1.169642 -0.96535802,
1.432 -1.1683578 -0.96535802,
1.432 -0.380642 -0.96535802,
1.432 -0.37935787 -0.96535802,
1.432 0.40835798 -0.96535802,
1.432 0.40964234 -0.96535802,
1.432 1.197358 -0.96535802,
1.432 1.1986421 -0.96535802,
1.432 -1.169951 -0.96630907,
1.432 -1.1680489 -0.96630907,
1.432 -0.38095105 -0.96630907,
1.432 -0.37904888 -0.96630907,
1.432 0.40804899 -0.96630907,
1.432 0.40995109 -0.96630907,
1.432 1.197049 -0.96630907,
1.432 1.1989511 -0.96630907,
1.432 -1.1695791 -0.9665792,
1.432 -1.1684208 -0.9665792,
1.432 -0.38057917 -0.9665792,
1.432 -0.3794207 -0.9665792,
1.432 0.40842092 -0.9665792,
1.432 0.40957916 -0.9665792,
1.432 1.197421 -0.9665792,
1.432 1.1985792 -0.9665792,
1.432 -1.1689999 -0.96700001,
1.432 -0.37999994 -0.96700001,
1.432 0.40900004 -0.96700001,
1.432 1.1980001 -0.96700001,
1.432 -1.326 -1.0157501,
1.432 -1.2479999 -1.0157501,
1.432 -0.77449995 -1.0157501,
1.432 0.014500022 -1.0157501,
1.432 0.80350006 -1.0157501,
1.432 1.341 -1.0157501,
1.432 -1.326 -1.0645,
1.432 -1.2479999 -1.0645,
1.432 -0.77449995 -1.0645,
1.432 0.014500022 -1.0645,
1.432 0.80350006 -1.0645,
1.432 1.341 -1.0645,
1.4327468 -1.1683578 -0.092857838,
1.4327468 -0.37935787 -0.092857838,
1.4327468 0.40964234 -0.092857838,
1.4327468 1.1986421 -0.092857838,
1.4327468 -1.1683578 -0.38369131,
1.4327468 -0.37935787 -0.38369131,
1.4327468 0.40964234 -0.38369131,
1.4327468 1.1986421 -0.38369131,
1.4327468 -1.1683578 -0.67452466,
1.4327468 -0.37935787 -0.67452466,
1.4327468 0.40964234 -0.67452466,
1.4327468 1.1986421 -0.67452466,
1.4327468 -1.1683578 -0.96535802,
1.4327468 -0.37935787 -0.96535802,
1.4327468 0.40964234 -0.96535802,
1.4327468 1.1986421 -0.96535802,
1.4339551 -1.1684208 -0.094079256,
1.4339551 -0.3794207 -0.094079256,
1.4339551 0.40957916 -0.094079256,
1.4339551 1.1985792 -0.094079256,
1.4339551 -1.1684208 -0.38491249,
1.4339551 -0.3794207 -0.38491249,
1.4339551 0.40957916 -0.38491249,
1.4339551 1.1985792 -0.38491249,
1.4339551 -1.1684208 -0.67574584,
1.4339551 -0.3794207 -0.67574584,
1.4339551 0.40957916 -0.67574584,
1.4339551 1.1985792 -0.67574584,
1.4339551 -1.1684208 -0.9665792,
1.4339551 -0.3794207 -0.9665792,
1.4339551 0.40957916 -0.9665792,
1.4339551 1.1985792 -0.9665792,
1.435045 -1.1695791 -0.094079256,
1.435045 -1.169579 -0.094079256,
1.435045 -0.38057917 -0.094079256,
1.435045 0.40842092 -0.094079256,
1.435045 1.197421 -0.094079256,
1.435045 -1.1695791 -0.38491249,
1.435045 -1.169579 -0.38491249,
1.435045 -0.38057917 -0.38491249,
1.435045 0.40842092 -0.38491249,
1.435045 1.197421 -0.38491249,
1.435045 -1.1695791 -0.67574584,
1.435045 -1.169579 -0.67574584,
1.435045 -0.38057917 -0.67574584,
1.435045 0.40842092 -0.67574584,
1.435045 1.197421 -0.67574584,
1.435045 -1.1695791 -0.9665792,
1.435045 -1.169579 -0.9665792,
1.435045 -0.38057917 -0.9665792,
1.435045 0.40842092 -0.9665792,
1.435045 1.197421 -0.9665792,
1.4362533 -1.169642 -0.092857838,
1.4362533 -0.380642 -0.092857838,
1.4362533 0.40835798 -0.092857838,
1.4362533 1.197358 -0.092857838,
1.4362533 -1.169642 -0.38369131,
1.4362533 -0.380642 -0.38369131,
1.4362533 0.40835798 -0.38369131,
1.4362533 1.197358 -0.38369131,
1.4362533 -1.169642 -0.67452466,
1.4362533 -0.380642 -0.67452466,
1.4362533 0.40835798 -0.67452466,
1.4362533 1.197358 -0.67452466,
1.4362533 -1.169642 -0.96535802,
1.4362533 -0.380642 -0.96535802,
1.4362533 0.40835798 -0.96535802,
1.4362533 1.197358 -0.96535802,
1.437 -1.1695877 -0.092690974,
1.437 -1.1684122 -0.092690974,
1.437 -0.38058776 -0.092690974,
1.437 -0.37941217 -0.092690974,
1.437 0.40841222 -0.092690974,
1.437 0.40958786 -0.092690974,
1.437 1.1974124 -0.092690974,
1.437 1.1985878 -0.092690974,
1.437 -1.169642 -0.092857838,
1.437 -1.1683578 -0.092857838,
1.437 -0.380642 -0.092857838,
1.437 -0.37935787 -0.092857838,
1.437 0.40835798 -0.092857838,
1.437 0.40964234 -0.092857838,
1.437 1.197358 -0.092857838,
1.437 1.1986421 -0.092857838,
1.437 -1.169951 -0.093809009,
1.437 -1.1680489 -0.093809009,
1.437 -0.38095105 -0.093809009,
1.437 -0.37904888 -0.093809009,
1.437 0.40804899 -0.093809009,
1.437 0.40995109 -0.093809009,
1.437 1.197049 -0.093809009,
1.437 1.1989511 -0.093809009,
1.437 -1.169579 -0.094079256,
1.437 -1.1684208 -0.094079256,
1.437 -0.38057917 -0.094079256,
1.437 -0.3794207 -0.094079256,
1.437 0.40842092 -0.094079256,
1.437 0.40957916 -0.094079256,
1.437 1.197421 -0.094079256,
1.437 1.1985792 -0.094079256,
1.437 -1.1689999 -0.094500005,
1.437 -0.37999994 -0.094500005,
1.437 0.40900004 -0.094500005,
1.437 1.1980001 -0.094500005,
1.437 -1.1695877 -0.3835243,
1.437 -1.1684122 -0.3835243,
1.437 -0.38058776 -0.3835243,
1.437 -0.37941217 -0.3835243,
1.437 0.40841222 -0.3835243,
1.437 0.40958786 -0.3835243,
1.437 1.1974124 -0.3835243,
1.437 1.1985878 -0.3835243,
1.437 -1.169642 -0.38369131,
1.437 -1.1683578 -0.38369131,
1.437 -0.380642 -0.38369131,
1.437 -0.37935787 -0.38369131,
1.437 0.40835798 -0.38369131,
1.437 0.40964234 -0.38369131,
1.437 1.197358 -0.38369131,
1.437 1.1986421 -0.38369131,
1.437 -1.169951 -0.38464236,
1.437 -1.1680489 -0.38464236,
1.437 -0.38095105 -0.38464236,
1.437 -0.37904888 -0.38464236,
1.437 0.40804899 -0.38464236,
1.437 0.40995109 -0.38464236,
1.437 1.197049 -0.38464236,
1.437 1.1989511 -0.38464236,
1.437 -1.169579 -0.38491249,
1.437 -1.1684208 -0.38491249,
1.437 -0.38057917 -0.38491249,
1.437 -0.3794207 -0.38491249,
1.437 0.40842092 -0.38491249,
1.437 0.40957916 -0.38491249,
1.437 1.197421 -0.38491249,
1.437 1.1985792 -0.38491249,
1.437 -1.1689999 -0.38533336,
1.437 -0.37999994 -0.38533336,
1.437 0.40900004 -0.38533336,
1.437 1.1980001 -0.38533336,
1.437 -1.1695877 -0.67435765,
1.437 -1.1684122 -0.67435765,
1.437 -0.38058776 -0.67435765,
1.437 -0.37941217 -0.67435765,
1.437 0.40841222 -0.67435765,
1.437 0.40958786 -0.67435765,
1.437 1.1974124 -0.67435765,
1.437 1.1985878 -0.67435765,
1.437 -1.169642 -0.67452466,
1.437 -1.1683578 -0.67452466,
1.437 -0.380642 -0.67452466,
1.437 -0.37935787 -0.67452466,
1.437 0.40835798 -0.67452466,
1.437 0.40964234 -0.67452466,
1.437 1.197358 -0.67452466,
1.437 1.1986421 -0.67452466,
1.437 -1.169951 -0.67547572,
1.437 -1.1680489 -0.67547572,
1.437 -0.38095105 -0.67547572,
1.437 -0.37904888 -0.67547572,
1.437 0.40804899 -0.67547572,
1.437 0.40995109 -0.67547572,
1.437 1.197049 -0.67547572,
1.437 1.1989511 -0.67547572,
1.437 -1.169579 -0.67574584,
1.437 -1.1684208 -0.67574584,
1.437 -0.38057917 -0.67574584,
1.437 -0.3794207 -0.67574584,
1.437 0.40842092 -0.67574584,
1.437 0.40957916 -0.67574584,
1.437 1.197421 -0.67574584,
1.437 1.1985792 -0.67574584,
1.437 -1.1689999 -0.67616665,
1.437 -0.37999994 -0.67616665,
1.437 0.40900004 -0.67616665,
1.437 1.1980001 -0.67616665,
1.437 -1.1695877 -0.96519101,
1.437 -1.1684122 -0.96519101,
1.437 -0.38058776 -0.96519101,
1.437 -0.37941217 -0.96519101,
1.437 0.40841222 -0.96519101,
1.437 0.40958786 -0.96519101,
1.437 1.1974124 -0.96519101,
1.437 1.1985878 -0.96519101,
1.437 -1.169642 -0.96535802,
1.437 -1.1683578 -0.96535802,
1.437 -0.380642 -0.96535802,
1.437 -0.37935787 -0.96535802,
1.437 0.40835798 -0.96535802,
1.437 0.40964234 -0.96535802,
1.437 1.197358 -0.96535802,
1.437 1.1986421 -0.96535802,
1.437 -1.169951 -0.96630907,
1.437 -1.1680489 -0.96630907,
1.437 -0.38095105 -0.96630907,
1.437 -0.37904888 -0.96630907,
1.437 0.40804899 -0.96630907,
1.437 0.40995109 -0.96630907,
1.437 1.197049 -0.96630907,
1.437 1.1989511 -0.96630907,
1.437 -1.169579 -0.9665792,
1.437 -1.1684208 -0.9665792,
1.437 -0.38057917 -0.9665792,
1.437 -0.3794207 -0.9665792,
1.437 0.40842092 -0.9665792,
1.437 0.40957916 -0.9665792,
1.437 1.197421 -0.9665792,
1.437 1.1985792 -0.9665792,
1.437 -1.1689999 -0.96700001,
1.437 -0.37999994 -0.96700001,
1.437 0.40900004 -0.96700001,
1.437 1.1980001 -0.96700001,
1.451 -1.326 0.0049999952,
1.451 1.341 0.0049999952,
1.451 -1.326 -1.0645,
1.451 1.341 -1.0645
] }
normal Normal { vector [
-1 0 0,
0 -0.951057 0.309017,
0 -0.707107 -0.707107,
0 -0.707107 0.707107,
0 -0.587785 -0.809017,
0 0 1,
0 -1 0,
0 1 0,
0 0 -1,
0 0 1,
0 0.587785 -0.809017,
0 0.707107 -0.707107,
0 0.707107 0.707107,
0 0.951057 0.309017,
1 0 0
] }
texCoord TextureCoordinate { point [
-4.96925 0,
-4.96925 0.0608978,
-4.96925 1,
-4.96925 1.15625,
-4.96925 1.78179,
-4.96925 2.71396,
-4.96925 3.64613,
-4.96925 4.42792,
-4.75784 1.31472,
-4.75784 2.24688,
-4.75784 3.17905,
-4.75784 4.11122,
-4.75738 0.044872,
-4.75738 0.0585044,
-4.75738 0.0585044,
-4.75738 0.0608978,
-4.7573 0.044872,
-4.7573 0.0608978,
-4.7573 1.3183,
-4.7573 2.25047,
-4.7573 3.18264,
-4.7573 4.1148,
-4.75643 1.3125,
-4.75643 2.24467,
-4.75643 3.17684,
-4.75643 4.109,
-4.75555 0.044872,
-4.75555 0.0608978,
-4.75555 1.3183,
-4.75555 2.25047,
-4.75555 3.18264,
-4.75555 4.1148,
-4.75547 0.044872,
-4.75547 0.0472655,
-4.75547 0.0608978,
-4.75501 1.31472,
-4.75501 2.24688,
-4.75501 3.17905,
-4.75501 4.11122,
-4.1693 0.0608978,
-4.1693 1,
-4.1693 1.15625,
-4.1693 1.78179,
-4.1693 2.71396,
-4.1693 3.64613,
-4.1693 4.42792,
-3.58359 1.31472,
-3.58359 2.24688,
-3.58359 3.17905,
-3.58359 4.11122,
-3.58313 0.044872,
-3.58313 0.0585044,
-3.58313 0.0585044,
-3.58313 0.0608978,
-3.58305 0.044872,
-3.58305 0.0608978,
-3.58305 1.3183,
-3.58305 2.25047,
-3.58305 3.18264,
-3.58305 4.1148,
-3.58217 1.3125,
-3.58217 2.24467,
-3.58217 3.17684,
-3.58217 4.109,
-3.5813 0.044872,
-3.5813 0.0608978,
-3.5813 1.3183,
-3.5813 2.25047,
-3.5813 3.18264,
-3.5813 4.1148,
-3.58122 0.044872,
-3.58122 0.0472655,
-3.58122 0.0608978,
-3.58076 1.31472,
-3.58076 2.24688,
-3.58076 3.17905,
-3.58076 4.11122,
-2.99504 0.0608978,
-2.99504 1,
-2.99504 1.15625,
-2.99504 1.78179,
-2.99504 2.71396,
-2.99504 3.64613,
-2.99504 4.42792,
-2.40933 1.31472,
-2.40933 2.24688,
-2.40933 3.17905,
-2.40933 4.11122,
-2.40887 0.044872,
-2.40887 0.0585044,
-2.40887 0.0585044,
-2.40887 0.0608978,
-2.40879 0.044872,
-2.40879 0.0608978,
-2.40879 1.3183,
-2.40879 2.25047,
-2.40879 3.18264,
-2.40879 4.1148,
-2.40792 1.3125,
-2.40792 2.24467,
-2.40792 3.17684,
-2.40792 4.109,
-2.40704 0.044872,
-2.40704 0.0608978,
-2.40704 1.3183,
-2.40704 2.25047,
-2.40704 3.18264,
-2.40704 4.1148,
-2.40696 0.044872,
-2.40696 0.0472655,
-2.40696 0.0608978,
-2.4065 1.31472,
-2.4065 2.24688,
-2.4065 3.17905,
-2.4065 4.11122,
-1.82079 0.0608978,
-1.82079 1,
-1.82079 1.15625,
-1.82079 1.78179,
-1.82079 2.71396,
-1.82079 3.64613,
-1.82079 4.42792,
-1.23508 1.31472,
-1.23508 2.24688,
-1.23508 3.17905,
-1.23508 4.11122,
-1.23462 0.044872,
-1.23462 0.0585044,
-1.23462 0.0585044,
-1.23462 0.0608978,
-1.23454 0.044872,
-1.23454 0.0608978,
-1.23454 1.3183,
-1.23454 2.25047,
-1.23454 3.18264,
-1.23454 4.1148,
-1.23366 1.3125,
-1.23366 2.24467,
-1.23366 3.17684,
-1.23366 4.109,
-1.23279 0.044872,
-1.23279 0.0608978,
-1.23279 1.3183,
-1.23279 2.25047,
-1.23279 3.18264,
-1.23279 4.1148,
-1.2327 0.044872,
-1.2327 0.0472655,
-1.2327 0.0608978,
-1.23225 1.31472,
-1.23225 2.24688,
-1.23225 3.17905,
-1.23225 4.11122,
-1.11609 0.0608978,
-1.11609 1,
-1.11609 1.15625,
-1.11609 1.78179,
-1.11609 2.71396,
-1.11609 3.64613,
-1.11609 4.42792,
-1 0,
-1 0.0608978,
-1 1,
-1 1.15625,
-1 1.78179,
-1 2.71396,
-1 3.64613,
-1 4.42792,
-0.0282773 1,
-0.0282773 1.15625,
-0.0282773 1.31385,
-0.0282773 1.31472,
-0.0282773 1.31777,
-0.0282773 1.78179,
-0.0282773 2.24602,
-0.0282773 2.24688,
-0.0282773 2.24993,
-0.0282773 2.71396,
-0.0282773 3.17819,
-0.0282773 3.17905,
-0.0282773 3.1821,
-0.0282773 3.64613,
-0.0282773 4.11035,
-0.0282773 4.11122,
-0.0282773 4.11427,
-0.0282773 4.42792,
-0.0271659 1.31777,
-0.0271659 2.24993,
-0.0271659 3.1821,
-0.0271659 4.11427,
-0.0271659 1.31777,
-0.0271659 2.24993,
-0.0271659 3.1821,
-0.0271659 4.11427,
-0.0253677 1.31385,
-0.0253677 2.24602,
-0.0253677 3.17819,
-0.0253677 4.11035,
-0.0253677 1.31385,
-0.0253677 2.24602,
-0.0253677 3.17819,
-0.0253677 4.11035,
-0.0208359 1.31385,
-0.0208359 1.31472,
-0.0208359 1.31777,
-0.0208359 2.24602,
-0.0208359 2.24688,
-0.0208359 2.24993,
-0.0208359 3.17819,
-0.0208359 3.17905,
-0.0208359 3.1821,
-0.0208359 4.11035,
-0.0208359 4.11122,
-0.0208359 4.11427,
0 1,
0 4.42792,
0.0208359 1.31385,
0.0208359 1.31472,
0.0208359 1.31777,
0.0208359 2.24602,
0.0208359 2.24688,
0.0208359 2.24993,
0.0208359 3.17819,
0.0208359 3.17905,
0.0208359 3.1821,
0.0208359 4.11035,
0.0208359 4.11122,
0.0208359 4.11427,
0.0219472 1.31777,
0.0219472 2.24993,
0.0219472 3.1821,
0.0219472 4.11427,
0.0237455 1.31385,
0.0237455 1.31385,
0.0237455 2.24602,
0.0237455 3.17819,
0.0237455 4.11035,
0.0282773 1,
0.0282773 1.15625,
0.0282773 1.31385,
0.0282773 1.31472,
0.0282773 1.31777,
0.0282773 1.78179,
0.0282773 2.24602,
0.0282773 2.24688,
0.0282773 2.24993,
0.0282773 2.71396,
0.0282773 3.17819,
0.0282773 3.17905,
0.0282773 3.1821,
0.0282773 3.64613,
0.0282773 4.11035,
0.0282773 4.11122,
0.0282773 4.11427,
0.0282773 4.42792,
1 0,
1 0.0608978,
1 1,
1 4.42792,
1.11609 0.0608978,
1.2328 0.0511381,
1.2328 0.0608978,
1.2328 0.044872,
1.2328 0.0511381,
1.23366 0.044872,
1.23366 0.0608978,
1.23452 0.044872,
1.23452 0.0546317,
1.23452 0.0546317,
1.23452 0.0608978,
1.82079 0.0608978,
2.40705 0.044872,
2.40705 0.0511381,
2.40705 0.0608978,
2.40792 0.044872,
2.40792 0.0608978,
2.40878 0.044872,
2.40878 0.0546317,
2.40878 0.0546317,
2.40878 0.0608978,
2.99504 0.0608978,
3.58131 0.044872,
3.58131 0.0511381,
3.58131 0.0608978,
3.58217 0.044872,
3.58217 0.0608978,
3.58303 0.044872,
3.58303 0.0546317,
3.58303 0.0546317,
3.58303 0.0608978,
4.1693 0.0608978,
4.75557 0.044872,
4.75557 0.0511381,
4.75557 0.0608978,
4.75643 0.044872,
4.75643 0.0608978,
4.75729 0.044872,
4.75729 0.0546317,
4.75729 0.0546317,
4.75729 0.0608978,
4.96925 0,
4.96925 0.0608978,
4.96925 1,
4.96925 4.42792
] }
coordIndex [
395,393,394,-1,
394,393,392,-1,
168,174,394,-1,
0,42,392,-1,
392,42,84,-1,
392,84,394,-1,
394,84,126,-1,
394,126,168,-1,
1,0,392,-1,
5,4,393,-1,
393,4,3,-1,
393,3,392,-1,
392,3,2,-1,
392,2,1,-1,
395,179,173,-1,
173,131,395,-1,
395,131,89,-1,
395,89,393,-1,
393,89,47,-1,
393,47,5,-1,
0,1,43,-1,
46,28,41,-1,
46,41,47,-1,
47,41,29,-1,
47,29,5,-1,
5,29,13,-1,
5,13,12,-1,
28,46,12,-1,
12,46,4,-1,
12,4,5,-1,
54,70,88,-1,
88,70,83,-1,
88,83,89,-1,
89,83,71,-1,
89,71,47,-1,
47,71,55,-1,
47,55,46,-1,
46,55,54,-1,
46,54,88,-1,
96,112,130,-1,
130,112,125,-1,
130,125,131,-1,
131,125,113,-1,
131,113,89,-1,
89,113,97,-1,
89,97,88,-1,
88,97,96,-1,
88,96,130,-1,
138,154,172,-1,
172,154,167,-1,
172,167,173,-1,
173,167,155,-1,
173,155,131,-1,
131,155,139,-1,
131,139,130,-1,
130,139,138,-1,
130,138,172,-1,
10,3,4,-1,
3,10,45,-1,
10,26,45,-1,
45,26,40,-1,
45,40,46,-1,
46,40,27,-1,
46,27,4,-1,
4,27,11,-1,
4,11,10,-1,
87,82,88,-1,
88,82,69,-1,
88,69,46,-1,
46,69,53,-1,
46,53,45,-1,
45,53,52,-1,
45,52,87,-1,
87,52,68,-1,
87,68,82,-1,
94,110,129,-1,
129,110,124,-1,
129,124,130,-1,
130,124,111,-1,
130,111,88,-1,
88,111,95,-1,
88,95,87,-1,
87,95,94,-1,
87,94,129,-1,
136,152,171,-1,
171,152,166,-1,
171,166,172,-1,
172,166,153,-1,
172,153,130,-1,
130,153,137,-1,
130,137,129,-1,
129,137,136,-1,
129,136,171,-1,
44,24,39,-1,
44,39,45,-1,
45,39,25,-1,
45,25,3,-1,
3,25,9,-1,
3,9,8,-1,
24,44,8,-1,
8,44,2,-1,
8,2,3,-1,
50,66,86,-1,
86,66,81,-1,
86,81,87,-1,
87,81,67,-1,
87,67,45,-1,
45,67,51,-1,
45,51,44,-1,
44,51,50,-1,
44,50,86,-1,
92,108,128,-1,
128,108,123,-1,
128,123,129,-1,
129,123,109,-1,
129,109,87,-1,
87,109,93,-1,
87,93,86,-1,
86,93,92,-1,
86,92,128,-1,
134,150,170,-1,
170,150,165,-1,
170,165,171,-1,
171,165,151,-1,
171,151,129,-1,
129,151,135,-1,
129,135,128,-1,
128,135,134,-1,
128,134,170,-1,
7,6,1,-1,
1,6,22,-1,
1,22,43,-1,
43,22,38,-1,
43,38,44,-1,
44,38,23,-1,
44,23,2,-1,
2,23,7,-1,
2,7,1,-1,
49,48,43,-1,
43,48,64,-1,
43,64,85,-1,
85,64,80,-1,
85,80,86,-1,
86,80,65,-1,
86,65,44,-1,
44,65,49,-1,
44,49,43,-1,
91,90,85,-1,
85,90,106,-1,
85,106,127,-1,
127,106,122,-1,
127,122,128,-1,
128,122,107,-1,
128,107,86,-1,
86,107,91,-1,
86,91,85,-1,
132,148,169,-1,
169,148,164,-1,
169,164,170,-1,
170,164,149,-1,
170,149,128,-1,
128,149,133,-1,
128,133,127,-1,
127,133,132,-1,
127,132,169,-1,
0,43,42,-1,
42,43,85,-1,
42,85,84,-1,
84,85,127,-1,
84,127,126,-1,
126,127,169,-1,
126,169,168,-1,
173,179,172,-1,
172,179,178,-1,
172,178,171,-1,
171,178,177,-1,
171,177,170,-1,
170,177,176,-1,
170,176,169,-1,
169,176,175,-1,
169,175,168,-1,
168,175,174,-1,
394,174,175,-1,
175,176,394,-1,
394,176,177,-1,
394,177,395,-1,
395,177,178,-1,
395,178,179,-1,
265,280,249,-1,
249,280,264,-1,
249,264,248,-1,
280,38,272,-1,
272,38,213,-1,
264,272,213,-1,
22,264,30,-1,
30,264,212,-1,
38,30,212,-1,
264,22,256,-1,
256,22,232,-1,
248,256,232,-1,
6,248,14,-1,
14,248,232,-1,
22,14,232,-1,
248,6,249,-1,
249,6,7,-1,
249,7,257,-1,
257,7,180,-1,
265,257,180,-1,
23,265,15,-1,
15,265,180,-1,
7,15,180,-1,
265,23,273,-1,
273,23,196,-1,
280,273,196,-1,
38,280,31,-1,
31,280,196,-1,
23,31,196,-1,
255,271,254,-1,
254,271,283,-1,
254,283,270,-1,
283,41,278,-1,
278,41,216,-1,
270,278,216,-1,
28,270,36,-1,
36,270,216,-1,
41,36,216,-1,
270,28,262,-1,
262,28,235,-1,
254,262,235,-1,
12,254,20,-1,
20,254,235,-1,
28,20,235,-1,
254,12,255,-1,
255,12,13,-1,
255,13,263,-1,
263,13,183,-1,
271,263,183,-1,
29,271,21,-1,
21,271,183,-1,
13,21,183,-1,
271,29,279,-1,
279,29,199,-1,
283,279,199,-1,
41,283,37,-1,
37,283,199,-1,
29,37,199,-1,
376,360,390,-1,
390,360,361,-1,
390,361,377,-1,
390,166,384,-1,
384,166,230,-1,
376,384,230,-1,
152,376,160,-1,
160,376,230,-1,
166,160,230,-1,
376,152,368,-1,
368,152,246,-1,
360,368,246,-1,
136,360,144,-1,
144,360,246,-1,
152,144,246,-1,
360,136,361,-1,
361,136,137,-1,
361,137,369,-1,
369,137,194,-1,
377,369,194,-1,
153,377,145,-1,
145,377,194,-1,
137,145,194,-1,
377,153,385,-1,
385,153,210,-1,
390,385,210,-1,
166,390,161,-1,
161,390,210,-1,
153,161,210,-1,
340,324,354,-1,
354,324,325,-1,
354,325,341,-1,
354,124,348,-1,
348,124,225,-1,
340,348,225,-1,
110,340,118,-1,
118,340,225,-1,
124,118,225,-1,
340,110,332,-1,
332,110,242,-1,
324,332,242,-1,
94,324,102,-1,
102,324,242,-1,
110,102,242,-1,
324,94,325,-1,
325,94,95,-1,
325,95,333,-1,
333,95,190,-1,
341,333,190,-1,
111,341,103,-1,
103,341,190,-1,
95,103,190,-1,
341,111,349,-1,
349,111,206,-1,
354,349,206,-1,
124,354,119,-1,
119,354,206,-1,
111,119,206,-1,
288,289,304,-1,
304,289,305,-1,
304,305,318,-1,
318,82,312,-1,
312,82,220,-1,
304,312,220,-1,
68,304,76,-1,
76,304,220,-1,
82,76,220,-1,
304,68,296,-1,
296,68,238,-1,
288,296,238,-1,
52,288,60,-1,
60,288,238,-1,
68,60,238,-1,
288,52,289,-1,
289,52,53,-1,
289,53,297,-1,
297,53,186,-1,
305,297,186,-1,
69,305,61,-1,
61,305,186,-1,
53,61,186,-1,
305,69,313,-1,
313,69,202,-1,
318,313,202,-1,
82,318,77,-1,
77,318,202,-1,
69,77,202,-1,
291,307,290,-1,
290,307,319,-1,
290,319,306,-1,
319,83,314,-1,
314,83,221,-1,
306,314,221,-1,
70,306,78,-1,
78,306,221,-1,
83,78,221,-1,
306,70,298,-1,
298,70,239,-1,
290,298,239,-1,
54,290,62,-1,
62,290,239,-1,
70,62,239,-1,
290,54,291,-1,
291,54,55,-1,
291,55,299,-1,
299,55,187,-1,
307,299,187,-1,
71,307,63,-1,
63,307,187,-1,
55,63,187,-1,
307,71,315,-1,
315,71,203,-1,
319,315,203,-1,
83,319,79,-1,
79,319,203,-1,
71,79,203,-1,
342,326,355,-1,
355,326,327,-1,
355,327,343,-1,
355,125,350,-1,
350,125,226,-1,
342,350,226,-1,
112,342,120,-1,
120,342,226,-1,
125,120,226,-1,
342,112,334,-1,
334,112,243,-1,
326,334,243,-1,
96,326,104,-1,
104,326,243,-1,
112,104,243,-1,
326,96,327,-1,
327,96,97,-1,
327,97,335,-1,
335,97,191,-1,
343,335,191,-1,
113,343,105,-1,
105,343,191,-1,
97,105,191,-1,
343,113,351,-1,
351,113,207,-1,
355,351,207,-1,
125,355,121,-1,
121,355,207,-1,
113,121,207,-1,
378,362,391,-1,
391,362,363,-1,
391,363,379,-1,
391,167,386,-1,
386,167,231,-1,
378,386,231,-1,
154,378,162,-1,
162,378,231,-1,
167,162,231,-1,
378,154,370,-1,
370,154,247,-1,
362,370,247,-1,
138,362,146,-1,
146,362,247,-1,
154,146,247,-1,
362,138,363,-1,
363,138,139,-1,
363,139,371,-1,
371,139,195,-1,
379,371,195,-1,
155,379,147,-1,
147,379,195,-1,
139,147,195,-1,
379,155,387,-1,
387,155,211,-1,
391,387,211,-1,
167,391,163,-1,
163,391,211,-1,
155,163,211,-1,
266,250,281,-1,
281,250,251,-1,
281,251,267,-1,
281,39,274,-1,
274,39,214,-1,
266,274,214,-1,
24,266,32,-1,
32,266,214,-1,
39,32,214,-1,
266,24,258,-1,
258,24,233,-1,
250,258,233,-1,
8,250,16,-1,
16,250,233,-1,
24,16,233,-1,
250,8,251,-1,
251,8,9,-1,
251,9,259,-1,
259,9,181,-1,
267,259,181,-1,
25,267,17,-1,
17,267,181,-1,
9,17,181,-1,
267,25,275,-1,
275,25,197,-1,
281,275,197,-1,
39,281,33,-1,
33,281,197,-1,
25,33,197,-1,
372,356,388,-1,
388,356,357,-1,
388,357,373,-1,
388,164,380,-1,
380,164,228,-1,
372,380,228,-1,
148,372,156,-1,
156,372,227,-1,
164,156,227,-1,
372,148,364,-1,
364,148,244,-1,
356,364,244,-1,
132,356,140,-1,
140,356,244,-1,
148,140,244,-1,
356,132,357,-1,
357,132,133,-1,
357,133,365,-1,
365,133,192,-1,
373,365,192,-1,
149,373,141,-1,
141,373,192,-1,
133,141,192,-1,
373,149,381,-1,
381,149,208,-1,
388,381,208,-1,
164,388,157,-1,
157,388,208,-1,
149,157,208,-1,
336,320,352,-1,
352,320,321,-1,
352,321,337,-1,
352,122,344,-1,
344,122,223,-1,
336,344,223,-1,
106,336,114,-1,
114,336,222,-1,
122,114,222,-1,
336,106,328,-1,
328,106,240,-1,
320,328,240,-1,
90,320,98,-1,
98,320,240,-1,
106,98,240,-1,
320,90,321,-1,
321,90,91,-1,
321,91,329,-1,
329,91,188,-1,
337,329,188,-1,
107,337,99,-1,
99,337,188,-1,
91,99,188,-1,
337,107,345,-1,
345,107,204,-1,
352,345,204,-1,
122,352,115,-1,
115,352,204,-1,
107,115,204,-1,
301,316,285,-1,
285,316,300,-1,
285,300,284,-1,
316,80,308,-1,
308,80,218,-1,
300,308,218,-1,
64,300,72,-1,
72,300,217,-1,
80,72,217,-1,
300,64,292,-1,
292,64,236,-1,
284,292,236,-1,
48,284,56,-1,
56,284,236,-1,
64,56,236,-1,
284,48,285,-1,
285,48,49,-1,
285,49,293,-1,
293,49,184,-1,
301,293,184,-1,
65,301,57,-1,
57,301,184,-1,
49,57,184,-1,
301,65,309,-1,
309,65,200,-1,
316,309,200,-1,
80,316,73,-1,
73,316,200,-1,
65,73,200,-1,
269,282,253,-1,
253,282,268,-1,
253,268,252,-1,
282,40,276,-1,
276,40,215,-1,
268,276,215,-1,
26,268,34,-1,
34,268,215,-1,
40,34,215,-1,
268,26,260,-1,
260,26,234,-1,
252,260,234,-1,
10,252,18,-1,
18,252,234,-1,
26,18,234,-1,
252,10,253,-1,
253,10,11,-1,
253,11,261,-1,
261,11,182,-1,
269,261,182,-1,
27,269,19,-1,
19,269,182,-1,
11,19,182,-1,
269,27,277,-1,
277,27,198,-1,
282,277,198,-1,
40,282,35,-1,
35,282,198,-1,
27,35,198,-1,
374,358,389,-1,
389,358,359,-1,
389,359,375,-1,
389,165,382,-1,
382,165,229,-1,
374,382,229,-1,
150,374,158,-1,
158,374,229,-1,
165,158,229,-1,
374,150,366,-1,
366,150,245,-1,
358,366,245,-1,
134,358,142,-1,
142,358,245,-1,
150,142,245,-1,
358,134,359,-1,
359,134,135,-1,
359,135,367,-1,
367,135,193,-1,
375,367,193,-1,
151,375,143,-1,
143,375,193,-1,
135,143,193,-1,
375,151,383,-1,
383,151,209,-1,
389,383,209,-1,
165,389,159,-1,
159,389,209,-1,
151,159,209,-1,
338,322,353,-1,
353,322,323,-1,
353,323,339,-1,
353,123,346,-1,
346,123,224,-1,
338,346,224,-1,
108,338,116,-1,
116,338,224,-1,
123,116,224,-1,
338,108,330,-1,
330,108,241,-1,
322,330,241,-1,
92,322,100,-1,
100,322,241,-1,
108,100,241,-1,
322,92,323,-1,
323,92,93,-1,
323,93,331,-1,
331,93,189,-1,
339,331,189,-1,
109,339,101,-1,
101,339,189,-1,
93,101,189,-1,
339,109,347,-1,
347,109,205,-1,
353,347,205,-1,
123,353,117,-1,
117,353,205,-1,
109,117,205,-1,
287,303,286,-1,
286,303,317,-1,
286,317,302,-1,
317,81,310,-1,
310,81,219,-1,
302,310,219,-1,
66,302,74,-1,
74,302,219,-1,
81,74,219,-1,
302,66,294,-1,
294,66,237,-1,
286,294,237,-1,
50,286,58,-1,
58,286,237,-1,
66,58,237,-1,
286,50,287,-1,
287,50,51,-1,
287,51,295,-1,
295,51,185,-1,
303,295,185,-1,
67,303,59,-1,
59,303,185,-1,
51,59,185,-1,
303,67,311,-1,
311,67,201,-1,
317,311,201,-1,
81,317,75,-1,
75,317,201,-1,
67,75,201,-1
]
normalIndex [
14,14,14,-1,
14,14,14,-1,
6,6,6,-1,
6,6,6,-1,
6,6,6,-1,
6,6,6,-1,
6,6,6,-1,
6,6,6,-1,
5,5,5,-1,
5,5,5,-1,
5,5,5,-1,
5,5,5,-1,
5,5,5,-1,
5,5,5,-1,
7,7,7,-1,
7,7,7,-1,
7,7,7,-1,
7,7,7,-1,
7,7,7,-1,
7,7,7,-1,
0,0,0,-1,
0,0,0,-1,
0,0,0,-1,
0,0,0,-1,
0,0,0,-1,
0,0,0,-1,
0,0,0,-1,
0,0,0,-1,
0,0,0,-1,
0,0,0,-1,
0,0,0,-1,
0,0,0,-1,
0,0,0,-1,
0,0,0,-1,
0,0,0,-1,
0,0,0,-1,
0,0,0,-1,
0,0,0,-1,
0,0,0,-1,
0,0,0,-1,
0,0,0,-1,
0,0,0,-1,
0,0,0,-1,
0,0,0,-1,
0,0,0,-1,
0,0,0,-1,
0,0,0,-1,
0,0,0,-1,
0,0,0,-1,
0,0,0,-1,
0,0,0,-1,
0,0,0,-1,
0,0,0,-1,
0,0,0,-1,
0,0,0,-1,
0,0,0,-1,
0,0,0,-1,
0,0,0,-1,
0,0,0,-1,
0,0,0,-1,
0,0,0,-1,
0,0,0,-1,
0,0,0,-1,
0,0,0,-1,
0,0,0,-1,
0,0,0,-1,
0,0,0,-1,
0,0,0,-1,
0,0,0,-1,
0,0,0,-1,
0,0,0,-1,
0,0,0,-1,
0,0,0,-1,
0,0,0,-1,
0,0,0,-1,
0,0,0,-1,
0,0,0,-1,
0,0,0,-1,
0,0,0,-1,
0,0,0,-1,
0,0,0,-1,
0,0,0,-1,
0,0,0,-1,
0,0,0,-1,
0,0,0,-1,
0,0,0,-1,
0,0,0,-1,
0,0,0,-1,
0,0,0,-1,
0,0,0,-1,
0,0,0,-1,
0,0,0,-1,
0,0,0,-1,
0,0,0,-1,
0,0,0,-1,
0,0,0,-1,
0,0,0,-1,
0,0,0,-1,
0,0,0,-1,
0,0,0,-1,
0,0,0,-1,
0,0,0,-1,
0,0,0,-1,
0,0,0,-1,
0,0,0,-1,
0,0,0,-1,
0,0,0,-1,
0,0,0,-1,
0,0,0,-1,
0,0,0,-1,
0,0,0,-1,
0,0,0,-1,
0,0,0,-1,
0,0,0,-1,
0,0,0,-1,
0,0,0,-1,
0,0,0,-1,
0,0,0,-1,
0,0,0,-1,
0,0,0,-1,
0,0,0,-1,
0,0,0,-1,
0,0,0,-1,
0,0,0,-1,
0,0,0,-1,
0,0,0,-1,
0,0,0,-1,
0,0,0,-1,
0,0,0,-1,
0,0,0,-1,
0,0,0,-1,
0,0,0,-1,
0,0,0,-1,
0,0,0,-1,
0,0,0,-1,
0,0,0,-1,
0,0,0,-1,
0,0,0,-1,
0,0,0,-1,
0,0,0,-1,
0,0,0,-1,
0,0,0,-1,
0,0,0,-1,
0,0,0,-1,
0,0,0,-1,
0,0,0,-1,
0,0,0,-1,
0,0,0,-1,
0,0,0,-1,
0,0,0,-1,
0,0,0,-1,
0,0,0,-1,
0,0,0,-1,
0,0,0,-1,
0,0,0,-1,
0,0,0,-1,
0,0,0,-1,
0,0,0,-1,
0,0,0,-1,
0,0,0,-1,
0,0,0,-1,
0,0,0,-1,
0,0,0,-1,
0,0,0,-1,
0,0,0,-1,
0,0,0,-1,
0,0,0,-1,
0,0,0,-1,
0,0,0,-1,
0,0,0,-1,
0,0,0,-1,
0,0,0,-1,
0,0,0,-1,
0,0,0,-1,
0,0,0,-1,
0,0,0,-1,
0,0,0,-1,
0,0,0,-1,
0,0,0,-1,
0,0,0,-1,
0,0,0,-1,
0,0,0,-1,
8,8,8,-1,
8,8,8,-1,
8,8,8,-1,
8,8,8,-1,
8,8,8,-1,
8,8,8,-1,
0,0,0,-1,
0,0,0,-1,
0,0,0,-1,
9,9,12,-1,
12,9,12,-1,
13,12,12,-1,
13,13,12,-1,
12,13,12,-1,
9,12,12,-1,
13,13,11,-1,
11,13,11,-1,
10,11,11,-1,
10,10,11,-1,
11,10,11,-1,
13,11,11,-1,
10,10,4,-1,
4,10,4,-1,
4,4,2,-1,
2,4,2,-1,
1,2,2,-1,
1,1,2,-1,
2,1,2,-1,
4,2,2,-1,
1,1,3,-1,
3,1,3,-1,
9,3,3,-1,
9,9,3,-1,
3,9,3,-1,
1,3,3,-1,
0,0,0,-1,
0,0,0,-1,
0,0,0,-1,
9,9,12,-1,
12,9,12,-1,
13,12,12,-1,
13,13,12,-1,
12,13,12,-1,
9,12,12,-1,
13,13,11,-1,
11,13,11,-1,
10,11,11,-1,
10,10,11,-1,
11,10,11,-1,
13,11,11,-1,
10,10,4,-1,
4,10,4,-1,
4,4,2,-1,
2,4,2,-1,
1,2,2,-1,
1,1,2,-1,
2,1,2,-1,
4,2,2,-1,
1,1,3,-1,
3,1,3,-1,
9,3,3,-1,
9,9,3,-1,
3,9,3,-1,
1,3,3,-1,
0,0,0,-1,
0,0,0,-1,
0,0,0,-1,
9,9,12,-1,
12,9,12,-1,
13,12,12,-1,
13,13,12,-1,
12,13,12,-1,
9,12,12,-1,
13,13,11,-1,
11,13,11,-1,
10,11,11,-1,
10,10,11,-1,
11,10,11,-1,
13,11,11,-1,
10,10,4,-1,
4,10,4,-1,
4,4,2,-1,
2,4,2,-1,
1,2,2,-1,
1,1,2,-1,
2,1,2,-1,
4,2,2,-1,
1,1,3,-1,
3,1,3,-1,
9,3,3,-1,
9,9,3,-1,
3,9,3,-1,
1,3,3,-1,
0,0,0,-1,
0,0,0,-1,
0,0,0,-1,
9,9,12,-1,
12,9,12,-1,
13,12,12,-1,
13,13,12,-1,
12,13,12,-1,
9,12,12,-1,
13,13,11,-1,
11,13,11,-1,
10,11,11,-1,
10,10,11,-1,
11,10,11,-1,
13,11,11,-1,
10,10,4,-1,
4,10,4,-1,
4,4,2,-1,
2,4,2,-1,
1,2,2,-1,
1,1,2,-1,
2,1,2,-1,
4,2,2,-1,
1,1,3,-1,
3,1,3,-1,
9,3,3,-1,
9,9,3,-1,
3,9,3,-1,
1,3,3,-1,
0,0,0,-1,
0,0,0,-1,
0,0,0,-1,
9,9,12,-1,
12,9,12,-1,
13,12,12,-1,
13,13,12,-1,
12,13,12,-1,
9,12,12,-1,
13,13,11,-1,
11,13,11,-1,
10,11,11,-1,
10,10,11,-1,
11,10,11,-1,
13,11,11,-1,
10,10,4,-1,
4,10,4,-1,
4,4,2,-1,
2,4,2,-1,
1,2,2,-1,
1,1,2,-1,
2,1,2,-1,
4,2,2,-1,
1,1,3,-1,
3,1,3,-1,
9,3,3,-1,
9,9,3,-1,
3,9,3,-1,
1,3,3,-1,
0,0,0,-1,
0,0,0,-1,
0,0,0,-1,
9,9,12,-1,
12,9,12,-1,
13,12,12,-1,
13,13,12,-1,
12,13,12,-1,
9,12,12,-1,
13,13,11,-1,
11,13,11,-1,
10,11,11,-1,
10,10,11,-1,
11,10,11,-1,
13,11,11,-1,
10,10,4,-1,
4,10,4,-1,
4,4,2,-1,
2,4,2,-1,
1,2,2,-1,
1,1,2,-1,
2,1,2,-1,
4,2,2,-1,
1,1,3,-1,
3,1,3,-1,
9,3,3,-1,
9,9,3,-1,
3,9,3,-1,
1,3,3,-1,
0,0,0,-1,
0,0,0,-1,
0,0,0,-1,
9,9,12,-1,
12,9,12,-1,
13,12,12,-1,
13,13,12,-1,
12,13,12,-1,
9,12,12,-1,
13,13,11,-1,
11,13,11,-1,
10,11,11,-1,
10,10,11,-1,
11,10,11,-1,
13,11,11,-1,
10,10,4,-1,
4,10,4,-1,
4,4,2,-1,
2,4,2,-1,
1,2,2,-1,
1,1,2,-1,
2,1,2,-1,
4,2,2,-1,
1,1,3,-1,
3,1,3,-1,
9,3,3,-1,
9,9,3,-1,
3,9,3,-1,
1,3,3,-1,
0,0,0,-1,
0,0,0,-1,
0,0,0,-1,
9,9,12,-1,
12,9,12,-1,
13,12,12,-1,
13,13,12,-1,
12,13,12,-1,
9,12,12,-1,
13,13,11,-1,
11,13,11,-1,
10,11,11,-1,
10,10,11,-1,
11,10,11,-1,
13,11,11,-1,
10,10,4,-1,
4,10,4,-1,
4,4,2,-1,
2,4,2,-1,
1,2,2,-1,
1,1,2,-1,
2,1,2,-1,
4,2,2,-1,
1,1,3,-1,
3,1,3,-1,
9,3,3,-1,
9,9,3,-1,
3,9,3,-1,
1,3,3,-1,
0,0,0,-1,
0,0,0,-1,
0,0,0,-1,
9,9,12,-1,
12,9,12,-1,
13,12,12,-1,
13,13,12,-1,
12,13,12,-1,
9,12,12,-1,
13,13,11,-1,
11,13,11,-1,
10,11,11,-1,
10,10,11,-1,
11,10,11,-1,
13,11,11,-1,
10,10,4,-1,
4,10,4,-1,
4,4,2,-1,
2,4,2,-1,
1,2,2,-1,
1,1,2,-1,
2,1,2,-1,
4,2,2,-1,
1,1,3,-1,
3,1,3,-1,
9,3,3,-1,
9,9,3,-1,
3,9,3,-1,
1,3,3,-1,
0,0,0,-1,
0,0,0,-1,
0,0,0,-1,
9,9,12,-1,
12,9,12,-1,
13,12,12,-1,
13,13,12,-1,
12,13,12,-1,
9,12,12,-1,
13,13,11,-1,
11,13,11,-1,
10,11,11,-1,
10,10,11,-1,
11,10,11,-1,
13,11,11,-1,
10,10,4,-1,
4,10,4,-1,
4,4,2,-1,
2,4,2,-1,
1,2,2,-1,
1,1,2,-1,
2,1,2,-1,
4,2,2,-1,
1,1,3,-1,
3,1,3,-1,
9,3,3,-1,
9,9,3,-1,
3,9,3,-1,
1,3,3,-1,
0,0,0,-1,
0,0,0,-1,
0,0,0,-1,
9,9,12,-1,
12,9,12,-1,
13,12,12,-1,
13,13,12,-1,
12,13,12,-1,
9,12,12,-1,
13,13,11,-1,
11,13,11,-1,
10,11,11,-1,
10,10,11,-1,
11,10,11,-1,
13,11,11,-1,
10,10,4,-1,
4,10,4,-1,
4,4,2,-1,
2,4,2,-1,
1,2,2,-1,
1,1,2,-1,
2,1,2,-1,
4,2,2,-1,
1,1,3,-1,
3,1,3,-1,
9,3,3,-1,
9,9,3,-1,
3,9,3,-1,
1,3,3,-1,
0,0,0,-1,
0,0,0,-1,
0,0,0,-1,
9,9,12,-1,
12,9,12,-1,
13,12,12,-1,
13,13,12,-1,
12,13,12,-1,
9,12,12,-1,
13,13,11,-1,
11,13,11,-1,
10,11,11,-1,
10,10,11,-1,
11,10,11,-1,
13,11,11,-1,
10,10,4,-1,
4,10,4,-1,
4,4,2,-1,
2,4,2,-1,
1,2,2,-1,
1,1,2,-1,
2,1,2,-1,
4,2,2,-1,
1,1,3,-1,
3,1,3,-1,
9,3,3,-1,
9,9,3,-1,
3,9,3,-1,
1,3,3,-1,
0,0,0,-1,
0,0,0,-1,
0,0,0,-1,
9,9,12,-1,
12,9,12,-1,
13,12,12,-1,
13,13,12,-1,
12,13,12,-1,
9,12,12,-1,
13,13,11,-1,
11,13,11,-1,
10,11,11,-1,
10,10,11,-1,
11,10,11,-1,
13,11,11,-1,
10,10,4,-1,
4,10,4,-1,
4,4,2,-1,
2,4,2,-1,
1,2,2,-1,
1,1,2,-1,
2,1,2,-1,
4,2,2,-1,
1,1,3,-1,
3,1,3,-1,
9,3,3,-1,
9,9,3,-1,
3,9,3,-1,
1,3,3,-1,
0,0,0,-1,
0,0,0,-1,
0,0,0,-1,
9,9,12,-1,
12,9,12,-1,
13,12,12,-1,
13,13,12,-1,
12,13,12,-1,
9,12,12,-1,
13,13,11,-1,
11,13,11,-1,
10,11,11,-1,
10,10,11,-1,
11,10,11,-1,
13,11,11,-1,
10,10,4,-1,
4,10,4,-1,
4,4,2,-1,
2,4,2,-1,
1,2,2,-1,
1,1,2,-1,
2,1,2,-1,
4,2,2,-1,
1,1,3,-1,
3,1,3,-1,
9,3,3,-1,
9,9,3,-1,
3,9,3,-1,
1,3,3,-1,
0,0,0,-1,
0,0,0,-1,
0,0,0,-1,
9,9,12,-1,
12,9,12,-1,
13,12,12,-1,
13,13,12,-1,
12,13,12,-1,
9,12,12,-1,
13,13,11,-1,
11,13,11,-1,
10,11,11,-1,
10,10,11,-1,
11,10,11,-1,
13,11,11,-1,
10,10,4,-1,
4,10,4,-1,
4,4,2,-1,
2,4,2,-1,
1,2,2,-1,
1,1,2,-1,
2,1,2,-1,
4,2,2,-1,
1,1,3,-1,
3,1,3,-1,
9,3,3,-1,
9,9,3,-1,
3,9,3,-1,
1,3,3,-1,
0,0,0,-1,
0,0,0,-1,
0,0,0,-1,
9,9,12,-1,
12,9,12,-1,
13,12,12,-1,
13,13,12,-1,
12,13,12,-1,
9,12,12,-1,
13,13,11,-1,
11,13,11,-1,
10,11,11,-1,
10,10,11,-1,
11,10,11,-1,
13,11,11,-1,
10,10,4,-1,
4,10,4,-1,
4,4,2,-1,
2,4,2,-1,
1,2,2,-1,
1,1,2,-1,
2,1,2,-1,
4,2,2,-1,
1,1,3,-1,
3,1,3,-1,
9,3,3,-1,
9,9,3,-1,
3,9,3,-1,
1,3,3,-1
]
texCoordIndex [
302,303,257,-1,
257,303,258,-1,
169,168,214,-1,
185,181,215,-1,
215,181,177,-1,
215,177,214,-1,
214,177,173,-1,
214,173,169,-1,
259,256,255,-1,
301,290,300,-1,
300,290,280,-1,
300,280,255,-1,
255,280,270,-1,
255,270,259,-1,
214,237,238,-1,
238,242,214,-1,
214,242,246,-1,
214,246,215,-1,
215,246,250,-1,
215,250,254,-1,
167,159,158,-1,
44,38,25,-1,
44,25,6,-1,
6,25,11,-1,
6,11,7,-1,
7,11,21,-1,
7,21,31,-1,
38,44,31,-1,
31,44,45,-1,
31,45,7,-1,
30,37,43,-1,
43,37,24,-1,
43,24,5,-1,
5,24,10,-1,
5,10,6,-1,
6,10,20,-1,
6,20,44,-1,
44,20,30,-1,
44,30,43,-1,
29,36,42,-1,
42,36,23,-1,
42,23,4,-1,
4,23,9,-1,
4,9,5,-1,
5,9,19,-1,
5,19,43,-1,
43,19,29,-1,
43,29,42,-1,
28,35,41,-1,
41,35,22,-1,
41,22,3,-1,
3,22,8,-1,
3,8,4,-1,
4,8,18,-1,
4,18,42,-1,
42,18,28,-1,
42,28,41,-1,
69,83,45,-1,
83,69,82,-1,
69,76,82,-1,
82,76,63,-1,
82,63,44,-1,
44,63,49,-1,
44,49,45,-1,
45,49,59,-1,
45,59,69,-1,
81,62,43,-1,
43,62,48,-1,
43,48,44,-1,
44,48,58,-1,
44,58,82,-1,
82,58,68,-1,
82,68,81,-1,
81,68,75,-1,
81,75,62,-1,
67,74,80,-1,
80,74,61,-1,
80,61,42,-1,
42,61,47,-1,
42,47,43,-1,
43,47,57,-1,
43,57,81,-1,
81,57,67,-1,
81,67,80,-1,
66,73,79,-1,
79,73,60,-1,
79,60,41,-1,
41,60,46,-1,
41,46,42,-1,
42,46,56,-1,
42,56,80,-1,
80,56,66,-1,
80,66,79,-1,
120,114,101,-1,
120,101,82,-1,
82,101,87,-1,
82,87,83,-1,
83,87,97,-1,
83,97,107,-1,
114,120,107,-1,
107,120,121,-1,
107,121,83,-1,
106,113,119,-1,
119,113,100,-1,
119,100,81,-1,
81,100,86,-1,
81,86,82,-1,
82,86,96,-1,
82,96,120,-1,
120,96,106,-1,
120,106,119,-1,
105,112,118,-1,
118,112,99,-1,
118,99,80,-1,
80,99,85,-1,
80,85,81,-1,
81,85,95,-1,
81,95,119,-1,
119,95,105,-1,
119,105,118,-1,
104,111,117,-1,
117,111,98,-1,
117,98,79,-1,
79,98,84,-1,
79,84,80,-1,
80,84,94,-1,
80,94,118,-1,
118,94,104,-1,
118,104,117,-1,
135,145,159,-1,
159,145,152,-1,
159,152,158,-1,
158,152,139,-1,
158,139,120,-1,
120,139,125,-1,
120,125,121,-1,
121,125,135,-1,
121,135,159,-1,
134,144,158,-1,
158,144,151,-1,
158,151,157,-1,
157,151,138,-1,
157,138,119,-1,
119,138,124,-1,
119,124,120,-1,
120,124,134,-1,
120,134,158,-1,
133,143,157,-1,
157,143,150,-1,
157,150,156,-1,
156,150,137,-1,
156,137,118,-1,
118,137,123,-1,
118,123,119,-1,
119,123,133,-1,
119,133,157,-1,
142,149,155,-1,
155,149,136,-1,
155,136,117,-1,
117,136,122,-1,
117,122,118,-1,
118,122,132,-1,
118,132,156,-1,
156,132,142,-1,
156,142,155,-1,
167,158,166,-1,
166,158,157,-1,
166,157,165,-1,
165,157,156,-1,
165,156,164,-1,
164,156,155,-1,
164,155,163,-1,
3,2,41,-1,
41,2,40,-1,
41,40,79,-1,
79,40,78,-1,
79,78,117,-1,
117,78,116,-1,
117,116,155,-1,
155,116,154,-1,
155,154,163,-1,
163,154,162,-1,
160,161,153,-1,
153,115,160,-1,
160,115,77,-1,
160,77,0,-1,
0,77,39,-1,
0,39,1,-1,
125,139,135,-1,
135,139,152,-1,
135,152,145,-1,
264,265,262,-1,
262,265,263,-1,
226,225,236,-1,
252,226,251,-1,
251,226,236,-1,
265,261,260,-1,
226,252,227,-1,
227,252,231,-1,
140,146,147,-1,
141,140,148,-1,
148,140,147,-1,
252,253,231,-1,
140,141,130,-1,
130,141,131,-1,
130,131,126,-1,
126,131,127,-1,
212,213,193,-1,
183,212,184,-1,
184,212,189,-1,
131,129,128,-1,
212,183,211,-1,
211,183,197,-1,
264,266,268,-1,
265,264,269,-1,
269,264,267,-1,
183,182,201,-1,
21,11,31,-1,
31,11,25,-1,
31,25,38,-1,
294,295,291,-1,
291,295,292,-1,
226,225,236,-1,
252,226,251,-1,
251,226,236,-1,
295,293,292,-1,
226,252,227,-1,
227,252,231,-1,
26,32,33,-1,
27,26,34,-1,
34,26,33,-1,
252,253,231,-1,
26,27,16,-1,
16,27,17,-1,
16,17,12,-1,
12,17,13,-1,
212,213,193,-1,
183,212,184,-1,
184,212,189,-1,
17,15,14,-1,
212,183,211,-1,
211,183,197,-1,
294,296,298,-1,
295,294,299,-1,
299,294,297,-1,
183,182,201,-1,
73,66,60,-1,
60,66,56,-1,
60,56,46,-1,
284,285,281,-1,
281,285,282,-1,
217,216,232,-1,
240,217,239,-1,
239,217,233,-1,
285,283,282,-1,
217,240,218,-1,
218,240,228,-1,
64,70,71,-1,
65,64,72,-1,
72,64,71,-1,
240,241,228,-1,
64,65,54,-1,
54,65,55,-1,
54,55,50,-1,
50,55,51,-1,
203,204,190,-1,
171,203,172,-1,
172,203,186,-1,
55,53,52,-1,
203,171,202,-1,
202,171,194,-1,
284,286,288,-1,
285,284,289,-1,
289,284,287,-1,
171,170,198,-1,
74,67,61,-1,
61,67,57,-1,
61,57,47,-1,
284,285,281,-1,
281,285,282,-1,
220,219,234,-1,
244,220,243,-1,
243,220,234,-1,
285,283,282,-1,
220,244,221,-1,
221,244,229,-1,
64,70,71,-1,
65,64,72,-1,
72,64,71,-1,
244,245,229,-1,
64,65,54,-1,
54,65,55,-1,
54,55,50,-1,
50,55,51,-1,
206,207,191,-1,
175,206,176,-1,
176,206,187,-1,
55,53,52,-1,
206,175,205,-1,
205,175,195,-1,
284,286,288,-1,
285,284,289,-1,
289,284,287,-1,
175,174,199,-1,
68,58,75,-1,
75,58,48,-1,
75,48,62,-1,
284,285,281,-1,
281,285,282,-1,
223,222,235,-1,
248,223,247,-1,
247,223,235,-1,
285,283,282,-1,
223,248,224,-1,
224,248,230,-1,
64,70,71,-1,
65,64,72,-1,
72,64,71,-1,
248,249,230,-1,
64,65,54,-1,
54,65,55,-1,
54,55,50,-1,
50,55,51,-1,
209,210,192,-1,
179,209,180,-1,
180,209,188,-1,
55,53,52,-1,
209,179,208,-1,
208,179,196,-1,
284,286,288,-1,
285,284,289,-1,
289,284,287,-1,
179,178,200,-1,
20,10,30,-1,
30,10,24,-1,
30,24,37,-1,
294,295,291,-1,
291,295,292,-1,
223,222,235,-1,
248,223,247,-1,
247,223,235,-1,
295,293,292,-1,
223,248,224,-1,
224,248,230,-1,
26,32,33,-1,
27,26,34,-1,
34,26,33,-1,
248,249,230,-1,
26,27,16,-1,
16,27,17,-1,
16,17,12,-1,
12,17,13,-1,
209,210,192,-1,
179,209,180,-1,
180,209,188,-1,
17,15,14,-1,
209,179,208,-1,
208,179,196,-1,
294,296,298,-1,
295,294,299,-1,
299,294,297,-1,
179,178,200,-1,
36,29,23,-1,
23,29,19,-1,
23,19,9,-1,
294,295,291,-1,
291,295,292,-1,
220,219,234,-1,
244,220,243,-1,
243,220,234,-1,
295,293,292,-1,
220,244,221,-1,
221,244,229,-1,
26,32,33,-1,
27,26,34,-1,
34,26,33,-1,
244,245,229,-1,
26,27,16,-1,
16,27,17,-1,
16,17,12,-1,
12,17,13,-1,
206,207,191,-1,
175,206,176,-1,
176,206,187,-1,
17,15,14,-1,
206,175,205,-1,
205,175,195,-1,
294,296,298,-1,
295,294,299,-1,
299,294,297,-1,
175,174,199,-1,
35,28,22,-1,
22,28,18,-1,
22,18,8,-1,
294,295,291,-1,
291,295,292,-1,
217,216,232,-1,
240,217,239,-1,
239,217,233,-1,
295,293,292,-1,
217,240,218,-1,
218,240,228,-1,
26,32,33,-1,
27,26,34,-1,
34,26,33,-1,
240,241,228,-1,
26,27,16,-1,
16,27,17,-1,
16,17,12,-1,
12,17,13,-1,
203,204,190,-1,
171,203,172,-1,
172,203,186,-1,
17,15,14,-1,
203,171,202,-1,
202,171,194,-1,
294,296,298,-1,
295,294,299,-1,
299,294,297,-1,
171,170,198,-1,
114,107,101,-1,
101,107,97,-1,
101,97,87,-1,
274,275,271,-1,
271,275,272,-1,
226,225,236,-1,
252,226,251,-1,
251,226,236,-1,
275,273,272,-1,
226,252,227,-1,
227,252,231,-1,
102,108,109,-1,
103,102,110,-1,
110,102,109,-1,
252,253,231,-1,
102,103,92,-1,
92,103,93,-1,
92,93,88,-1,
88,93,89,-1,
212,213,193,-1,
183,212,184,-1,
184,212,189,-1,
93,91,90,-1,
212,183,211,-1,
211,183,197,-1,
274,276,278,-1,
275,274,279,-1,
279,274,277,-1,
183,182,201,-1,
149,142,136,-1,
136,142,132,-1,
136,132,122,-1,
264,265,262,-1,
262,265,263,-1,
217,216,232,-1,
240,217,239,-1,
239,217,233,-1,
265,261,260,-1,
217,240,218,-1,
218,240,228,-1,
140,146,147,-1,
141,140,148,-1,
148,140,147,-1,
240,241,228,-1,
140,141,130,-1,
130,141,131,-1,
130,131,126,-1,
126,131,127,-1,
203,204,190,-1,
171,203,172,-1,
172,203,186,-1,
131,129,128,-1,
203,171,202,-1,
202,171,194,-1,
264,266,268,-1,
265,264,269,-1,
269,264,267,-1,
171,170,198,-1,
150,143,137,-1,
137,143,133,-1,
137,133,123,-1,
264,265,262,-1,
262,265,263,-1,
220,219,234,-1,
244,220,243,-1,
243,220,234,-1,
265,261,260,-1,
220,244,221,-1,
221,244,229,-1,
140,146,147,-1,
141,140,148,-1,
148,140,147,-1,
244,245,229,-1,
140,141,130,-1,
130,141,131,-1,
130,131,126,-1,
126,131,127,-1,
206,207,191,-1,
175,206,176,-1,
176,206,187,-1,
131,129,128,-1,
206,175,205,-1,
205,175,195,-1,
264,266,268,-1,
265,264,269,-1,
269,264,267,-1,
175,174,199,-1,
124,138,134,-1,
134,138,151,-1,
134,151,144,-1,
264,265,262,-1,
262,265,263,-1,
223,222,235,-1,
248,223,247,-1,
247,223,235,-1,
265,261,260,-1,
223,248,224,-1,
224,248,230,-1,
140,146,147,-1,
141,140,148,-1,
148,140,147,-1,
248,249,230,-1,
140,141,130,-1,
130,141,131,-1,
130,131,126,-1,
126,131,127,-1,
209,210,192,-1,
179,209,180,-1,
180,209,188,-1,
131,129,128,-1,
209,179,208,-1,
208,179,196,-1,
264,266,268,-1,
265,264,269,-1,
269,264,267,-1,
179,178,200,-1,
49,63,59,-1,
59,63,76,-1,
59,76,69,-1,
284,285,281,-1,
281,285,282,-1,
226,225,236,-1,
252,226,251,-1,
251,226,236,-1,
285,283,282,-1,
226,252,227,-1,
227,252,231,-1,
64,70,71,-1,
65,64,72,-1,
72,64,71,-1,
252,253,231,-1,
64,65,54,-1,
54,65,55,-1,
54,55,50,-1,
50,55,51,-1,
212,213,193,-1,
183,212,184,-1,
184,212,189,-1,
55,53,52,-1,
212,183,211,-1,
211,183,197,-1,
284,286,288,-1,
285,284,289,-1,
289,284,287,-1,
183,182,201,-1,
111,104,98,-1,
98,104,94,-1,
98,94,84,-1,
274,275,271,-1,
271,275,272,-1,
217,216,232,-1,
240,217,239,-1,
239,217,233,-1,
275,273,272,-1,
217,240,218,-1,
218,240,228,-1,
102,108,109,-1,
103,102,110,-1,
110,102,109,-1,
240,241,228,-1,
102,103,92,-1,
92,103,93,-1,
92,93,88,-1,
88,93,89,-1,
203,204,190,-1,
171,203,172,-1,
172,203,186,-1,
93,91,90,-1,
203,171,202,-1,
202,171,194,-1,
274,276,278,-1,
275,274,279,-1,
279,274,277,-1,
171,170,198,-1,
112,105,99,-1,
99,105,95,-1,
99,95,85,-1,
274,275,271,-1,
271,275,272,-1,
220,219,234,-1,
244,220,243,-1,
243,220,234,-1,
275,273,272,-1,
220,244,221,-1,
221,244,229,-1,
102,108,109,-1,
103,102,110,-1,
110,102,109,-1,
244,245,229,-1,
102,103,92,-1,
92,103,93,-1,
92,93,88,-1,
88,93,89,-1,
206,207,191,-1,
175,206,176,-1,
176,206,187,-1,
93,91,90,-1,
206,175,205,-1,
205,175,195,-1,
274,276,278,-1,
275,274,279,-1,
279,274,277,-1,
175,174,199,-1,
96,86,106,-1,
106,86,100,-1,
106,100,113,-1,
274,275,271,-1,
271,275,272,-1,
223,222,235,-1,
248,223,247,-1,
247,223,235,-1,
275,273,272,-1,
223,248,224,-1,
224,248,230,-1,
102,108,109,-1,
103,102,110,-1,
110,102,109,-1,
248,249,230,-1,
102,103,92,-1,
92,103,93,-1,
92,93,88,-1,
88,93,89,-1,
209,210,192,-1,
179,209,180,-1,
180,209,188,-1,
93,91,90,-1,
209,179,208,-1,
208,179,196,-1,
274,276,278,-1,
275,274,279,-1,
279,274,277,-1,
179,178,200,-1
]
}
}
Shape {
appearance Appearance {
material Material {
ambientIntensity 0
diffuseColor 1 1 1
specularColor 0 0 0
shininess 0
transparency 0
}
texture USE MDF
}
geometry IndexedFaceSet {
normalPerVertex TRUE
solid TRUE
convex TRUE
coord Coordinate { point [
1.413 -1.276 0.0065000057,
1.413 -1.212 0.0065000057,
1.413 -1.276 -1.066,
1.413 -1.212 -1.066,
1.429 -1.196 0.0065000057,
1.429 -1.196 -1.066,
1.432 -1.276 0.0065000057,
1.432 -1.196 0.0065000057,
1.432 -1.276 -1.066,
1.432 -1.196 -1.066
] }
normal Normal { vector [
-1 0 0,
-0.707107 0.707107 0,
0 0 -1,
0 -1 0,
0 1 0,
0 0 1,
1 0 0
] }
texCoord TextureCoordinate { point [
-22.45 0,
-22.45 0.320001,
-22.45 0.380001,
-22.45 0.68,
-22.45 2.28,
-1 0,
-1 0.320001,
-1 0.380001,
-1 0.68,
-1 2.28,
-0.380001 0.68,
-0.380001 2.28,
-0.320001 0.68,
0 1,
0 2.28,
0.320001 0.68,
0.380001 0.68,
0.380001 2.28,
1 0,
1 0.380001,
1 1,
1 2.28,
22.45 0,
22.45 0.380001,
22.45 1,
22.45 2.28
] }
coordIndex [
4,7,5,-1,
5,7,9,-1,
7,6,9,-1,
9,6,8,-1,
6,0,8,-1,
8,0,2,-1,
0,1,2,-1,
2,1,3,-1,
1,4,3,-1,
3,4,5,-1,
1,0,4,-1,
4,0,6,-1,
4,6,7,-1,
2,3,8,-1,
8,3,5,-1,
8,5,9,-1
]
normalIndex [
4,4,4,-1,
4,4,4,-1,
6,6,6,-1,
6,6,6,-1,
3,3,3,-1,
3,3,3,-1,
0,0,0,-1,
0,0,0,-1,
1,1,1,-1,
1,1,1,-1,
5,5,5,-1,
5,5,5,-1,
5,5,5,-1,
2,2,2,-1,
2,2,2,-1,
2,2,2,-1
]
texCoordIndex [
6,7,1,-1,
1,7,2,-1,
8,9,3,-1,
3,9,4,-1,
19,18,23,-1,
23,18,22,-1,
21,20,25,-1,
25,20,24,-1,
5,6,0,-1,
0,6,1,-1,
13,14,12,-1,
12,14,11,-1,
12,11,10,-1,
14,13,17,-1,
17,13,15,-1,
17,15,16,-1
]
}
}
Shape {
appearance Appearance {
material Material {
ambientIntensity 0
diffuseColor 1 1 1
specularColor 0 0 0
shininess 0
transparency 0
}
texture USE MDF
}
geometry IndexedFaceSet {
normalPerVertex TRUE
solid TRUE
convex TRUE
coord Coordinate { point [
1.413 -0.48699999 0.0065000057,
1.413 -0.42299998 0.0065000057,
1.413 -0.48699999 -1.066,
1.413 -0.42299998 -1.066,
1.429 -0.40699995 0.0065000057,
1.429 -0.40699995 -1.066,
1.432 -0.48699999 0.0065000057,
1.432 -0.40699995 0.0065000057,
1.432 -0.48699999 -1.066,
1.432 -0.40699995 -1.066
] }
normal Normal { vector [
-1 0 0,
-0.707107 0.707107 0,
0 0 -1,
0 -1 0,
0 1 0,
0 0 1,
1 0 0
] }
texCoord TextureCoordinate { point [
-22.45 0,
-22.45 0.320001,
-22.45 0.380001,
-22.45 0.68,
-22.45 2.28,
-1 0,
-1 0.320001,
-1 0.380001,
-1 0.68,
-1 2.28,
-0.380001 0.68,
-0.380001 2.28,
-0.320001 0.68,
0 1,
0 2.28,
0.320001 0.68,
0.380001 0.68,
0.380001 2.28,
1 0,
1 0.380001,
1 1,
1 2.28,
22.45 0,
22.45 0.380001,
22.45 1,
22.45 2.28
] }
coordIndex [
4,7,5,-1,
5,7,9,-1,
7,6,9,-1,
9,6,8,-1,
6,0,8,-1,
8,0,2,-1,
0,1,2,-1,
2,1,3,-1,
1,4,3,-1,
3,4,5,-1,
1,0,4,-1,
4,0,6,-1,
4,6,7,-1,
2,3,8,-1,
8,3,5,-1,
8,5,9,-1
]
normalIndex [
4,4,4,-1,
4,4,4,-1,
6,6,6,-1,
6,6,6,-1,
3,3,3,-1,
3,3,3,-1,
0,0,0,-1,
0,0,0,-1,
1,1,1,-1,
1,1,1,-1,
5,5,5,-1,
5,5,5,-1,
5,5,5,-1,
2,2,2,-1,
2,2,2,-1,
2,2,2,-1
]
texCoordIndex [
6,7,1,-1,
1,7,2,-1,
8,9,3,-1,
3,9,4,-1,
19,18,23,-1,
23,18,22,-1,
21,20,25,-1,
25,20,24,-1,
5,6,0,-1,
0,6,1,-1,
13,14,12,-1,
12,14,11,-1,
12,11,10,-1,
14,13,17,-1,
17,13,15,-1,
17,15,16,-1
]
}
}
Shape {
appearance Appearance {
material Material {
ambientIntensity 0
diffuseColor 1 1 1
specularColor 0 0 0
shininess 0
transparency 0
}
texture USE MDF
}
geometry IndexedFaceSet {
normalPerVertex TRUE
solid TRUE
convex TRUE
coord Coordinate { point [
1.413 0.30200005 0.0065000057,
1.413 0.36600006 0.0065000057,
1.413 0.30200005 -1.066,
1.413 0.36600006 -1.066,
1.429 0.38200009 0.0065000057,
1.429 0.38200009 -1.066,
1.432 0.30200005 0.0065000057,
1.432 0.38200009 0.0065000057,
1.432 0.30200005 -1.066,
1.432 0.38200009 -1.066
] }
normal Normal { vector [
-1 0 0,
-0.707107 0.707107 0,
0 0 -1,
0 -1 0,
0 1 0,
0 0 1,
1 0 0
] }
texCoord TextureCoordinate { point [
-22.45 0,
-22.45 0.320001,
-22.45 0.380001,
-22.45 0.679998,
-22.45 2.28,
-1 0,
-1 0.320001,
-1 0.380001,
-1 0.679998,
-1 2.28,
-0.380001 0.679998,
-0.380001 2.28,
-0.320001 0.679998,
0 0.999999,
0 2.28,
0.320001 0.679998,
0.380001 0.679998,
0.380001 2.28,
1 0,
1 0.380001,
1 0.999999,
1 2.28,
22.45 0,
22.45 0.380001,
22.45 0.999999,
22.45 2.28
] }
coordIndex [
4,7,5,-1,
5,7,9,-1,
7,6,9,-1,
9,6,8,-1,
6,0,8,-1,
8,0,2,-1,
0,1,2,-1,
2,1,3,-1,
1,4,3,-1,
3,4,5,-1,
1,0,4,-1,
4,0,6,-1,
4,6,7,-1,
5,9,3,-1,
3,9,8,-1,
3,8,2,-1
]
normalIndex [
4,4,4,-1,
4,4,4,-1,
6,6,6,-1,
6,6,6,-1,
3,3,3,-1,
3,3,3,-1,
0,0,0,-1,
0,0,0,-1,
1,1,1,-1,
1,1,1,-1,
5,5,5,-1,
5,5,5,-1,
5,5,5,-1,
2,2,2,-1,
2,2,2,-1,
2,2,2,-1
]
texCoordIndex [
6,7,1,-1,
1,7,2,-1,
8,9,3,-1,
3,9,4,-1,
19,18,23,-1,
23,18,22,-1,
21,20,25,-1,
25,20,24,-1,
5,6,0,-1,
0,6,1,-1,
13,14,12,-1,
12,14,11,-1,
12,11,10,-1,
15,16,13,-1,
13,16,17,-1,
13,17,14,-1
]
}
}
Shape {
appearance Appearance {
material Material {
ambientIntensity 0
diffuseColor 1 1 1
specularColor 0 0 0
shininess 0
transparency 0
}
texture USE MDF
}
geometry IndexedFaceSet {
normalPerVertex TRUE
solid TRUE
convex TRUE
coord Coordinate { point [
1.413 1.091 0.0065000057,
1.413 1.1550001 0.0065000057,
1.413 1.091 -1.066,
1.413 1.1550001 -1.066,
1.429 1.1710001 0.0065000057,
1.429 1.1710001 -1.066,
1.432 1.091 0.0065000057,
1.432 1.1710001 0.0065000057,
1.432 1.091 -1.066,
1.432 1.1710001 -1.066
] }
normal Normal { vector [
-1 0 0,
-0.707107 0.707107 0,
0 0 -1,
0 -1 0,
0 1 0,
0 0 1,
1 0 0
] }
texCoord TextureCoordinate { point [
-22.45 0,
-22.45 0.320001,
-22.45 0.380001,
-22.45 0.679998,
-22.45 2.28,
-1 0,
-1 0.320001,
-1 0.380001,
-1 0.679998,
-1 2.28,
-0.380001 0.679998,
-0.380001 2.28,
-0.320001 0.679998,
0 0.999999,
0 2.28,
0.320001 0.679998,
0.380001 0.679998,
0.380001 2.28,
1 0,
1 0.380001,
1 0.999999,
1 2.28,
22.45 0,
22.45 0.380001,
22.45 0.999999,
22.45 2.28
] }
coordIndex [
4,7,5,-1,
5,7,9,-1,
7,6,9,-1,
9,6,8,-1,
6,0,8,-1,
8,0,2,-1,
0,1,2,-1,
2,1,3,-1,
1,4,3,-1,
3,4,5,-1,
1,0,4,-1,
4,0,6,-1,
4,6,7,-1,
2,3,8,-1,
8,3,5,-1,
8,5,9,-1
]
normalIndex [
4,4,4,-1,
4,4,4,-1,
6,6,6,-1,
6,6,6,-1,
3,3,3,-1,
3,3,3,-1,
0,0,0,-1,
0,0,0,-1,
1,1,1,-1,
1,1,1,-1,
5,5,5,-1,
5,5,5,-1,
5,5,5,-1,
2,2,2,-1,
2,2,2,-1,
2,2,2,-1
]
texCoordIndex [
6,7,1,-1,
1,7,2,-1,
8,9,3,-1,
3,9,4,-1,
19,18,23,-1,
23,18,22,-1,
21,20,25,-1,
25,20,24,-1,
5,6,0,-1,
0,6,1,-1,
13,14,12,-1,
12,14,11,-1,
12,11,10,-1,
14,13,17,-1,
17,13,15,-1,
17,15,16,-1
]
}
}
Shape {
appearance Appearance {
material Material {
ambientIntensity 0
diffuseColor 1 1 1
specularColor 0 0 0
shininess 0
transparency 0
}
texture USE MELA_H3450_ST22
}
geometry IndexedFaceSet {
normalPerVertex TRUE
solid TRUE
convex TRUE
coord Coordinate { point [
-1.451 1.038 -0.4465,
-1.451 1.341 -0.4465,
-1.451 1.038 -0.97650003,
-1.451 1.341 -0.97650003,
-1.444 1.038 -0.4465,
-1.444 1.103 -0.4465,
-1.444 1.038 -0.97650003,
-1.444 1.103 -0.97650003,
-1.437 1.228 -0.54549998,
-1.437 1.2274209 -0.54592079,
-1.437 1.2285792 -0.54592079,
-1.437 1.227049 -0.54619098,
-1.437 1.2289511 -0.54619098,
-1.437 1.2286421 -0.54714203,
-1.437 1.227358 -0.54714209,
-1.437 1.2274123 -0.54730904,
-1.437 1.2285877 -0.54730904,
-1.437 1.228 -0.87549996,
-1.437 1.2274209 -0.87592077,
-1.437 1.2285792 -0.87592089,
-1.437 1.227049 -0.87619102,
-1.437 1.2289511 -0.87619102,
-1.437 1.227358 -0.87714207,
-1.437 1.2286421 -0.87714207,
-1.437 1.2274123 -0.87730896,
-1.437 1.2285877 -0.87730896,
-1.4362533 1.227358 -0.54714203,
-1.4362533 1.227358 -0.54714209,
-1.4362533 1.227358 -0.87714207,
-1.435045 1.2274209 -0.54592079,
-1.435045 1.2274209 -0.87592077,
-1.435045 1.2274209 -0.87592089,
-1.4339551 1.2285792 -0.54592079,
-1.4339551 1.2285792 -0.87592077,
-1.4339551 1.2285792 -0.87592089,
-1.4327468 1.2286421 -0.54714203,
-1.4327468 1.2286421 -0.54714209,
-1.4327468 1.2286421 -0.87714207,
-1.432 1.103 -0.4465,
-1.432 1.341 -0.4465,
-1.432 1.228 -0.54549998,
-1.432 1.2274209 -0.54592079,
-1.432 1.2285792 -0.54592079,
-1.432 1.227049 -0.54619098,
-1.432 1.2289511 -0.54619098,
-1.432 1.227358 -0.54714203,
-1.432 1.2286421 -0.54714209,
-1.432 1.2274123 -0.54730904,
-1.432 1.2285877 -0.54730904,
-1.432 1.228 -0.87549996,
-1.432 1.2285792 -0.87592077,
-1.432 1.2274209 -0.87592089,
-1.432 1.227049 -0.87619102,
-1.432 1.2289511 -0.87619102,
-1.432 1.227358 -0.87714207,
-1.432 1.2286421 -0.87714207,
-1.432 1.2274123 -0.87730896,
-1.432 1.2285877 -0.87730896,
-1.432 1.103 -0.97650003,
-1.432 1.341 -0.97650003
] }
normal Normal { vector [
-1 0 0,
0 0.951057 -0.309017,
0 0.707107 -0.707107,
0 0.707107 0.707107,
0 0.587785 0.809017,
0 0 -1,
0 0 1,
0 -1 0,
0 1 0,
0 0 -1,
0 -0.587785 0.809017,
0 -0.707107 -0.707107,
0 -0.707107 0.707107,
0 -0.951057 -0.309017,
1 0 0
] }
texCoord TextureCoordinate { point [
-1.45095 0,
-1.45095 0.0608978,
-1.45095 1,
-1.45095 2.69873,
-1.28419 1.31953,
-1.28419 2.37723,
-1.28373 0.044872,
-1.28373 0.0585044,
-1.28373 0.0585044,
-1.28373 0.0608978,
-1.28365 0.044872,
-1.28365 0.0608978,
-1.28365 1.32311,
-1.28365 2.38081,
-1.28277 1.31731,
-1.28277 2.37501,
-1.2819 0.044872,
-1.2819 0.0608978,
-1.2819 1.32311,
-1.2819 2.38081,
-1.28182 0.044872,
-1.28182 0.0472655,
-1.28182 0.0608978,
-1.28136 1.31953,
-1.28136 2.37723,
-1.09674 0.022436,
-1.09674 0.0608978,
-1.09674 1,
-1.09674 2.69873,
-1 0,
-1 0.022436,
-1 1,
-1 2.69873,
-0.0282773 1,
-0.0282773 1.31866,
-0.0282773 1.31953,
-0.0282773 1.32257,
-0.0282773 2.37636,
-0.0282773 2.37723,
-0.0282773 2.38028,
-0.0282773 2.69873,
-0.0271659 1.32257,
-0.0271659 2.38028,
-0.0271659 1.32257,
-0.0271659 2.38028,
-0.0253677 1.31866,
-0.0253677 2.37636,
-0.0253677 1.31866,
-0.0253677 2.37636,
-0.0208359 1.31866,
-0.0208359 1.31953,
-0.0208359 1.32257,
-0.0208359 2.37636,
-0.0208359 2.37723,
-0.0208359 2.38028,
-0.0104179 1,
-0.0104179 2.69873,
0 1,
0 2.69873,
0.0208359 1.31866,
0.0208359 1.31953,
0.0208359 1.32257,
0.0208359 2.37636,
0.0208359 2.37723,
0.0208359 2.38028,
0.0219472 1.32257,
0.0219472 1.32257,
0.0219472 2.38028,
0.0237455 1.31866,
0.0237455 2.37636,
0.0237455 2.37636,
0.0282773 1,
0.0282773 1.31866,
0.0282773 1.31953,
0.0282773 1.32257,
0.0282773 2.37636,
0.0282773 2.37723,
0.0282773 2.38028,
0.0282773 2.69873,
1 0,
1 0.022436,
1 1,
1 2.69873,
1.09674 0.022436,
1.09674 0.0608978,
1.28191 0.044872,
1.28191 0.0511381,
1.28191 0.0511381,
1.28191 0.0608978,
1.28277 0.044872,
1.28277 0.0608978,
1.28364 0.044872,
1.28364 0.0546317,
1.28364 0.0546317,
1.28364 0.0608978,
1.45095 0,
1.45095 0.0608978,
1.45095 1,
1.45095 2.69873
] }
coordIndex [
4,0,6,-1,
6,0,2,-1,
6,2,7,-1,
7,2,3,-1,
7,3,58,-1,
58,3,59,-1,
39,53,59,-1,
59,53,57,-1,
59,57,58,-1,
48,47,52,-1,
57,56,58,-1,
58,56,52,-1,
58,52,38,-1,
38,52,47,-1,
47,43,38,-1,
38,43,40,-1,
38,40,39,-1,
39,40,44,-1,
39,44,53,-1,
53,44,48,-1,
53,48,49,-1,
49,48,52,-1,
0,4,5,-1,
38,39,5,-1,
5,39,1,-1,
5,1,0,-1,
1,3,0,-1,
0,3,2,-1,
1,39,3,-1,
3,39,59,-1,
16,12,15,-1,
15,12,8,-1,
15,8,11,-1,
8,40,9,-1,
9,40,29,-1,
11,9,29,-1,
43,11,41,-1,
41,11,29,-1,
40,41,29,-1,
11,43,14,-1,
14,43,27,-1,
15,14,27,-1,
47,15,45,-1,
45,15,26,-1,
43,45,26,-1,
15,47,16,-1,
16,47,48,-1,
16,48,13,-1,
13,48,35,-1,
12,13,35,-1,
44,12,46,-1,
46,12,36,-1,
48,46,36,-1,
12,44,10,-1,
10,44,32,-1,
8,10,32,-1,
40,8,42,-1,
42,8,32,-1,
44,42,32,-1,
20,24,17,-1,
17,24,25,-1,
17,25,21,-1,
17,49,18,-1,
18,49,30,-1,
20,18,30,-1,
52,20,51,-1,
51,20,31,-1,
49,51,31,-1,
20,52,22,-1,
22,52,28,-1,
24,22,28,-1,
56,24,54,-1,
54,24,28,-1,
52,54,28,-1,
24,56,25,-1,
25,56,57,-1,
25,57,23,-1,
23,57,37,-1,
21,23,37,-1,
53,21,55,-1,
55,21,37,-1,
57,55,37,-1,
21,53,19,-1,
19,53,34,-1,
17,19,34,-1,
49,17,50,-1,
50,17,33,-1,
53,50,33,-1,
5,7,38,-1,
38,7,58,-1,
5,4,7,-1,
7,4,6,-1
]
normalIndex [
7,7,7,-1,
7,7,7,-1,
9,9,9,-1,
9,9,9,-1,
9,9,9,-1,
9,9,9,-1,
14,14,14,-1,
14,14,14,-1,
14,14,14,-1,
14,14,14,-1,
14,14,14,-1,
14,14,14,-1,
14,14,14,-1,
14,14,14,-1,
14,14,14,-1,
14,14,14,-1,
14,14,14,-1,
14,14,14,-1,
14,14,14,-1,
14,14,14,-1,
14,14,14,-1,
14,14,14,-1,
6,6,6,-1,
6,6,6,-1,
6,6,6,-1,
6,6,6,-1,
0,0,0,-1,
0,0,0,-1,
8,8,8,-1,
8,8,8,-1,
14,14,14,-1,
14,14,14,-1,
14,14,14,-1,
5,5,2,-1,
2,5,2,-1,
1,2,2,-1,
1,1,2,-1,
2,1,2,-1,
5,2,2,-1,
1,1,3,-1,
3,1,3,-1,
4,3,3,-1,
4,4,3,-1,
3,4,3,-1,
1,3,3,-1,
4,4,10,-1,
10,4,10,-1,
10,10,12,-1,
12,10,12,-1,
13,12,12,-1,
13,13,12,-1,
12,13,12,-1,
10,12,12,-1,
13,13,11,-1,
11,13,11,-1,
5,11,11,-1,
5,5,11,-1,
11,5,11,-1,
13,11,11,-1,
14,14,14,-1,
14,14,14,-1,
14,14,14,-1,
5,5,2,-1,
2,5,2,-1,
1,2,2,-1,
1,1,2,-1,
2,1,2,-1,
5,2,2,-1,
1,1,3,-1,
3,1,3,-1,
4,3,3,-1,
4,4,3,-1,
3,4,3,-1,
1,3,3,-1,
4,4,10,-1,
10,4,10,-1,
10,10,12,-1,
12,10,12,-1,
13,12,12,-1,
13,13,12,-1,
12,13,12,-1,
10,12,12,-1,
13,13,11,-1,
11,13,11,-1,
5,11,11,-1,
5,5,11,-1,
11,5,11,-1,
13,11,11,-1,
7,7,7,-1,
7,7,7,-1,
14,14,14,-1,
14,14,14,-1
]
texCoordIndex [
55,57,56,-1,
56,57,58,-1,
80,79,83,-1,
83,79,95,-1,
83,95,84,-1,
84,95,96,-1,
2,5,3,-1,
3,5,13,-1,
3,13,28,-1,
12,18,24,-1,
13,19,28,-1,
28,19,24,-1,
28,24,27,-1,
27,24,18,-1,
18,23,27,-1,
27,23,14,-1,
27,14,2,-1,
2,14,4,-1,
2,4,5,-1,
5,4,12,-1,
5,12,15,-1,
15,12,24,-1,
29,30,25,-1,
26,1,25,-1,
25,1,0,-1,
25,0,29,-1,
97,98,81,-1,
81,98,82,-1,
57,71,58,-1,
58,71,78,-1,
12,4,18,-1,
18,4,14,-1,
18,14,23,-1,
89,90,85,-1,
85,90,86,-1,
60,59,68,-1,
73,60,72,-1,
72,60,68,-1,
90,88,87,-1,
60,73,61,-1,
61,73,66,-1,
16,20,21,-1,
17,16,22,-1,
22,16,21,-1,
73,74,65,-1,
16,17,10,-1,
10,17,11,-1,
10,11,6,-1,
6,11,7,-1,
50,51,43,-1,
35,50,36,-1,
36,50,41,-1,
11,9,8,-1,
50,35,49,-1,
49,35,45,-1,
89,91,93,-1,
90,89,94,-1,
94,89,92,-1,
35,34,47,-1,
24,19,15,-1,
15,19,13,-1,
15,13,5,-1,
89,90,85,-1,
85,90,86,-1,
63,62,69,-1,
76,63,75,-1,
75,63,70,-1,
90,88,87,-1,
63,76,64,-1,
64,76,67,-1,
16,20,21,-1,
17,16,22,-1,
22,16,21,-1,
76,77,67,-1,
16,17,10,-1,
10,17,11,-1,
10,11,6,-1,
6,11,7,-1,
53,54,44,-1,
38,53,39,-1,
39,53,42,-1,
11,9,8,-1,
53,38,52,-1,
52,38,46,-1,
89,91,93,-1,
90,89,94,-1,
94,89,92,-1,
38,37,48,-1,
55,56,33,-1,
33,56,40,-1,
27,31,28,-1,
28,31,32,-1
]
}
}
Shape {
appearance Appearance {
material Material {
ambientIntensity 0
diffuseColor 1 1 1
specularColor 0 0 0
shininess 0
transparency 0
}
texture USE MDF
}
geometry IndexedFaceSet {
normalPerVertex TRUE
solid TRUE
convex TRUE
coord Coordinate { point [
-1.432 1.1209999 -0.4465,
-1.432 1.2010001 -0.4465,
-1.432 1.1209999 -0.97650003,
-1.432 1.2010001 -0.97650003,
-1.429 1.2010001 -0.4465,
-1.429 1.2010001 -0.97650003,
-1.413 1.1209999 -0.4465,
-1.413 1.1850001 -0.4465,
-1.413 1.1209999 -0.97650003,
-1.413 1.1850001 -0.97650003
] }
normal Normal { vector [
-1 0 0,
0 0 -1,
0 1 0,
0 -1 0,
0 0 1,
0.707107 0.707107 0,
1 0 0
] }
texCoord TextureCoordinate { point [
-11.6 0,
-11.6 0.320001,
-11.6 0.380001,
-11.6 0.679998,
-11.6 2.28,
-0.999999 0,
-0.999999 0.320001,
-0.999999 0.380001,
-0.999999 0.679998,
-0.999999 2.28,
-0.380001 0.679998,
-0.380001 2.28,
-0.320001 0.679998,
0 0.999999,
0 2.28,
0.320001 0.679998,
0.380001 0.679998,
0.380001 2.28,
0.999999 0,
0.999999 0.380001,
0.999999 0.999999,
0.999999 2.28,
11.6 0,
11.6 0.380001,
11.6 0.999999,
11.6 2.28
] }
coordIndex [
5,3,4,-1,
4,3,1,-1,
3,2,1,-1,
1,2,0,-1,
2,8,0,-1,
0,8,6,-1,
8,9,6,-1,
6,9,7,-1,
9,5,7,-1,
7,5,4,-1,
9,8,5,-1,
5,8,2,-1,
5,2,3,-1,
6,7,0,-1,
0,7,4,-1,
0,4,1,-1
]
normalIndex [
2,2,2,-1,
2,2,2,-1,
0,0,0,-1,
0,0,0,-1,
3,3,3,-1,
3,3,3,-1,
6,6,6,-1,
6,6,6,-1,
5,5,5,-1,
5,5,5,-1,
1,1,1,-1,
1,1,1,-1,
1,1,1,-1,
4,4,4,-1,
4,4,4,-1,
4,4,4,-1
]
texCoordIndex [
6,7,1,-1,
1,7,2,-1,
8,9,3,-1,
3,9,4,-1,
19,18,23,-1,
23,18,22,-1,
21,20,25,-1,
25,20,24,-1,
5,6,0,-1,
0,6,1,-1,
13,14,12,-1,
12,14,11,-1,
12,11,10,-1,
14,13,17,-1,
17,13,15,-1,
17,15,16,-1
]
}
}
Shape {
appearance Appearance {
material Material {
ambientIntensity 0
diffuseColor 1 1 1
specularColor 0 0 0
shininess 0
transparency 0
}
texture USE MELA_H3450_ST22
}
geometry IndexedFaceSet {
normalPerVertex TRUE
solid TRUE
convex TRUE
coord Coordinate { point [
-1.451 -1.326 -0.98049998,
-1.451 1.341 -0.98049998,
-1.451 -1.326 -1.1454999,
-1.451 1.341 -1.1454999,
-1.444 -1.326 -0.98049998,
-1.444 1.341 -0.98049998,
-1.444 -1.326 -1.0455,
-1.444 1.341 -1.0455,
-1.437 -1.1689999 -1.066,
-1.437 -0.37999994 -1.066,
-1.437 0.40900004 -1.066,
-1.437 1.1980001 -1.066,
-1.437 -1.169579 -1.0664209,
-1.437 -1.1684208 -1.0664209,
-1.437 -0.38057917 -1.0664209,
-1.437 -0.3794207 -1.0664209,
-1.437 0.40842092 -1.0664209,
-1.437 0.40957916 -1.0664209,
-1.437 1.197421 -1.0664209,
-1.437 1.1985792 -1.0664209,
-1.437 -1.169951 -1.066691,
-1.437 -1.1680489 -1.066691,
-1.437 -0.38095105 -1.066691,
-1.437 -0.37904888 -1.066691,
-1.437 0.40804899 -1.066691,
-1.437 0.40995109 -1.066691,
-1.437 1.197049 -1.066691,
-1.437 1.1989511 -1.066691,
-1.437 -1.169642 -1.0676421,
-1.437 -1.1683578 -1.0676421,
-1.437 -0.380642 -1.0676421,
-1.437 -0.37935787 -1.0676421,
-1.437 0.40835798 -1.0676421,
-1.437 0.40964234 -1.0676421,
-1.437 1.197358 -1.0676421,
-1.437 1.1986421 -1.0676421,
-1.437 -1.1695877 -1.067809,
-1.437 -1.1684122 -1.067809,
-1.437 -0.38058776 -1.067809,
-1.437 -0.37941217 -1.067809,
-1.437 0.40841222 -1.067809,
-1.437 0.40958786 -1.067809,
-1.437 1.1974124 -1.067809,
-1.437 1.1985878 -1.067809,
-1.437 -1.1689999 -1.0866667,
-1.437 -0.37999994 -1.0866667,
-1.437 0.40900004 -1.0866667,
-1.437 1.1980001 -1.0866667,
-1.437 -1.169579 -1.0870875,
-1.437 -1.1684208 -1.0870875,
-1.437 -0.38057917 -1.0870875,
-1.437 -0.3794207 -1.0870875,
-1.437 0.40842092 -1.0870875,
-1.437 0.40957916 -1.0870875,
-1.437 1.197421 -1.0870875,
-1.437 1.1985792 -1.0870875,
-1.437 -1.169951 -1.0873576,
-1.437 -1.1680489 -1.0873576,
-1.437 -0.38095105 -1.0873576,
-1.437 -0.37904888 -1.0873576,
-1.437 0.40804899 -1.0873576,
-1.437 0.40995109 -1.0873576,
-1.437 1.197049 -1.0873576,
-1.437 1.1989511 -1.0873576,
-1.437 -1.169642 -1.0883087,
-1.437 -1.1683578 -1.0883087,
-1.437 -0.380642 -1.0883087,
-1.437 -0.37935787 -1.0883087,
-1.437 0.40835798 -1.0883087,
-1.437 0.40964234 -1.0883087,
-1.437 1.197358 -1.0883087,
-1.437 1.1986421 -1.0883087,
-1.437 -1.1695877 -1.0884757,
-1.437 -1.1684122 -1.0884757,
-1.437 -0.38058776 -1.0884757,
-1.437 -0.37941217 -1.0884757,
-1.437 0.40841222 -1.0884757,
-1.437 0.40958786 -1.0884757,
-1.437 1.1974124 -1.0884757,
-1.437 1.1985878 -1.0884757,
-1.437 -1.1689999 -1.1073333,
-1.437 -0.37999994 -1.1073333,
-1.437 0.40900004 -1.1073333,
-1.437 1.1980001 -1.1073333,
-1.437 -1.169579 -1.1077541,
-1.437 -1.1684208 -1.1077541,
-1.437 -0.38057917 -1.1077541,
-1.437 -0.3794207 -1.1077541,
-1.437 0.40842092 -1.1077541,
-1.437 0.40957916 -1.1077541,
-1.437 1.197421 -1.1077541,
-1.437 1.1985792 -1.1077541,
-1.437 -1.169951 -1.1080244,
-1.437 -1.1680489 -1.1080244,
-1.437 -0.38095105 -1.1080244,
-1.437 -0.37904888 -1.1080244,
-1.437 0.40804899 -1.1080244,
-1.437 0.40995109 -1.1080244,
-1.437 1.197049 -1.1080244,
-1.437 1.1989511 -1.1080244,
-1.437 -1.169642 -1.1089753,
-1.437 -1.1683578 -1.1089753,
-1.437 -0.380642 -1.1089753,
-1.437 -0.37935787 -1.1089753,
-1.437 0.40835798 -1.1089753,
-1.437 0.40964234 -1.1089753,
-1.437 1.197358 -1.1089753,
-1.437 1.1986421 -1.1089753,
-1.437 -1.1695877 -1.1091423,
-1.437 -1.1684122 -1.1091423,
-1.437 -0.38058776 -1.1091423,
-1.437 -0.37941217 -1.1091423,
-1.437 0.40841222 -1.1091423,
-1.437 0.40958786 -1.1091423,
-1.437 1.1974124 -1.1091423,
-1.437 1.1985878 -1.1091423,
-1.437 -1.1689999 -1.128,
-1.437 -0.37999994 -1.128,
-1.437 0.40900004 -1.128,
-1.437 1.1980001 -1.128,
-1.437 -1.169579 -1.1284208,
-1.437 -1.1684208 -1.1284208,
-1.437 -0.38057917 -1.1284208,
-1.437 -0.3794207 -1.1284208,
-1.437 0.40842092 -1.1284208,
-1.437 0.40957916 -1.1284208,
-1.437 1.197421 -1.1284208,
-1.437 1.1985792 -1.1284208,
-1.437 -1.169951 -1.128691,
-1.437 -1.1680489 -1.128691,
-1.437 -0.38095105 -1.128691,
-1.437 -0.37904888 -1.128691,
-1.437 0.40804899 -1.128691,
-1.437 0.40995109 -1.128691,
-1.437 1.197049 -1.128691,
-1.437 1.1989511 -1.128691,
-1.437 -1.169642 -1.129642,
-1.437 -1.1683578 -1.129642,
-1.437 -0.380642 -1.129642,
-1.437 -0.37935787 -1.129642,
-1.437 0.40835798 -1.129642,
-1.437 0.40964234 -1.129642,
-1.437 1.197358 -1.129642,
-1.437 1.1986421 -1.129642,
-1.437 -1.1695877 -1.129809,
-1.437 -1.1684122 -1.129809,
-1.437 -0.38058776 -1.129809,
-1.437 -0.37941217 -1.129809,
-1.437 0.40841222 -1.129809,
-1.437 0.40958786 -1.129809,
-1.437 1.1974124 -1.129809,
-1.437 1.1985878 -1.129809,
-1.4362533 -1.169642 -1.0676421,
-1.4362533 -0.380642 -1.0676421,
-1.4362533 0.40835798 -1.0676421,
-1.4362533 1.197358 -1.0676421,
-1.4362533 -1.169642 -1.0883087,
-1.4362533 -0.380642 -1.0883087,
-1.4362533 0.40835798 -1.0883087,
-1.4362533 1.197358 -1.0883087,
-1.4362533 -1.169642 -1.1089753,
-1.4362533 -0.380642 -1.1089753,
-1.4362533 0.40835798 -1.1089753,
-1.4362533 1.197358 -1.1089753,
-1.4362533 -1.169642 -1.129642,
-1.4362533 -0.380642 -1.129642,
-1.4362533 0.40835798 -1.129642,
-1.4362533 1.197358 -1.129642,
-1.435045 -1.1695791 -1.0664209,
-1.435045 -1.169579 -1.0664209,
-1.435045 -0.38057917 -1.0664209,
-1.435045 0.40842092 -1.0664209,
-1.435045 1.197421 -1.0664209,
-1.435045 -1.1695791 -1.0870875,
-1.435045 -1.169579 -1.0870875,
-1.435045 -0.38057917 -1.0870875,
-1.435045 0.40842092 -1.0870875,
-1.435045 1.197421 -1.0870875,
-1.435045 -1.1695791 -1.1077541,
-1.435045 -1.169579 -1.1077541,
-1.435045 -0.38057917 -1.1077541,
-1.435045 0.40842092 -1.1077541,
-1.435045 1.197421 -1.1077541,
-1.435045 -1.1695791 -1.1284208,
-1.435045 -1.169579 -1.1284208,
-1.435045 -0.38057917 -1.1284208,
-1.435045 0.40842092 -1.1284208,
-1.435045 1.197421 -1.1284208,
-1.4339551 -1.1684208 -1.0664209,
-1.4339551 -0.3794207 -1.0664209,
-1.4339551 0.40957916 -1.0664209,
-1.4339551 1.1985792 -1.0664209,
-1.4339551 -1.1684208 -1.0870875,
-1.4339551 -0.3794207 -1.0870875,
-1.4339551 0.40957916 -1.0870875,
-1.4339551 1.1985792 -1.0870875,
-1.4339551 -1.1684208 -1.1077541,
-1.4339551 -0.3794207 -1.1077541,
-1.4339551 0.40957916 -1.1077541,
-1.4339551 1.1985792 -1.1077541,
-1.4339551 -1.1684208 -1.1284208,
-1.4339551 -0.3794207 -1.1284208,
-1.4339551 0.40957916 -1.1284208,
-1.4339551 1.1985792 -1.1284208,
-1.4327468 -1.1683578 -1.0676421,
-1.4327468 -0.37935787 -1.0676421,
-1.4327468 0.40964234 -1.0676421,
-1.4327468 1.1986421 -1.0676421,
-1.4327468 -1.1683578 -1.0883087,
-1.4327468 -0.37935787 -1.0883087,
-1.4327468 0.40964234 -1.0883087,
-1.4327468 1.1986421 -1.0883087,
-1.4327468 -1.1683578 -1.1089753,
-1.4327468 -0.37935787 -1.1089753,
-1.4327468 0.40964234 -1.1089753,
-1.4327468 1.1986421 -1.1089753,
-1.4327468 -1.1683578 -1.129642,
-1.4327468 -0.37935787 -1.129642,
-1.4327468 0.40964234 -1.129642,
-1.4327468 1.1986421 -1.129642,
-1.432 -1.326 -1.0455,
-1.432 -1.2479999 -1.0455,
-1.432 -0.77449995 -1.0455,
-1.432 0.014500022 -1.0455,
-1.432 0.80350006 -1.0455,
-1.432 1.341 -1.0455,
-1.432 -1.326 -1.05575,
-1.432 -1.2479999 -1.05575,
-1.432 -0.77449995 -1.05575,
-1.432 0.014500022 -1.05575,
-1.432 0.80350006 -1.05575,
-1.432 1.341 -1.05575,
-1.432 -1.1689999 -1.066,
-1.432 -0.37999994 -1.066,
-1.432 0.40900004 -1.066,
-1.432 1.1980001 -1.066,
-1.432 -1.1695791 -1.0664209,
-1.432 -1.1684208 -1.0664209,
-1.432 -0.38057917 -1.0664209,
-1.432 -0.3794207 -1.0664209,
-1.432 0.40842092 -1.0664209,
-1.432 0.40957916 -1.0664209,
-1.432 1.197421 -1.0664209,
-1.432 1.1985792 -1.0664209,
-1.432 -1.169951 -1.066691,
-1.432 -1.1680489 -1.066691,
-1.432 -0.38095105 -1.066691,
-1.432 -0.37904888 -1.066691,
-1.432 0.40804899 -1.066691,
-1.432 0.40995109 -1.066691,
-1.432 1.197049 -1.066691,
-1.432 1.1989511 -1.066691,
-1.432 -1.169642 -1.0676421,
-1.432 -1.1683578 -1.0676421,
-1.432 -0.380642 -1.0676421,
-1.432 -0.37935787 -1.0676421,
-1.432 0.40835798 -1.0676421,
-1.432 0.40964234 -1.0676421,
-1.432 1.197358 -1.0676421,
-1.432 1.1986421 -1.0676421,
-1.432 -1.1695877 -1.067809,
-1.432 -1.1684122 -1.067809,
-1.432 -0.38058776 -1.067809,
-1.432 -0.37941217 -1.067809,
-1.432 0.40841222 -1.067809,
-1.432 0.40958786 -1.067809,
-1.432 1.1974124 -1.067809,
-1.432 1.1985878 -1.067809,
-1.432 -1.326 -1.0773333,
-1.432 -1.2479999 -1.0773333,
-1.432 -0.77449995 -1.0773333,
-1.432 0.014500022 -1.0773333,
-1.432 0.80350006 -1.0773333,
-1.432 1.341 -1.0773333,
-1.432 -1.1689999 -1.0866667,
-1.432 -0.37999994 -1.0866667,
-1.432 0.40900004 -1.0866667,
-1.432 1.1980001 -1.0866667,
-1.432 -1.1695791 -1.0870875,
-1.432 -1.1684208 -1.0870875,
-1.432 -0.38057917 -1.0870875,
-1.432 -0.3794207 -1.0870875,
-1.432 0.40842092 -1.0870875,
-1.432 0.40957916 -1.0870875,
-1.432 1.197421 -1.0870875,
-1.432 1.1985792 -1.0870875,
-1.432 -1.169951 -1.0873576,
-1.432 -1.1680489 -1.0873576,
-1.432 -0.38095105 -1.0873576,
-1.432 -0.37904888 -1.0873576,
-1.432 0.40804899 -1.0873576,
-1.432 0.40995109 -1.0873576,
-1.432 1.197049 -1.0873576,
-1.432 1.1989511 -1.0873576,
-1.432 -1.169642 -1.0883087,
-1.432 -1.1683578 -1.0883087,
-1.432 -0.380642 -1.0883087,
-1.432 -0.37935787 -1.0883087,
-1.432 0.40835798 -1.0883087,
-1.432 0.40964234 -1.0883087,
-1.432 1.197358 -1.0883087,
-1.432 1.1986421 -1.0883087,
-1.432 -1.1695877 -1.0884757,
-1.432 -1.1684122 -1.0884757,
-1.432 -0.38058776 -1.0884757,
-1.432 -0.37941217 -1.0884757,
-1.432 0.40841222 -1.0884757,
-1.432 0.40958786 -1.0884757,
-1.432 1.1974124 -1.0884757,
-1.432 1.1985878 -1.0884757,
-1.432 -1.326 -1.098,
-1.432 -1.2479999 -1.098,
-1.432 -0.77449995 -1.098,
-1.432 0.014500022 -1.098,
-1.432 0.80350006 -1.098,
-1.432 1.341 -1.098,
-1.432 -1.1689999 -1.1073333,
-1.432 -0.37999994 -1.1073333,
-1.432 0.40900004 -1.1073333,
-1.432 1.1980001 -1.1073333,
-1.432 -1.1695791 -1.1077541,
-1.432 -1.1684208 -1.1077541,
-1.432 -0.38057917 -1.1077541,
-1.432 -0.3794207 -1.1077541,
-1.432 0.40842092 -1.1077541,
-1.432 0.40957916 -1.1077541,
-1.432 1.197421 -1.1077541,
-1.432 1.1985792 -1.1077541,
-1.432 -1.169951 -1.1080244,
-1.432 -1.1680489 -1.1080244,
-1.432 -0.38095105 -1.1080244,
-1.432 -0.37904888 -1.1080244,
-1.432 0.40804899 -1.1080244,
-1.432 0.40995109 -1.1080244,
-1.432 1.197049 -1.1080244,
-1.432 1.1989511 -1.1080244,
-1.432 -1.169642 -1.1089753,
-1.432 -1.1683578 -1.1089753,
-1.432 -0.380642 -1.1089753,
-1.432 -0.37935787 -1.1089753,
-1.432 0.40835798 -1.1089753,
-1.432 0.40964234 -1.1089753,
-1.432 1.197358 -1.1089753,
-1.432 1.1986421 -1.1089753,
-1.432 -1.1695877 -1.1091423,
-1.432 -1.1684122 -1.1091423,
-1.432 -0.38058776 -1.1091423,
-1.432 -0.37941217 -1.1091423,
-1.432 0.40841222 -1.1091423,
-1.432 0.40958786 -1.1091423,
-1.432 1.1974124 -1.1091423,
-1.432 1.1985878 -1.1091423,
-1.432 -1.326 -1.1186666,
-1.432 -1.2479999 -1.1186666,
-1.432 -0.77449995 -1.1186666,
-1.432 0.014500022 -1.1186666,
-1.432 0.80350006 -1.1186666,
-1.432 1.341 -1.1186666,
-1.432 -1.1689999 -1.128,
-1.432 -0.37999994 -1.128,
-1.432 0.40900004 -1.128,
-1.432 1.1980001 -1.128,
-1.432 -1.1695791 -1.1284208,
-1.432 -1.1684208 -1.1284208,
-1.432 -0.38057917 -1.1284208,
-1.432 -0.3794207 -1.1284208,
-1.432 0.40842092 -1.1284208,
-1.432 0.40957916 -1.1284208,
-1.432 1.197421 -1.1284208,
-1.432 1.1985792 -1.1284208,
-1.432 -1.169951 -1.128691,
-1.432 -1.1680489 -1.128691,
-1.432 -0.38095105 -1.128691,
-1.432 -0.37904888 -1.128691,
-1.432 0.40804899 -1.128691,
-1.432 0.40995109 -1.128691,
-1.432 1.197049 -1.128691,
-1.432 1.1989511 -1.128691,
-1.432 -1.169642 -1.129642,
-1.432 -1.1683578 -1.129642,
-1.432 -0.380642 -1.129642,
-1.432 -0.37935787 -1.129642,
-1.432 0.40835798 -1.129642,
-1.432 0.40964234 -1.129642,
-1.432 1.197358 -1.129642,
-1.432 1.1986421 -1.129642,
-1.432 -1.1695877 -1.129809,
-1.432 -1.1684122 -1.129809,
-1.432 -0.38058776 -1.129809,
-1.432 -0.37941217 -1.129809,
-1.432 0.40841222 -1.129809,
-1.432 0.40958786 -1.129809,
-1.432 1.1974124 -1.129809,
-1.432 1.1985878 -1.129809,
-1.432 -1.326 -1.1454999,
-1.432 -1.2479999 -1.1454999,
-1.432 -0.77449995 -1.1454999,
-1.432 0.014500022 -1.1454999,
-1.432 0.80350006 -1.1454999,
-1.432 1.341 -1.1454999
] }
normal Normal { vector [
-1 0 0,
0 0.951057 -0.309017,
0 0.707107 -0.707107,
0 0.707107 0.707107,
0 0.587785 0.809017,
0 0 -1,
0 0 1,
0 -1 0,
0 1 0,
0 0 -1,
0 -0.587785 0.809017,
0 -0.707107 -0.707107,
0 -0.707107 0.707107,
0 -0.951057 -0.309017,
1 0 0
] }
texCoord TextureCoordinate { point [
-4.96925 0,
-4.96925 0.022436,
-4.96925 0.0608978,
-4.96925 1,
-4.96925 1.20834,
-4.96925 1.24119,
-4.96925 1.31037,
-4.96925 1.37661,
-4.96925 1.44285,
-4.96925 1.52885,
-4.75784 1.27626,
-4.75784 1.3425,
-4.75784 1.40874,
-4.75784 1.47498,
-4.75738 0.044872,
-4.75738 0.0585044,
-4.75738 0.0585044,
-4.75738 0.0608978,
-4.7573 0.044872,
-4.7573 0.0608978,
-4.7573 1.27984,
-4.7573 1.34608,
-4.7573 1.41232,
-4.7573 1.47856,
-4.75643 1.27404,
-4.75643 1.34028,
-4.75643 1.40652,
-4.75643 1.47276,
-4.75555 0.044872,
-4.75555 0.0608978,
-4.75555 1.27984,
-4.75555 1.34608,
-4.75555 1.41232,
-4.75555 1.47856,
-4.75547 0.044872,
-4.75547 0.0472655,
-4.75547 0.0608978,
-4.75501 1.27626,
-4.75501 1.3425,
-4.75501 1.40874,
-4.75501 1.47498,
-4.1693 0.0608978,
-4.1693 1.20834,
-4.1693 1.24119,
-4.1693 1.31037,
-4.1693 1.37661,
-4.1693 1.44285,
-4.1693 1.52885,
-3.58359 1.27626,
-3.58359 1.3425,
-3.58359 1.40874,
-3.58359 1.47498,
-3.58313 0.044872,
-3.58313 0.0585044,
-3.58313 0.0585044,
-3.58313 0.0608978,
-3.58305 0.044872,
-3.58305 0.0608978,
-3.58305 1.27984,
-3.58305 1.34608,
-3.58305 1.41232,
-3.58305 1.47856,
-3.58217 1.27404,
-3.58217 1.34028,
-3.58217 1.40652,
-3.58217 1.47276,
-3.5813 0.044872,
-3.5813 0.0608978,
-3.5813 1.27984,
-3.5813 1.34608,
-3.5813 1.41232,
-3.5813 1.47856,
-3.58122 0.044872,
-3.58122 0.0472655,
-3.58122 0.0608978,
-3.58076 1.27626,
-3.58076 1.3425,
-3.58076 1.40874,
-3.58076 1.47498,
-2.99504 0.0608978,
-2.99504 1.20834,
-2.99504 1.24119,
-2.99504 1.31037,
-2.99504 1.37661,
-2.99504 1.44285,
-2.99504 1.52885,
-2.40933 1.27626,
-2.40933 1.3425,
-2.40933 1.40874,
-2.40933 1.47498,
-2.40887 0.044872,
-2.40887 0.0585044,
-2.40887 0.0585044,
-2.40887 0.0608978,
-2.40879 0.044872,
-2.40879 0.0608978,
-2.40879 1.27984,
-2.40879 1.34608,
-2.40879 1.41232,
-2.40879 1.47856,
-2.40792 1.27404,
-2.40792 1.34028,
-2.40792 1.40652,
-2.40792 1.47276,
-2.40704 0.044872,
-2.40704 0.0608978,
-2.40704 1.27984,
-2.40704 1.34608,
-2.40704 1.41232,
-2.40704 1.47856,
-2.40696 0.044872,
-2.40696 0.0472655,
-2.40696 0.0608978,
-2.4065 1.27626,
-2.4065 1.3425,
-2.4065 1.40874,
-2.4065 1.47498,
-1.82079 0.0608978,
-1.82079 1.20834,
-1.82079 1.24119,
-1.82079 1.31037,
-1.82079 1.37661,
-1.82079 1.44285,
-1.82079 1.52885,
-1.23508 1.27626,
-1.23508 1.3425,
-1.23508 1.40874,
-1.23508 1.47498,
-1.23462 0.044872,
-1.23462 0.0585044,
-1.23462 0.0585044,
-1.23462 0.0608978,
-1.23454 0.044872,
-1.23454 0.0608978,
-1.23454 1.27984,
-1.23454 1.34608,
-1.23454 1.41232,
-1.23454 1.47856,
-1.23366 1.27404,
-1.23366 1.34028,
-1.23366 1.40652,
-1.23366 1.47276,
-1.23279 0.044872,
-1.23279 0.0608978,
-1.23279 1.27984,
-1.23279 1.34608,
-1.23279 1.41232,
-1.23279 1.47856,
-1.2327 0.044872,
-1.2327 0.0472655,
-1.2327 0.0608978,
-1.23225 1.27626,
-1.23225 1.3425,
-1.23225 1.40874,
-1.23225 1.47498,
-1.11609 0.0608978,
-1.11609 1.20834,
-1.11609 1.24119,
-1.11609 1.31037,
-1.11609 1.37661,
-1.11609 1.44285,
-1.11609 1.52885,
-1 0,
-1 0.022436,
-1 0.0608978,
-1 1,
-1 1.20834,
-1 1.24119,
-1 1.31037,
-1 1.37661,
-1 1.44285,
-1 1.52885,
-0.0282773 1.20834,
-0.0282773 1.24119,
-0.0282773 1.27539,
-0.0282773 1.27626,
-0.0282773 1.2793,
-0.0282773 1.31037,
-0.0282773 1.34163,
-0.0282773 1.3425,
-0.0282773 1.34554,
-0.0282773 1.37661,
-0.0282773 1.40787,
-0.0282773 1.40874,
-0.0282773 1.41178,
-0.0282773 1.44285,
-0.0282773 1.47411,
-0.0282773 1.47498,
-0.0282773 1.47802,
-0.0282773 1.52885,
-0.0271659 1.2793,
-0.0271659 1.34554,
-0.0271659 1.41178,
-0.0271659 1.47802,
-0.0271659 1.2793,
-0.0271659 1.34554,
-0.0271659 1.41178,
-0.0271659 1.47802,
-0.0253677 1.27539,
-0.0253677 1.34163,
-0.0253677 1.40787,
-0.0253677 1.47411,
-0.0253677 1.27539,
-0.0253677 1.34163,
-0.0253677 1.40787,
-0.0253677 1.47411,
-0.0208359 1.27539,
-0.0208359 1.27626,
-0.0208359 1.2793,
-0.0208359 1.34163,
-0.0208359 1.3425,
-0.0208359 1.34554,
-0.0208359 1.40787,
-0.0208359 1.40874,
-0.0208359 1.41178,
-0.0208359 1.47411,
-0.0208359 1.47498,
-0.0208359 1.47802,
-0.0104179 1,
-0.0104179 1.20834,
0 1,
0 1.52885,
0.0104179 1,
0.0104179 1.20834,
0.0208359 1.27539,
0.0208359 1.27626,
0.0208359 1.2793,
0.0208359 1.34163,
0.0208359 1.3425,
0.0208359 1.34554,
0.0208359 1.40787,
0.0208359 1.40874,
0.0208359 1.41178,
0.0208359 1.47411,
0.0208359 1.47498,
0.0208359 1.47802,
0.0219472 1.2793,
0.0219472 1.34554,
0.0219472 1.34554,
0.0219472 1.41178,
0.0219472 1.41178,
0.0219472 1.47802,
0.0237455 1.27539,
0.0237455 1.34163,
0.0237455 1.34163,
0.0237455 1.40787,
0.0237455 1.47411,
0.0282773 1.20834,
0.0282773 1.24119,
0.0282773 1.27539,
0.0282773 1.27626,
0.0282773 1.2793,
0.0282773 1.31037,
0.0282773 1.34163,
0.0282773 1.3425,
0.0282773 1.34554,
0.0282773 1.37661,
0.0282773 1.40787,
0.0282773 1.40874,
0.0282773 1.41178,
0.0282773 1.44285,
0.0282773 1.47411,
0.0282773 1.47498,
0.0282773 1.47802,
0.0282773 1.52885,
1 0,
1 0.0608978,
1 1,
1 1.52885,
1.11609 0.0608978,
1.2328 0.0511381,
1.2328 0.0608978,
1.2328 0.044872,
1.2328 0.0511381,
1.23366 0.044872,
1.23366 0.0608978,
1.23452 0.044872,
1.23452 0.0546317,
1.23452 0.0546317,
1.23452 0.0608978,
1.82079 0.0608978,
2.40705 0.044872,
2.40705 0.0511381,
2.40705 0.0608978,
2.40792 0.044872,
2.40792 0.0608978,
2.40878 0.044872,
2.40878 0.0546317,
2.40878 0.0546317,
2.40878 0.0608978,
2.99504 0.0608978,
3.58131 0.044872,
3.58131 0.0511381,
3.58131 0.0608978,
3.58217 0.044872,
3.58217 0.0608978,
3.58303 0.044872,
3.58303 0.0546317,
3.58303 0.0546317,
3.58303 0.0608978,
4.1693 0.0608978,
4.75557 0.044872,
4.75557 0.0511381,
4.75557 0.0608978,
4.75643 0.044872,
4.75643 0.0608978,
4.75729 0.044872,
4.75729 0.0546317,
4.75729 0.0546317,
4.75729 0.0608978,
4.96925 0,
4.96925 0.0608978,
4.96925 1,
4.96925 1.52885
] }
coordIndex [
226,220,6,-1,
4,0,6,-1,
6,0,2,-1,
394,352,2,-1,
2,352,310,-1,
2,310,6,-1,
6,310,268,-1,
6,268,226,-1,
357,399,3,-1,
3,1,7,-1,
7,1,5,-1,
225,231,7,-1,
7,231,273,-1,
7,273,3,-1,
3,273,315,-1,
3,315,357,-1,
394,395,353,-1,
388,372,354,-1,
348,332,313,-1,
390,374,355,-1,
350,334,314,-1,
392,376,356,-1,
361,377,357,-1,
357,377,399,-1,
351,357,335,-1,
335,357,315,-1,
335,315,319,-1,
376,361,356,-1,
356,361,357,-1,
356,357,350,-1,
350,357,351,-1,
308,292,272,-1,
272,292,277,-1,
273,293,315,-1,
315,293,309,-1,
334,319,314,-1,
314,319,315,-1,
314,315,308,-1,
308,315,309,-1,
230,250,235,-1,
230,235,231,-1,
231,235,251,-1,
231,251,273,-1,
273,251,267,-1,
273,267,266,-1,
250,230,266,-1,
266,230,272,-1,
266,272,273,-1,
273,272,277,-1,
273,277,293,-1,
360,375,356,-1,
356,375,398,-1,
356,398,392,-1,
392,398,399,-1,
392,399,393,-1,
393,399,377,-1,
318,333,314,-1,
350,314,356,-1,
356,314,333,-1,
356,333,349,-1,
374,360,355,-1,
355,360,356,-1,
355,356,348,-1,
348,356,349,-1,
306,290,271,-1,
271,290,276,-1,
308,272,314,-1,
314,272,291,-1,
314,291,307,-1,
332,318,313,-1,
313,318,314,-1,
313,314,306,-1,
306,314,307,-1,
229,248,234,-1,
229,234,230,-1,
230,234,249,-1,
230,249,272,-1,
272,249,265,-1,
272,265,264,-1,
248,229,264,-1,
264,229,271,-1,
264,271,272,-1,
272,271,276,-1,
272,276,291,-1,
359,373,355,-1,
355,373,397,-1,
355,397,390,-1,
390,397,398,-1,
390,398,391,-1,
391,398,375,-1,
373,389,397,-1,
397,389,388,-1,
397,388,396,-1,
396,388,354,-1,
317,331,313,-1,
330,312,346,-1,
346,312,354,-1,
348,313,355,-1,
355,313,331,-1,
355,331,347,-1,
372,359,354,-1,
354,359,355,-1,
354,355,346,-1,
346,355,347,-1,
275,289,271,-1,
312,304,270,-1,
270,304,288,-1,
270,288,275,-1,
306,271,313,-1,
313,271,289,-1,
313,289,305,-1,
330,317,312,-1,
312,317,313,-1,
312,313,304,-1,
304,313,305,-1,
275,271,270,-1,
270,271,262,-1,
270,262,228,-1,
262,246,228,-1,
228,246,233,-1,
228,233,229,-1,
229,233,247,-1,
229,247,271,-1,
271,247,263,-1,
271,263,262,-1,
386,370,353,-1,
353,370,358,-1,
353,358,354,-1,
354,358,371,-1,
354,371,396,-1,
396,371,387,-1,
396,387,395,-1,
395,387,386,-1,
395,386,353,-1,
344,328,311,-1,
311,328,316,-1,
311,316,312,-1,
312,316,329,-1,
312,329,354,-1,
354,329,345,-1,
354,345,353,-1,
353,345,344,-1,
353,344,311,-1,
302,286,269,-1,
269,286,274,-1,
269,274,270,-1,
270,274,287,-1,
270,287,312,-1,
312,287,303,-1,
312,303,311,-1,
311,303,302,-1,
311,302,269,-1,
260,244,227,-1,
227,244,232,-1,
227,232,228,-1,
228,232,245,-1,
228,245,270,-1,
270,245,261,-1,
270,261,269,-1,
269,261,260,-1,
269,260,227,-1,
394,353,352,-1,
352,353,311,-1,
352,311,310,-1,
310,311,269,-1,
310,269,268,-1,
268,269,227,-1,
268,227,226,-1,
231,225,230,-1,
230,225,224,-1,
230,224,229,-1,
229,224,223,-1,
229,223,228,-1,
228,223,222,-1,
228,222,227,-1,
227,222,221,-1,
227,221,226,-1,
226,221,220,-1,
5,1,4,-1,
4,1,0,-1,
1,3,0,-1,
0,3,2,-1,
395,394,2,-1,
399,398,3,-1,
3,398,397,-1,
3,397,2,-1,
2,397,396,-1,
2,396,395,-1,
20,36,8,-1,
8,36,37,-1,
8,37,21,-1,
8,232,12,-1,
12,232,169,-1,
20,12,169,-1,
244,20,236,-1,
236,20,168,-1,
232,236,168,-1,
20,244,28,-1,
28,244,152,-1,
36,28,152,-1,
260,36,252,-1,
252,36,152,-1,
244,252,152,-1,
36,260,37,-1,
37,260,261,-1,
37,261,29,-1,
29,261,204,-1,
21,29,204,-1,
245,21,253,-1,
253,21,204,-1,
261,253,204,-1,
21,245,13,-1,
13,245,188,-1,
8,13,188,-1,
232,8,237,-1,
237,8,188,-1,
245,237,188,-1,
26,42,11,-1,
11,42,43,-1,
11,43,27,-1,
11,235,18,-1,
18,235,172,-1,
26,18,172,-1,
250,26,242,-1,
242,26,172,-1,
235,242,172,-1,
26,250,34,-1,
34,250,155,-1,
42,34,155,-1,
266,42,258,-1,
258,42,155,-1,
250,258,155,-1,
42,266,43,-1,
43,266,267,-1,
43,267,35,-1,
35,267,207,-1,
27,35,207,-1,
251,27,259,-1,
259,27,207,-1,
267,259,207,-1,
27,251,19,-1,
19,251,191,-1,
11,19,191,-1,
235,11,243,-1,
243,11,191,-1,
251,243,191,-1,
132,148,118,-1,
118,148,149,-1,
118,149,133,-1,
118,360,124,-1,
124,360,186,-1,
132,124,186,-1,
374,132,366,-1,
366,132,186,-1,
360,366,186,-1,
132,374,140,-1,
140,374,166,-1,
148,140,166,-1,
390,148,382,-1,
382,148,166,-1,
374,382,166,-1,
148,390,149,-1,
149,390,391,-1,
149,391,141,-1,
141,391,218,-1,
133,141,218,-1,
375,133,383,-1,
383,133,218,-1,
391,383,218,-1,
133,375,125,-1,
125,375,202,-1,
118,125,202,-1,
360,118,367,-1,
367,118,202,-1,
375,367,202,-1,
96,112,82,-1,
82,112,113,-1,
82,113,97,-1,
82,318,88,-1,
88,318,181,-1,
96,88,181,-1,
332,96,324,-1,
324,96,181,-1,
318,324,181,-1,
96,332,104,-1,
104,332,162,-1,
112,104,162,-1,
348,112,340,-1,
340,112,162,-1,
332,340,162,-1,
112,348,113,-1,
113,348,349,-1,
113,349,105,-1,
105,349,214,-1,
97,105,214,-1,
333,97,341,-1,
341,97,214,-1,
349,341,214,-1,
97,333,89,-1,
89,333,198,-1,
82,89,198,-1,
318,82,325,-1,
325,82,198,-1,
333,325,198,-1,
60,76,46,-1,
46,76,77,-1,
46,77,61,-1,
46,276,52,-1,
52,276,176,-1,
60,52,176,-1,
290,60,282,-1,
282,60,176,-1,
276,282,176,-1,
60,290,68,-1,
68,290,158,-1,
76,68,158,-1,
306,76,298,-1,
298,76,158,-1,
290,298,158,-1,
76,306,77,-1,
77,306,307,-1,
77,307,69,-1,
69,307,210,-1,
61,69,210,-1,
291,61,299,-1,
299,61,210,-1,
307,299,210,-1,
61,291,53,-1,
53,291,194,-1,
46,53,194,-1,
276,46,283,-1,
283,46,194,-1,
291,283,194,-1,
62,78,47,-1,
47,78,79,-1,
47,79,63,-1,
47,277,54,-1,
54,277,177,-1,
62,54,177,-1,
292,62,284,-1,
284,62,177,-1,
277,284,177,-1,
62,292,70,-1,
70,292,159,-1,
78,70,159,-1,
308,78,300,-1,
300,78,159,-1,
292,300,159,-1,
78,308,79,-1,
79,308,309,-1,
79,309,71,-1,
71,309,211,-1,
63,71,211,-1,
293,63,301,-1,
301,63,211,-1,
309,301,211,-1,
63,293,55,-1,
55,293,195,-1,
47,55,195,-1,
277,47,285,-1,
285,47,195,-1,
293,285,195,-1,
98,114,83,-1,
83,114,115,-1,
83,115,99,-1,
83,319,90,-1,
90,319,182,-1,
98,90,182,-1,
334,98,326,-1,
326,98,182,-1,
319,326,182,-1,
98,334,106,-1,
106,334,163,-1,
114,106,163,-1,
350,114,342,-1,
342,114,163,-1,
334,342,163,-1,
114,350,115,-1,
115,350,351,-1,
115,351,107,-1,
107,351,215,-1,
99,107,215,-1,
335,99,343,-1,
343,99,215,-1,
351,343,215,-1,
99,335,91,-1,
91,335,199,-1,
83,91,199,-1,
319,83,327,-1,
327,83,199,-1,
335,327,199,-1,
134,150,119,-1,
119,150,151,-1,
119,151,135,-1,
119,361,126,-1,
126,361,187,-1,
134,126,187,-1,
376,134,368,-1,
368,134,187,-1,
361,368,187,-1,
134,376,142,-1,
142,376,167,-1,
150,142,167,-1,
392,150,384,-1,
384,150,167,-1,
376,384,167,-1,
150,392,151,-1,
151,392,393,-1,
151,393,143,-1,
143,393,219,-1,
135,143,219,-1,
377,135,385,-1,
385,135,219,-1,
393,385,219,-1,
135,377,127,-1,
127,377,203,-1,
119,127,203,-1,
361,119,369,-1,
369,119,203,-1,
377,369,203,-1,
22,38,9,-1,
9,38,39,-1,
9,39,23,-1,
9,233,14,-1,
14,233,170,-1,
22,14,170,-1,
246,22,238,-1,
238,22,170,-1,
233,238,170,-1,
22,246,30,-1,
30,246,153,-1,
38,30,153,-1,
262,38,254,-1,
254,38,153,-1,
246,254,153,-1,
38,262,39,-1,
39,262,263,-1,
39,263,31,-1,
31,263,205,-1,
23,31,205,-1,
247,23,255,-1,
255,23,205,-1,
263,255,205,-1,
23,247,15,-1,
15,247,189,-1,
9,15,189,-1,
233,9,239,-1,
239,9,189,-1,
247,239,189,-1,
128,144,116,-1,
116,144,145,-1,
116,145,129,-1,
116,358,120,-1,
120,358,184,-1,
128,120,184,-1,
370,128,362,-1,
362,128,183,-1,
358,362,183,-1,
128,370,136,-1,
136,370,164,-1,
144,136,164,-1,
386,144,378,-1,
378,144,164,-1,
370,378,164,-1,
144,386,145,-1,
145,386,387,-1,
145,387,137,-1,
137,387,216,-1,
129,137,216,-1,
371,129,379,-1,
379,129,216,-1,
387,379,216,-1,
129,371,121,-1,
121,371,200,-1,
116,121,200,-1,
358,116,363,-1,
363,116,200,-1,
371,363,200,-1,
92,108,80,-1,
80,108,109,-1,
80,109,93,-1,
80,316,84,-1,
84,316,179,-1,
92,84,179,-1,
328,92,320,-1,
320,92,178,-1,
316,320,178,-1,
92,328,100,-1,
100,328,160,-1,
108,100,160,-1,
344,108,336,-1,
336,108,160,-1,
328,336,160,-1,
108,344,109,-1,
109,344,345,-1,
109,345,101,-1,
101,345,212,-1,
93,101,212,-1,
329,93,337,-1,
337,93,212,-1,
345,337,212,-1,
93,329,85,-1,
85,329,196,-1,
80,85,196,-1,
316,80,321,-1,
321,80,196,-1,
329,321,196,-1,
56,72,44,-1,
44,72,73,-1,
44,73,57,-1,
44,274,48,-1,
48,274,174,-1,
56,48,174,-1,
286,56,278,-1,
278,56,173,-1,
274,278,173,-1,
56,286,64,-1,
64,286,156,-1,
72,64,156,-1,
302,72,294,-1,
294,72,156,-1,
286,294,156,-1,
72,302,73,-1,
73,302,303,-1,
73,303,65,-1,
65,303,208,-1,
57,65,208,-1,
287,57,295,-1,
295,57,208,-1,
303,295,208,-1,
57,287,49,-1,
49,287,192,-1,
44,49,192,-1,
274,44,279,-1,
279,44,192,-1,
287,279,192,-1,
24,40,10,-1,
10,40,41,-1,
10,41,25,-1,
10,234,16,-1,
16,234,171,-1,
24,16,171,-1,
248,24,240,-1,
240,24,171,-1,
234,240,171,-1,
24,248,32,-1,
32,248,154,-1,
40,32,154,-1,
264,40,256,-1,
256,40,154,-1,
248,256,154,-1,
40,264,41,-1,
41,264,265,-1,
41,265,33,-1,
33,265,206,-1,
25,33,206,-1,
249,25,257,-1,
257,25,206,-1,
265,257,206,-1,
25,249,17,-1,
17,249,190,-1,
10,17,190,-1,
234,10,241,-1,
241,10,190,-1,
249,241,190,-1,
130,146,117,-1,
117,146,147,-1,
117,147,131,-1,
117,359,122,-1,
122,359,185,-1,
130,122,185,-1,
372,130,364,-1,
364,130,185,-1,
359,364,185,-1,
130,372,138,-1,
138,372,165,-1,
146,138,165,-1,
388,146,380,-1,
380,146,165,-1,
372,380,165,-1,
146,388,147,-1,
147,388,389,-1,
147,389,139,-1,
139,389,217,-1,
131,139,217,-1,
373,131,381,-1,
381,131,217,-1,
389,381,217,-1,
131,373,123,-1,
123,373,201,-1,
117,123,201,-1,
359,117,365,-1,
365,117,201,-1,
373,365,201,-1,
94,110,81,-1,
81,110,111,-1,
81,111,95,-1,
81,317,86,-1,
86,317,180,-1,
94,86,180,-1,
330,94,322,-1,
322,94,180,-1,
317,322,180,-1,
94,330,102,-1,
102,330,161,-1,
110,102,161,-1,
346,110,338,-1,
338,110,161,-1,
330,338,161,-1,
110,346,111,-1,
111,346,347,-1,
111,347,103,-1,
103,347,213,-1,
95,103,213,-1,
331,95,339,-1,
339,95,213,-1,
347,339,213,-1,
95,331,87,-1,
87,331,197,-1,
81,87,197,-1,
317,81,323,-1,
323,81,197,-1,
331,323,197,-1,
58,74,45,-1,
45,74,75,-1,
45,75,59,-1,
45,275,50,-1,
50,275,175,-1,
58,50,175,-1,
288,58,280,-1,
280,58,175,-1,
275,280,175,-1,
58,288,66,-1,
66,288,157,-1,
74,66,157,-1,
304,74,296,-1,
296,74,157,-1,
288,296,157,-1,
74,304,75,-1,
75,304,305,-1,
75,305,67,-1,
67,305,209,-1,
59,67,209,-1,
289,59,297,-1,
297,59,209,-1,
305,297,209,-1,
59,289,51,-1,
51,289,193,-1,
45,51,193,-1,
275,45,281,-1,
281,45,193,-1,
289,281,193,-1,
6,220,221,-1,
221,222,6,-1,
6,222,223,-1,
6,223,7,-1,
7,223,224,-1,
7,224,225,-1,
7,5,6,-1,
6,5,4,-1
]
normalIndex [
7,7,7,-1,
7,7,7,-1,
7,7,7,-1,
7,7,7,-1,
7,7,7,-1,
7,7,7,-1,
7,7,7,-1,
7,7,7,-1,
8,8,8,-1,
8,8,8,-1,
8,8,8,-1,
8,8,8,-1,
8,8,8,-1,
8,8,8,-1,
8,8,8,-1,
8,8,8,-1,
14,14,14,-1,
14,14,14,-1,
14,14,14,-1,
14,14,14,-1,
14,14,14,-1,
14,14,14,-1,
14,14,14,-1,
14,14,14,-1,
14,14,14,-1,
14,14,14,-1,
14,14,14,-1,
14,14,14,-1,
14,14,14,-1,
14,14,14,-1,
14,14,14,-1,
14,14,14,-1,
14,14,14,-1,
14,14,14,-1,
14,14,14,-1,
14,14,14,-1,
14,14,14,-1,
14,14,14,-1,
14,14,14,-1,
14,14,14,-1,
14,14,14,-1,
14,14,14,-1,
14,14,14,-1,
14,14,14,-1,
14,14,14,-1,
14,14,14,-1,
14,14,14,-1,
14,14,14,-1,
14,14,14,-1,
14,14,14,-1,
14,14,14,-1,
14,14,14,-1,
14,14,14,-1,
14,14,14,-1,
14,14,14,-1,
14,14,14,-1,
14,14,14,-1,
14,14,14,-1,
14,14,14,-1,
14,14,14,-1,
14,14,14,-1,
14,14,14,-1,
14,14,14,-1,
14,14,14,-1,
14,14,14,-1,
14,14,14,-1,
14,14,14,-1,
14,14,14,-1,
14,14,14,-1,
14,14,14,-1,
14,14,14,-1,
14,14,14,-1,
14,14,14,-1,
14,14,14,-1,
14,14,14,-1,
14,14,14,-1,
14,14,14,-1,
14,14,14,-1,
14,14,14,-1,
14,14,14,-1,
14,14,14,-1,
14,14,14,-1,
14,14,14,-1,
14,14,14,-1,
14,14,14,-1,
14,14,14,-1,
14,14,14,-1,
14,14,14,-1,
14,14,14,-1,
14,14,14,-1,
14,14,14,-1,
14,14,14,-1,
14,14,14,-1,
14,14,14,-1,
14,14,14,-1,
14,14,14,-1,
14,14,14,-1,
14,14,14,-1,
14,14,14,-1,
14,14,14,-1,
14,14,14,-1,
14,14,14,-1,
14,14,14,-1,
14,14,14,-1,
14,14,14,-1,
14,14,14,-1,
14,14,14,-1,
14,14,14,-1,
14,14,14,-1,
14,14,14,-1,
14,14,14,-1,
14,14,14,-1,
14,14,14,-1,
14,14,14,-1,
14,14,14,-1,
14,14,14,-1,
14,14,14,-1,
14,14,14,-1,
14,14,14,-1,
14,14,14,-1,
14,14,14,-1,
14,14,14,-1,
14,14,14,-1,
14,14,14,-1,
14,14,14,-1,
14,14,14,-1,
14,14,14,-1,
14,14,14,-1,
14,14,14,-1,
14,14,14,-1,
14,14,14,-1,
14,14,14,-1,
14,14,14,-1,
14,14,14,-1,
14,14,14,-1,
14,14,14,-1,
14,14,14,-1,
14,14,14,-1,
14,14,14,-1,
14,14,14,-1,
14,14,14,-1,
14,14,14,-1,
14,14,14,-1,
14,14,14,-1,
14,14,14,-1,
14,14,14,-1,
14,14,14,-1,
14,14,14,-1,
14,14,14,-1,
14,14,14,-1,
14,14,14,-1,
14,14,14,-1,
14,14,14,-1,
14,14,14,-1,
14,14,14,-1,
14,14,14,-1,
14,14,14,-1,
14,14,14,-1,
14,14,14,-1,
14,14,14,-1,
14,14,14,-1,
14,14,14,-1,
14,14,14,-1,
14,14,14,-1,
14,14,14,-1,
14,14,14,-1,
14,14,14,-1,
14,14,14,-1,
14,14,14,-1,
14,14,14,-1,
14,14,14,-1,
14,14,14,-1,
14,14,14,-1,
14,14,14,-1,
14,14,14,-1,
14,14,14,-1,
14,14,14,-1,
14,14,14,-1,
6,6,6,-1,
6,6,6,-1,
0,0,0,-1,
0,0,0,-1,
9,9,9,-1,
9,9,9,-1,
9,9,9,-1,
9,9,9,-1,
9,9,9,-1,
9,9,9,-1,
14,14,14,-1,
14,14,14,-1,
14,14,14,-1,
5,5,2,-1,
2,5,2,-1,
1,2,2,-1,
1,1,2,-1,
2,1,2,-1,
5,2,2,-1,
1,1,3,-1,
3,1,3,-1,
4,3,3,-1,
4,4,3,-1,
3,4,3,-1,
1,3,3,-1,
4,4,10,-1,
10,4,10,-1,
10,10,12,-1,
12,10,12,-1,
13,12,12,-1,
13,13,12,-1,
12,13,12,-1,
10,12,12,-1,
13,13,11,-1,
11,13,11,-1,
5,11,11,-1,
5,5,11,-1,
11,5,11,-1,
13,11,11,-1,
14,14,14,-1,
14,14,14,-1,
14,14,14,-1,
5,5,2,-1,
2,5,2,-1,
1,2,2,-1,
1,1,2,-1,
2,1,2,-1,
5,2,2,-1,
1,1,3,-1,
3,1,3,-1,
4,3,3,-1,
4,4,3,-1,
3,4,3,-1,
1,3,3,-1,
4,4,10,-1,
10,4,10,-1,
10,10,12,-1,
12,10,12,-1,
13,12,12,-1,
13,13,12,-1,
12,13,12,-1,
10,12,12,-1,
13,13,11,-1,
11,13,11,-1,
5,11,11,-1,
5,5,11,-1,
11,5,11,-1,
13,11,11,-1,
14,14,14,-1,
14,14,14,-1,
14,14,14,-1,
5,5,2,-1,
2,5,2,-1,
1,2,2,-1,
1,1,2,-1,
2,1,2,-1,
5,2,2,-1,
1,1,3,-1,
3,1,3,-1,
4,3,3,-1,
4,4,3,-1,
3,4,3,-1,
1,3,3,-1,
4,4,10,-1,
10,4,10,-1,
10,10,12,-1,
12,10,12,-1,
13,12,12,-1,
13,13,12,-1,
12,13,12,-1,
10,12,12,-1,
13,13,11,-1,
11,13,11,-1,
5,11,11,-1,
5,5,11,-1,
11,5,11,-1,
13,11,11,-1,
14,14,14,-1,
14,14,14,-1,
14,14,14,-1,
5,5,2,-1,
2,5,2,-1,
1,2,2,-1,
1,1,2,-1,
2,1,2,-1,
5,2,2,-1,
1,1,3,-1,
3,1,3,-1,
4,3,3,-1,
4,4,3,-1,
3,4,3,-1,
1,3,3,-1,
4,4,10,-1,
10,4,10,-1,
10,10,12,-1,
12,10,12,-1,
13,12,12,-1,
13,13,12,-1,
12,13,12,-1,
10,12,12,-1,
13,13,11,-1,
11,13,11,-1,
5,11,11,-1,
5,5,11,-1,
11,5,11,-1,
13,11,11,-1,
14,14,14,-1,
14,14,14,-1,
14,14,14,-1,
5,5,2,-1,
2,5,2,-1,
1,2,2,-1,
1,1,2,-1,
2,1,2,-1,
5,2,2,-1,
1,1,3,-1,
3,1,3,-1,
4,3,3,-1,
4,4,3,-1,
3,4,3,-1,
1,3,3,-1,
4,4,10,-1,
10,4,10,-1,
10,10,12,-1,
12,10,12,-1,
13,12,12,-1,
13,13,12,-1,
12,13,12,-1,
10,12,12,-1,
13,13,11,-1,
11,13,11,-1,
5,11,11,-1,
5,5,11,-1,
11,5,11,-1,
13,11,11,-1,
14,14,14,-1,
14,14,14,-1,
14,14,14,-1,
5,5,2,-1,
2,5,2,-1,
1,2,2,-1,
1,1,2,-1,
2,1,2,-1,
5,2,2,-1,
1,1,3,-1,
3,1,3,-1,
4,3,3,-1,
4,4,3,-1,
3,4,3,-1,
1,3,3,-1,
4,4,10,-1,
10,4,10,-1,
10,10,12,-1,
12,10,12,-1,
13,12,12,-1,
13,13,12,-1,
12,13,12,-1,
10,12,12,-1,
13,13,11,-1,
11,13,11,-1,
5,11,11,-1,
5,5,11,-1,
11,5,11,-1,
13,11,11,-1,
14,14,14,-1,
14,14,14,-1,
14,14,14,-1,
5,5,2,-1,
2,5,2,-1,
1,2,2,-1,
1,1,2,-1,
2,1,2,-1,
5,2,2,-1,
1,1,3,-1,
3,1,3,-1,
4,3,3,-1,
4,4,3,-1,
3,4,3,-1,
1,3,3,-1,
4,4,10,-1,
10,4,10,-1,
10,10,12,-1,
12,10,12,-1,
13,12,12,-1,
13,13,12,-1,
12,13,12,-1,
10,12,12,-1,
13,13,11,-1,
11,13,11,-1,
5,11,11,-1,
5,5,11,-1,
11,5,11,-1,
13,11,11,-1,
14,14,14,-1,
14,14,14,-1,
14,14,14,-1,
5,5,2,-1,
2,5,2,-1,
1,2,2,-1,
1,1,2,-1,
2,1,2,-1,
5,2,2,-1,
1,1,3,-1,
3,1,3,-1,
4,3,3,-1,
4,4,3,-1,
3,4,3,-1,
1,3,3,-1,
4,4,10,-1,
10,4,10,-1,
10,10,12,-1,
12,10,12,-1,
13,12,12,-1,
13,13,12,-1,
12,13,12,-1,
10,12,12,-1,
13,13,11,-1,
11,13,11,-1,
5,11,11,-1,
5,5,11,-1,
11,5,11,-1,
13,11,11,-1,
14,14,14,-1,
14,14,14,-1,
14,14,14,-1,
5,5,2,-1,
2,5,2,-1,
1,2,2,-1,
1,1,2,-1,
2,1,2,-1,
5,2,2,-1,
1,1,3,-1,
3,1,3,-1,
4,3,3,-1,
4,4,3,-1,
3,4,3,-1,
1,3,3,-1,
4,4,10,-1,
10,4,10,-1,
10,10,12,-1,
12,10,12,-1,
13,12,12,-1,
13,13,12,-1,
12,13,12,-1,
10,12,12,-1,
13,13,11,-1,
11,13,11,-1,
5,11,11,-1,
5,5,11,-1,
11,5,11,-1,
13,11,11,-1,
14,14,14,-1,
14,14,14,-1,
14,14,14,-1,
5,5,2,-1,
2,5,2,-1,
1,2,2,-1,
1,1,2,-1,
2,1,2,-1,
5,2,2,-1,
1,1,3,-1,
3,1,3,-1,
4,3,3,-1,
4,4,3,-1,
3,4,3,-1,
1,3,3,-1,
4,4,10,-1,
10,4,10,-1,
10,10,12,-1,
12,10,12,-1,
13,12,12,-1,
13,13,12,-1,
12,13,12,-1,
10,12,12,-1,
13,13,11,-1,
11,13,11,-1,
5,11,11,-1,
5,5,11,-1,
11,5,11,-1,
13,11,11,-1,
14,14,14,-1,
14,14,14,-1,
14,14,14,-1,
5,5,2,-1,
2,5,2,-1,
1,2,2,-1,
1,1,2,-1,
2,1,2,-1,
5,2,2,-1,
1,1,3,-1,
3,1,3,-1,
4,3,3,-1,
4,4,3,-1,
3,4,3,-1,
1,3,3,-1,
4,4,10,-1,
10,4,10,-1,
10,10,12,-1,
12,10,12,-1,
13,12,12,-1,
13,13,12,-1,
12,13,12,-1,
10,12,12,-1,
13,13,11,-1,
11,13,11,-1,
5,11,11,-1,
5,5,11,-1,
11,5,11,-1,
13,11,11,-1,
14,14,14,-1,
14,14,14,-1,
14,14,14,-1,
5,5,2,-1,
2,5,2,-1,
1,2,2,-1,
1,1,2,-1,
2,1,2,-1,
5,2,2,-1,
1,1,3,-1,
3,1,3,-1,
4,3,3,-1,
4,4,3,-1,
3,4,3,-1,
1,3,3,-1,
4,4,10,-1,
10,4,10,-1,
10,10,12,-1,
12,10,12,-1,
13,12,12,-1,
13,13,12,-1,
12,13,12,-1,
10,12,12,-1,
13,13,11,-1,
11,13,11,-1,
5,11,11,-1,
5,5,11,-1,
11,5,11,-1,
13,11,11,-1,
14,14,14,-1,
14,14,14,-1,
14,14,14,-1,
5,5,2,-1,
2,5,2,-1,
1,2,2,-1,
1,1,2,-1,
2,1,2,-1,
5,2,2,-1,
1,1,3,-1,
3,1,3,-1,
4,3,3,-1,
4,4,3,-1,
3,4,3,-1,
1,3,3,-1,
4,4,10,-1,
10,4,10,-1,
10,10,12,-1,
12,10,12,-1,
13,12,12,-1,
13,13,12,-1,
12,13,12,-1,
10,12,12,-1,
13,13,11,-1,
11,13,11,-1,
5,11,11,-1,
5,5,11,-1,
11,5,11,-1,
13,11,11,-1,
14,14,14,-1,
14,14,14,-1,
14,14,14,-1,
5,5,2,-1,
2,5,2,-1,
1,2,2,-1,
1,1,2,-1,
2,1,2,-1,
5,2,2,-1,
1,1,3,-1,
3,1,3,-1,
4,3,3,-1,
4,4,3,-1,
3,4,3,-1,
1,3,3,-1,
4,4,10,-1,
10,4,10,-1,
10,10,12,-1,
12,10,12,-1,
13,12,12,-1,
13,13,12,-1,
12,13,12,-1,
10,12,12,-1,
13,13,11,-1,
11,13,11,-1,
5,11,11,-1,
5,5,11,-1,
11,5,11,-1,
13,11,11,-1,
14,14,14,-1,
14,14,14,-1,
14,14,14,-1,
5,5,2,-1,
2,5,2,-1,
1,2,2,-1,
1,1,2,-1,
2,1,2,-1,
5,2,2,-1,
1,1,3,-1,
3,1,3,-1,
4,3,3,-1,
4,4,3,-1,
3,4,3,-1,
1,3,3,-1,
4,4,10,-1,
10,4,10,-1,
10,10,12,-1,
12,10,12,-1,
13,12,12,-1,
13,13,12,-1,
12,13,12,-1,
10,12,12,-1,
13,13,11,-1,
11,13,11,-1,
5,11,11,-1,
5,5,11,-1,
11,5,11,-1,
13,11,11,-1,
14,14,14,-1,
14,14,14,-1,
14,14,14,-1,
5,5,2,-1,
2,5,2,-1,
1,2,2,-1,
1,1,2,-1,
2,1,2,-1,
5,2,2,-1,
1,1,3,-1,
3,1,3,-1,
4,3,3,-1,
4,4,3,-1,
3,4,3,-1,
1,3,3,-1,
4,4,10,-1,
10,4,10,-1,
10,10,12,-1,
12,10,12,-1,
13,12,12,-1,
13,13,12,-1,
12,13,12,-1,
10,12,12,-1,
13,13,11,-1,
11,13,11,-1,
5,11,11,-1,
5,5,11,-1,
11,5,11,-1,
13,11,11,-1,
6,6,6,-1,
6,6,6,-1,
6,6,6,-1,
6,6,6,-1,
6,6,6,-1,
6,6,6,-1,
14,14,14,-1,
14,14,14,-1
]
texCoordIndex [
173,172,219,-1,
218,220,219,-1,
219,220,221,-1,
189,185,221,-1,
221,185,181,-1,
221,181,219,-1,
219,181,177,-1,
219,177,173,-1,
260,264,221,-1,
221,220,223,-1,
223,220,222,-1,
247,248,223,-1,
223,248,252,-1,
223,252,221,-1,
221,252,256,-1,
221,256,260,-1,
171,161,160,-1,
109,116,122,-1,
70,77,83,-1,
71,78,84,-1,
32,39,45,-1,
33,40,46,-1,
27,13,8,-1,
8,13,9,-1,
22,8,12,-1,
12,8,7,-1,
12,7,26,-1,
40,27,46,-1,
46,27,8,-1,
46,8,32,-1,
32,8,22,-1,
31,38,44,-1,
44,38,25,-1,
6,11,7,-1,
7,11,21,-1,
39,26,45,-1,
45,26,7,-1,
45,7,31,-1,
31,7,21,-1,
43,37,24,-1,
43,24,5,-1,
5,24,10,-1,
5,10,6,-1,
6,10,20,-1,
6,20,30,-1,
37,43,30,-1,
30,43,44,-1,
30,44,6,-1,
6,44,25,-1,
6,25,11,-1,
65,51,46,-1,
46,51,47,-1,
46,47,33,-1,
33,47,9,-1,
33,9,23,-1,
23,9,13,-1,
64,50,45,-1,
32,45,46,-1,
46,45,50,-1,
46,50,60,-1,
78,65,84,-1,
84,65,46,-1,
84,46,70,-1,
70,46,60,-1,
69,76,82,-1,
82,76,63,-1,
31,44,45,-1,
45,44,49,-1,
45,49,59,-1,
77,64,83,-1,
83,64,45,-1,
83,45,69,-1,
69,45,59,-1,
81,75,62,-1,
81,62,43,-1,
43,62,48,-1,
43,48,44,-1,
44,48,58,-1,
44,58,68,-1,
75,81,68,-1,
68,81,82,-1,
68,82,44,-1,
44,82,63,-1,
44,63,49,-1,
103,89,84,-1,
84,89,85,-1,
84,85,71,-1,
71,85,47,-1,
71,47,61,-1,
61,47,51,-1,
89,99,85,-1,
85,99,109,-1,
85,109,123,-1,
123,109,122,-1,
102,88,83,-1,
115,121,108,-1,
108,121,122,-1,
70,83,84,-1,
84,83,88,-1,
84,88,98,-1,
116,103,122,-1,
122,103,84,-1,
122,84,108,-1,
108,84,98,-1,
101,87,82,-1,
121,107,120,-1,
120,107,114,-1,
120,114,101,-1,
69,82,83,-1,
83,82,87,-1,
83,87,97,-1,
115,102,121,-1,
121,102,83,-1,
121,83,107,-1,
107,83,97,-1,
101,82,120,-1,
120,82,106,-1,
120,106,119,-1,
106,113,119,-1,
119,113,100,-1,
119,100,81,-1,
81,100,86,-1,
81,86,82,-1,
82,86,96,-1,
82,96,106,-1,
147,154,160,-1,
160,154,141,-1,
160,141,122,-1,
122,141,127,-1,
122,127,123,-1,
123,127,137,-1,
123,137,161,-1,
161,137,147,-1,
161,147,160,-1,
146,153,159,-1,
159,153,140,-1,
159,140,121,-1,
121,140,126,-1,
121,126,122,-1,
122,126,136,-1,
122,136,160,-1,
160,136,146,-1,
160,146,159,-1,
145,152,158,-1,
158,152,139,-1,
158,139,120,-1,
120,139,125,-1,
120,125,121,-1,
121,125,135,-1,
121,135,159,-1,
159,135,145,-1,
159,145,158,-1,
144,151,157,-1,
157,151,138,-1,
157,138,119,-1,
119,138,124,-1,
119,124,120,-1,
120,124,134,-1,
120,134,158,-1,
158,134,144,-1,
158,144,157,-1,
171,160,170,-1,
170,160,159,-1,
170,159,169,-1,
169,159,158,-1,
169,158,168,-1,
168,158,157,-1,
168,157,167,-1,
5,4,43,-1,
43,4,42,-1,
43,42,81,-1,
81,42,80,-1,
81,80,119,-1,
119,80,118,-1,
119,118,157,-1,
157,118,156,-1,
157,156,167,-1,
167,156,166,-1,
1,0,163,-1,
163,0,162,-1,
312,313,267,-1,
267,313,268,-1,
269,266,265,-1,
311,300,310,-1,
310,300,290,-1,
310,290,265,-1,
265,290,280,-1,
265,280,269,-1,
151,144,138,-1,
138,144,134,-1,
138,134,124,-1,
274,275,272,-1,
272,275,273,-1,
225,224,242,-1,
250,225,249,-1,
249,225,242,-1,
275,271,270,-1,
225,250,226,-1,
226,250,236,-1,
142,148,149,-1,
143,142,150,-1,
150,142,149,-1,
250,251,236,-1,
142,143,132,-1,
132,143,133,-1,
132,133,128,-1,
128,133,129,-1,
207,208,194,-1,
175,207,176,-1,
176,207,190,-1,
133,131,130,-1,
207,175,206,-1,
206,175,198,-1,
274,276,278,-1,
275,274,279,-1,
279,274,277,-1,
175,174,202,-1,
37,30,24,-1,
24,30,20,-1,
24,20,10,-1,
304,305,301,-1,
301,305,302,-1,
225,224,242,-1,
250,225,249,-1,
249,225,242,-1,
305,303,302,-1,
225,250,226,-1,
226,250,236,-1,
28,34,35,-1,
29,28,36,-1,
36,28,35,-1,
250,251,236,-1,
28,29,18,-1,
18,29,19,-1,
18,19,14,-1,
14,19,15,-1,
207,208,194,-1,
175,207,176,-1,
176,207,190,-1,
19,17,16,-1,
207,175,206,-1,
206,175,198,-1,
304,306,308,-1,
305,304,309,-1,
309,304,307,-1,
175,174,202,-1,
78,71,65,-1,
65,71,61,-1,
65,61,51,-1,
294,295,291,-1,
291,295,292,-1,
234,233,246,-1,
262,234,261,-1,
261,234,246,-1,
295,293,292,-1,
234,262,235,-1,
235,262,241,-1,
66,72,73,-1,
67,66,74,-1,
74,66,73,-1,
262,263,241,-1,
66,67,56,-1,
56,67,57,-1,
56,57,52,-1,
52,57,53,-1,
216,217,197,-1,
187,216,188,-1,
188,216,193,-1,
57,55,54,-1,
216,187,215,-1,
215,187,201,-1,
294,296,298,-1,
295,294,299,-1,
299,294,297,-1,
187,186,205,-1,
77,70,64,-1,
64,70,60,-1,
64,60,50,-1,
294,295,291,-1,
291,295,292,-1,
231,230,245,-1,
258,231,257,-1,
257,231,245,-1,
295,293,292,-1,
231,258,232,-1,
232,258,240,-1,
66,72,73,-1,
67,66,74,-1,
74,66,73,-1,
258,259,239,-1,
66,67,56,-1,
56,67,57,-1,
56,57,52,-1,
52,57,53,-1,
213,214,196,-1,
183,213,184,-1,
184,213,192,-1,
57,55,54,-1,
213,183,212,-1,
212,183,200,-1,
294,296,298,-1,
295,294,299,-1,
299,294,297,-1,
183,182,204,-1,
76,69,63,-1,
63,69,59,-1,
63,59,49,-1,
294,295,291,-1,
291,295,292,-1,
228,227,244,-1,
254,228,253,-1,
253,228,243,-1,
295,293,292,-1,
228,254,229,-1,
229,254,238,-1,
66,72,73,-1,
67,66,74,-1,
74,66,73,-1,
254,255,237,-1,
66,67,56,-1,
56,67,57,-1,
56,57,52,-1,
52,57,53,-1,
210,211,195,-1,
179,210,180,-1,
180,210,191,-1,
57,55,54,-1,
210,179,209,-1,
209,179,199,-1,
294,296,298,-1,
295,294,299,-1,
299,294,297,-1,
179,178,203,-1,
38,31,25,-1,
25,31,21,-1,
25,21,11,-1,
304,305,301,-1,
301,305,302,-1,
228,227,244,-1,
254,228,253,-1,
253,228,243,-1,
305,303,302,-1,
228,254,229,-1,
229,254,238,-1,
28,34,35,-1,
29,28,36,-1,
36,28,35,-1,
254,255,237,-1,
28,29,18,-1,
18,29,19,-1,
18,19,14,-1,
14,19,15,-1,
210,211,195,-1,
179,210,180,-1,
180,210,191,-1,
19,17,16,-1,
210,179,209,-1,
209,179,199,-1,
304,306,308,-1,
305,304,309,-1,
309,304,307,-1,
179,178,203,-1,
39,32,26,-1,
26,32,22,-1,
26,22,12,-1,
304,305,301,-1,
301,305,302,-1,
231,230,245,-1,
258,231,257,-1,
257,231,245,-1,
305,303,302,-1,
231,258,232,-1,
232,258,240,-1,
28,34,35,-1,
29,28,36,-1,
36,28,35,-1,
258,259,239,-1,
28,29,18,-1,
18,29,19,-1,
18,19,14,-1,
14,19,15,-1,
213,214,196,-1,
183,213,184,-1,
184,213,192,-1,
19,17,16,-1,
213,183,212,-1,
212,183,200,-1,
304,306,308,-1,
305,304,309,-1,
309,304,307,-1,
183,182,204,-1,
40,33,27,-1,
27,33,23,-1,
27,23,13,-1,
304,305,301,-1,
301,305,302,-1,
234,233,246,-1,
262,234,261,-1,
261,234,246,-1,
305,303,302,-1,
234,262,235,-1,
235,262,241,-1,
28,34,35,-1,
29,28,36,-1,
36,28,35,-1,
262,263,241,-1,
28,29,18,-1,
18,29,19,-1,
18,19,14,-1,
14,19,15,-1,
216,217,197,-1,
187,216,188,-1,
188,216,193,-1,
19,17,16,-1,
216,187,215,-1,
215,187,201,-1,
304,306,308,-1,
305,304,309,-1,
309,304,307,-1,
187,186,205,-1,
113,106,100,-1,
100,106,96,-1,
100,96,86,-1,
284,285,281,-1,
281,285,282,-1,
225,224,242,-1,
250,225,249,-1,
249,225,242,-1,
285,283,282,-1,
225,250,226,-1,
226,250,236,-1,
104,110,111,-1,
105,104,112,-1,
112,104,111,-1,
250,251,236,-1,
104,105,94,-1,
94,105,95,-1,
94,95,90,-1,
90,95,91,-1,
207,208,194,-1,
175,207,176,-1,
176,207,190,-1,
95,93,92,-1,
207,175,206,-1,
206,175,198,-1,
284,286,288,-1,
285,284,289,-1,
289,284,287,-1,
175,174,202,-1,
154,147,141,-1,
141,147,137,-1,
141,137,127,-1,
274,275,272,-1,
272,275,273,-1,
234,233,246,-1,
262,234,261,-1,
261,234,246,-1,
275,271,270,-1,
234,262,235,-1,
235,262,241,-1,
142,148,149,-1,
143,142,150,-1,
150,142,149,-1,
262,263,241,-1,
142,143,132,-1,
132,143,133,-1,
132,133,128,-1,
128,133,129,-1,
216,217,197,-1,
187,216,188,-1,
188,216,193,-1,
133,131,130,-1,
216,187,215,-1,
215,187,201,-1,
274,276,278,-1,
275,274,279,-1,
279,274,277,-1,
187,186,205,-1,
153,146,140,-1,
140,146,136,-1,
140,136,126,-1,
274,275,272,-1,
272,275,273,-1,
231,230,245,-1,
258,231,257,-1,
257,231,245,-1,
275,271,270,-1,
231,258,232,-1,
232,258,240,-1,
142,148,149,-1,
143,142,150,-1,
150,142,149,-1,
258,259,239,-1,
142,143,132,-1,
132,143,133,-1,
132,133,128,-1,
128,133,129,-1,
213,214,196,-1,
183,213,184,-1,
184,213,192,-1,
133,131,130,-1,
213,183,212,-1,
212,183,200,-1,
274,276,278,-1,
275,274,279,-1,
279,274,277,-1,
183,182,204,-1,
152,145,139,-1,
139,145,135,-1,
139,135,125,-1,
274,275,272,-1,
272,275,273,-1,
228,227,244,-1,
254,228,253,-1,
253,228,243,-1,
275,271,270,-1,
228,254,229,-1,
229,254,238,-1,
142,148,149,-1,
143,142,150,-1,
150,142,149,-1,
254,255,237,-1,
142,143,132,-1,
132,143,133,-1,
132,133,128,-1,
128,133,129,-1,
210,211,195,-1,
179,210,180,-1,
180,210,191,-1,
133,131,130,-1,
210,179,209,-1,
209,179,199,-1,
274,276,278,-1,
275,274,279,-1,
279,274,277,-1,
179,178,203,-1,
75,68,62,-1,
62,68,58,-1,
62,58,48,-1,
294,295,291,-1,
291,295,292,-1,
225,224,242,-1,
250,225,249,-1,
249,225,242,-1,
295,293,292,-1,
225,250,226,-1,
226,250,236,-1,
66,72,73,-1,
67,66,74,-1,
74,66,73,-1,
250,251,236,-1,
66,67,56,-1,
56,67,57,-1,
56,57,52,-1,
52,57,53,-1,
207,208,194,-1,
175,207,176,-1,
176,207,190,-1,
57,55,54,-1,
207,175,206,-1,
206,175,198,-1,
294,296,298,-1,
295,294,299,-1,
299,294,297,-1,
175,174,202,-1,
116,109,103,-1,
103,109,99,-1,
103,99,89,-1,
284,285,281,-1,
281,285,282,-1,
234,233,246,-1,
262,234,261,-1,
261,234,246,-1,
285,283,282,-1,
234,262,235,-1,
235,262,241,-1,
104,110,111,-1,
105,104,112,-1,
112,104,111,-1,
262,263,241,-1,
104,105,94,-1,
94,105,95,-1,
94,95,90,-1,
90,95,91,-1,
216,217,197,-1,
187,216,188,-1,
188,216,193,-1,
95,93,92,-1,
216,187,215,-1,
215,187,201,-1,
284,286,288,-1,
285,284,289,-1,
289,284,287,-1,
187,186,205,-1,
115,108,102,-1,
102,108,98,-1,
102,98,88,-1,
284,285,281,-1,
281,285,282,-1,
231,230,245,-1,
258,231,257,-1,
257,231,245,-1,
285,283,282,-1,
231,258,232,-1,
232,258,240,-1,
104,110,111,-1,
105,104,112,-1,
112,104,111,-1,
258,259,239,-1,
104,105,94,-1,
94,105,95,-1,
94,95,90,-1,
90,95,91,-1,
213,214,196,-1,
183,213,184,-1,
184,213,192,-1,
95,93,92,-1,
213,183,212,-1,
212,183,200,-1,
284,286,288,-1,
285,284,289,-1,
289,284,287,-1,
183,182,204,-1,
114,107,101,-1,
101,107,97,-1,
101,97,87,-1,
284,285,281,-1,
281,285,282,-1,
228,227,244,-1,
254,228,253,-1,
253,228,243,-1,
285,283,282,-1,
228,254,229,-1,
229,254,238,-1,
104,110,111,-1,
105,104,112,-1,
112,104,111,-1,
254,255,237,-1,
104,105,94,-1,
94,105,95,-1,
94,95,90,-1,
90,95,91,-1,
210,211,195,-1,
179,210,180,-1,
180,210,191,-1,
95,93,92,-1,
210,179,209,-1,
209,179,199,-1,
284,286,288,-1,
285,284,289,-1,
289,284,287,-1,
179,178,203,-1,
163,164,155,-1,
155,117,163,-1,
163,117,79,-1,
163,79,1,-1,
1,79,41,-1,
1,41,2,-1,
4,3,166,-1,
166,3,165,-1
]
}
}
Shape {
appearance Appearance {
material Material {
ambientIntensity 0
diffuseColor 1 1 1
specularColor 0 0 0
shininess 0
transparency 0
}
texture USE MDF
}
geometry IndexedFaceSet {
normalPerVertex TRUE
solid TRUE
convex TRUE
coord Coordinate { point [
-1.432 -1.276 -1.049,
-1.432 -1.196 -1.049,
-1.432 -1.276 -1.147,
-1.432 -1.196 -1.147,
-1.429 -1.196 -1.049,
-1.429 -1.196 -1.147,
-1.413 -1.276 -1.049,
-1.413 -1.212 -1.049,
-1.413 -1.276 -1.147,
-1.413 -1.212 -1.147
] }
normal Normal { vector [
-1 0 0,
0 0 -1,
0 1 0,
0 -1 0,
0 0 1,
0.707107 0.707107 0,
1 0 0
] }
texCoord TextureCoordinate { point [
-2.96 0,
-2.96 0.320001,
-2.96 0.380001,
-2.96 0.68,
-2.96 2.28,
-1 0,
-1 0.320001,
-1 0.380001,
-1 0.68,
-1 2.28,
-0.380001 0.68,
-0.380001 2.28,
-0.320001 0.68,
0 1,
0 2.28,
0.320001 0.68,
0.380001 0.68,
0.380001 2.28,
1 0,
1 0.380001,
1 1,
1 2.28,
2.96 0,
2.96 0.380001,
2.96 1,
2.96 2.28
] }
coordIndex [
5,3,4,-1,
4,3,1,-1,
3,2,1,-1,
1,2,0,-1,
2,8,0,-1,
0,8,6,-1,
8,9,6,-1,
6,9,7,-1,
9,5,7,-1,
7,5,4,-1,
9,8,5,-1,
5,8,2,-1,
5,2,3,-1,
6,7,0,-1,
0,7,4,-1,
0,4,1,-1
]
normalIndex [
2,2,2,-1,
2,2,2,-1,
0,0,0,-1,
0,0,0,-1,
3,3,3,-1,
3,3,3,-1,
6,6,6,-1,
6,6,6,-1,
5,5,5,-1,
5,5,5,-1,
1,1,1,-1,
1,1,1,-1,
1,1,1,-1,
4,4,4,-1,
4,4,4,-1,
4,4,4,-1
]
texCoordIndex [
6,7,1,-1,
1,7,2,-1,
8,9,3,-1,
3,9,4,-1,
19,18,23,-1,
23,18,22,-1,
21,20,25,-1,
25,20,24,-1,
5,6,0,-1,
0,6,1,-1,
13,14,12,-1,
12,14,11,-1,
12,11,10,-1,
14,13,17,-1,
17,13,15,-1,
17,15,16,-1
]
}
}
Shape {
appearance Appearance {
material Material {
ambientIntensity 0
diffuseColor 1 1 1
specularColor 0 0 0
shininess 0
transparency 0
}
texture USE MDF
}
geometry IndexedFaceSet {
normalPerVertex TRUE
solid TRUE
convex TRUE
coord Coordinate { point [
-1.432 -0.48699999 -1.049,
-1.432 -0.40699995 -1.049,
-1.432 -0.48699999 -1.147,
-1.432 -0.40699995 -1.147,
-1.429 -0.40699995 -1.049,
-1.429 -0.40699995 -1.147,
-1.413 -0.48699999 -1.049,
-1.413 -0.42299998 -1.049,
-1.413 -0.48699999 -1.147,
-1.413 -0.42299998 -1.147
] }
normal Normal { vector [
-1 0 0,
0 0 -1,
0 1 0,
0 -1 0,
0 0 1,
0.707107 0.707107 0,
1 0 0
] }
texCoord TextureCoordinate { point [
-2.96 0,
-2.96 0.320001,
-2.96 0.380001,
-2.96 0.68,
-2.96 2.28,
-1 0,
-1 0.320001,
-1 0.380001,
-1 0.68,
-1 2.28,
-0.380001 0.68,
-0.380001 2.28,
-0.320001 0.68,
0 1,
0 2.28,
0.320001 0.68,
0.380001 0.68,
0.380001 2.28,
1 0,
1 0.380001,
1 1,
1 2.28,
2.96 0,
2.96 0.380001,
2.96 1,
2.96 2.28
] }
coordIndex [
5,3,4,-1,
4,3,1,-1,
3,2,1,-1,
1,2,0,-1,
2,8,0,-1,
0,8,6,-1,
8,9,6,-1,
6,9,7,-1,
9,5,7,-1,
7,5,4,-1,
9,8,5,-1,
5,8,2,-1,
5,2,3,-1,
6,7,0,-1,
0,7,4,-1,
0,4,1,-1
]
normalIndex [
2,2,2,-1,
2,2,2,-1,
0,0,0,-1,
0,0,0,-1,
3,3,3,-1,
3,3,3,-1,
6,6,6,-1,
6,6,6,-1,
5,5,5,-1,
5,5,5,-1,
1,1,1,-1,
1,1,1,-1,
1,1,1,-1,
4,4,4,-1,
4,4,4,-1,
4,4,4,-1
]
texCoordIndex [
6,7,1,-1,
1,7,2,-1,
8,9,3,-1,
3,9,4,-1,
19,18,23,-1,
23,18,22,-1,
21,20,25,-1,
25,20,24,-1,
5,6,0,-1,
0,6,1,-1,
13,14,12,-1,
12,14,11,-1,
12,11,10,-1,
14,13,17,-1,
17,13,15,-1,
17,15,16,-1
]
}
}
Shape {
appearance Appearance {
material Material {
ambientIntensity 0
diffuseColor 1 1 1
specularColor 0 0 0
shininess 0
transparency 0
}
texture USE MDF
}
geometry IndexedFaceSet {
normalPerVertex TRUE
solid TRUE
convex TRUE
coord Coordinate { point [
-1.432 0.30200005 -1.049,
-1.432 0.38200009 -1.049,
-1.432 0.30200005 -1.147,
-1.432 0.38200009 -1.147,
-1.429 0.38200009 -1.049,
-1.429 0.38200009 -1.147,
-1.413 0.30200005 -1.049,
-1.413 0.36600006 -1.049,
-1.413 0.30200005 -1.147,
-1.413 0.36600006 -1.147
] }
normal Normal { vector [
-1 0 0,
0 0 -1,
0 1 0,
0 -1 0,
0 0 1,
0.707107 0.707107 0,
1 0 0
] }
texCoord TextureCoordinate { point [
-2.96 0,
-2.96 0.320001,
-2.96 0.380001,
-2.96 0.679998,
-2.96 2.28,
-1 0,
-1 0.320001,
-1 0.380001,
-1 0.679998,
-1 2.28,
-0.380001 0.679998,
-0.380001 2.28,
-0.320001 0.679998,
0 0.999999,
0 2.28,
0.320001 0.679998,
0.380001 0.679998,
0.380001 2.28,
1 0,
1 0.380001,
1 0.999999,
1 2.28,
2.96 0,
2.96 0.380001,
2.96 0.999999,
2.96 2.28
] }
coordIndex [
5,3,4,-1,
4,3,1,-1,
3,2,1,-1,
1,2,0,-1,
2,8,0,-1,
0,8,6,-1,
8,9,6,-1,
6,9,7,-1,
9,5,7,-1,
7,5,4,-1,
9,8,5,-1,
5,8,2,-1,
5,2,3,-1,
4,1,7,-1,
7,1,0,-1,
7,0,6,-1
]
normalIndex [
2,2,2,-1,
2,2,2,-1,
0,0,0,-1,
0,0,0,-1,
3,3,3,-1,
3,3,3,-1,
6,6,6,-1,
6,6,6,-1,
5,5,5,-1,
5,5,5,-1,
1,1,1,-1,
1,1,1,-1,
1,1,1,-1,
4,4,4,-1,
4,4,4,-1,
4,4,4,-1
]
texCoordIndex [
6,7,1,-1,
1,7,2,-1,
8,9,3,-1,
3,9,4,-1,
19,18,23,-1,
23,18,22,-1,
21,20,25,-1,
25,20,24,-1,
5,6,0,-1,
0,6,1,-1,
13,14,12,-1,
12,14,11,-1,
12,11,10,-1,
15,16,13,-1,
13,16,17,-1,
13,17,14,-1
]
}
}
Shape {
appearance Appearance {
material Material {
ambientIntensity 0
diffuseColor 1 1 1
specularColor 0 0 0
shininess 0
transparency 0
}
texture USE MDF
}
geometry IndexedFaceSet {
normalPerVertex TRUE
solid TRUE
convex TRUE
coord Coordinate { point [
-1.432 1.091 -1.049,
-1.432 1.1710001 -1.049,
-1.432 1.091 -1.147,
-1.432 1.1710001 -1.147,
-1.429 1.1710001 -1.049,
-1.429 1.1710001 -1.147,
-1.413 1.091 -1.049,
-1.413 1.1550001 -1.049,
-1.413 1.091 -1.147,
-1.413 1.1550001 -1.147
] }
normal Normal { vector [
-1 0 0,
0 0 -1,
0 1 0,
0 -1 0,
0 0 1,
0.707107 0.707107 0,
1 0 0
] }
texCoord TextureCoordinate { point [
-2.96 0,
-2.96 0.320001,
-2.96 0.380001,
-2.96 0.679998,
-2.96 2.28,
-1 0,
-1 0.320001,
-1 0.380001,
-1 0.679998,
-1 2.28,
-0.380001 0.679998,
-0.380001 2.28,
-0.320001 0.679998,
0 0.999999,
0 2.28,
0.320001 0.679998,
0.380001 0.679998,
0.380001 2.28,
1 0,
1 0.380001,
1 0.999999,
1 2.28,
2.96 0,
2.96 0.380001,
2.96 0.999999,
2.96 2.28
] }
coordIndex [
5,3,4,-1,
4,3,1,-1,
3,2,1,-1,
1,2,0,-1,
2,8,0,-1,
0,8,6,-1,
8,9,6,-1,
6,9,7,-1,
9,5,7,-1,
7,5,4,-1,
9,8,5,-1,
5,8,2,-1,
5,2,3,-1,
4,1,7,-1,
7,1,0,-1,
7,0,6,-1
]
normalIndex [
2,2,2,-1,
2,2,2,-1,
0,0,0,-1,
0,0,0,-1,
3,3,3,-1,
3,3,3,-1,
6,6,6,-1,
6,6,6,-1,
5,5,5,-1,
5,5,5,-1,
1,1,1,-1,
1,1,1,-1,
1,1,1,-1,
4,4,4,-1,
4,4,4,-1,
4,4,4,-1
]
texCoordIndex [
6,7,1,-1,
1,7,2,-1,
8,9,3,-1,
3,9,4,-1,
19,18,23,-1,
23,18,22,-1,
21,20,25,-1,
25,20,24,-1,
5,6,0,-1,
0,6,1,-1,
13,14,12,-1,
12,14,11,-1,
12,11,10,-1,
15,16,13,-1,
13,16,17,-1,
13,17,14,-1
]
}
}
Shape {
appearance Appearance {
material Material {
ambientIntensity 0
diffuseColor 1 1 1
specularColor 0 0 0
shininess 0
transparency 0
}
texture USE MDF
}
geometry IndexedFaceSet {
normalPerVertex TRUE
solid TRUE
convex TRUE
coord Coordinate { point [
-1.1289999 1.091 1.128,
-1.1289999 1.1710001 1.128,
-1.1289999 1.1710001 1.125,
-1.1289999 1.091 1.109,
-1.1289999 1.1550001 1.109,
-0.19199999 1.091 1.128,
-0.19199999 1.1710001 1.128,
-0.19199999 1.1710001 1.125,
-0.19199999 1.091 1.109,
-0.19199999 1.1550001 1.109
] }
normal Normal { vector [
-1 0 0,
0 -1 0,
0 0 1,
0 0 -1,
0 0.707107 -0.707107,
0 1 0,
1 0 0
] }
texCoord TextureCoordinate { point [
-19.74 0,
-19.74 0.319999,
-19.74 0.38,
-19.74 0.679998,
-19.74 2.28,
-1 0,
-1 0.319999,
-1 0.38,
-1 0.679998,
-1 2.28,
-0.38 0.679998,
-0.38 2.28,
-0.319999 0.679998,
0 0.999999,
0 2.28,
0.319999 0.679998,
0.38 0.679998,
0.38 2.28,
1 0,
1 0.38,
1 0.999999,
1 2.28,
19.74 0,
19.74 0.38,
19.74 0.999999,
19.74 2.28
] }
coordIndex [
2,1,7,-1,
7,1,6,-1,
1,0,6,-1,
6,0,5,-1,
0,3,5,-1,
5,3,8,-1,
3,4,8,-1,
8,4,9,-1,
4,2,9,-1,
9,2,7,-1,
1,2,0,-1,
0,2,4,-1,
0,4,3,-1,
7,6,9,-1,
9,6,5,-1,
9,5,8,-1
]
normalIndex [
5,5,5,-1,
5,5,5,-1,
2,2,2,-1,
2,2,2,-1,
1,1,1,-1,
1,1,1,-1,
3,3,3,-1,
3,3,3,-1,
4,4,4,-1,
4,4,4,-1,
0,0,0,-1,
0,0,0,-1,
0,0,0,-1,
6,6,6,-1,
6,6,6,-1,
6,6,6,-1
]
texCoordIndex [
6,7,1,-1,
1,7,2,-1,
8,9,3,-1,
3,9,4,-1,
19,18,23,-1,
23,18,22,-1,
21,20,25,-1,
25,20,24,-1,
5,6,0,-1,
0,6,1,-1,
10,12,11,-1,
11,12,13,-1,
11,13,14,-1,
15,16,13,-1,
13,16,17,-1,
13,17,14,-1
]
}
}
Shape {
appearance Appearance {
material Material {
ambientIntensity 0
diffuseColor 1 1 1
specularColor 0 0 0
shininess 0
transparency 0
}
texture USE MDF
}
geometry IndexedFaceSet {
normalPerVertex TRUE
solid TRUE
convex TRUE
coord Coordinate { point [
-1.451 -1.326 -0.44349998,
-1.451 -1.115 -0.44349998,
-1.451 -1.326 -0.98049998,
-1.451 -1.115 -0.98049998,
-1.443 -1.326 -0.44349998,
-1.443 -1.115 -0.44349998,
-1.443 -1.326 -0.98049998,
-1.443 -1.115 -0.98049998
] }
normal Normal { vector [
-1 0 0,
0 1 0,
0 0 1,
0 0 -1,
0 -1 0,
1 0 0
] }
texCoord TextureCoordinate { point [
-10.74 4.22,
0 4.22,
0.16 4.22,
-10.74 0.16,
0 0.16,
-10.74 0,
0 0,
0.16 0,
-10.74 -0.16,
0 -0.16,
-10.74 -4.22,
0 -4.22,
0.16 -4.22
] }
coordIndex [
0,1,2,-1,
2,1,3,-1,
3,7,2,-1,
2,7,6,-1,
1,5,3,-1,
3,5,7,-1,
0,4,1,-1,
1,4,5,-1,
7,5,6,-1,
6,5,4,-1,
0,2,4,-1,
4,2,6,-1
]
normalIndex [
0,0,0,-1,
0,0,0,-1,
3,3,3,-1,
3,3,3,-1,
1,1,1,-1,
1,1,1,-1,
2,2,2,-1,
2,2,2,-1,
5,5,5,-1,
5,5,5,-1,
4,4,4,-1,
4,4,4,-1
]
texCoordIndex [
5,10,6,-1,
6,10,11,-1,
11,12,6,-1,
6,12,7,-1,
5,8,6,-1,
6,8,9,-1,
6,7,1,-1,
1,7,2,-1,
1,0,6,-1,
6,0,5,-1,
5,6,3,-1,
3,6,4,-1
]
}
}
Shape {
appearance Appearance {
material Material {
ambientIntensity 0
diffuseColor 1 1 1
specularColor 0 0 0
shininess 0
transparency 0
}
texture USE MDF
}
geometry IndexedFaceSet {
normalPerVertex TRUE
solid TRUE
convex TRUE
coord Coordinate { point [
1.26 -1.326 1.1470001,
1.26 1.341 1.1470001,
1.26 -1.326 1.1389999,
1.26 1.341 1.1389999,
1.451 -1.326 1.1470001,
1.451 1.341 1.1470001,
1.451 -1.326 1.1389999,
1.451 1.341 1.1389999
] }
normal Normal { vector [
-1 0 0,
0 0 1,
0 -1 0,
0 1 0,
0 0 -1,
1 0 0
] }
texCoord TextureCoordinate { point [
0.3 27.05,
53.64 27.05,
0.3 23.23,
53.64 23.23,
-27.05 15.67,
-23.23 15.67,
0.3 15.67,
53.64 15.67,
-27.05 15.51,
-23.23 15.51,
0.3 15.51,
53.64 15.51,
-27.05 -15.51,
-23.23 -15.51,
0.3 -15.51,
53.64 -15.51,
-27.05 -15.67,
-23.23 -15.67,
0.3 -15.67,
53.64 -15.67,
0.3 -23.23,
53.64 -23.23,
0.3 -27.05,
53.64 -27.05
] }
coordIndex [
4,5,0,-1,
0,5,1,-1,
1,3,0,-1,
0,3,2,-1,
5,7,1,-1,
1,7,3,-1,
4,6,5,-1,
5,6,7,-1,
3,7,2,-1,
2,7,6,-1,
4,0,6,-1,
6,0,2,-1
]
normalIndex [
1,1,1,-1,
1,1,1,-1,
0,0,0,-1,
0,0,0,-1,
3,3,3,-1,
3,3,3,-1,
5,5,5,-1,
5,5,5,-1,
4,4,4,-1,
4,4,4,-1,
2,2,2,-1,
2,2,2,-1
]
texCoordIndex [
22,23,20,-1,
20,23,21,-1,
19,15,18,-1,
18,15,14,-1,
4,8,5,-1,
5,8,9,-1,
6,10,7,-1,
7,10,11,-1,
3,1,2,-1,
2,1,0,-1,
16,17,12,-1,
12,17,13,-1
]
}
}
Shape {
appearance Appearance {
material Material {
ambientIntensity 0
diffuseColor 1 1 1
specularColor 0 0 0
shininess 0
transparency 0
}
texture USE MDF
}
geometry IndexedFaceSet {
normalPerVertex TRUE
solid TRUE
convex TRUE
coord Coordinate { point [
0.3265 -1.326 1.1470001,
0.3265 -1.2409999 1.1470001,
0.3265 -1.326 1.1389999,
0.3265 -1.2409999 1.1389999,
1.2585 -1.326 1.1470001,
1.2585 -1.2409999 1.1470001,
1.2585 -1.326 1.1389999,
1.2585 -1.2409999 1.1389999
] }
normal Normal { vector [
-1 0 0,
0 0 1,
0 -1 0,
0 1 0,
0 0 -1,
1 0 0
] }
texCoord TextureCoordinate { point [
0.3 23.2,
2 23.2,
-23.2 15.67,
-4.56 15.67,
0.3 15.67,
2 15.67,
-23.2 15.51,
-4.56 15.51,
0.3 15.51,
2 15.51,
0.3 4.56,
2 4.56,
0.3 -4.56,
2 -4.56,
-23.2 -15.51,
-4.56 -15.51,
0.3 -15.51,
2 -15.51,
-23.2 -15.67,
-4.56 -15.67,
0.3 -15.67,
2 -15.67,
0.3 -23.2,
2 -23.2
] }
coordIndex [
6,2,7,-1,
7,2,3,-1,
3,1,7,-1,
7,1,5,-1,
2,0,3,-1,
3,0,1,-1,
6,4,2,-1,
2,4,0,-1,
1,0,5,-1,
5,0,4,-1,
6,7,4,-1,
4,7,5,-1
]
normalIndex [
4,4,4,-1,
4,4,4,-1,
3,3,3,-1,
3,3,3,-1,
0,0,0,-1,
0,0,0,-1,
2,2,2,-1,
2,2,2,-1,
1,1,1,-1,
1,1,1,-1,
5,5,5,-1,
5,5,5,-1
]
texCoordIndex [
0,10,1,-1,
1,10,11,-1,
7,3,6,-1,
6,3,2,-1,
16,20,17,-1,
17,20,21,-1,
14,18,15,-1,
15,18,19,-1,
13,12,23,-1,
23,12,22,-1,
8,9,4,-1,
4,9,5,-1
]
}
}

DirectionalLight {
color 1.000 1.000 1.000
ambientIntensity 1
intensity 0
}

Viewpoint {
fieldOfView 0.785398
position 0 0 9.1383071
}

NavigationInfo {
headlight TRUE
type ["EXAMINE","ANY"]
avatarSize [ 0, 0, 0 ]
}
