#VRML V2.0 utf8
Shape {
appearance Appearance {
material Material {
ambientIntensity 0
diffuseColor 1 1 1
specularColor 0 0 0
shininess 0
transparency 0
}
texture DEF H1298 ImageTexture {
repeatS TRUE
repeatT TRUE
url ["H1298.jpg"]
}
}
geometry IndexedFaceSet {
normalPerVertex TRUE
solid TRUE
convex TRUE
coord Coordinate { point [
-0.88 -0.050000001 0.049999997,
-0.88 0.050000001 0.049999997,
-0.88 0.050000001 0.044749998,
-0.88 -0.050000001 0.030000001,
-0.88 -0.02 0.030000001,
-0.88 -0.02 0.026250001,
-0.88 0.050000001 0.022500001,
-0.88 0.050000001 0.0050000004,
-0.88 0.050000001 -0.0097500002,
-0.88 -0.050000001 -0.030000001,
-0.88 -0.02 -0.030000001,
-0.88 -0.050000001 -0.050000001,
-0.88 0.050000001 -0.050000001,
-0.86874998 -0.02 0.030000001,
-0.86874998 -0.02 0.026250001,
-0.86874998 -0.02 -0.030000001,
-0.85900003 0.041000001 0.015999999,
-0.85900003 0.041000001 -0.015999999,
-0.85880423 0.050000001 0.017236069,
-0.85880423 0.050000001 0.015999999,
-0.85880423 0.050000001 0.014763932,
-0.85880423 0.050000001 -0.014763932,
-0.85880423 0.050000001 -0.015999999,
-0.85880423 0.050000001 -0.017236069,
-0.85823607 0.041000001 0.018351141,
-0.85823607 0.041000001 0.013648859,
-0.85823607 0.041000001 -0.013648859,
-0.85823607 0.041000001 -0.018351141,
-0.8580777 0.050000001 0.018236067,
-0.8580777 0.050000001 0.013763932,
-0.8580777 0.050000001 -0.013763932,
-0.8580777 0.050000001 -0.018236067,
-0.85779357 0.045500003 0.018793587,
-0.85779357 0.045500003 0.013206367,
-0.85779357 0.045500003 -0.013206358,
-0.85779357 0.045500003 -0.018793698,
-0.85772347 0.041000001 0.018723492,
-0.85772347 0.041000001 0.013276462,
-0.85772347 0.041000001 -0.013276453,
-0.85772347 0.041000001 -0.018723603,
-0.85771441 0.050000001 0.018736009,
-0.85771441 0.050000001 0.013263945,
-0.85771441 0.050000001 -0.013263936,
-0.85771441 0.050000001 -0.018736001,
-0.85770822 0.043306444 0.013324146,
-0.85770822 0.043306444 -0.0186758,
-0.85750002 -0.02 0,
-0.85750002 0.010000001 0,
-0.85750002 0.050000001 0,
-0.85735112 0.050000001 0.019236069,
-0.85735112 0.050000001 0.012763932,
-0.85735112 0.050000001 -0.012763931,
-0.85735112 0.050000001 -0.019236069,
-0.85676789 -0.02 0.0017677592,
-0.85676789 0.010000001 0.0017677592,
-0.85676789 0.050000001 0.0017677592,
-0.85676789 -0.02 -0.0017677499,
-0.85676789 0.010000001 -0.0017677499,
-0.85676789 0.050000001 -0.0017677499,
-0.85676777 -0.02 0.0017677669,
-0.85676777 0.010000001 0.0017677669,
-0.85676777 0.050000001 0.0017677669,
-0.85676777 -0.02 -0.0017677671,
-0.85676777 0.010000001 -0.0017677671,
-0.85676777 0.050000001 -0.0017677671,
-0.85623604 0.041000001 0.019804226,
-0.85623604 0.041000001 0.012195773,
-0.85623604 0.041000001 -0.012195774,
-0.85623604 0.041000001 -0.019804224,
-0.85617554 0.050000001 0.019618034,
-0.85617554 0.050000001 0.012381965,
-0.85617554 0.050000001 -0.012381966,
-0.85617554 0.050000001 -0.019618034,
-0.85500002 0.050000001 0.02,
-0.85500002 0.038690601 0.015999999,
-0.85500002 0.050000001 0.012,
-0.85500002 -0.02 0.0024999999,
-0.85500002 0.010000001 0.0024999999,
-0.85500002 0.050000001 0.0024999999,
-0.85500002 -0.02 -0.0024999999,
-0.85500002 0.010000001 -0.0024999999,
-0.85500002 0.050000001 -0.0024999999,
-0.85500002 0.050000001 -0.012000001,
-0.85500002 0.038690601 -0.015999999,
-0.85500002 0.050000001 -0.02,
-0.85382444 0.050000001 0.019618034,
-0.85382444 0.050000001 0.012381965,
-0.85382444 0.050000001 -0.012381966,
-0.85382444 0.050000001 -0.019618034,
-0.85376394 0.041000001 0.019804226,
-0.85376394 0.041000001 0.012195773,
-0.85376394 0.041000001 -0.012195774,
-0.85376394 0.041000001 -0.019804224,
-0.8532322 -0.02 0.0017677669,
-0.8532322 0.010000001 0.0017677669,
-0.8532322 0.050000001 0.0017677669,
-0.8532322 -0.02 -0.0017677671,
-0.8532322 0.010000001 -0.0017677671,
-0.8532322 0.050000001 -0.0017677671,
-0.85323215 -0.02 0.0017677592,
-0.85323215 0.010000001 0.0017677592,
-0.85323215 0.050000001 0.0017677592,
-0.85323215 -0.02 -0.0017677499,
-0.85323215 0.010000001 -0.0017677499,
-0.85323215 0.050000001 -0.0017677499,
-0.85264885 0.050000001 0.019236069,
-0.85264885 0.050000001 0.012763932,
-0.85264885 0.050000001 -0.012763931,
-0.85264885 0.050000001 -0.019236069,
-0.85250002 -0.02 0,
-0.85250002 0.010000001 0,
-0.85250002 0.050000001 0,
-0.85228562 0.050000001 0.018736009,
-0.85228562 0.050000001 0.013263945,
-0.85228562 0.050000001 -0.013263936,
-0.85228562 0.050000001 -0.018736001,
-0.85227656 0.041000001 0.018723492,
-0.85227656 0.041000001 0.013276462,
-0.85227656 0.041000001 -0.013276453,
-0.85227656 0.041000001 -0.018723603,
-0.85220647 0.045500003 0.018793587,
-0.85220647 0.045500003 0.013206367,
-0.85220647 0.045500003 -0.013206358,
-0.85220647 0.045500003 -0.018793698,
-0.85192233 0.050000001 0.018236067,
-0.85192233 0.050000001 0.013763932,
-0.85192233 0.050000001 -0.013763932,
-0.85192233 0.050000001 -0.018236067,
-0.8517639 0.041000001 0.018351141,
-0.8517639 0.041000001 0.013648859,
-0.8517639 0.041000001 -0.013648859,
-0.8517639 0.041000001 -0.018351141,
-0.85119575 0.050000001 0.017236069,
-0.85119575 0.050000001 0.015999999,
-0.85119575 0.050000001 0.014763932,
-0.85119575 0.050000001 -0.014763932,
-0.85119575 0.050000001 -0.015999999,
-0.85119575 0.050000001 -0.017236069,
-0.85100001 0.041000001 0.015999999,
-0.85100001 0.041000001 -0.015999999,
-0.83424997 0.050000001 0.049999997,
-0.83424997 0.050000001 0.044749998,
-0.83424997 0.050000001 0.022500001,
-0.83424997 0.050000001 0.0050000004,
-0.83424997 0.050000001 -0.0097500002,
-0.83424997 0.050000001 -0.050000001,
-0.81731194 0.039999999 0.0016689075,
-0.81731194 0.050000001 0.0016689075,
-0.81731194 0.039999999 -0.0016689068,
-0.81731194 0.050000001 -0.0016689068,
-0.81586373 0.039999999 0.0046761739,
-0.81586373 0.050000001 0.0046761739,
-0.81586373 0.039999999 -0.0046761734,
-0.81586373 0.050000001 -0.0046761734,
-0.81545764 0.050000001 0.0050000004,
-0.81520295 0.040000003 0.0052031325,
-0.81520295 0.047468264 0.0052031325,
-0.81520295 0.050000001 0.0052031325,
-0.81520295 0.040000003 -0.005203004,
-0.81520295 0.04253174 -0.005203004,
-0.81520295 0.050000001 -0.005203004,
-0.81325412 0.039999999 0.0067572668,
-0.81325412 0.050000001 0.0067572668,
-0.81325412 0.039999999 -0.0067572659,
-0.81325412 0.050000001 -0.0067572659,
-0.81 -0.02 0.030000001,
-0.81 -0.02 0.026250001,
-0.81 0.039999999 0.0075000003,
-0.81 0.050000001 0.0075000003,
-0.81 0.039999999 4.6566129e-10,
-0.81 0.039999999 -0.0074999994,
-0.81 0.050000001 -0.0074999994,
-0.81 -0.02 -0.030000001,
-0.80674589 0.039999999 0.0067572668,
-0.80674589 0.050000001 0.0067572668,
-0.80674589 0.039999999 -0.0067572659,
-0.80674589 0.050000001 -0.0067572659,
-0.80479693 0.040000003 0.0052031325,
-0.80479693 0.04253174 0.0052031325,
-0.80479693 0.050000001 0.0052031325,
-0.80479693 0.040000003 -0.005203004,
-0.80479693 0.047468264 -0.005203004,
-0.80479693 0.050000001 -0.005203004,
-0.8045423 0.050000001 0.0050000004,
-0.80413628 0.039999999 0.0046761739,
-0.80413628 0.050000001 0.0046761739,
-0.80413628 0.039999999 -0.0046761734,
-0.80413628 0.050000001 -0.0046761734,
-0.80268806 0.039999999 0.0016689075,
-0.80268806 0.050000001 0.0016689075,
-0.80268806 0.039999999 -0.0016689068,
-0.80268806 0.050000001 -0.0016689068,
-0.78574997 0.050000001 0.049999997,
-0.78574997 0.050000001 0.044749998,
-0.78574997 0.050000001 0.022500001,
-0.78574997 0.050000001 0.0050000004,
-0.78574997 0.050000001 -0.0097500002,
-0.78574997 0.050000001 -0.050000001,
-0.76899999 0.041000001 0.015999999,
-0.76899999 0.041000001 -0.015999999,
-0.76880425 0.050000001 0.017236069,
-0.76880425 0.050000001 0.015999999,
-0.76880425 0.050000001 0.014763932,
-0.76880425 0.050000001 -0.014763932,
-0.76880425 0.050000001 -0.015999999,
-0.76880425 0.050000001 -0.017236069,
-0.76824999 0.050000001 0.049999997,
-0.76824999 0.050000001 0.044749998,
-0.76824999 0.050000001 0.022500001,
-0.76824999 0.050000001 0.017998895,
-0.76824999 0.050000001 0.014001105,
-0.76824999 0.050000001 0.0050000004,
-0.76824999 0.050000001 -0.0097500002,
-0.76824999 0.050000001 -0.014001106,
-0.76824999 0.050000001 -0.017998897,
-0.76824999 0.050000001 -0.050000001,
-0.76823604 0.041000001 0.018351141,
-0.76823604 0.041000001 0.013648859,
-0.76823604 0.041000001 -0.013648859,
-0.76823604 0.041000001 -0.018351141,
-0.76807767 0.050000001 0.018236067,
-0.76807767 0.050000001 0.013763932,
-0.76807767 0.050000001 -0.013763932,
-0.76807767 0.050000001 -0.018236067,
-0.76779389 0.045500003 0.018793587,
-0.76779389 0.045500003 0.013206367,
-0.76779389 0.045500003 -0.013206358,
-0.76779389 0.045500003 -0.018793698,
-0.76772332 0.041000001 0.018723492,
-0.76772332 0.041000001 0.013276462,
-0.76772332 0.041000001 -0.013276453,
-0.76772332 0.041000001 -0.018723603,
-0.76771474 0.050000001 0.018736009,
-0.76771474 0.050000001 0.013263945,
-0.76771474 0.050000001 -0.013263936,
-0.76771474 0.050000001 -0.018736001,
-0.76770806 0.043306444 0.013324146,
-0.76770806 0.043306444 -0.0186758,
-0.76749998 -0.02 0,
-0.76749998 0.010000001 0,
-0.76749998 0.050000001 0,
-0.76735115 0.050000001 0.019236069,
-0.76735115 0.050000001 0.012763932,
-0.76735115 0.050000001 -0.012763931,
-0.76735115 0.050000001 -0.019236069,
-0.76676774 -0.02 0.0017677669,
-0.76676774 0.010000001 0.0017677669,
-0.76676774 0.050000001 0.0017677669,
-0.76676774 -0.02 0.0017677592,
-0.76676774 0.010000001 0.0017677592,
-0.76676774 0.050000001 0.0017677592,
-0.76676774 -0.02 -0.0017677499,
-0.76676774 0.010000001 -0.0017677499,
-0.76676774 0.050000001 -0.0017677499,
-0.76676774 -0.02 -0.0017677671,
-0.76676774 0.010000001 -0.0017677671,
-0.76676774 0.050000001 -0.0017677671,
-0.76623607 0.041000001 0.019804226,
-0.76623607 0.041000001 0.012195773,
-0.76623607 0.041000001 -0.012195774,
-0.76623607 0.041000001 -0.019804224,
-0.76617557 0.050000001 0.019618034,
-0.76617557 0.050000001 0.012381965,
-0.76617557 0.050000001 -0.012381966,
-0.76617557 0.050000001 -0.019618034,
-0.76499999 0.050000001 0.02,
-0.76499999 0.038690601 0.015999999,
-0.76499999 0.050000001 0.012,
-0.76499999 -0.02 0.0024999999,
-0.76499999 0.010000001 0.0024999999,
-0.76499999 0.050000001 0.0024999999,
-0.76499999 -0.02 -0.0024999999,
-0.76499999 0.010000001 -0.0024999999,
-0.76499999 0.050000001 -0.0024999999,
-0.76499999 0.050000001 -0.012000001,
-0.76499999 0.038690601 -0.015999999,
-0.76499999 0.050000001 -0.02,
-0.7638244 0.050000001 0.019618034,
-0.7638244 0.050000001 0.012381965,
-0.7638244 0.050000001 -0.012381966,
-0.7638244 0.050000001 -0.019618034,
-0.7637639 0.041000001 0.019804226,
-0.7637639 0.041000001 0.012195773,
-0.7637639 0.041000001 -0.012195774,
-0.7637639 0.041000001 -0.019804224,
-0.76323247 -0.02 0.0017677592,
-0.76323247 0.010000001 0.0017677592,
-0.76323247 0.050000001 0.0017677592,
-0.76323247 -0.02 -0.0017677499,
-0.76323247 0.010000001 -0.0017677499,
-0.76323247 0.050000001 -0.0017677499,
-0.76323223 -0.02 0.0017677669,
-0.76323223 0.010000001 0.0017677669,
-0.76323223 0.050000001 0.0017677669,
-0.76323223 -0.02 -0.0017677671,
-0.76323223 0.010000001 -0.0017677671,
-0.76323223 0.050000001 -0.0017677671,
-0.76264888 0.050000001 0.019236069,
-0.76264888 0.050000001 0.012763932,
-0.76264888 0.050000001 -0.012763931,
-0.76264888 0.050000001 -0.019236069,
-0.76249999 -0.02 0,
-0.76249999 0.010000001 0,
-0.76249999 0.050000001 0,
-0.76228547 0.050000001 0.018736009,
-0.76228547 0.050000001 0.013263945,
-0.76228547 0.050000001 -0.013263936,
-0.76228547 0.050000001 -0.018736001,
-0.76227641 0.041000001 0.018723492,
-0.76227641 0.041000001 0.013276462,
-0.76227641 0.041000001 -0.013276453,
-0.76227641 0.041000001 -0.018723603,
-0.76220632 0.045500003 0.018793587,
-0.76220632 0.045500003 0.013206367,
-0.76220632 0.045500003 -0.013206358,
-0.76220632 0.045500003 -0.018793698,
-0.7619223 0.050000001 0.018236067,
-0.7619223 0.050000001 0.013763932,
-0.7619223 0.050000001 -0.013763932,
-0.7619223 0.050000001 -0.018236067,
-0.76176393 0.041000001 0.018351141,
-0.76176393 0.041000001 0.013648859,
-0.76176393 0.041000001 -0.013648859,
-0.76176393 0.041000001 -0.018351141,
-0.76174998 0.050000001 0.049999997,
-0.76174998 0.050000001 0.044749998,
-0.76174998 0.050000001 0.022500001,
-0.76174998 0.050000001 0.017998895,
-0.76174998 0.050000001 0.014001105,
-0.76174998 0.050000001 0.0050000004,
-0.76174998 0.050000001 -0.0097500002,
-0.76174998 0.050000001 -0.014001106,
-0.76174998 0.050000001 -0.017998897,
-0.76174998 0.050000001 -0.050000001,
-0.76119578 0.050000001 0.017236069,
-0.76119578 0.050000001 0.015999999,
-0.76119578 0.050000001 0.014763932,
-0.76119578 0.050000001 -0.014763932,
-0.76119578 0.050000001 -0.015999999,
-0.76119578 0.050000001 -0.017236069,
-0.76099998 0.041000001 0.015999999,
-0.76099998 0.041000001 -0.015999999,
-0.72000003 0.050000001 0.049999997,
-0.72000003 0.050000001 0.044749998,
-0.72000003 -0.02 0.030000001,
-0.72000003 -0.02 0.026250001,
-0.72000003 0.050000001 0.022500001,
-0.72000003 0.050000001 0.0050000004,
-0.72000003 0.050000001 -0.0097500002,
-0.72000003 -0.02 -0.030000001,
-0.72000003 0.050000001 -0.050000001,
-0.67900002 0.041000001 0.015999999,
-0.67900002 0.041000001 -0.015999999,
-0.67880422 0.050000001 0.017236069,
-0.67880422 0.050000001 0.015999999,
-0.67880422 0.050000001 0.014763932,
-0.67880422 0.050000001 -0.014763932,
-0.67880422 0.050000001 -0.015999999,
-0.67880422 0.050000001 -0.017236069,
-0.67825001 0.050000001 0.049999997,
-0.67825001 0.050000001 0.044749998,
-0.67825001 0.050000001 0.022500001,
-0.67825001 0.050000001 0.017998895,
-0.67825001 0.050000001 0.014001105,
-0.67825001 0.050000001 0.0050000004,
-0.67825001 0.050000001 -0.0097500002,
-0.67825001 0.050000001 -0.014001106,
-0.67825001 0.050000001 -0.017998897,
-0.67825001 0.050000001 -0.050000001,
-0.67823607 0.041000001 0.018351141,
-0.67823607 0.041000001 0.013648859,
-0.67823607 0.041000001 -0.013648859,
-0.67823607 0.041000001 -0.018351141,
-0.6780777 0.050000001 0.018236067,
-0.6780777 0.050000001 0.013763932,
-0.6780777 0.050000001 -0.013763932,
-0.6780777 0.050000001 -0.018236067,
-0.67779374 0.045500003 0.018793587,
-0.67779374 0.045500003 0.013206367,
-0.67779374 0.045500003 -0.013206358,
-0.67779374 0.045500003 -0.018793698,
-0.67772365 0.041000001 0.018723492,
-0.67772365 0.041000001 0.013276462,
-0.67772365 0.041000001 -0.013276453,
-0.67772365 0.041000001 -0.018723603,
-0.67771459 0.050000001 0.018736009,
-0.67771459 0.050000001 0.013263945,
-0.67771459 0.050000001 -0.013263936,
-0.67771459 0.050000001 -0.018736001,
-0.67770791 0.043306444 0.013324146,
-0.67770791 0.043306444 -0.0186758,
-0.67750001 -0.02 0,
-0.67750001 0.010000001 0,
-0.67750001 0.050000001 0,
-0.67735112 0.050000001 0.019236069,
-0.67735112 0.050000001 0.012763932,
-0.67735112 0.050000001 -0.012763931,
-0.67735112 0.050000001 -0.019236069,
-0.67676777 -0.02 0.0017677669,
-0.67676777 0.010000001 0.0017677669,
-0.67676777 0.050000001 0.0017677669,
-0.67676777 -0.02 -0.0017677671,
-0.67676777 0.010000001 -0.0017677671,
-0.67676777 0.050000001 -0.0017677671,
-0.67676759 -0.02 0.0017677592,
-0.67676759 0.010000001 0.0017677592,
-0.67676759 0.050000001 0.0017677592,
-0.67676759 -0.02 -0.0017677499,
-0.67676759 0.010000001 -0.0017677499,
-0.67676759 0.050000001 -0.0017677499,
-0.67623609 0.041000001 0.019804226,
-0.67623609 0.041000001 0.012195773,
-0.67623609 0.041000001 -0.012195774,
-0.67623609 0.041000001 -0.019804224,
-0.67617559 0.050000001 0.019618034,
-0.67617559 0.050000001 0.012381965,
-0.67617559 0.050000001 -0.012381966,
-0.67617559 0.050000001 -0.019618034,
-0.67500001 0.050000001 0.02,
-0.67500001 0.038690601 0.015999999,
-0.67500001 0.050000001 0.012,
-0.67500001 -0.02 0.0024999999,
-0.67500001 0.010000001 0.0024999999,
-0.67500001 0.050000001 0.0024999999,
-0.67500001 -0.02 -0.0024999999,
-0.67500001 0.010000001 -0.0024999999,
-0.67500001 0.050000001 -0.0024999999,
-0.67500001 0.050000001 -0.012000001,
-0.67500001 0.038690601 -0.015999999,
-0.67500001 0.050000001 -0.02,
-0.67382443 0.050000001 0.019618034,
-0.67382443 0.050000001 0.012381965,
-0.67382443 0.050000001 -0.012381966,
-0.67382443 0.050000001 -0.019618034,
-0.67376393 0.041000001 0.019804226,
-0.67376393 0.041000001 0.012195773,
-0.67376393 0.041000001 -0.012195774,
-0.67376393 0.041000001 -0.019804224,
-0.67323232 -0.02 0.0017677592,
-0.67323232 0.010000001 0.0017677592,
-0.67323232 0.050000001 0.0017677592,
-0.67323232 -0.02 -0.0017677499,
-0.67323232 0.010000001 -0.0017677499,
-0.67323232 0.050000001 -0.0017677499,
-0.67323226 -0.02 0.0017677669,
-0.67323226 0.010000001 0.0017677669,
-0.67323226 0.050000001 0.0017677669,
-0.67323226 -0.02 -0.0017677671,
-0.67323226 0.010000001 -0.0017677671,
-0.67323226 0.050000001 -0.0017677671,
-0.67264885 0.050000001 0.019236069,
-0.67264885 0.050000001 0.012763932,
-0.67264885 0.050000001 -0.012763931,
-0.67264885 0.050000001 -0.019236069,
-0.67250001 -0.02 0,
-0.67250001 0.010000001 0,
-0.67250001 0.050000001 0,
-0.67228532 0.050000001 0.018736009,
-0.67228532 0.050000001 0.013263945,
-0.67228532 0.050000001 -0.013263936,
-0.67228532 0.050000001 -0.018736001,
-0.67227674 0.041000001 0.018723492,
-0.67227674 0.041000001 0.013276462,
-0.67227674 0.041000001 -0.013276453,
-0.67227674 0.041000001 -0.018723603,
-0.67220616 0.045500003 0.018793587,
-0.67220616 0.045500003 0.013206367,
-0.67220616 0.045500003 -0.013206358,
-0.67220616 0.045500003 -0.018793698,
-0.67192233 0.050000001 0.018236067,
-0.67192233 0.050000001 0.013763932,
-0.67192233 0.050000001 -0.013763932,
-0.67192233 0.050000001 -0.018236067,
-0.67176396 0.041000001 0.018351141,
-0.67176396 0.041000001 0.013648859,
-0.67176396 0.041000001 -0.013648859,
-0.67176396 0.041000001 -0.018351141,
-0.67175001 0.050000001 0.049999997,
-0.67175001 0.050000001 0.044749998,
-0.67175001 0.050000001 0.022500001,
-0.67175001 0.050000001 0.017998895,
-0.67175001 0.050000001 0.014001105,
-0.67175001 0.050000001 0.0050000004,
-0.67175001 0.050000001 -0.0097500002,
-0.67175001 0.050000001 -0.014001106,
-0.67175001 0.050000001 -0.017998897,
-0.67175001 0.050000001 -0.050000001,
-0.67119575 0.050000001 0.017236069,
-0.67119575 0.050000001 0.015999999,
-0.67119575 0.050000001 0.014763932,
-0.67119575 0.050000001 -0.014763932,
-0.67119575 0.050000001 -0.015999999,
-0.67119575 0.050000001 -0.017236069,
-0.671 0.041000001 0.015999999,
-0.671 0.041000001 -0.015999999,
-0.63 -0.02 0.030000001,
-0.63 -0.02 0.026250001,
-0.63 -0.02 -0.030000001,
-0.58899999 0.041000001 0.015999999,
-0.58899999 0.041000001 -0.015999999,
-0.58880424 0.050000001 0.017236069,
-0.58880424 0.050000001 0.015999999,
-0.58880424 0.050000001 0.014763932,
-0.58880424 0.050000001 -0.014763932,
-0.58880424 0.050000001 -0.015999999,
-0.58880424 0.050000001 -0.017236069,
-0.58824998 0.050000001 0.049999997,
-0.58824998 0.050000001 0.044749998,
-0.58824998 0.050000001 0.022500001,
-0.58824998 0.050000001 0.017998895,
-0.58824998 0.050000001 0.014001105,
-0.58824998 0.050000001 0.0050000004,
-0.58824998 0.050000001 -0.0097500002,
-0.58824998 0.050000001 -0.014001106,
-0.58824998 0.050000001 -0.017998897,
-0.58824998 0.050000001 -0.050000001,
-0.58823609 0.041000001 0.018351141,
-0.58823609 0.041000001 0.013648859,
-0.58823609 0.041000001 -0.013648859,
-0.58823609 0.041000001 -0.018351141,
-0.58807766 0.050000001 0.018236067,
-0.58807766 0.050000001 0.013763932,
-0.58807766 0.050000001 -0.013763932,
-0.58807766 0.050000001 -0.018236067,
-0.58779359 0.045500003 0.018793587,
-0.58779359 0.045500003 0.013206367,
-0.58779359 0.045500003 -0.013206358,
-0.58779359 0.045500003 -0.018793698,
-0.58772349 0.041000001 0.018723492,
-0.58772349 0.041000001 0.013276462,
-0.58772349 0.041000001 -0.013276453,
-0.58772349 0.041000001 -0.018723603,
-0.58771443 0.050000001 0.018736009,
-0.58771443 0.050000001 0.013263945,
-0.58771443 0.050000001 -0.013263936,
-0.58771443 0.050000001 -0.018736001,
-0.58770776 0.043306444 0.013324146,
-0.58770776 0.043306444 -0.0186758,
-0.58749998 -0.02 0,
-0.58749998 0.010000001 0,
-0.58749998 0.050000001 0,
-0.58735114 0.050000001 0.019236069,
-0.58735114 0.050000001 0.012763932,
-0.58735114 0.050000001 -0.012763931,
-0.58735114 0.050000001 -0.019236069,
-0.58676791 -0.02 0.0017677592,
-0.58676791 0.010000001 0.0017677592,
-0.58676791 0.050000001 0.0017677592,
-0.58676791 -0.02 -0.0017677499,
-0.58676791 0.010000001 -0.0017677499,
-0.58676791 0.050000001 -0.0017677499,
-0.58676779 -0.02 0.0017677669,
-0.58676779 0.010000001 0.0017677669,
-0.58676779 0.050000001 0.0017677669,
-0.58676779 -0.02 -0.0017677671,
-0.58676779 0.010000001 -0.0017677671,
-0.58676779 0.050000001 -0.0017677671,
-0.58623606 0.041000001 0.019804226,
-0.58623606 0.041000001 0.012195773,
-0.58623606 0.041000001 -0.012195774,
-0.58623606 0.041000001 -0.019804224,
-0.58617556 0.050000001 0.019618034,
-0.58617556 0.050000001 0.012381965,
-0.58617556 0.050000001 -0.012381966,
-0.58617556 0.050000001 -0.019618034,
-0.58499998 0.050000001 0.02,
-0.58499998 0.038690601 0.015999999,
-0.58499998 0.050000001 0.012,
-0.58499998 -0.02 0.0024999999,
-0.58499998 0.010000001 0.0024999999,
-0.58499998 0.050000001 0.0024999999,
-0.58499998 -0.02 -0.0024999999,
-0.58499998 0.010000001 -0.0024999999,
-0.58499998 0.050000001 -0.0024999999,
-0.58499998 0.050000001 -0.012000001,
-0.58499998 0.038690601 -0.015999999,
-0.58499998 0.050000001 -0.02,
-0.58382446 0.050000001 0.019618034,
-0.58382446 0.050000001 0.012381965,
-0.58382446 0.050000001 -0.012381966,
-0.58382446 0.050000001 -0.019618034,
-0.58376396 0.041000001 0.019804226,
-0.58376396 0.041000001 0.012195773,
-0.58376396 0.041000001 -0.012195774,
-0.58376396 0.041000001 -0.019804224,
-0.58323222 -0.02 0.0017677669,
-0.58323222 0.010000001 0.0017677669,
-0.58323222 0.050000001 0.0017677669,
-0.58323222 -0.02 -0.0017677671,
-0.58323222 0.010000001 -0.0017677671,
-0.58323222 0.050000001 -0.0017677671,
-0.58323216 -0.02 0.0017677592,
-0.58323216 0.010000001 0.0017677592,
-0.58323216 0.050000001 0.0017677592,
-0.58323216 -0.02 -0.0017677499,
-0.58323216 0.010000001 -0.0017677499,
-0.58323216 0.050000001 -0.0017677499,
-0.58264887 0.050000001 0.019236069,
-0.58264887 0.050000001 0.012763932,
-0.58264887 0.050000001 -0.012763931,
-0.58264887 0.050000001 -0.019236069,
-0.58249998 -0.02 0,
-0.58249998 0.010000001 0,
-0.58249998 0.050000001 0,
-0.58228564 0.050000001 0.018736009,
-0.58228564 0.050000001 0.013263945,
-0.58228564 0.050000001 -0.013263936,
-0.58228564 0.050000001 -0.018736001,
-0.58227658 0.041000001 0.018723492,
-0.58227658 0.041000001 0.013276462,
-0.58227658 0.041000001 -0.013276453,
-0.58227658 0.041000001 -0.018723603,
-0.58220649 0.045500003 0.018793587,
-0.58220649 0.045500003 0.013206367,
-0.58220649 0.045500003 -0.013206358,
-0.58220649 0.045500003 -0.018793698,
-0.58192229 0.050000001 0.018236067,
-0.58192229 0.050000001 0.013763932,
-0.58192229 0.050000001 -0.013763932,
-0.58192229 0.050000001 -0.018236067,
-0.58176392 0.041000001 0.018351141,
-0.58176392 0.041000001 0.013648859,
-0.58176392 0.041000001 -0.013648859,
-0.58176392 0.041000001 -0.018351141,
-0.58174998 0.050000001 0.049999997,
-0.58174998 0.050000001 0.044749998,
-0.58174998 0.050000001 0.022500001,
-0.58174998 0.050000001 0.017998895,
-0.58174998 0.050000001 0.014001105,
-0.58174998 0.050000001 0.0050000004,
-0.58174998 0.050000001 -0.0097500002,
-0.58174998 0.050000001 -0.014001106,
-0.58174998 0.050000001 -0.017998897,
-0.58174998 0.050000001 -0.050000001,
-0.58119577 0.050000001 0.017236069,
-0.58119577 0.050000001 0.015999999,
-0.58119577 0.050000001 0.014763932,
-0.58119577 0.050000001 -0.014763932,
-0.58119577 0.050000001 -0.015999999,
-0.58119577 0.050000001 -0.017236069,
-0.58099997 0.041000001 0.015999999,
-0.58099997 0.041000001 -0.015999999,
-0.55800003 0.050000001 0.049999997,
-0.55800003 0.050000001 0.044749998,
-0.55800003 0.050000001 0.022500001,
-0.55800003 0.050000001 0.0050000004,
-0.55800003 0.050000001 -0.0097500002,
-0.55800003 0.050000001 -0.050000001,
-0.54000002 -0.02 0.030000001,
-0.54000002 -0.02 0.026250001,
-0.54000002 -0.02 -0.030000001,
-0.53500003 0.02 0.024999999,
-0.53500003 0.050000001 0.024999999,
-0.53500003 0.050000001 0.022500001,
-0.53500003 0.02 0.01375,
-0.53500003 0.050000001 0.0050000004,
-0.53500003 0.050000001 -0.0097500002,
-0.53500003 0.02 -0.024999999,
-0.53500003 0.050000001 -0.024999999,
-0.53380424 0.042000003 0.036736067,
-0.53380424 0.050000001 0.036736067,
-0.53380424 0.042000003 0.034263931,
-0.53380424 0.050000001 0.034263931,
-0.53272367 0.042000003 0.038223509,
-0.53272367 0.044050176 0.038223509,
-0.53272367 0.050000001 0.038223509,
-0.53272367 0.042000003 0.032776479,
-0.53272367 0.047949832 0.032776479,
-0.53272367 0.050000001 0.032776479,
-0.53235114 0.042000003 0.038736068,
-0.53235114 0.050000001 0.038736068,
-0.53235114 0.042000003 0.032263931,
-0.53235114 0.050000001 0.032263931,
-0.52999997 0.042000003 0.039499998,
-0.52999997 0.050000001 0.039499998,
-0.52999997 0.042000003 0.035500001,
-0.52999997 0.042000003 0.031500001,
-0.52999997 0.050000001 0.031500001,
-0.52764887 0.042000003 0.038736068,
-0.52764887 0.050000001 0.038736068,
-0.52764887 0.042000003 0.032263931,
-0.52764887 0.050000001 0.032263931,
-0.52727628 0.042000003 0.038223509,
-0.52727628 0.047949832 0.038223509,
-0.52727628 0.050000001 0.038223509,
-0.52727628 0.042000003 0.032776479,
-0.52727628 0.044050176 0.032776479,
-0.52727628 0.050000001 0.032776479,
-0.52619576 0.042000003 0.036736067,
-0.52619576 0.050000001 0.036736067,
-0.52619576 0.042000003 0.034263931,
-0.52619576 0.050000001 0.034263931,
-0.51625001 0.02 0.024999999,
-0.51625001 0.02 0.01375,
-0.51625001 0.02 -0.024999999,
-0.4975 -0.02 0,
-0.4975 0.010000001 0,
-0.4975 0.02 0,
-0.49676776 -0.02 0.0017677669,
-0.49676776 0.010000001 0.0017677669,
-0.49676776 0.02 0.0017677669,
-0.49676776 -0.02 0.0017677592,
-0.49676776 0.010000001 0.0017677592,
-0.49676776 0.02 0.0017677592,
-0.49676776 -0.02 -0.0017677499,
-0.49676776 0.010000001 -0.0017677499,
-0.49676776 0.02 -0.0017677499,
-0.49676776 -0.02 -0.0017677671,
-0.49676776 0.010000001 -0.0017677671,
-0.49676776 0.02 -0.0017677671,
-0.495 -0.02 0.0024999999,
-0.495 0.010000001 0.0024999999,
-0.495 0.02 0.0024999999,
-0.495 -0.02 -0.0024999999,
-0.495 0.010000001 -0.0024999999,
-0.495 0.02 -0.0024999999,
-0.49323222 -0.02 0.0017677669,
-0.49323222 0.010000001 0.0017677669,
-0.49323222 0.02 0.0017677669,
-0.49323222 -0.02 -0.0017677671,
-0.49323222 0.010000001 -0.0017677671,
-0.49323222 0.02 -0.0017677671,
-0.49323201 -0.02 0.0017677592,
-0.49323201 0.010000001 0.0017677592,
-0.49323201 0.02 0.0017677592,
-0.49323201 -0.02 -0.0017677499,
-0.49323201 0.010000001 -0.0017677499,
-0.49323201 0.02 -0.0017677499,
-0.49250001 -0.02 0,
-0.49250001 0.010000001 0,
-0.49250001 0.02 0,
-0.44999999 -0.02 0.030000001,
-0.44999999 -0.02 0.026250001,
-0.44999999 0.02 0.024999999,
-0.44999999 0.02 0.01375,
-0.44999999 0.02 -0.024999999,
-0.44999999 -0.02 -0.030000001,
-0.41499999 0.050000001 0.049999997,
-0.41499999 0.050000001 0.044749998,
-0.41499999 0.050000001 0.024999999,
-0.41499999 0.050000001 -0.024999999,
-0.41499999 0.050000001 -0.050000001,
-0.4075 -0.02 0,
-0.4075 0.010000001 0,
-0.4075 0.02 0,
-0.40676776 -0.02 0.0017677669,
-0.40676776 0.010000001 0.0017677669,
-0.40676776 0.02 0.0017677669,
-0.40676776 -0.02 -0.0017677671,
-0.40676776 0.010000001 -0.0017677671,
-0.40676776 0.02 -0.0017677671,
-0.40676761 -0.02 0.0017677592,
-0.40676761 0.010000001 0.0017677592,
-0.40676761 0.02 0.0017677592,
-0.40676761 -0.02 -0.0017677499,
-0.40676761 0.010000001 -0.0017677499,
-0.40676761 0.02 -0.0017677499,
-0.405 -0.02 0.0024999999,
-0.405 0.010000001 0.0024999999,
-0.405 0.02 0.0024999999,
-0.405 -0.02 -0.0024999999,
-0.405 0.010000001 -0.0024999999,
-0.405 0.02 -0.0024999999,
-0.40323234 -0.02 0.0017677592,
-0.40323234 0.010000001 0.0017677592,
-0.40323234 0.02 0.0017677592,
-0.40323234 -0.02 -0.0017677499,
-0.40323234 0.010000001 -0.0017677499,
-0.40323234 0.02 -0.0017677499,
-0.40323225 -0.02 0.0017677669,
-0.40323225 0.010000001 0.0017677669,
-0.40323225 0.02 0.0017677669,
-0.40323225 -0.02 -0.0017677671,
-0.40323225 0.010000001 -0.0017677671,
-0.40323225 0.02 -0.0017677671,
-0.4025 -0.02 0,
-0.4025 0.010000001 0,
-0.4025 0.02 0,
-0.36000001 -0.02 0.030000001,
-0.36000001 -0.02 0.026250001,
-0.36000001 0.02 0.024999999,
-0.36000001 0.02 0.01375,
-0.36000001 0.02 -0.024999999,
-0.36000001 -0.02 -0.030000001,
-0.3175 -0.02 0,
-0.3175 0.010000001 0,
-0.3175 0.02 0,
-0.31676775 -0.02 0.0017677669,
-0.31676775 0.010000001 0.0017677669,
-0.31676775 0.02 0.0017677669,
-0.31676775 -0.02 -0.0017677671,
-0.31676775 0.010000001 -0.0017677671,
-0.31676775 0.02 -0.0017677671,
-0.31676769 -0.02 0.0017677592,
-0.31676769 0.010000001 0.0017677592,
-0.31676769 0.02 0.0017677592,
-0.31676769 -0.02 -0.0017677499,
-0.31676769 0.010000001 -0.0017677499,
-0.31676769 0.02 -0.0017677499,
-0.315 -0.02 0.0024999999,
-0.315 0.010000001 0.0024999999,
-0.315 0.02 0.0024999999,
-0.315 -0.02 -0.0024999999,
-0.315 0.010000001 -0.0024999999,
-0.315 0.02 -0.0024999999,
-0.31323224 -0.02 0.0017677669,
-0.31323224 0.010000001 0.0017677669,
-0.31323224 0.02 0.0017677669,
-0.31323224 -0.02 -0.0017677671,
-0.31323224 0.010000001 -0.0017677671,
-0.31323224 0.02 -0.0017677671,
-0.31323218 -0.02 0.0017677592,
-0.31323218 0.010000001 0.0017677592,
-0.31323218 0.02 0.0017677592,
-0.31323218 -0.02 -0.0017677499,
-0.31323218 0.010000001 -0.0017677499,
-0.31323218 0.02 -0.0017677499,
-0.3125 -0.02 0,
-0.3125 0.010000001 0,
-0.3125 0.02 0,
-0.30380422 0.042000003 0.036736067,
-0.30380422 0.050000001 0.036736067,
-0.30380422 0.042000003 0.034263931,
-0.30380422 0.050000001 0.034263931,
-0.30272365 0.042000003 0.038223509,
-0.30272365 0.044050176 0.038223509,
-0.30272365 0.050000001 0.038223509,
-0.30272365 0.042000003 0.032776479,
-0.30272365 0.047949832 0.032776479,
-0.30272365 0.050000001 0.032776479,
-0.30235115 0.042000003 0.038736068,
-0.30235115 0.050000001 0.038736068,
-0.30235115 0.042000003 0.032263931,
-0.30235115 0.050000001 0.032263931,
-0.30000001 0.042000003 0.039499998,
-0.30000001 0.050000001 0.039499998,
-0.30000001 0.042000003 0.035500001,
-0.30000001 0.042000003 0.031500001,
-0.30000001 0.050000001 0.031500001,
-0.29764885 0.042000003 0.038736068,
-0.29764885 0.050000001 0.038736068,
-0.29764885 0.042000003 0.032263931,
-0.29764885 0.050000001 0.032263931,
-0.29727674 0.042000003 0.038223509,
-0.29727674 0.047949832 0.038223509,
-0.29727674 0.050000001 0.038223509,
-0.29727674 0.042000003 0.032776479,
-0.29727674 0.044050176 0.032776479,
-0.29727674 0.050000001 0.032776479,
-0.29619578 0.042000003 0.036736067,
-0.29619578 0.050000001 0.036736067,
-0.29619578 0.042000003 0.034263931,
-0.29619578 0.050000001 0.034263931,
-0.27000001 -0.02 0.030000001,
-0.27000001 -0.02 0.026250001,
-0.27000001 0.02 0.024999999,
-0.27000001 0.02 0.01375,
-0.27000001 0.02 -0.024999999,
-0.27000001 -0.02 -0.030000001,
-0.22750001 -0.02 0,
-0.22750001 0.010000001 0,
-0.22750001 0.02 0,
-0.22676778 -0.02 0.0017677592,
-0.22676778 0.010000001 0.0017677592,
-0.22676778 0.02 0.0017677592,
-0.22676778 -0.02 -0.0017677499,
-0.22676778 0.010000001 -0.0017677499,
-0.22676778 0.02 -0.0017677499,
-0.22676776 -0.02 0.0017677669,
-0.22676776 0.010000001 0.0017677669,
-0.22676776 0.02 0.0017677669,
-0.22676776 -0.02 -0.0017677671,
-0.22676776 0.010000001 -0.0017677671,
-0.22676776 0.02 -0.0017677671,
-0.22499999 -0.02 0.0024999999,
-0.22499999 0.010000001 0.0024999999,
-0.22499999 0.02 0.0024999999,
-0.22499999 -0.02 -0.0024999999,
-0.22499999 0.010000001 -0.0024999999,
-0.22499999 0.02 -0.0024999999,
-0.22323227 -0.02 0.0017677592,
-0.22323227 0.010000001 0.0017677592,
-0.22323227 0.02 0.0017677592,
-0.22323227 -0.02 -0.0017677499,
-0.22323227 0.010000001 -0.0017677499,
-0.22323227 0.02 -0.0017677499,
-0.22323224 -0.02 0.0017677669,
-0.22323224 0.010000001 0.0017677669,
-0.22323224 0.02 0.0017677669,
-0.22323224 -0.02 -0.0017677671,
-0.22323224 0.010000001 -0.0017677671,
-0.22323224 0.02 -0.0017677671,
-0.2225 -0.02 0,
-0.2225 0.010000001 0,
-0.2225 0.02 0,
-0.185 0.050000001 0.049999997,
-0.185 0.050000001 0.044749998,
-0.185 0.050000001 0.024999999,
-0.185 0.050000001 -0.024999999,
-0.185 0.050000001 -0.050000001,
-0.18000001 0.02 0.024999999,
-0.18000001 0.02 0.01375,
-0.18000001 0.02 -0.024999999,
-0.1375 -0.02 0,
-0.1375 0.010000001 0,
-0.1375 0.02 0,
-0.13676786 -0.02 0.0017677592,
-0.13676786 0.010000001 0.0017677592,
-0.13676786 0.02 0.0017677592,
-0.13676786 -0.02 -0.0017677499,
-0.13676786 0.010000001 -0.0017677499,
-0.13676786 0.02 -0.0017677499,
-0.13676776 -0.02 0.0017677669,
-0.13676776 0.010000001 0.0017677669,
-0.13676776 0.02 0.0017677669,
-0.13676776 -0.02 -0.0017677671,
-0.13676776 0.010000001 -0.0017677671,
-0.13676776 0.02 -0.0017677671,
-0.13500001 -0.02 0.0024999999,
-0.13500001 0.010000001 0.0024999999,
-0.13500001 0.02 0.0024999999,
-0.13500001 -0.02 -0.0024999999,
-0.13500001 0.010000001 -0.0024999999,
-0.13500001 0.02 -0.0024999999,
-0.13323236 -0.02 0.0017677592,
-0.13323236 0.010000001 0.0017677592,
-0.13323236 0.02 0.0017677592,
-0.13323236 -0.02 -0.0017677499,
-0.13323236 0.010000001 -0.0017677499,
-0.13323236 0.02 -0.0017677499,
-0.13323224 -0.02 0.0017677669,
-0.13323224 0.010000001 0.0017677669,
-0.13323224 0.02 0.0017677669,
-0.13323224 -0.02 -0.0017677671,
-0.13323224 0.010000001 -0.0017677671,
-0.13323224 0.02 -0.0017677671,
-0.13249999 -0.02 0,
-0.13249999 0.010000001 0,
-0.13249999 0.02 0,
-0.090000004 -0.02 0.030000001,
-0.090000004 -0.02 0.026250001,
-0.090000004 -0.02 -0.030000001,
-0.073804229 0.042000003 0.036736067,
-0.073804229 0.050000001 0.036736067,
-0.073804229 0.042000003 0.034263931,
-0.073804229 0.050000001 0.034263931,
-0.072723627 0.042000003 0.038223509,
-0.072723627 0.044050176 0.038223509,
-0.072723627 0.050000001 0.038223509,
-0.072723627 0.042000003 0.032776479,
-0.072723627 0.047949832 0.032776479,
-0.072723627 0.050000001 0.032776479,
-0.072351143 0.042000003 0.038736068,
-0.072351143 0.050000001 0.038736068,
-0.072351143 0.042000003 0.032263931,
-0.072351143 0.050000001 0.032263931,
-0.07 0.042000003 0.039499998,
-0.07 0.050000001 0.039499998,
-0.07 0.042000003 0.035500001,
-0.07 0.042000003 0.031500001,
-0.07 0.050000001 0.031500001,
-0.067648858 0.042000003 0.038736068,
-0.067648858 0.050000001 0.038736068,
-0.067648858 0.042000003 0.032263931,
-0.067648858 0.050000001 0.032263931,
-0.067276478 0.042000003 0.038223509,
-0.067276478 0.047949832 0.038223509,
-0.067276478 0.050000001 0.038223509,
-0.067276478 0.042000003 0.032776479,
-0.067276478 0.044050176 0.032776479,
-0.067276478 0.050000001 0.032776479,
-0.066195771 0.042000003 0.036736067,
-0.066195771 0.050000001 0.036736067,
-0.066195771 0.042000003 0.034263931,
-0.066195771 0.050000001 0.034263931,
-0.047499999 -0.02 0,
-0.047499999 0.010000001 0,
-0.047499999 0.02 0,
-0.046767768 -0.02 0.0017677669,
-0.046767768 0.010000001 0.0017677669,
-0.046767768 0.02 0.0017677669,
-0.046767768 -0.02 -0.0017677671,
-0.046767768 0.010000001 -0.0017677671,
-0.046767768 0.02 -0.0017677671,
-0.046767712 -0.02 0.0017677592,
-0.046767712 0.010000001 0.0017677592,
-0.046767712 0.02 0.0017677592,
-0.046767712 -0.02 -0.0017677499,
-0.046767712 0.010000001 -0.0017677499,
-0.046767712 0.02 -0.0017677499,
-0.045000002 -0.02 0.0024999999,
-0.045000002 0.010000001 0.0024999999,
-0.045000002 0.02 0.0024999999,
-0.045000002 -0.02 -0.0024999999,
-0.045000002 0.010000001 -0.0024999999,
-0.045000002 0.02 -0.0024999999,
-0.043232232 -0.02 0.0017677669,
-0.043232232 0.010000001 0.0017677669,
-0.043232232 0.02 0.0017677669,
-0.043232232 -0.02 -0.0017677671,
-0.043232232 0.010000001 -0.0017677671,
-0.043232232 0.02 -0.0017677671,
-0.043232203 -0.02 0.0017677592,
-0.043232203 0.010000001 0.0017677592,
-0.043232203 0.02 0.0017677592,
-0.043232203 -0.02 -0.0017677499,
-0.043232203 0.010000001 -0.0017677499,
-0.043232203 0.02 -0.0017677499,
-0.0425 -0.02 0,
-0.0425 0.010000001 0,
-0.0425 0.02 0,
-3.4052205e-12 -0.02 0.030000001,
-2.4344884e-12 -0.02 0.026250001,
1.0551e-12 0.02 0.024999999,
3.9673707e-12 0.02 0.01375,
1.2126911e-11 -0.02 -0.030000001,
1.3998525e-11 0.02 -0.024999999,
0.0425 -0.02 0,
0.0425 0.010000001 0,
0.0425 0.02 0,
0.043232203 -0.02 0.0017677592,
0.043232203 0.010000001 0.0017677592,
0.043232203 0.02 0.0017677592,
0.043232203 -0.02 -0.0017677499,
0.043232203 0.010000001 -0.0017677499,
0.043232203 0.02 -0.0017677499,
0.043232232 -0.02 0.0017677669,
0.043232232 0.010000001 0.0017677669,
0.043232232 0.02 0.0017677669,
0.043232232 -0.02 -0.0017677671,
0.043232232 0.010000001 -0.0017677671,
0.043232232 0.02 -0.0017677671,
0.045000002 -0.02 0.0024999999,
0.045000002 0.010000001 0.0024999999,
0.045000002 0.02 0.0024999999,
0.045000002 -0.02 -0.0024999999,
0.045000002 0.010000001 -0.0024999999,
0.045000002 0.02 -0.0024999999,
0.046767712 -0.02 0.0017677592,
0.046767712 0.010000001 0.0017677592,
0.046767712 0.02 0.0017677592,
0.046767712 -0.02 -0.0017677499,
0.046767712 0.010000001 -0.0017677499,
0.046767712 0.02 -0.0017677499,
0.046767768 -0.02 0.0017677669,
0.046767768 0.010000001 0.0017677669,
0.046767768 0.02 0.0017677669,
0.046767768 -0.02 -0.0017677671,
0.046767768 0.010000001 -0.0017677671,
0.046767768 0.02 -0.0017677671,
0.047499999 -0.02 0,
0.047499999 0.010000001 0,
0.047499999 0.02 0,
0.090000004 -0.02 0.030000001,
0.090000004 -0.02 0.026250001,
0.090000004 0.02 0.024999999,
0.090000004 0.02 0.01375,
0.090000004 0.02 -0.024999999,
0.090000004 -0.02 -0.030000001,
0.13249999 -0.02 0,
0.13249999 0.010000001 0,
0.13249999 0.02 0,
0.13323224 -0.02 0.0017677669,
0.13323224 0.010000001 0.0017677669,
0.13323224 0.02 0.0017677669,
0.13323224 -0.02 -0.0017677671,
0.13323224 0.010000001 -0.0017677671,
0.13323224 0.02 -0.0017677671,
0.13323236 -0.02 0.0017677592,
0.13323236 0.010000001 0.0017677592,
0.13323236 0.02 0.0017677592,
0.13323236 -0.02 -0.0017677499,
0.13323236 0.010000001 -0.0017677499,
0.13323236 0.02 -0.0017677499,
0.13500001 -0.02 0.0024999999,
0.13500001 0.010000001 0.0024999999,
0.13500001 0.02 0.0024999999,
0.13500001 -0.02 -0.0024999999,
0.13500001 0.010000001 -0.0024999999,
0.13500001 0.02 -0.0024999999,
0.13676776 -0.02 0.0017677669,
0.13676776 0.010000001 0.0017677669,
0.13676776 0.02 0.0017677669,
0.13676776 -0.02 -0.0017677671,
0.13676776 0.010000001 -0.0017677671,
0.13676776 0.02 -0.0017677671,
0.13676786 -0.02 0.0017677592,
0.13676786 0.010000001 0.0017677592,
0.13676786 0.02 0.0017677592,
0.13676786 -0.02 -0.0017677499,
0.13676786 0.010000001 -0.0017677499,
0.13676786 0.02 -0.0017677499,
0.1375 -0.02 0,
0.1375 0.010000001 0,
0.1375 0.02 0,
0.15619577 0.042000003 0.036736067,
0.15619577 0.050000001 0.036736067,
0.15619577 0.042000003 0.034263931,
0.15619577 0.050000001 0.034263931,
0.15727639 0.042000003 0.038223509,
0.15727639 0.044050176 0.038223509,
0.15727639 0.050000001 0.038223509,
0.15727639 0.042000003 0.032776479,
0.15727639 0.047949832 0.032776479,
0.15727639 0.050000001 0.032776479,
0.15764886 0.042000003 0.038736068,
0.15764886 0.050000001 0.038736068,
0.15764886 0.042000003 0.032263931,
0.15764886 0.050000001 0.032263931,
0.16 0.042000003 0.039499998,
0.16 0.050000001 0.039499998,
0.16 0.042000003 0.035500001,
0.16 0.042000003 0.031500001,
0.16 0.050000001 0.031500001,
0.16235115 0.042000003 0.038736068,
0.16235115 0.050000001 0.038736068,
0.16235115 0.042000003 0.032263931,
0.16235115 0.050000001 0.032263931,
0.1627233 0.042000003 0.038223509,
0.1627233 0.047949832 0.038223509,
0.1627233 0.050000001 0.038223509,
0.1627233 0.042000003 0.032776479,
0.1627233 0.044050176 0.032776479,
0.1627233 0.050000001 0.032776479,
0.16380423 0.042000003 0.036736067,
0.16380423 0.050000001 0.036736067,
0.16380423 0.042000003 0.034263931,
0.16380423 0.050000001 0.034263931,
0.18000001 -0.02 0.030000001,
0.18000001 -0.02 0.026250001,
0.18000001 0.02 0.024999999,
0.18000001 0.02 0.01375,
0.18000001 0.02 -0.024999999,
0.18000001 -0.02 -0.030000001,
0.2225 -0.02 0,
0.2225 0.010000001 0,
0.2225 0.02 0,
0.22323224 -0.02 0.0017677669,
0.22323224 0.010000001 0.0017677669,
0.22323224 0.02 0.0017677669,
0.22323224 -0.02 -0.0017677671,
0.22323224 0.010000001 -0.0017677671,
0.22323224 0.02 -0.0017677671,
0.22323227 -0.02 0.0017677592,
0.22323227 0.010000001 0.0017677592,
0.22323227 0.02 0.0017677592,
0.22323227 -0.02 -0.0017677499,
0.22323227 0.010000001 -0.0017677499,
0.22323227 0.02 -0.0017677499,
0.22499999 -0.02 0.0024999999,
0.22499999 0.010000001 0.0024999999,
0.22499999 0.02 0.0024999999,
0.22499999 -0.02 -0.0024999999,
0.22499999 0.010000001 -0.0024999999,
0.22499999 0.02 -0.0024999999,
0.22676776 -0.02 0.0017677669,
0.22676776 0.010000001 0.0017677669,
0.22676776 0.02 0.0017677669,
0.22676776 -0.02 -0.0017677671,
0.22676776 0.010000001 -0.0017677671,
0.22676776 0.02 -0.0017677671,
0.22676778 -0.02 0.0017677592,
0.22676778 0.010000001 0.0017677592,
0.22676778 0.02 0.0017677592,
0.22676778 -0.02 -0.0017677499,
0.22676778 0.010000001 -0.0017677499,
0.22676778 0.02 -0.0017677499,
0.22750001 -0.02 0,
0.22750001 0.010000001 0,
0.22750001 0.02 0,
0.27000001 -0.02 0.030000001,
0.27000001 -0.02 0.026250001,
0.27000001 0.02 0.024999999,
0.27000001 0.02 0.01375,
0.27000001 0.02 -0.024999999,
0.27000001 -0.02 -0.030000001,
0.27500001 0.050000001 0.050000001,
0.27500001 0.050000001 0.044749998,
0.27500001 0.050000001 0.024999999,
0.27500001 0.050000001 -0.024999999,
0.27500001 0.050000001 -0.050000001,
0.3125 -0.02 0,
0.3125 0.010000001 0,
0.3125 0.02 0,
0.31323218 -0.02 0.0017677592,
0.31323218 0.010000001 0.0017677592,
0.31323218 0.02 0.0017677592,
0.31323218 -0.02 -0.0017677499,
0.31323218 0.010000001 -0.0017677499,
0.31323218 0.02 -0.0017677499,
0.31323224 -0.02 0.0017677669,
0.31323224 0.010000001 0.0017677669,
0.31323224 0.02 0.0017677669,
0.31323224 -0.02 -0.0017677671,
0.31323224 0.010000001 -0.0017677671,
0.31323224 0.02 -0.0017677671,
0.315 -0.02 0.0024999999,
0.315 0.010000001 0.0024999999,
0.315 0.02 0.0024999999,
0.315 -0.02 -0.0024999999,
0.315 0.010000001 -0.0024999999,
0.315 0.02 -0.0024999999,
0.31676769 -0.02 0.0017677592,
0.31676769 0.010000001 0.0017677592,
0.31676769 0.02 0.0017677592,
0.31676769 -0.02 -0.0017677499,
0.31676769 0.010000001 -0.0017677499,
0.31676769 0.02 -0.0017677499,
0.31676775 -0.02 0.0017677669,
0.31676775 0.010000001 0.0017677669,
0.31676775 0.02 0.0017677669,
0.31676775 -0.02 -0.0017677671,
0.31676775 0.010000001 -0.0017677671,
0.31676775 0.02 -0.0017677671,
0.3175 -0.02 0,
0.3175 0.010000001 0,
0.3175 0.02 0,
0.36000001 -0.02 0.030000001,
0.36000001 -0.02 0.026250001,
0.36000001 0.02 0.024999999,
0.36000001 0.02 0.01375,
0.36000001 0.02 -0.024999999,
0.36000001 -0.02 -0.030000001,
0.38619578 0.042000003 0.036736067,
0.38619578 0.050000001 0.036736067,
0.38619578 0.042000003 0.034263931,
0.38619578 0.050000001 0.034263931,
0.38727641 0.042000003 0.038223509,
0.38727641 0.044050176 0.038223509,
0.38727641 0.050000001 0.038223509,
0.38727641 0.042000003 0.032776479,
0.38727641 0.047949832 0.032776479,
0.38727641 0.050000001 0.032776479,
0.38764885 0.042000003 0.038736068,
0.38764885 0.050000001 0.038736068,
0.38764885 0.042000003 0.032263931,
0.38764885 0.050000001 0.032263931,
0.38999999 0.042000003 0.039499998,
0.38999999 0.050000001 0.039499998,
0.38999999 0.042000003 0.035500001,
0.38999999 0.042000003 0.031500001,
0.38999999 0.050000001 0.031500001,
0.39235115 0.042000003 0.038736068,
0.39235115 0.050000001 0.038736068,
0.39235115 0.042000003 0.032263931,
0.39235115 0.050000001 0.032263931,
0.39272356 0.042000003 0.038223509,
0.39272356 0.047949832 0.038223509,
0.39272356 0.050000001 0.038223509,
0.39272356 0.042000003 0.032776479,
0.39272356 0.044050176 0.032776479,
0.39272356 0.050000001 0.032776479,
0.39380422 0.042000003 0.036736067,
0.39380422 0.050000001 0.036736067,
0.39380422 0.042000003 0.034263931,
0.39380422 0.050000001 0.034263931,
0.4025 -0.02 0,
0.4025 0.010000001 0,
0.4025 0.02 0,
0.40323225 -0.02 0.0017677669,
0.40323225 0.010000001 0.0017677669,
0.40323225 0.02 0.0017677669,
0.40323225 -0.02 -0.0017677671,
0.40323225 0.010000001 -0.0017677671,
0.40323225 0.02 -0.0017677671,
0.40323234 -0.02 0.0017677592,
0.40323234 0.010000001 0.0017677592,
0.40323234 0.02 0.0017677592,
0.40323234 -0.02 -0.0017677499,
0.40323234 0.010000001 -0.0017677499,
0.40323234 0.02 -0.0017677499,
0.405 -0.02 0.0024999999,
0.405 0.010000001 0.0024999999,
0.405 0.02 0.0024999999,
0.405 -0.02 -0.0024999999,
0.405 0.010000001 -0.0024999999,
0.405 0.02 -0.0024999999,
0.40676776 -0.02 0.0017677669,
0.40676776 0.010000001 0.0017677669,
0.40676776 0.02 0.0017677669,
0.40676776 -0.02 -0.0017677671,
0.40676776 0.010000001 -0.0017677671,
0.40676776 0.02 -0.0017677671,
0.40676785 -0.02 0.0017677592,
0.40676785 0.010000001 0.0017677592,
0.40676785 0.02 0.0017677592,
0.40676785 -0.02 -0.0017677499,
0.40676785 0.010000001 -0.0017677499,
0.40676785 0.02 -0.0017677499,
0.4075 -0.02 0,
0.4075 0.010000001 0,
0.4075 0.02 0,
0.44999999 -0.02 0.030000001,
0.44999999 -0.02 0.026250001,
0.44999999 0.02 0.024999999,
0.44999999 0.02 0.01375,
0.44999999 0.02 -0.024999999,
0.44999999 -0.02 -0.030000001,
0.49250001 -0.02 0,
0.49250001 0.010000001 0,
0.49250001 0.02 0,
0.49323222 -0.02 0.0017677669,
0.49323222 0.010000001 0.0017677669,
0.49323222 0.02 0.0017677669,
0.49323222 -0.02 -0.0017677671,
0.49323222 0.010000001 -0.0017677671,
0.49323222 0.02 -0.0017677671,
0.49323225 -0.02 0.0017677592,
0.49323225 0.010000001 0.0017677592,
0.49323225 0.02 0.0017677592,
0.49323225 -0.02 -0.0017677499,
0.49323225 0.010000001 -0.0017677499,
0.49323225 0.02 -0.0017677499,
0.495 -0.02 0.0024999999,
0.495 0.010000001 0.0024999999,
0.495 0.02 0.0024999999,
0.495 -0.02 -0.0024999999,
0.495 0.010000001 -0.0024999999,
0.495 0.02 -0.0024999999,
0.49676776 -0.02 0.0017677669,
0.49676776 0.010000001 0.0017677669,
0.49676776 0.02 0.0017677669,
0.49676776 -0.02 0.0017677592,
0.49676776 0.010000001 0.0017677592,
0.49676776 0.02 0.0017677592,
0.49676776 -0.02 -0.0017677499,
0.49676776 0.010000001 -0.0017677499,
0.49676776 0.02 -0.0017677499,
0.49676776 -0.02 -0.0017677671,
0.49676776 0.010000001 -0.0017677671,
0.49676776 0.02 -0.0017677671,
0.4975 -0.02 0,
0.4975 0.010000001 0,
0.4975 0.02 0,
0.505 0.050000001 0.050000001,
0.505 0.050000001 0.044749998,
0.505 0.050000001 0.024999999,
0.505 0.050000001 -0.024999999,
0.505 0.050000001 -0.050000001,
0.54000002 -0.02 0.030000001,
0.54000002 -0.02 0.026250001,
0.54000002 0.02 0.024999999,
0.54000002 0.02 0.01375,
0.54000002 0.02 -0.024999999,
0.54000002 -0.02 -0.030000001,
0.58249998 -0.02 0,
0.58249998 0.010000001 0,
0.58249998 0.02 0,
0.58323216 -0.02 0.0017677592,
0.58323216 0.010000001 0.0017677592,
0.58323216 0.02 0.0017677592,
0.58323216 -0.02 -0.0017677499,
0.58323216 0.010000001 -0.0017677499,
0.58323216 0.02 -0.0017677499,
0.58323222 -0.02 0.0017677669,
0.58323222 0.010000001 0.0017677669,
0.58323222 0.02 0.0017677669,
0.58323222 -0.02 -0.0017677671,
0.58323222 0.010000001 -0.0017677671,
0.58323222 0.02 -0.0017677671,
0.58499998 -0.02 0.0024999999,
0.58499998 0.010000001 0.0024999999,
0.58499998 0.02 0.0024999999,
0.58499998 -0.02 -0.0024999999,
0.58499998 0.010000001 -0.0024999999,
0.58499998 0.02 -0.0024999999,
0.58676779 -0.02 0.0017677669,
0.58676779 0.010000001 0.0017677669,
0.58676779 0.02 0.0017677669,
0.58676779 -0.02 -0.0017677671,
0.58676779 0.010000001 -0.0017677671,
0.58676779 0.02 -0.0017677671,
0.58676791 -0.02 0.0017677592,
0.58676791 0.010000001 0.0017677592,
0.58676791 0.02 0.0017677592,
0.58676791 -0.02 -0.0017677499,
0.58676791 0.010000001 -0.0017677499,
0.58676791 0.02 -0.0017677499,
0.58749998 -0.02 0,
0.58749998 0.010000001 0,
0.58749998 0.02 0,
0.6161958 0.042000003 0.036736067,
0.6161958 0.050000001 0.036736067,
0.6161958 0.042000003 0.034263931,
0.6161958 0.050000001 0.034263931,
0.61727643 0.042000003 0.038223509,
0.61727643 0.044050176 0.038223509,
0.61727643 0.050000001 0.038223509,
0.61727643 0.042000003 0.032776479,
0.61727643 0.047949832 0.032776479,
0.61727643 0.050000001 0.032776479,
0.61764884 0.042000003 0.038736068,
0.61764884 0.050000001 0.038736068,
0.61764884 0.042000003 0.032263931,
0.61764884 0.050000001 0.032263931,
0.62 0.042000003 0.039499998,
0.62 0.050000001 0.039499998,
0.62 0.042000003 0.035500001,
0.62 0.042000003 0.031500001,
0.62 0.050000001 0.031500001,
0.62235117 0.042000003 0.038736068,
0.62235117 0.050000001 0.038736068,
0.62235117 0.042000003 0.032263931,
0.62235117 0.050000001 0.032263931,
0.62272334 0.042000003 0.038223509,
0.62272334 0.047949832 0.038223509,
0.62272334 0.050000001 0.038223509,
0.62272334 0.042000003 0.032776479,
0.62272334 0.044050176 0.032776479,
0.62272334 0.050000001 0.032776479,
0.62380421 0.042000003 0.036736067,
0.62380421 0.050000001 0.036736067,
0.62380421 0.042000003 0.034263931,
0.62380421 0.050000001 0.034263931,
0.62449998 0.050000001 0.050000001,
0.62449998 0.050000001 0.044749998,
0.62449998 0.050000001 0.024999999,
0.62449998 0.050000001 -0.024999999,
0.62449998 0.050000001 -0.050000001,
0.625 0.02 0.024999999,
0.625 0.050000001 0.024999999,
0.625 0.050000001 0.022500001,
0.625 0.02 0.01375,
0.625 0.050000001 0.0050000004,
0.625 0.050000001 -0.0097500002,
0.625 0.02 -0.024999999,
0.625 0.050000001 -0.024999999,
0.63 -0.050000001 0.050000001,
0.63 -0.02 0.050000001,
0.63 -0.050000001 0.030000001,
0.63 -0.02 0.030000001,
0.671 0.041000001 0.015999999,
0.671 0.041000001 -0.015999999,
0.67119575 0.050000001 0.017236069,
0.67119575 0.050000001 0.015999999,
0.67119575 0.050000001 0.014763932,
0.67119575 0.050000001 -0.014763932,
0.67119575 0.050000001 -0.015999999,
0.67119575 0.050000001 -0.017236069,
0.67175001 0.050000001 0.050000001,
0.67175001 0.050000001 0.044749998,
0.67175001 0.050000001 0.022500001,
0.67175001 0.050000001 0.017998895,
0.67175001 0.050000001 0.014001105,
0.67175001 0.050000001 0.0050000004,
0.67175001 0.050000001 -0.0097500002,
0.67175001 0.050000001 -0.014001106,
0.67175001 0.050000001 -0.017998897,
0.67175001 0.050000001 -0.050000001,
0.67176396 0.041000001 0.018351141,
0.67176396 0.041000001 0.013648859,
0.67176396 0.041000001 -0.013648859,
0.67176396 0.041000001 -0.018351141,
0.67192233 0.050000001 0.018236067,
0.67192233 0.050000001 0.013763932,
0.67192233 0.050000001 -0.013763932,
0.67192233 0.050000001 -0.018236067,
0.6722064 0.045500003 0.018793587,
0.6722064 0.045500003 0.013206367,
0.6722064 0.045500003 -0.013206358,
0.6722064 0.045500003 -0.018793698,
0.6722765 0.041000001 0.018723492,
0.6722765 0.041000001 0.013276462,
0.6722765 0.041000001 -0.013276453,
0.6722765 0.041000001 -0.018723603,
0.6722858 0.050000001 0.018736009,
0.6722858 0.050000001 0.013263945,
0.6722858 0.050000001 -0.013263936,
0.6722858 0.050000001 -0.018736001,
0.67229199 0.043306444 0.013324146,
0.67229199 0.043306444 -0.0186758,
0.67250001 -0.02 0,
0.67250001 0.010000001 0,
0.67250001 0.050000001 0,
0.67264885 0.050000001 0.019236069,
0.67264885 0.050000001 0.012763932,
0.67264885 0.050000001 -0.012763931,
0.67264885 0.050000001 -0.019236069,
0.67323226 -0.02 0.0017677669,
0.67323226 0.010000001 0.0017677669,
0.67323226 0.050000001 0.0017677669,
0.67323226 -0.02 -0.0017677671,
0.67323226 0.010000001 -0.0017677671,
0.67323226 0.050000001 -0.0017677671,
0.67323232 -0.02 0.0017677592,
0.67323232 0.010000001 0.0017677592,
0.67323232 0.050000001 0.0017677592,
0.67323232 -0.02 -0.0017677499,
0.67323232 0.010000001 -0.0017677499,
0.67323232 0.050000001 -0.0017677499,
0.67376393 0.041000001 0.019804226,
0.67376393 0.041000001 0.012195773,
0.67376393 0.041000001 -0.012195774,
0.67376393 0.041000001 -0.019804224,
0.67382443 0.050000001 0.019618034,
0.67382443 0.050000001 0.012381965,
0.67382443 0.050000001 -0.012381966,
0.67382443 0.050000001 -0.019618034,
0.67500001 0.050000001 0.02,
0.67500001 0.038690601 0.015999999,
0.67500001 0.050000001 0.012,
0.67500001 -0.02 0.0024999999,
0.67500001 0.010000001 0.0024999999,
0.67500001 0.050000001 0.0024999999,
0.67500001 -0.02 -0.0024999999,
0.67500001 0.010000001 -0.0024999999,
0.67500001 0.050000001 -0.0024999999,
0.67500001 0.050000001 -0.012000001,
0.67500001 0.038690601 -0.015999999,
0.67500001 0.050000001 -0.02,
0.67617559 0.050000001 0.019618034,
0.67617559 0.050000001 0.012381965,
0.67617559 0.050000001 -0.012381966,
0.67617559 0.050000001 -0.019618034,
0.67623609 0.041000001 0.019804226,
0.67623609 0.041000001 0.012195773,
0.67623609 0.041000001 -0.012195774,
0.67623609 0.041000001 -0.019804224,
0.67676777 -0.02 0.0017677669,
0.67676777 0.010000001 0.0017677669,
0.67676777 0.050000001 0.0017677669,
0.67676777 -0.02 -0.0017677671,
0.67676777 0.010000001 -0.0017677671,
0.67676777 0.050000001 -0.0017677671,
0.67676783 -0.02 0.0017677592,
0.67676783 0.010000001 0.0017677592,
0.67676783 0.050000001 0.0017677592,
0.67676783 -0.02 -0.0017677499,
0.67676783 0.010000001 -0.0017677499,
0.67676783 0.050000001 -0.0017677499,
0.67735112 0.050000001 0.019236069,
0.67735112 0.050000001 0.012763932,
0.67735112 0.050000001 -0.012763931,
0.67735112 0.050000001 -0.019236069,
0.67750001 -0.02 0,
0.67750001 0.010000001 0,
0.67750001 0.050000001 0,
0.67771459 0.050000001 0.018736009,
0.67771459 0.050000001 0.013263945,
0.67771459 0.050000001 -0.013263936,
0.67771459 0.050000001 -0.018736001,
0.67772365 0.041000001 0.018723492,
0.67772365 0.041000001 0.013276462,
0.67772365 0.041000001 -0.013276453,
0.67772365 0.041000001 -0.018723603,
0.67779374 0.045500003 0.018793587,
0.67779374 0.045500003 0.013206367,
0.67779374 0.045500003 -0.013206358,
0.67779374 0.045500003 -0.018793698,
0.6780777 0.050000001 0.018236067,
0.6780777 0.050000001 0.013763932,
0.6780777 0.050000001 -0.013763932,
0.6780777 0.050000001 -0.018236067,
0.67823607 0.041000001 0.018351141,
0.67823607 0.041000001 0.013648859,
0.67823607 0.041000001 -0.013648859,
0.67823607 0.041000001 -0.018351141,
0.67825001 0.050000001 0.050000001,
0.67825001 0.050000001 0.044749998,
0.67825001 0.050000001 0.022500001,
0.67825001 0.050000001 0.017998895,
0.67825001 0.050000001 0.014001105,
0.67825001 0.050000001 0.0050000004,
0.67825001 0.050000001 -0.0097500002,
0.67825001 0.050000001 -0.014001106,
0.67825001 0.050000001 -0.017998897,
0.67825001 0.050000001 -0.050000001,
0.67880422 0.050000001 0.017236069,
0.67880422 0.050000001 0.015999999,
0.67880422 0.050000001 0.014763932,
0.67880422 0.050000001 -0.014763932,
0.67880422 0.050000001 -0.015999999,
0.67880422 0.050000001 -0.017236069,
0.67900002 0.041000001 0.015999999,
0.67900002 0.041000001 -0.015999999,
0.68000001 -0.050000001 0.050000001,
0.68000001 -0.02 0.050000001,
0.68000001 -0.02 0.026250001,
0.68000001 -0.050000001 -0.030000001,
0.68000001 -0.02 -0.030000001,
0.72000003 0.050000001 0.050000001,
0.72000003 0.050000001 0.044749998,
0.72000003 0.050000001 0.022500001,
0.72000003 0.050000001 0.0050000004,
0.72000003 0.050000001 -0.0097500002,
0.72000003 0.050000001 -0.050000001,
0.76099998 0.041000001 0.015999999,
0.76099998 0.041000001 -0.015999999,
0.76119578 0.050000001 0.017236069,
0.76119578 0.050000001 0.015999999,
0.76119578 0.050000001 0.014763932,
0.76119578 0.050000001 -0.014763932,
0.76119578 0.050000001 -0.015999999,
0.76119578 0.050000001 -0.017236069,
0.76176393 0.041000001 0.018351141,
0.76176393 0.041000001 0.013648859,
0.76176393 0.041000001 -0.013648859,
0.76176393 0.041000001 -0.018351141,
0.7619223 0.050000001 0.018236067,
0.7619223 0.050000001 0.013763932,
0.7619223 0.050000001 -0.013763932,
0.7619223 0.050000001 -0.018236067,
0.76220632 0.045500003 0.018793587,
0.76220632 0.045500003 0.013206367,
0.76220632 0.045500003 -0.013206358,
0.76220632 0.045500003 -0.018793698,
0.76227641 0.041000001 0.018723492,
0.76227641 0.041000001 0.013276462,
0.76227641 0.041000001 -0.013276453,
0.76227641 0.041000001 -0.018723603,
0.76228547 0.050000001 0.018736009,
0.76228547 0.050000001 0.013263945,
0.76228547 0.050000001 -0.013263936,
0.76228547 0.050000001 -0.018736001,
0.76229215 0.043306444 0.013324146,
0.76229215 0.043306444 -0.0186758,
0.76249999 -0.050000001 0,
0.76249999 0.010000001 0,
0.76249999 0.050000001 0,
0.76264888 0.050000001 0.019236069,
0.76264888 0.050000001 0.012763932,
0.76264888 0.050000001 -0.012763931,
0.76264888 0.050000001 -0.019236069,
0.76323223 -0.050000001 0.0017677669,
0.76323223 0.010000001 0.0017677669,
0.76323223 0.050000001 0.0017677669,
0.76323223 -0.050000001 0.0017677592,
0.76323223 0.010000001 0.0017677592,
0.76323223 0.050000001 0.0017677592,
0.76323223 -0.050000001 -0.0017677499,
0.76323223 0.010000001 -0.0017677499,
0.76323223 0.050000001 -0.0017677499,
0.76323223 -0.050000001 -0.0017677671,
0.76323223 0.010000001 -0.0017677671,
0.76323223 0.050000001 -0.0017677671,
0.7637639 0.041000001 0.019804226,
0.7637639 0.041000001 0.012195773,
0.7637639 0.041000001 -0.012195774,
0.7637639 0.041000001 -0.019804224,
0.7638244 0.050000001 0.019618034,
0.7638244 0.050000001 0.012381965,
0.7638244 0.050000001 -0.012381966,
0.7638244 0.050000001 -0.019618034,
0.76499999 0.050000001 0.02,
0.76499999 0.038690601 0.015999999,
0.76499999 0.050000001 0.012,
0.76499999 -0.050000001 0.0024999999,
0.76499999 0.010000001 0.0024999999,
0.76499999 0.050000001 0.0024999999,
0.76499999 -0.050000001 -0.0024999999,
0.76499999 0.010000001 -0.0024999999,
0.76499999 0.050000001 -0.0024999999,
0.76499999 0.050000001 -0.012000001,
0.76499999 0.038690601 -0.015999999,
0.76499999 0.050000001 -0.02,
0.76617557 0.050000001 0.019618034,
0.76617557 0.050000001 0.012381965,
0.76617557 0.050000001 -0.012381966,
0.76617557 0.050000001 -0.019618034,
0.76623607 0.041000001 0.019804226,
0.76623607 0.041000001 0.012195773,
0.76623607 0.041000001 -0.012195774,
0.76623607 0.041000001 -0.019804224,
0.76676774 -0.050000001 0.0017677669,
0.76676774 0.010000001 0.0017677669,
0.76676774 0.050000001 0.0017677669,
0.76676774 -0.050000001 0.0017677592,
0.76676774 0.010000001 0.0017677592,
0.76676774 0.050000001 0.0017677592,
0.76676774 -0.050000001 -0.0017677499,
0.76676774 0.010000001 -0.0017677499,
0.76676774 0.050000001 -0.0017677499,
0.76676774 -0.050000001 -0.0017677671,
0.76676774 0.010000001 -0.0017677671,
0.76676774 0.050000001 -0.0017677671,
0.76735115 0.050000001 0.019236069,
0.76735115 0.050000001 0.012763932,
0.76735115 0.050000001 -0.012763931,
0.76735115 0.050000001 -0.019236069,
0.76749998 -0.050000001 0,
0.76749998 0.010000001 0,
0.76749998 0.050000001 0,
0.76771426 0.050000001 0.018736009,
0.76771426 0.050000001 0.013263945,
0.76771426 0.050000001 -0.013263936,
0.76771426 0.050000001 -0.018736001,
0.76772332 0.041000001 0.018723492,
0.76772332 0.041000001 0.013276462,
0.76772332 0.041000001 -0.013276453,
0.76772332 0.041000001 -0.018723603,
0.76779342 0.045500003 0.018793587,
0.76779342 0.045500003 0.013206367,
0.76779342 0.045500003 -0.013206358,
0.76779342 0.045500003 -0.018793698,
0.76807767 0.050000001 0.018236067,
0.76807767 0.050000001 0.013763932,
0.76807767 0.050000001 -0.013763932,
0.76807767 0.050000001 -0.018236067,
0.76823604 0.041000001 0.018351141,
0.76823604 0.041000001 0.013648859,
0.76823604 0.041000001 -0.013648859,
0.76823604 0.041000001 -0.018351141,
0.76824999 0.050000001 0.050000001,
0.76824999 0.050000001 0.044749998,
0.76824999 0.050000001 0.022500001,
0.76824999 0.050000001 0.017998895,
0.76824999 0.050000001 0.014001105,
0.76824999 0.050000001 0.0050000004,
0.76824999 0.050000001 -0.0097500002,
0.76824999 0.050000001 -0.014001106,
0.76824999 0.050000001 -0.017998897,
0.76824999 0.050000001 -0.050000001,
0.76880425 0.050000001 0.017236069,
0.76880425 0.050000001 0.015999999,
0.76880425 0.050000001 0.014763932,
0.76880425 0.050000001 -0.014763932,
0.76880425 0.050000001 -0.015999999,
0.76880425 0.050000001 -0.017236069,
0.76899999 0.041000001 0.015999999,
0.76899999 0.041000001 -0.015999999,
0.78574997 0.050000001 0.050000001,
0.78574997 0.050000001 0.044749998,
0.78574997 0.050000001 0.022500001,
0.78574997 0.050000001 0.0050000008,
0.78574997 0.050000001 -0.0097500002,
0.78574997 0.050000001 -0.050000001,
0.80268806 0.039999999 0.0016689075,
0.80268806 0.050000001 0.0016689075,
0.80268806 0.039999999 -0.0016689068,
0.80268806 0.050000001 -0.0016689068,
0.80413628 0.039999999 0.0046761739,
0.80413628 0.050000001 0.0046761739,
0.80413628 0.039999999 -0.0046761734,
0.80413628 0.050000001 -0.0046761734,
0.8045423 0.050000001 0.0050000008,
0.80479693 0.040000003 0.0052031325,
0.80479693 0.047468264 0.0052031325,
0.80479693 0.050000001 0.0052031325,
0.80479693 0.040000003 -0.005203004,
0.80479693 0.04253174 -0.005203004,
0.80479693 0.050000001 -0.005203004,
0.80674589 0.039999999 0.0067572668,
0.80674589 0.050000001 0.0067572668,
0.80674589 0.039999999 -0.0067572659,
0.80674589 0.050000001 -0.0067572659,
0.81 0.039999999 0.0075000003,
0.81 0.050000001 0.0075000003,
0.81 0.039999999 4.6566129e-10,
0.81 0.039999999 -0.0074999994,
0.81 0.050000001 -0.0074999994,
0.81325412 0.039999999 0.0067572668,
0.81325412 0.050000001 0.0067572668,
0.81325412 0.039999999 -0.0067572659,
0.81325412 0.050000001 -0.0067572659,
0.81520319 0.040000003 0.0052031325,
0.81520319 0.04253174 0.0052031325,
0.81520319 0.050000001 0.0052031325,
0.81520319 0.040000003 -0.005203004,
0.81520319 0.047468264 -0.005203004,
0.81520319 0.050000001 -0.005203004,
0.81545764 0.050000001 0.0050000008,
0.81586373 0.039999999 0.0046761739,
0.81586373 0.050000001 0.0046761739,
0.81586373 0.039999999 -0.0046761734,
0.81586373 0.050000001 -0.0046761734,
0.81731194 0.039999999 0.0016689075,
0.81731194 0.050000001 0.0016689075,
0.81731194 0.039999999 -0.0016689068,
0.81731194 0.050000001 -0.0016689068,
0.83424997 0.050000001 0.050000001,
0.83424997 0.050000001 0.044749998,
0.83424997 0.050000001 0.022500001,
0.83424997 0.050000001 0.0050000008,
0.83424997 0.050000001 -0.0097500002,
0.83424997 0.050000001 -0.050000001,
0.85100001 0.041000001 0.015999999,
0.85100001 0.041000001 -0.015999999,
0.85119575 0.050000001 0.017236069,
0.85119575 0.050000001 0.015999999,
0.85119575 0.050000001 0.014763932,
0.85119575 0.050000001 -0.014763932,
0.85119575 0.050000001 -0.015999999,
0.85119575 0.050000001 -0.017236069,
0.8517639 0.041000001 0.018351141,
0.8517639 0.041000001 0.013648859,
0.8517639 0.041000001 -0.013648859,
0.8517639 0.041000001 -0.018351141,
0.85192233 0.050000001 0.018236067,
0.85192233 0.050000001 0.013763932,
0.85192233 0.050000001 -0.013763932,
0.85192233 0.050000001 -0.018236067,
0.85220647 0.045500003 0.018793587,
0.85220647 0.045500003 0.013206367,
0.85220647 0.045500003 -0.013206358,
0.85220647 0.045500003 -0.018793698,
0.85227656 0.041000001 0.018723492,
0.85227656 0.041000001 0.013276462,
0.85227656 0.041000001 -0.013276453,
0.85227656 0.041000001 -0.018723603,
0.85228562 0.050000001 0.018736009,
0.85228562 0.050000001 0.013263945,
0.85228562 0.050000001 -0.013263936,
0.85228562 0.050000001 -0.018736001,
0.85229182 0.043306444 0.013324146,
0.85229182 0.043306444 -0.0186758,
0.85250002 -0.050000001 0,
0.85250002 0.010000001 0,
0.85250002 0.050000001 0,
0.85264885 0.050000001 0.019236069,
0.85264885 0.050000001 0.012763932,
0.85264885 0.050000001 -0.012763931,
0.85264885 0.050000001 -0.019236069,
0.85323215 -0.050000001 0.0017677592,
0.85323215 0.010000001 0.0017677592,
0.85323215 0.050000001 0.0017677592,
0.85323215 -0.050000001 -0.0017677499,
0.85323215 0.010000001 -0.0017677499,
0.85323215 0.050000001 -0.0017677499,
0.8532322 -0.050000001 0.0017677669,
0.8532322 0.010000001 0.0017677669,
0.8532322 0.050000001 0.0017677669,
0.8532322 -0.050000001 -0.0017677671,
0.8532322 0.010000001 -0.0017677671,
0.8532322 0.050000001 -0.0017677671,
0.85376394 0.041000001 0.019804226,
0.85376394 0.041000001 0.012195773,
0.85376394 0.041000001 -0.012195774,
0.85376394 0.041000001 -0.019804224,
0.85382444 0.050000001 0.019618034,
0.85382444 0.050000001 0.012381965,
0.85382444 0.050000001 -0.012381966,
0.85382444 0.050000001 -0.019618034,
0.85500002 0.050000001 0.02,
0.85500002 0.038690601 0.015999999,
0.85500002 0.050000001 0.012,
0.85500002 -0.050000001 0.0024999999,
0.85500002 0.010000001 0.0024999999,
0.85500002 0.050000001 0.0024999999,
0.85500002 -0.050000001 -0.0024999999,
0.85500002 0.010000001 -0.0024999999,
0.85500002 0.050000001 -0.0024999999,
0.85500002 0.050000001 -0.012000001,
0.85500002 0.038690601 -0.015999999,
0.85500002 0.050000001 -0.02,
0.85617554 0.050000001 0.019618034,
0.85617554 0.050000001 0.012381965,
0.85617554 0.050000001 -0.012381966,
0.85617554 0.050000001 -0.019618034,
0.85623604 0.041000001 0.019804226,
0.85623604 0.041000001 0.012195773,
0.85623604 0.041000001 -0.012195774,
0.85623604 0.041000001 -0.019804224,
0.85676777 -0.050000001 0.0017677669,
0.85676777 0.010000001 0.0017677669,
0.85676777 0.050000001 0.0017677669,
0.85676777 -0.050000001 -0.0017677671,
0.85676777 0.010000001 -0.0017677671,
0.85676777 0.050000001 -0.0017677671,
0.85676789 -0.050000001 0.0017677592,
0.85676789 0.010000001 0.0017677592,
0.85676789 0.050000001 0.0017677592,
0.85676789 -0.050000001 -0.0017677499,
0.85676789 0.010000001 -0.0017677499,
0.85676789 0.050000001 -0.0017677499,
0.85735112 0.050000001 0.019236069,
0.85735112 0.050000001 0.012763932,
0.85735112 0.050000001 -0.012763931,
0.85735112 0.050000001 -0.019236069,
0.85750002 -0.050000001 0,
0.85750002 0.010000001 0,
0.85750002 0.050000001 0,
0.85771441 0.050000001 0.018736009,
0.85771441 0.050000001 0.013263945,
0.85771441 0.050000001 -0.013263936,
0.85771441 0.050000001 -0.018736001,
0.85772347 0.041000001 0.018723492,
0.85772347 0.041000001 0.013276462,
0.85772347 0.041000001 -0.013276453,
0.85772347 0.041000001 -0.018723603,
0.85779357 0.045500003 0.018793587,
0.85779357 0.045500003 0.013206367,
0.85779357 0.045500003 -0.013206358,
0.85779357 0.045500003 -0.018793698,
0.8580777 0.050000001 0.018236067,
0.8580777 0.050000001 0.013763932,
0.8580777 0.050000001 -0.013763932,
0.8580777 0.050000001 -0.018236067,
0.85823607 0.041000001 0.018351141,
0.85823607 0.041000001 0.013648859,
0.85823607 0.041000001 -0.013648859,
0.85823607 0.041000001 -0.018351141,
0.85825002 0.050000001 0.050000001,
0.85825002 0.050000001 0.044749998,
0.85825002 0.050000001 0.022500001,
0.85825002 0.050000001 0.017998895,
0.85825002 0.050000001 0.014001105,
0.85825002 0.050000001 0.0050000008,
0.85825002 0.050000001 -0.0097500002,
0.85825002 0.050000001 -0.014001106,
0.85825002 0.050000001 -0.017998897,
0.85825002 0.050000001 -0.050000001,
0.85880423 0.050000001 0.017236069,
0.85880423 0.050000001 0.015999999,
0.85880423 0.050000001 0.014763932,
0.85880423 0.050000001 -0.014763932,
0.85880423 0.050000001 -0.015999999,
0.85880423 0.050000001 -0.017236069,
0.85900003 0.041000001 0.015999999,
0.85900003 0.041000001 -0.015999999,
0.88 -0.050000001 0.050000001,
0.88 0.050000001 0.050000001,
0.88 0.050000001 0.044749998,
0.88 0.050000001 0.022500001,
0.88 0.050000001 0.0050000008,
0.88 0.050000001 -0.0097500002,
0.88 -0.050000001 -0.050000001,
0.88 0.050000001 -0.050000001
] }
normal Normal { vector [
-1 0 0,
-0.974928 0 0.222521,
-0.974928 0 -0.222521,
-0.951057 0 0.309017,
-0.951057 0 -0.309017,
-0.809017 0 0.587785,
-0.809017 0 -0.587785,
-0.781832 0 0.62349,
-0.781832 0 -0.62349,
-0.707107 0 0.707107,
-0.707107 0 -0.707107,
-0.587785 0 0.809017,
-0.587785 0 -0.809017,
-0.5 0.866025 0,
-0.433884 0 0.900969,
-0.433884 0 -0.900969,
-0.404509 0.866025 0.293893,
-0.404509 0.866025 -0.293893,
-0.309017 0 0.951057,
-0.309017 0 -0.951057,
-0.154509 0.866025 0.475528,
-0.154509 0.866025 -0.475528,
0 0 1,
0 -1 0,
0 0 1,
0 0 -1,
0 0 1,
0 0 -1,
0 1 0,
0 0 1,
0 0 -1,
0 0 1,
0 0 -1,
0 0 1,
0 0 -1,
0 1 0,
0 0 -1,
0.154509 0.866025 0.475528,
0.154509 0.866025 -0.475528,
0.309017 0 0.951057,
0.309017 0 -0.951057,
0.404509 0.866025 0.293893,
0.404509 0.866025 -0.293893,
0.433884 0 0.900969,
0.433884 0 -0.900969,
0.5 0.866025 0,
0.587785 0 0.809017,
0.587785 0 -0.809017,
0.707107 0 0.707107,
0.707107 0 -0.707107,
0.781832 0 0.62349,
0.781832 0 -0.62349,
0.809017 0 0.587785,
0.809017 0 -0.587785,
0.951057 0 0.309017,
0.951057 0 -0.309017,
0.974928 0 0.222521,
0.974928 0 -0.222521,
1 0 0
] }
texCoord TextureCoordinate { point [
-1.62857 0,
-1.62857 0.0538462,
-1.62857 0.0769231,
-1.62857 1,
-1.62857 1.01538,
-1.62857 1.05865,
-1.62857 1.06154,
-1.62857 1.07692,
-1.62455 0.0538462,
-1.62455 1.01538,
-1.62455 1.05865,
-1.62455 1.06154,
-1.62064 0.00346154,
-1.62062 0.00692308,
-1.62061 0,
-1.62054 1.03846,
-1.62048 0,
-1.62027 0,
-1.62027 0.0307692,
-1.62027 0.0538462,
-1.62027 1.0371,
-1.62027 1.03982,
-1.62008 0.00692308,
-1.62006 0,
-1.61964 0,
-1.61964 0.0307692,
-1.61964 0.0538462,
-1.61964 1.03654,
-1.61964 1.04038,
-1.61922 0,
-1.6192 0.00692308,
-1.61901 0,
-1.61901 0.0307692,
-1.61901 0.0538462,
-1.61901 1.0371,
-1.61901 1.03982,
-1.6188 0,
-1.61875 1.03846,
-1.61867 0,
-1.61867 0.00692308,
-1.61865 0.00346154,
-1.61223 0,
-1.60543 0,
-1.60543 0.00194749,
-1.60543 0.00769231,
-1.60473 0,
-1.60473 0.00769231,
-1.60357 0,
-1.60357 0.00769231,
-1.60357 0.0538462,
-1.60357 1.01538,
-1.60357 1.05865,
-1.60357 1.06154,
-1.60241 0,
-1.60241 0.00769231,
-1.60171 0,
-1.60171 0.00574482,
-1.60171 0.00769231,
-1.59491 0,
-1.58866 0,
-1.5885 0.00346154,
-1.58847 0.00692308,
-1.58847 0,
-1.58839 1.03846,
-1.58834 0,
-1.58813 0,
-1.58813 0.0307692,
-1.58813 0.0538462,
-1.58813 1.0371,
-1.58813 1.03982,
-1.58794 0.00692308,
-1.58792 0,
-1.5875 0,
-1.5875 0.0307692,
-1.5875 0.0538462,
-1.5875 1.03654,
-1.5875 1.04038,
-1.58708 0,
-1.58706 0.00692308,
-1.58687 0,
-1.58687 0.0307692,
-1.58687 0.0538462,
-1.58687 1.0371,
-1.58687 1.03982,
-1.58666 0,
-1.58661 1.03846,
-1.58653 0,
-1.58653 0.00692308,
-1.5865 0.00346154,
-1.58634 0,
-1.57143 0,
-1.57143 0.0538462,
-1.57143 1.01538,
-1.57143 1.05865,
-1.57143 1.06154,
-1.55652 0,
-1.55635 0.00346154,
-1.55633 0.00692308,
-1.55633 0,
-1.55625 1.03846,
-1.5562 0,
-1.55599 0,
-1.55599 0.0307692,
-1.55599 0.0538462,
-1.55599 1.0371,
-1.55599 1.03982,
-1.5558 0.00692308,
-1.55578 0,
-1.55536 0,
-1.55536 0.0307692,
-1.55536 0.0538462,
-1.55536 1.03654,
-1.55536 1.04038,
-1.55494 0,
-1.55492 0.00692308,
-1.55473 0,
-1.55473 0.0307692,
-1.55473 0.0538462,
-1.55473 1.0371,
-1.55473 1.03982,
-1.55452 0,
-1.55446 1.03846,
-1.55439 0,
-1.55438 0.00692308,
-1.55436 0.00346154,
-1.5542 0,
-1.53929 0.0538462,
-1.53929 1.01538,
-1.53929 1.05865,
-1.53929 1.06154,
-1.52438 0,
-1.52421 0.00346154,
-1.52419 0.00692308,
-1.52418 0,
-1.52411 1.03846,
-1.52405 0,
-1.52385 0,
-1.52385 0.0307692,
-1.52385 0.0538462,
-1.52385 1.0371,
-1.52385 1.03982,
-1.52366 0.00692308,
-1.52363 0,
-1.52321 0,
-1.52321 0.0307692,
-1.52321 0.0538462,
-1.52321 1.03654,
-1.52321 1.04038,
-1.52279 0,
-1.52277 0.00692308,
-1.52258 0,
-1.52258 0.0307692,
-1.52258 0.0538462,
-1.52258 1.0371,
-1.52258 1.03982,
-1.52237 0,
-1.52232 1.03846,
-1.52224 0,
-1.52224 0.00692308,
-1.52222 0.00346154,
-1.52205 0,
-1.51357 0,
-1.50714 0.0538462,
-1.50714 1.01538,
-1.50714 1.05865,
-1.50714 1.06154,
-1.50536 0,
-1.50536 0.0230769,
-1.50454 0,
-1.50454 0.00457679,
-1.50454 0.00615384,
-1.50441 0,
-1.50441 0.00615384,
-1.50357 0,
-1.50357 0.00615384,
-1.50273 0,
-1.50273 0.00615384,
-1.5026 0,
-1.5026 0.00157705,
-1.5026 0.00615384,
-1.49866 0.0230769,
-1.49196 1.03846,
-1.4917 0.0230769,
-1.4917 0.0307692,
-1.4917 0.0538462,
-1.4917 1.0371,
-1.4917 1.03982,
-1.49107 0.0230769,
-1.49107 0.0307692,
-1.49107 0.0538462,
-1.49107 1.03654,
-1.49107 1.04038,
-1.49044 0.0230769,
-1.49044 0.0307692,
-1.49044 0.0538462,
-1.49044 1.0371,
-1.49044 1.03982,
-1.49018 1.03846,
-1.475 0.0230769,
-1.475 0.0538462,
-1.475 1.01538,
-1.475 1.05865,
-1.475 1.06154,
-1.4625 0,
-1.45982 1.03846,
-1.45956 0.0230769,
-1.45956 0.0307692,
-1.45956 0.0538462,
-1.45956 1.0371,
-1.45956 1.03982,
-1.45893 0.0230769,
-1.45893 0.0307692,
-1.45893 0.0538462,
-1.45893 1.03654,
-1.45893 1.04038,
-1.4583 0.0230769,
-1.4583 0.0307692,
-1.4583 0.0538462,
-1.4583 1.0371,
-1.4583 1.03982,
-1.45804 1.03846,
-1.44286 0.0230769,
-1.44286 0.0538462,
-1.44286 1.01538,
-1.44286 1.05865,
-1.44286 1.06154,
-1.42768 1.03846,
-1.42742 0.0230769,
-1.42742 0.0307692,
-1.42742 0.0538462,
-1.42742 1.0371,
-1.42742 1.03982,
-1.42679 0.0230769,
-1.42679 0.0307692,
-1.42679 0.0538462,
-1.42679 1.03654,
-1.42679 1.04038,
-1.42615 0.0230769,
-1.42615 0.0307692,
-1.42615 0.0538462,
-1.42615 1.0371,
-1.42615 1.03982,
-1.42589 1.03846,
-1.4224 0,
-1.4224 0.00457679,
-1.4224 0.00615384,
-1.42227 0,
-1.42227 0.00615384,
-1.42143 0,
-1.42143 0.00615384,
-1.42059 0,
-1.42059 0.00615384,
-1.42046 0,
-1.42046 0.00157705,
-1.42046 0.00615384,
-1.41071 0.0230769,
-1.41071 0.0538462,
-1.41071 1.01538,
-1.41071 1.05865,
-1.41071 1.06154,
-1.39554 1.03846,
-1.39527 0.0230769,
-1.39527 0.0307692,
-1.39527 0.0538462,
-1.39527 1.0371,
-1.39527 1.03982,
-1.39464 0.0230769,
-1.39464 0.0307692,
-1.39464 0.0538462,
-1.39464 1.03654,
-1.39464 1.04038,
-1.39401 0.0230769,
-1.39401 0.0307692,
-1.39401 0.0538462,
-1.39401 1.0371,
-1.39401 1.03982,
-1.39375 1.03846,
-1.38036 0,
-1.37857 0.0230769,
-1.36339 1.03846,
-1.36313 0.0230769,
-1.36313 0.0307692,
-1.36313 0.0538462,
-1.36313 1.0371,
-1.36313 1.03982,
-1.3625 0.0230769,
-1.3625 0.0307692,
-1.3625 0.0538462,
-1.3625 1.03654,
-1.3625 1.04038,
-1.36187 0.0230769,
-1.36187 0.0307692,
-1.36187 0.0538462,
-1.36187 1.0371,
-1.36187 1.03982,
-1.36161 1.03846,
-1.34643 0.0538462,
-1.34643 1.01538,
-1.34643 1.05865,
-1.34643 1.06154,
-1.34026 0,
-1.34026 0.00457679,
-1.34026 0.00615384,
-1.34013 0,
-1.34013 0.00615384,
-1.33929 0,
-1.33929 0.00615384,
-1.33845 0,
-1.33845 0.00615384,
-1.33831 0,
-1.33831 0.00157705,
-1.33831 0.00615384,
-1.33125 1.03846,
-1.33099 0.0230769,
-1.33099 0.0307692,
-1.33099 0.0538462,
-1.33099 1.0371,
-1.33099 1.03982,
-1.33036 0.0230769,
-1.33036 0.0307692,
-1.33036 0.0538462,
-1.33036 1.03654,
-1.33036 1.04038,
-1.32973 0.0230769,
-1.32973 0.0307692,
-1.32973 0.0538462,
-1.32973 1.0371,
-1.32973 1.03982,
-1.32946 1.03846,
-1.31429 0.0230769,
-1.31429 0.0538462,
-1.31429 1.01538,
-1.31429 1.05865,
-1.31429 1.06154,
-1.29911 1.03846,
-1.29885 0.0230769,
-1.29885 0.0307692,
-1.29885 0.0538462,
-1.29885 1.0371,
-1.29885 1.03982,
-1.29821 0.0230769,
-1.29821 0.0307692,
-1.29821 0.0538462,
-1.29821 1.03654,
-1.29821 1.04038,
-1.29758 0.0230769,
-1.29758 0.0307692,
-1.29758 0.0538462,
-1.29758 1.0371,
-1.29758 1.03982,
-1.29732 1.03846,
-1.28214 0.0230769,
-1.28214 0.0538462,
-1.28214 1.01538,
-1.28214 1.05865,
-1.28214 1.06154,
-1.26696 1.03846,
-1.2667 0.0230769,
-1.2667 0.0307692,
-1.2667 0.0538462,
-1.2667 1.0371,
-1.2667 1.03982,
-1.26607 0.0230769,
-1.26607 0.0307692,
-1.26607 0.0538462,
-1.26607 1.03654,
-1.26607 1.04038,
-1.26544 0.0230769,
-1.26544 0.0307692,
-1.26544 0.0538462,
-1.26544 1.0371,
-1.26544 1.03982,
-1.26518 1.03846,
-1.25812 0,
-1.25812 0.00457679,
-1.25812 0.00615384,
-1.25798 0,
-1.25798 0.00615384,
-1.25714 0,
-1.25714 0.00615384,
-1.2563 0,
-1.2563 0.00615384,
-1.25617 0,
-1.25617 0.00157705,
-1.25617 0.00615384,
-1.25 0.0230769,
-1.25 0.0538462,
-1.25 1.01538,
-1.25 1.05865,
-1.25 1.06154,
-1.23482 1.03846,
-1.23456 0.0230769,
-1.23456 0.0307692,
-1.23456 0.0538462,
-1.23456 1.0371,
-1.23456 1.03982,
-1.23393 0.0230769,
-1.23393 0.0307692,
-1.23393 0.0538462,
-1.23393 1.03654,
-1.23393 1.04038,
-1.2333 0.0230769,
-1.2333 0.0307692,
-1.2333 0.0538462,
-1.2333 1.0371,
-1.2333 1.03982,
-1.23304 1.03846,
-1.21786 0.0230769,
-1.21786 0.0538462,
-1.21786 1.01538,
-1.21786 1.05865,
-1.21786 1.06154,
-1.21607 0,
-1.20268 1.03846,
-1.20242 0.0230769,
-1.20242 0.0307692,
-1.20242 0.0538462,
-1.20242 1.0371,
-1.20242 1.03982,
-1.20179 0.0230769,
-1.20179 0.0307692,
-1.20179 0.0538462,
-1.20179 1.03654,
-1.20179 1.04038,
-1.20115 0.0230769,
-1.20115 0.0307692,
-1.20115 0.0538462,
-1.20115 1.0371,
-1.20115 1.03982,
-1.20089 1.03846,
-1.18571 0.0230769,
-1.18571 0.0538462,
-1.18571 1.01538,
-1.18571 1.05865,
-1.18571 1.06154,
-1.17597 0,
-1.17597 0.00457679,
-1.17597 0.00615384,
-1.17584 0,
-1.17584 0.00615384,
-1.175 0,
-1.175 0.00615384,
-1.17416 0,
-1.17416 0.00615384,
-1.17403 0,
-1.17403 0.00157705,
-1.17403 0.00615384,
-1.17054 1.03846,
-1.17027 0.0230769,
-1.17027 0.0307692,
-1.17027 0.0538462,
-1.17027 1.0371,
-1.17027 1.03982,
-1.16964 0.0230769,
-1.16964 0.0307692,
-1.16964 0.0538462,
-1.16964 1.03654,
-1.16964 1.04038,
-1.16901 0.0230769,
-1.16901 0.0307692,
-1.16901 0.0538462,
-1.16901 1.0371,
-1.16901 1.03982,
-1.16875 1.03846,
-1.15357 0.0230769,
-1.15357 0.0538462,
-1.15357 1.01538,
-1.15357 1.05865,
-1.15357 1.06154,
-1.13839 1.03846,
-1.13813 0.0230769,
-1.13813 0.0307692,
-1.13813 0.0538462,
-1.13813 1.0371,
-1.13813 1.03982,
-1.1375 0.0230769,
-1.1375 0.0307692,
-1.1375 0.0538462,
-1.1375 1.03654,
-1.1375 1.04038,
-1.13687 0.0230769,
-1.13687 0.0307692,
-1.13687 0.0538462,
-1.13687 1.0371,
-1.13687 1.03982,
-1.13661 1.03846,
-1.13393 0,
-1.12143 0.0230769,
-1.12143 0.0538462,
-1.12143 1.01538,
-1.12143 1.05865,
-1.12143 1.06154,
-1.10625 1.03846,
-1.10599 0.0230769,
-1.10599 0.0307692,
-1.10599 0.0538462,
-1.10599 1.0371,
-1.10599 1.03982,
-1.10536 0.0230769,
-1.10536 0.0307692,
-1.10536 0.0538462,
-1.10536 1.03654,
-1.10536 1.04038,
-1.10473 0.0230769,
-1.10473 0.0307692,
-1.10473 0.0538462,
-1.10473 1.0371,
-1.10473 1.03982,
-1.10446 1.03846,
-1.09383 0,
-1.09383 0.00457679,
-1.09383 0.00615384,
-1.0937 0,
-1.0937 0.00615384,
-1.09286 0,
-1.09286 0.00615384,
-1.09202 0,
-1.09202 0.00615384,
-1.09188 0,
-1.09188 0.00157705,
-1.09188 0.00615384,
-1.09125 0,
-1.09107 0,
-1.09107 0.0230769,
-1.08929 0.0538462,
-1.08929 0.0769231,
-1.08929 1.06154,
-1.08929 1.07692,
-1.07438 0,
-1.07421 0.00346154,
-1.07419 0.00692308,
-1.07418 0,
-1.07411 1.03846,
-1.07405 0,
-1.07385 0,
-1.07385 0.0307692,
-1.07385 0.0538462,
-1.07385 1.0371,
-1.07385 1.03982,
-1.07366 0.00692308,
-1.07363 0,
-1.07321 0,
-1.07321 0.0307692,
-1.07321 0.0538462,
-1.07321 1.03654,
-1.07321 1.04038,
-1.07279 0,
-1.07277 0.00692308,
-1.07258 0,
-1.07258 0.0307692,
-1.07258 0.0538462,
-1.07258 1.0371,
-1.07258 1.03982,
-1.07237 0,
-1.07232 1.03846,
-1.07224 0,
-1.07224 0.00692308,
-1.07222 0.00346154,
-1.07205 0,
-1.07143 1.01538,
-1.07143 1.05865,
-1.07143 1.07692,
-1.05714 0,
-1.04207 0.00346154,
-1.04204 0.00692308,
-1.04204 0,
-1.04196 1.03846,
-1.04191 0,
-1.0417 0,
-1.0417 0.0307692,
-1.0417 0.0769231,
-1.0417 1.0371,
-1.0417 1.03982,
-1.04151 0.00692308,
-1.04149 0,
-1.04107 0,
-1.04107 0.0307692,
-1.04107 0.0769231,
-1.04107 1.03654,
-1.04107 1.04038,
-1.04065 0,
-1.04063 0.00692308,
-1.04044 0,
-1.04044 0.0307692,
-1.04044 0.0769231,
-1.04044 1.0371,
-1.04044 1.03982,
-1.04023 0,
-1.04018 1.03846,
-1.0401 0,
-1.0401 0.00692308,
-1.04007 0.00346154,
-1.03991 0,
-1.03366 0,
-1.02686 0,
-1.02686 0.00194749,
-1.02686 0.00769231,
-1.02616 0,
-1.02616 0.00769231,
-1.025 0,
-1.025 0.00769231,
-1.02384 0,
-1.02384 0.00769231,
-1.02314 0,
-1.02314 0.00574482,
-1.02314 0.00769231,
-1.01634 0,
-1.00993 0.00346154,
-1.0099 0.00692308,
-1.0099 0,
-1.00982 1.03846,
-1.00977 0,
-1.00956 0,
-1.00956 0.0307692,
-1.00956 0.0769231,
-1.00956 1.0371,
-1.00956 1.03982,
-1.00937 0.00692308,
-1.00935 0,
-1.00893 0,
-1.00893 0.0307692,
-1.00893 0.0769231,
-1.00893 1.03654,
-1.00893 1.04038,
-1.00851 0,
-1.00849 0.00692308,
-1.0083 0,
-1.0083 0.0307692,
-1.0083 0.0769231,
-1.0083 1.0371,
-1.0083 1.03982,
-1.00809 0,
-1.00804 1.03846,
-1.00796 0,
-1.00796 0.00692308,
-1.00793 0.00346154,
-1.00777 0,
-1 0,
-1 0.0769231,
-1 1,
-1 1.07692,
-0.0357143 1,
-0.0357143 1.0371,
-0.0357143 1.03846,
-0.0357143 1.03982,
-0.0357143 1.06154,
-0.0357143 1.07692,
-0.025 1.0371,
-0.025 1.03846,
-0.025 1.03982,
-0.025 1.06154,
-0.025 1.07692,
-0.0142857 1.0371,
-0.0142857 1.03846,
-0.0142857 1.03982,
-0.0107143 1.01923,
-0.0107143 1.0371,
-0.0107143 1.03846,
-0.0107143 1.03982,
-0.0107143 1.05769,
-0.00357143 1.03446,
-0.00357143 1.03486,
-0.00357143 1.03718,
-0.00357143 1.03975,
-0.00357143 1.04206,
-0.00357143 1.04246,
-0.00321429 1.02406,
-0.00321429 1.02435,
-0.00321429 1.02615,
-0.00321429 1.02796,
-0.00321429 1.02825,
-0.00321429 1.04867,
-0.00321429 1.04896,
-0.00321429 1.05077,
-0.00321429 1.05258,
-0.00321429 1.05286,
-0.00285714 1.06367,
-0.00285714 1.06482,
-0.00285714 1.06672,
-0.00285714 1.06786,
-0.00266724 1.03446,
-0.00239056 1.0241,
-0.00239056 1.04871,
-0.00212494 1.06786,
-0.00160714 1.024,
-0.00160714 1.0283,
-0.00160714 1.04862,
-0.00160714 1.05292,
-0.000904192 1.04246,
-0.000732204 1.06367,
0 1,
0 1.01923,
0 1.02405,
0 1.02443,
0 1.0252,
0 1.02615,
0 1.0271,
0 1.02787,
0 1.02826,
0 1.03096,
0 1.03446,
0 1.03486,
0 1.0371,
0 1.03718,
0 1.03846,
0 1.03975,
0 1.03982,
0 1.04206,
0 1.04231,
0 1.04246,
0 1.04866,
0 1.04905,
0 1.04982,
0 1.05077,
0 1.05172,
0 1.05249,
0 1.05287,
0 1.05577,
0 1.05769,
0 1.06367,
0 1.06482,
0 1.06672,
0 1.06786,
0 1.07288,
0 1.07692,
0.000732204 1.06786,
0.000904192 1.03446,
0.00160714 1.024,
0.00160714 1.0283,
0.00160714 1.04862,
0.00160714 1.05292,
0.00212494 1.06367,
0.00266724 1.04246,
0.00285714 1.06367,
0.00285714 1.06482,
0.00285714 1.06672,
0.00285714 1.06786,
0.00321429 1.02406,
0.00321429 1.02435,
0.00321429 1.02615,
0.00321429 1.02796,
0.00321429 1.02825,
0.00321429 1.04867,
0.00321429 1.04896,
0.00321429 1.05077,
0.00321429 1.05258,
0.00321429 1.05286,
0.00357143 1.03446,
0.00357143 1.03486,
0.00357143 1.03718,
0.00357143 1.03975,
0.00357143 1.04206,
0.00357143 1.04246,
0.0107143 1.01923,
0.0107143 1.0371,
0.0107143 1.03846,
0.0107143 1.03982,
0.0107143 1.05769,
0.0142857 1.0371,
0.0142857 1.03846,
0.0142857 1.03982,
0.025 1.01538,
0.025 1.0371,
0.025 1.03846,
0.025 1.03982,
0.025 1.05865,
0.025 1.06154,
0.025 1.07692,
0.0357143 1,
0.0357143 1.01538,
0.0357143 1.0371,
0.0357143 1.03846,
0.0357143 1.03982,
0.0357143 1.06154,
0.0357143 1.07692,
1 0,
1 0.0769231,
1 1,
1 1.03096,
1 1.04231,
1 1.05577,
1 1.07288,
1 1.07692,
1.0075 1.02615,
1.0075 1.05077,
1.00757 1.0252,
1.00757 1.0271,
1.00757 1.04982,
1.00757 1.05172,
1.00777 0,
1.00777 1,
1.00777 1.02462,
1.00777 1.02769,
1.00777 1.03096,
1.00777 1.04231,
1.00777 1.04923,
1.00777 1.05231,
1.00777 1.05577,
1.00777 1.07288,
1.00777 1.07692,
1.00777 1.02435,
1.00777 1.02796,
1.00777 1.04896,
1.00777 1.05258,
1.00793 0.00346154,
1.00796 0.00692308,
1.00796 0,
1.00804 1.03846,
1.00809 0,
1.00809 1.02366,
1.00809 1.02864,
1.00809 1.04828,
1.00809 1.05326,
1.0083 0,
1.0083 0.0307692,
1.0083 0.0769231,
1.0083 1.0371,
1.0083 1.03982,
1.00849 0.00692308,
1.00849 1.02323,
1.00849 1.02908,
1.00849 1.04784,
1.00849 1.0537,
1.00851 0,
1.00893 0,
1.00893 0.0307692,
1.00893 0.0769231,
1.00893 1.02308,
1.00893 1.02615,
1.00893 1.02923,
1.00893 1.03654,
1.00893 1.04038,
1.00893 1.04769,
1.00893 1.05077,
1.00893 1.05385,
1.00935 0,
1.00937 0.00692308,
1.00937 1.02323,
1.00937 1.02908,
1.00937 1.04784,
1.00937 1.0537,
1.00956 0,
1.00956 0.0307692,
1.00956 0.0769231,
1.00956 1.0371,
1.00956 1.03982,
1.00977 0,
1.00977 1.02366,
1.00977 1.02864,
1.00977 1.04828,
1.00977 1.05326,
1.00982 1.03846,
1.0099 0.00514889,
1.0099 0,
1.0099 0.00692308,
1.00993 0.00346154,
1.01008 1.02435,
1.01008 1.02796,
1.01008 1.04896,
1.01008 1.05258,
1.01029 1.0252,
1.01029 1.0271,
1.01029 1.04982,
1.01029 1.05172,
1.01036 1.02615,
1.01036 1.05077,
1.01634 0,
1.01634 1,
1.01634 1.03096,
1.01634 1.04231,
1.01634 1.05577,
1.01634 1.07288,
1.01634 1.07692,
1.02239 1.03718,
1.02239 1.03975,
1.02291 1.03486,
1.02291 1.04206,
1.02305 1.04231,
1.02314 0,
1.02314 0.00194749,
1.02314 0.00769231,
1.02384 0,
1.02384 0.00769231,
1.02384 1.03326,
1.02384 1.04366,
1.025 0,
1.025 0.00769231,
1.025 1.03269,
1.025 1.03846,
1.025 1.04423,
1.02616 0,
1.02616 0.00769231,
1.02616 1.03326,
1.02616 1.04366,
1.02686 0,
1.02686 0.00574482,
1.02686 0.00769231,
1.02695 1.04231,
1.02709 1.03486,
1.02709 1.04206,
1.02761 1.03718,
1.02761 1.03975,
1.03366 0,
1.03366 1,
1.03366 1.03096,
1.03366 1.04231,
1.03366 1.05577,
1.03366 1.07288,
1.03366 1.07692,
1.03964 1.02615,
1.03964 1.05077,
1.03971 1.0252,
1.03971 1.0271,
1.03971 1.04982,
1.03971 1.05172,
1.03991 0,
1.03991 1,
1.03991 1.02462,
1.03991 1.02769,
1.03991 1.03096,
1.03991 1.04231,
1.03991 1.04923,
1.03991 1.05231,
1.03991 1.05577,
1.03991 1.07288,
1.03991 1.07692,
1.03992 1.02435,
1.03992 1.02796,
1.03992 1.04896,
1.03992 1.05258,
1.04007 0.00346154,
1.0401 0.00692308,
1.0401 0,
1.04018 1.03846,
1.04023 0,
1.04023 1.02366,
1.04023 1.02864,
1.04023 1.04828,
1.04023 1.05326,
1.04044 0,
1.04044 0.0307692,
1.04044 0.0769231,
1.04044 1.0371,
1.04044 1.03982,
1.04063 0.00692308,
1.04063 1.02323,
1.04063 1.02908,
1.04063 1.04784,
1.04063 1.0537,
1.04065 0,
1.04107 0,
1.04107 0.0307692,
1.04107 0.0769231,
1.04107 1.02308,
1.04107 1.02615,
1.04107 1.02923,
1.04107 1.03654,
1.04107 1.04038,
1.04107 1.04769,
1.04107 1.05077,
1.04107 1.05385,
1.04149 0,
1.04151 0.00692308,
1.04151 1.02323,
1.04151 1.02908,
1.04151 1.04784,
1.04151 1.0537,
1.0417 0,
1.0417 0.0307692,
1.0417 0.0769231,
1.0417 1.0371,
1.0417 1.03982,
1.04191 0,
1.04191 1.02366,
1.04191 1.02864,
1.04191 1.04828,
1.04191 1.05326,
1.04196 1.03846,
1.04204 0.00514889,
1.04204 0,
1.04204 0.00692308,
1.04207 0.00346154,
1.04223 1.02435,
1.04223 1.02796,
1.04223 1.04896,
1.04223 1.05258,
1.04243 1.0252,
1.04243 1.0271,
1.04243 1.04982,
1.04243 1.05172,
1.0425 1.02615,
1.0425 1.05077,
1.05714 0,
1.05714 1,
1.05714 1.03096,
1.05714 1.04231,
1.05714 1.05577,
1.05714 1.07288,
1.05714 1.07692,
1.07143 0.0538462,
1.07143 0.0769231,
1.07179 1.02615,
1.07179 1.05077,
1.07186 1.0252,
1.07186 1.0271,
1.07186 1.04982,
1.07186 1.05172,
1.07205 0,
1.07205 1,
1.07205 1.02462,
1.07205 1.02769,
1.07205 1.03096,
1.07205 1.04231,
1.07205 1.04923,
1.07205 1.05231,
1.07205 1.05577,
1.07205 1.07288,
1.07205 1.07692,
1.07206 1.02435,
1.07206 1.02796,
1.07206 1.04896,
1.07206 1.05258,
1.07222 0.00346154,
1.07224 0.00692308,
1.07224 0,
1.07232 1.03846,
1.07237 0,
1.07237 1.02366,
1.07237 1.02864,
1.07237 1.04828,
1.07237 1.05326,
1.07258 0,
1.07258 0.0307692,
1.07258 0.0538462,
1.07258 1.0371,
1.07258 1.03982,
1.07277 0.00692308,
1.07277 1.02323,
1.07277 1.02908,
1.07277 1.04784,
1.07277 1.0537,
1.07279 0,
1.07321 0,
1.07321 0.0307692,
1.07321 0.0538462,
1.07321 1.02308,
1.07321 1.02615,
1.07321 1.02923,
1.07321 1.03654,
1.07321 1.04038,
1.07321 1.04769,
1.07321 1.05077,
1.07321 1.05385,
1.07363 0,
1.07366 0.00692308,
1.07366 1.02323,
1.07366 1.02908,
1.07366 1.04784,
1.07366 1.0537,
1.07385 0,
1.07385 0.0307692,
1.07385 0.0538462,
1.07385 1.0371,
1.07385 1.03982,
1.07405 0,
1.07405 1.02366,
1.07405 1.02864,
1.07405 1.04828,
1.07405 1.05326,
1.07411 1.03846,
1.07418 0.00514889,
1.07418 0,
1.07419 0.00692308,
1.07421 0.00346154,
1.07437 1.02435,
1.07437 1.02796,
1.07437 1.04896,
1.07437 1.05258,
1.07438 0,
1.07438 1,
1.07438 1.02462,
1.07438 1.02769,
1.07438 1.03096,
1.07438 1.04231,
1.07438 1.04923,
1.07438 1.05231,
1.07438 1.05577,
1.07438 1.07288,
1.07438 1.07692,
1.07457 1.0252,
1.07457 1.0271,
1.07457 1.04982,
1.07457 1.05172,
1.07464 1.02615,
1.07464 1.05077,
1.08929 0.0538462,
1.08929 0.0769231,
1.09107 0,
1.09107 0.0230769,
1.09107 1.01923,
1.09107 1.03096,
1.09107 1.04231,
1.09107 1.04904,
1.09107 1.05577,
1.09107 1.05769,
1.09125 0,
1.09125 1,
1.09125 1.01923,
1.09125 1.05769,
1.09125 1.07288,
1.09125 1.07692,
1.0915 1.06482,
1.0915 1.06672,
1.09188 0,
1.09188 0.00457679,
1.09188 0.00615384,
1.09202 0,
1.09202 0.00615384,
1.09202 1.06328,
1.09202 1.06826,
1.09286 0,
1.09286 0.00615384,
1.09286 1.06269,
1.09286 1.06577,
1.09286 1.06885,
1.0937 0,
1.0937 0.00615384,
1.0937 1.06328,
1.0937 1.06826,
1.09383 0,
1.09383 0.00157705,
1.09383 0.00615384,
1.09422 1.06482,
1.09422 1.06672,
1.10446 1.03846,
1.10473 0.0230769,
1.10473 0.0307692,
1.10473 0.0538462,
1.10473 1.0371,
1.10473 1.03982,
1.10536 0.0230769,
1.10536 0.0307692,
1.10536 0.0538462,
1.10536 1.03654,
1.10536 1.04038,
1.10599 0.0230769,
1.10599 0.0307692,
1.10599 0.0538462,
1.10599 1.0371,
1.10599 1.03982,
1.10625 1.03846,
1.12143 0.0230769,
1.12143 0.0538462,
1.12143 1.01923,
1.12143 1.04904,
1.12143 1.05769,
1.13393 0,
1.13393 1,
1.13393 1.01923,
1.13393 1.05769,
1.13393 1.07288,
1.13393 1.07692,
1.13661 1.03846,
1.13687 0.0230769,
1.13687 0.0307692,
1.13687 0.0538462,
1.13687 1.0371,
1.13687 1.03982,
1.1375 0.0230769,
1.1375 0.0307692,
1.1375 0.0538462,
1.1375 1.03654,
1.1375 1.04038,
1.13813 0.0230769,
1.13813 0.0307692,
1.13813 0.0538462,
1.13813 1.0371,
1.13813 1.03982,
1.13839 1.03846,
1.15357 0.0230769,
1.15357 0.0538462,
1.15357 1.01923,
1.15357 1.04904,
1.15357 1.05769,
1.16875 1.03846,
1.16901 0.0230769,
1.16901 0.0307692,
1.16901 0.0538462,
1.16901 1.0371,
1.16901 1.03982,
1.16964 0.0230769,
1.16964 0.0307692,
1.16964 0.0538462,
1.16964 1.03654,
1.16964 1.04038,
1.17027 0.0230769,
1.17027 0.0307692,
1.17027 0.0538462,
1.17027 1.0371,
1.17027 1.03982,
1.17054 1.03846,
1.17364 1.06482,
1.17364 1.06672,
1.17403 0,
1.17403 0.00457679,
1.17403 0.00615384,
1.17416 0,
1.17416 0.00615384,
1.17416 1.06328,
1.17416 1.06826,
1.175 0,
1.175 0.00615384,
1.175 1.06269,
1.175 1.06577,
1.175 1.06885,
1.17584 0,
1.17584 0.00615384,
1.17584 1.06328,
1.17584 1.06826,
1.17597 0,
1.17597 0.00157705,
1.17597 0.00615384,
1.17636 1.06482,
1.17636 1.06672,
1.18571 0.0230769,
1.18571 0.0538462,
1.18571 1.01923,
1.18571 1.04904,
1.18571 1.05769,
1.20089 1.03846,
1.20115 0.0230769,
1.20115 0.0307692,
1.20115 0.0538462,
1.20115 1.0371,
1.20115 1.03982,
1.20179 0.0230769,
1.20179 0.0307692,
1.20179 0.0538462,
1.20179 1.03654,
1.20179 1.04038,
1.20242 0.0230769,
1.20242 0.0307692,
1.20242 0.0538462,
1.20242 1.0371,
1.20242 1.03982,
1.20268 1.03846,
1.21607 0,
1.21607 1,
1.21607 1.01923,
1.21607 1.05769,
1.21607 1.07288,
1.21607 1.07692,
1.21786 0.0230769,
1.21786 0.0538462,
1.21786 1.01923,
1.21786 1.04904,
1.21786 1.05769,
1.23304 1.03846,
1.2333 0.0230769,
1.2333 0.0307692,
1.2333 0.0538462,
1.2333 1.0371,
1.2333 1.03982,
1.23393 0.0230769,
1.23393 0.0307692,
1.23393 0.0538462,
1.23393 1.03654,
1.23393 1.04038,
1.23456 0.0230769,
1.23456 0.0307692,
1.23456 0.0538462,
1.23456 1.0371,
1.23456 1.03982,
1.23482 1.03846,
1.25 0.0230769,
1.25 0.0538462,
1.25 1.01923,
1.25 1.04904,
1.25 1.05769,
1.25578 1.06482,
1.25578 1.06672,
1.25617 0,
1.25617 0.00457679,
1.25617 0.00615384,
1.2563 0,
1.2563 0.00615384,
1.2563 1.06328,
1.2563 1.06826,
1.25714 0,
1.25714 0.00615384,
1.25714 1.06269,
1.25714 1.06577,
1.25714 1.06885,
1.25798 0,
1.25798 0.00615384,
1.25798 1.06328,
1.25798 1.06826,
1.25812 0,
1.25812 0.00157705,
1.25812 0.00615384,
1.2585 1.06482,
1.2585 1.06672,
1.26518 1.03846,
1.26544 0.0230769,
1.26544 0.0307692,
1.26544 0.0538462,
1.26544 1.0371,
1.26544 1.03982,
1.26607 0.0230769,
1.26607 0.0307692,
1.26607 0.0538462,
1.26607 1.03654,
1.26607 1.04038,
1.2667 0.0230769,
1.2667 0.0307692,
1.2667 0.0538462,
1.2667 1.0371,
1.2667 1.03982,
1.26696 1.03846,
1.28214 0.0230769,
1.28214 0.0538462,
1.28214 1.01923,
1.28214 1.04904,
1.28214 1.05769,
1.29732 1.03846,
1.29758 0.0230769,
1.29758 0.0307692,
1.29758 0.0538462,
1.29758 1.0371,
1.29758 1.03982,
1.29821 0.0230769,
1.29821 0.0307692,
1.29821 0.0538462,
1.29821 1.03654,
1.29821 1.04038,
1.29885 0.0230769,
1.29885 0.0307692,
1.29885 0.0538462,
1.29885 1.0371,
1.29885 1.03982,
1.29911 1.03846,
1.31429 0.0230769,
1.31429 0.0538462,
1.31429 1.01923,
1.31429 1.04904,
1.31429 1.05769,
1.32946 1.03846,
1.32973 0.0230769,
1.32973 0.0307692,
1.32973 0.0538462,
1.32973 1.0371,
1.32973 1.03982,
1.33036 0.0230769,
1.33036 0.0307692,
1.33036 0.0538462,
1.33036 1.03654,
1.33036 1.04038,
1.33099 0.0230769,
1.33099 0.0307692,
1.33099 0.0538462,
1.33099 1.0371,
1.33099 1.03982,
1.33125 1.03846,
1.33793 1.06482,
1.33793 1.06672,
1.33831 0,
1.33831 0.00457679,
1.33831 0.00615384,
1.33845 0,
1.33845 0.00615384,
1.33845 1.06328,
1.33845 1.06826,
1.33929 0,
1.33929 0.00615384,
1.33929 1.06269,
1.33929 1.06577,
1.33929 1.06885,
1.34013 0,
1.34013 0.00615384,
1.34013 1.06328,
1.34013 1.06826,
1.34026 0,
1.34026 0.00157705,
1.34026 0.00615384,
1.34064 1.06482,
1.34064 1.06672,
1.34643 0.0538462,
1.36161 1.03846,
1.36187 0.0230769,
1.36187 0.0307692,
1.36187 0.0538462,
1.36187 1.0371,
1.36187 1.03982,
1.3625 0.0230769,
1.3625 0.0307692,
1.3625 0.0538462,
1.3625 1.03654,
1.3625 1.04038,
1.36313 0.0230769,
1.36313 0.0307692,
1.36313 0.0538462,
1.36313 1.0371,
1.36313 1.03982,
1.36339 1.03846,
1.37857 0.0230769,
1.37857 1.01923,
1.37857 1.04904,
1.37857 1.05769,
1.38036 0,
1.38036 1,
1.38036 1.01923,
1.38036 1.05769,
1.38036 1.07288,
1.38036 1.07692,
1.39375 1.03846,
1.39401 0.0230769,
1.39401 0.0307692,
1.39401 0.0538462,
1.39401 1.0371,
1.39401 1.03982,
1.39464 0.0230769,
1.39464 0.0307692,
1.39464 0.0538462,
1.39464 1.03654,
1.39464 1.04038,
1.39527 0.0230769,
1.39527 0.0307692,
1.39527 0.0538462,
1.39527 1.0371,
1.39527 1.03982,
1.39554 1.03846,
1.41071 0.0230769,
1.41071 0.0538462,
1.41071 1.01923,
1.41071 1.04904,
1.41071 1.05769,
1.42007 1.06482,
1.42007 1.06672,
1.42046 0,
1.42046 0.00457679,
1.42046 0.00615384,
1.42059 0,
1.42059 0.00615384,
1.42059 1.06328,
1.42059 1.06826,
1.42143 0,
1.42143 0.00615384,
1.42143 1.06269,
1.42143 1.06577,
1.42143 1.06885,
1.42227 0,
1.42227 0.00615384,
1.42227 1.06328,
1.42227 1.06826,
1.4224 0,
1.4224 0.00157705,
1.4224 0.00615384,
1.42279 1.06482,
1.42279 1.06672,
1.42589 1.03846,
1.42615 0.0230769,
1.42615 0.0307692,
1.42615 0.0538462,
1.42615 1.0371,
1.42615 1.03982,
1.42679 0.0230769,
1.42679 0.0307692,
1.42679 0.0538462,
1.42679 1.03654,
1.42679 1.04038,
1.42742 0.0230769,
1.42742 0.0307692,
1.42742 0.0538462,
1.42742 1.0371,
1.42742 1.03982,
1.42768 1.03846,
1.44286 0.0230769,
1.44286 0.0538462,
1.44286 1.01923,
1.44286 1.04904,
1.44286 1.05769,
1.45804 1.03846,
1.4583 0.0230769,
1.4583 0.0307692,
1.4583 0.0538462,
1.4583 1.0371,
1.4583 1.03982,
1.45893 0.0230769,
1.45893 0.0307692,
1.45893 0.0538462,
1.45893 1.03654,
1.45893 1.04038,
1.45956 0.0230769,
1.45956 0.0307692,
1.45956 0.0538462,
1.45956 1.0371,
1.45956 1.03982,
1.45982 1.03846,
1.4625 0,
1.4625 1,
1.4625 1.01923,
1.4625 1.05769,
1.4625 1.07288,
1.4625 1.07692,
1.475 0.0230769,
1.475 0.0538462,
1.475 1.01923,
1.475 1.04904,
1.475 1.05769,
1.49018 1.03846,
1.49044 0.0230769,
1.49044 0.0307692,
1.49044 0.0538462,
1.49044 1.0371,
1.49044 1.03982,
1.49107 0.0230769,
1.49107 0.0307692,
1.49107 0.0538462,
1.49107 1.03654,
1.49107 1.04038,
1.4917 0.0230769,
1.4917 0.0307692,
1.4917 0.0538462,
1.4917 1.0371,
1.4917 1.03982,
1.49196 1.03846,
1.49866 0.0230769,
1.49866 1.01923,
1.49866 1.04904,
1.49866 1.05769,
1.50221 1.06482,
1.50221 1.06672,
1.5026 0,
1.5026 0.00457679,
1.5026 0.00615384,
1.50273 0,
1.50273 0.00615384,
1.50273 1.06328,
1.50273 1.06826,
1.50357 0,
1.50357 0.00615384,
1.50357 1.06269,
1.50357 1.06577,
1.50357 1.06885,
1.50441 0,
1.50441 0.00615384,
1.50441 1.06328,
1.50441 1.06826,
1.50454 0,
1.50454 0.00157705,
1.50454 0.00615384,
1.50493 1.06482,
1.50493 1.06672,
1.50536 0,
1.50536 0.0230769,
1.50536 1.01923,
1.50536 1.03096,
1.50536 1.04231,
1.50536 1.04904,
1.50536 1.05577,
1.50536 1.05769,
1.50714 0.0538462,
1.51357 0,
1.51357 1,
1.51357 1.03096,
1.51357 1.04231,
1.51357 1.05577,
1.51357 1.07288,
1.51357 1.07692,
1.52179 1.02615,
1.52179 1.05077,
1.52186 1.0252,
1.52186 1.0271,
1.52186 1.04982,
1.52186 1.05172,
1.52205 0,
1.52205 1,
1.52205 1.02462,
1.52205 1.02769,
1.52205 1.03096,
1.52205 1.04231,
1.52205 1.04923,
1.52205 1.05231,
1.52205 1.05577,
1.52205 1.07288,
1.52205 1.07692,
1.52206 1.02435,
1.52206 1.02796,
1.52206 1.04896,
1.52206 1.05258,
1.52222 0.00346154,
1.52224 0.00692308,
1.52224 0,
1.52232 1.03846,
1.52237 0,
1.52237 1.02366,
1.52237 1.02864,
1.52237 1.04828,
1.52237 1.05326,
1.52258 0,
1.52258 0.0307692,
1.52258 0.0538462,
1.52258 1.0371,
1.52258 1.03982,
1.52277 0.00692308,
1.52277 1.02323,
1.52277 1.02908,
1.52277 1.04784,
1.52277 1.0537,
1.52279 0,
1.52321 0,
1.52321 0.0307692,
1.52321 0.0538462,
1.52321 1.02308,
1.52321 1.02615,
1.52321 1.02923,
1.52321 1.03654,
1.52321 1.04038,
1.52321 1.04769,
1.52321 1.05077,
1.52321 1.05385,
1.52363 0,
1.52366 0.00692308,
1.52366 1.02323,
1.52366 1.02908,
1.52366 1.04784,
1.52366 1.0537,
1.52385 0,
1.52385 0.0307692,
1.52385 0.0538462,
1.52385 1.0371,
1.52385 1.03982,
1.52405 0,
1.52405 1.02366,
1.52405 1.02864,
1.52405 1.04828,
1.52405 1.05326,
1.52411 1.03846,
1.52418 0.00514889,
1.52418 0,
1.52419 0.00692308,
1.52421 0.00346154,
1.52437 1.02435,
1.52437 1.02796,
1.52437 1.04896,
1.52437 1.05258,
1.52438 0,
1.52438 1,
1.52438 1.02462,
1.52438 1.02769,
1.52438 1.03096,
1.52438 1.04231,
1.52438 1.04923,
1.52438 1.05231,
1.52438 1.05577,
1.52438 1.07288,
1.52438 1.07692,
1.52457 1.0252,
1.52457 1.0271,
1.52457 1.04982,
1.52457 1.05172,
1.52464 1.02615,
1.52464 1.05077,
1.53929 0.0538462,
1.55393 1.02615,
1.55393 1.05077,
1.554 1.0252,
1.554 1.0271,
1.554 1.04982,
1.554 1.05172,
1.5542 0,
1.5542 1,
1.5542 1.02462,
1.5542 1.02769,
1.5542 1.03096,
1.5542 1.04231,
1.5542 1.04923,
1.5542 1.05231,
1.5542 1.05577,
1.5542 1.07288,
1.5542 1.07692,
1.5542 1.02435,
1.5542 1.02796,
1.5542 1.04896,
1.5542 1.05258,
1.55436 0.00346154,
1.55438 0.00692308,
1.55439 0,
1.55446 1.03846,
1.55452 0,
1.55452 1.02366,
1.55452 1.02864,
1.55452 1.04828,
1.55452 1.05326,
1.55473 0,
1.55473 0.0307692,
1.55473 0.0538462,
1.55473 1.0371,
1.55473 1.03982,
1.55492 0.00692308,
1.55492 1.02323,
1.55492 1.02908,
1.55492 1.04784,
1.55492 1.0537,
1.55494 0,
1.55536 0,
1.55536 0.0307692,
1.55536 0.0538462,
1.55536 1.02308,
1.55536 1.02615,
1.55536 1.02923,
1.55536 1.03654,
1.55536 1.04038,
1.55536 1.04769,
1.55536 1.05077,
1.55536 1.05385,
1.55578 0,
1.5558 0.00692308,
1.5558 1.02323,
1.5558 1.02908,
1.5558 1.04784,
1.5558 1.0537,
1.55599 0,
1.55599 0.0307692,
1.55599 0.0538462,
1.55599 1.0371,
1.55599 1.03982,
1.5562 0,
1.5562 1.02366,
1.5562 1.02864,
1.5562 1.04828,
1.5562 1.05326,
1.55625 1.03846,
1.55632 0.00514889,
1.55633 0,
1.55633 0.00692308,
1.55635 0.00346154,
1.55651 1.02435,
1.55651 1.02796,
1.55651 1.04896,
1.55651 1.05258,
1.55652 0,
1.55652 1,
1.55652 1.02462,
1.55652 1.02769,
1.55652 1.03096,
1.55652 1.04231,
1.55652 1.04923,
1.55652 1.05231,
1.55652 1.05577,
1.55652 1.07288,
1.55652 1.07692,
1.55672 1.0252,
1.55672 1.0271,
1.55672 1.04982,
1.55672 1.05172,
1.55679 1.02615,
1.55679 1.05077,
1.57143 0,
1.57143 0.0538462,
1.57143 1,
1.57143 1.03096,
1.57143 1.04231,
1.57143 1.05577,
1.57143 1.07288,
1.57143 1.07692,
1.58607 1.02615,
1.58607 1.05077,
1.58614 1.0252,
1.58614 1.0271,
1.58614 1.04982,
1.58614 1.05172,
1.58634 0,
1.58634 1,
1.58634 1.02462,
1.58634 1.02769,
1.58634 1.03096,
1.58634 1.04231,
1.58634 1.04923,
1.58634 1.05231,
1.58634 1.05577,
1.58634 1.07288,
1.58634 1.07692,
1.58634 1.02435,
1.58634 1.02796,
1.58634 1.04896,
1.58634 1.05258,
1.5865 0.00346154,
1.58653 0.00692308,
1.58653 0,
1.58661 1.03846,
1.58666 0,
1.58666 1.02366,
1.58666 1.02864,
1.58666 1.04828,
1.58666 1.05326,
1.58687 0,
1.58687 0.0307692,
1.58687 0.0538462,
1.58687 1.0371,
1.58687 1.03982,
1.58706 0.00692308,
1.58706 1.02323,
1.58706 1.02908,
1.58706 1.04784,
1.58706 1.0537,
1.58708 0,
1.5875 0,
1.5875 0.0307692,
1.5875 0.0538462,
1.5875 1.02308,
1.5875 1.02615,
1.5875 1.02923,
1.5875 1.03654,
1.5875 1.04038,
1.5875 1.04769,
1.5875 1.05077,
1.5875 1.05385,
1.58792 0,
1.58794 0.00692308,
1.58794 1.02323,
1.58794 1.02908,
1.58794 1.04784,
1.58794 1.0537,
1.58813 0,
1.58813 0.0307692,
1.58813 0.0538462,
1.58813 1.0371,
1.58813 1.03982,
1.58834 0,
1.58834 1.02366,
1.58834 1.02864,
1.58834 1.04828,
1.58834 1.05326,
1.58839 1.03846,
1.58847 0.00514889,
1.58847 0,
1.58847 0.00692308,
1.5885 0.00346154,
1.58866 1.02435,
1.58866 1.02796,
1.58866 1.04896,
1.58866 1.05258,
1.58866 0,
1.58866 1,
1.58866 1.02462,
1.58866 1.02769,
1.58866 1.03096,
1.58866 1.04231,
1.58866 1.04923,
1.58866 1.05231,
1.58866 1.05577,
1.58866 1.07288,
1.58866 1.07692,
1.58886 1.0252,
1.58886 1.0271,
1.58886 1.04982,
1.58886 1.05172,
1.58893 1.02615,
1.58893 1.05077,
1.59491 0,
1.59491 1,
1.59491 1.03096,
1.59491 1.04231,
1.59491 1.05577,
1.59491 1.07288,
1.59491 1.07692,
1.60096 1.03718,
1.60096 1.03975,
1.60148 1.03486,
1.60148 1.04206,
1.60162 1.04231,
1.60171 0,
1.60171 0.00194749,
1.60171 0.00769231,
1.60241 0,
1.60241 0.00769231,
1.60241 1.03326,
1.60241 1.04366,
1.60357 0,
1.60357 0.00769231,
1.60357 0.0538462,
1.60357 1.03269,
1.60357 1.03846,
1.60357 1.04423,
1.60473 0,
1.60473 0.00769231,
1.60473 1.03326,
1.60473 1.04366,
1.60543 0,
1.60543 0.00574482,
1.60543 0.00769231,
1.60552 1.04231,
1.60567 1.03486,
1.60567 1.04206,
1.60618 1.03718,
1.60618 1.03975,
1.61223 0,
1.61223 1,
1.61223 1.03096,
1.61223 1.04231,
1.61223 1.05577,
1.61223 1.07288,
1.61223 1.07692,
1.61821 1.02615,
1.61821 1.05077,
1.61828 1.0252,
1.61828 1.0271,
1.61828 1.04982,
1.61828 1.05172,
1.61849 1.02435,
1.61849 1.02796,
1.61849 1.04896,
1.61849 1.05258,
1.61865 0.00346154,
1.61867 0.00692308,
1.61867 0,
1.61875 1.03846,
1.6188 0,
1.6188 1.02366,
1.6188 1.02864,
1.6188 1.04828,
1.6188 1.05326,
1.61901 0,
1.61901 0.0307692,
1.61901 0.0538462,
1.61901 1.0371,
1.61901 1.03982,
1.6192 0.00692308,
1.6192 1.02323,
1.6192 1.02908,
1.6192 1.04784,
1.6192 1.0537,
1.61922 0,
1.61964 0,
1.61964 0.0307692,
1.61964 0.0538462,
1.61964 1.02308,
1.61964 1.02615,
1.61964 1.02923,
1.61964 1.03654,
1.61964 1.04038,
1.61964 1.04769,
1.61964 1.05077,
1.61964 1.05385,
1.62006 0,
1.62008 0.00692308,
1.62008 1.02323,
1.62008 1.02908,
1.62008 1.04784,
1.62008 1.0537,
1.62027 0,
1.62027 0.0307692,
1.62027 0.0538462,
1.62027 1.0371,
1.62027 1.03982,
1.62048 0,
1.62048 1.02366,
1.62048 1.02864,
1.62048 1.04828,
1.62048 1.05326,
1.62054 1.03846,
1.62061 0.00514889,
1.62061 0,
1.62062 0.00692308,
1.62064 0.00346154,
1.6208 1.02435,
1.6208 1.02796,
1.6208 1.04896,
1.6208 1.05258,
1.621 1.0252,
1.621 1.0271,
1.621 1.04982,
1.621 1.05172,
1.62107 1.02615,
1.62107 1.05077,
1.62455 0.0538462,
1.62857 0,
1.62857 0.0538462,
1.62857 0.0769231,
1.62857 1,
1.62857 1.03096,
1.62857 1.04231,
1.62857 1.05577,
1.62857 1.07288,
1.62857 1.07692
] }
coordIndex [
1672,1649,1915,-1,
1915,1649,1578,-1,
1915,1578,11,-1,
11,1578,9,-1,
1818,1835,1909,-1,
1835,1852,1909,-1,
1909,1852,1868,-1,
1909,1868,1915,-1,
1868,1855,1915,-1,
1915,1855,1838,-1,
1915,1838,1672,-1,
1672,1838,1821,-1,
1672,1821,1679,-1,
1679,1821,1805,-1,
1649,1632,1578,-1,
1578,1632,1616,-1,
1578,1616,1575,-1,
1575,1616,1623,-1,
1575,1623,1646,-1,
1909,1575,1818,-1,
1818,1575,1646,-1,
1818,1646,1805,-1,
1805,1646,1663,-1,
1805,1663,1679,-1,
80,79,97,-1,
97,79,96,-1,
97,96,103,-1,
103,96,102,-1,
110,103,102,-1,
109,110,102,-1,
102,110,102,-1,
96,102,102,-1,
110,109,100,-1,
100,109,100,-1,
94,100,100,-1,
93,94,99,-1,
99,94,100,-1,
109,99,100,-1,
94,93,77,-1,
77,93,76,-1,
77,76,60,-1,
60,76,59,-1,
60,59,54,-1,
54,59,53,-1,
47,54,53,-1,
46,47,53,-1,
53,47,53,-1,
59,53,53,-1,
47,46,57,-1,
57,46,57,-1,
63,57,57,-1,
62,63,56,-1,
56,63,57,-1,
46,56,57,-1,
63,62,80,-1,
79,80,62,-1,
272,271,295,-1,
295,271,294,-1,
295,294,289,-1,
289,294,288,-1,
302,289,288,-1,
301,302,288,-1,
288,302,288,-1,
294,288,288,-1,
302,301,286,-1,
286,301,286,-1,
292,286,286,-1,
291,292,285,-1,
285,292,286,-1,
301,285,286,-1,
292,291,269,-1,
269,291,268,-1,
269,268,246,-1,
246,268,245,-1,
246,245,249,-1,
249,245,248,-1,
239,249,248,-1,
238,239,248,-1,
248,239,248,-1,
245,248,248,-1,
239,238,252,-1,
252,238,252,-1,
255,252,252,-1,
254,255,251,-1,
251,255,252,-1,
238,251,252,-1,
255,254,272,-1,
271,272,254,-1,
425,424,448,-1,
448,424,447,-1,
448,447,442,-1,
442,447,441,-1,
455,442,441,-1,
454,455,441,-1,
441,455,441,-1,
447,441,441,-1,
455,454,439,-1,
439,454,439,-1,
445,439,439,-1,
444,445,438,-1,
438,445,439,-1,
454,438,439,-1,
445,444,422,-1,
422,444,421,-1,
422,421,399,-1,
399,421,398,-1,
399,398,405,-1,
405,398,404,-1,
392,405,404,-1,
391,392,404,-1,
404,392,404,-1,
398,404,404,-1,
392,391,408,-1,
408,391,408,-1,
402,408,408,-1,
401,402,407,-1,
407,402,408,-1,
391,407,408,-1,
402,401,425,-1,
424,425,401,-1,
572,571,589,-1,
589,571,588,-1,
589,588,595,-1,
595,588,594,-1,
602,595,594,-1,
601,602,594,-1,
594,602,594,-1,
588,594,594,-1,
602,601,592,-1,
592,601,592,-1,
586,592,592,-1,
585,586,591,-1,
591,586,592,-1,
601,591,592,-1,
586,585,569,-1,
569,585,568,-1,
569,568,552,-1,
552,568,551,-1,
552,551,546,-1,
546,551,545,-1,
539,546,545,-1,
538,539,545,-1,
545,539,545,-1,
551,545,545,-1,
539,538,549,-1,
549,538,549,-1,
555,549,549,-1,
554,555,548,-1,
548,555,549,-1,
538,548,549,-1,
555,554,572,-1,
571,572,554,-1,
714,713,720,-1,
720,713,719,-1,
720,719,726,-1,
726,719,725,-1,
729,726,725,-1,
728,729,725,-1,
725,729,725,-1,
719,725,725,-1,
729,728,723,-1,
723,728,723,-1,
717,723,723,-1,
716,717,722,-1,
722,717,723,-1,
728,722,723,-1,
717,716,711,-1,
711,716,710,-1,
711,710,699,-1,
699,710,698,-1,
699,698,702,-1,
702,698,701,-1,
696,702,701,-1,
695,696,701,-1,
701,696,701,-1,
698,701,701,-1,
696,695,705,-1,
705,695,705,-1,
708,705,705,-1,
707,708,704,-1,
704,708,705,-1,
695,704,705,-1,
708,707,714,-1,
713,714,707,-1,
761,760,773,-1,
773,760,772,-1,
773,772,767,-1,
767,772,766,-1,
776,767,766,-1,
775,776,766,-1,
766,776,766,-1,
772,766,766,-1,
776,775,764,-1,
764,775,764,-1,
770,764,764,-1,
769,770,763,-1,
763,770,764,-1,
775,763,764,-1,
770,769,758,-1,
758,769,757,-1,
758,757,746,-1,
746,757,745,-1,
746,745,752,-1,
752,745,751,-1,
743,752,751,-1,
742,743,751,-1,
751,743,751,-1,
745,751,751,-1,
743,742,755,-1,
755,742,755,-1,
749,755,755,-1,
748,749,754,-1,
754,749,755,-1,
742,754,755,-1,
749,748,761,-1,
760,761,748,-1,
803,802,809,-1,
809,802,808,-1,
809,808,815,-1,
815,808,814,-1,
818,815,814,-1,
817,818,814,-1,
814,818,814,-1,
808,814,814,-1,
818,817,812,-1,
812,817,812,-1,
806,812,812,-1,
805,806,811,-1,
811,806,812,-1,
817,811,812,-1,
806,805,800,-1,
800,805,799,-1,
800,799,788,-1,
788,799,787,-1,
788,787,794,-1,
794,787,793,-1,
785,794,793,-1,
784,785,793,-1,
793,785,793,-1,
787,793,793,-1,
785,784,797,-1,
797,784,797,-1,
791,797,797,-1,
790,791,796,-1,
796,791,797,-1,
784,796,797,-1,
791,790,803,-1,
802,803,790,-1,
878,877,890,-1,
890,877,889,-1,
890,889,884,-1,
884,889,883,-1,
893,884,883,-1,
892,893,883,-1,
883,893,883,-1,
889,883,883,-1,
893,892,881,-1,
881,892,881,-1,
887,881,881,-1,
886,887,880,-1,
880,887,881,-1,
892,880,881,-1,
887,886,875,-1,
875,886,874,-1,
875,874,869,-1,
869,874,868,-1,
869,868,863,-1,
863,868,862,-1,
860,863,862,-1,
859,860,862,-1,
862,860,862,-1,
868,862,862,-1,
860,859,866,-1,
866,859,866,-1,
872,866,866,-1,
871,872,865,-1,
865,872,866,-1,
859,865,866,-1,
872,871,878,-1,
877,878,871,-1,
922,921,934,-1,
934,921,933,-1,
934,933,928,-1,
928,933,927,-1,
937,928,927,-1,
936,937,927,-1,
927,937,927,-1,
933,927,927,-1,
937,936,925,-1,
925,936,925,-1,
931,925,925,-1,
930,931,924,-1,
924,931,925,-1,
936,924,925,-1,
931,930,919,-1,
919,930,918,-1,
919,918,913,-1,
913,918,912,-1,
913,912,907,-1,
907,912,906,-1,
904,907,906,-1,
903,904,906,-1,
906,904,906,-1,
912,906,906,-1,
904,903,910,-1,
910,903,910,-1,
916,910,910,-1,
915,916,909,-1,
909,916,910,-1,
903,909,910,-1,
916,915,922,-1,
921,922,915,-1,
994,993,1000,-1,
1000,993,999,-1,
1000,999,1006,-1,
1006,999,1005,-1,
1009,1006,1005,-1,
1008,1009,1005,-1,
1005,1009,1005,-1,
999,1005,1005,-1,
1009,1008,1003,-1,
1003,1008,1003,-1,
997,1003,1003,-1,
996,997,1002,-1,
1002,997,1003,-1,
1008,1002,1003,-1,
997,996,991,-1,
991,996,990,-1,
991,990,979,-1,
979,990,978,-1,
979,978,985,-1,
985,978,984,-1,
976,985,984,-1,
975,976,984,-1,
984,976,984,-1,
978,984,984,-1,
976,975,988,-1,
988,975,988,-1,
982,988,988,-1,
981,982,987,-1,
987,982,988,-1,
975,987,988,-1,
982,981,994,-1,
993,994,981,-1,
1036,1035,1048,-1,
1048,1035,1047,-1,
1048,1047,1042,-1,
1042,1047,1041,-1,
1051,1042,1041,-1,
1050,1051,1041,-1,
1041,1051,1041,-1,
1047,1041,1041,-1,
1051,1050,1039,-1,
1039,1050,1039,-1,
1045,1039,1039,-1,
1044,1045,1038,-1,
1038,1045,1039,-1,
1050,1038,1039,-1,
1045,1044,1033,-1,
1033,1044,1032,-1,
1033,1032,1027,-1,
1027,1032,1026,-1,
1027,1026,1021,-1,
1021,1026,1020,-1,
1018,1021,1020,-1,
1017,1018,1020,-1,
1020,1018,1020,-1,
1026,1020,1020,-1,
1018,1017,1024,-1,
1024,1017,1024,-1,
1030,1024,1024,-1,
1029,1030,1023,-1,
1023,1030,1024,-1,
1017,1023,1024,-1,
1030,1029,1036,-1,
1035,1036,1029,-1,
1078,1077,1084,-1,
1084,1077,1083,-1,
1084,1083,1090,-1,
1090,1083,1089,-1,
1093,1090,1089,-1,
1092,1093,1089,-1,
1089,1093,1089,-1,
1083,1089,1089,-1,
1093,1092,1087,-1,
1087,1092,1087,-1,
1081,1087,1087,-1,
1080,1081,1086,-1,
1086,1081,1087,-1,
1092,1086,1087,-1,
1081,1080,1075,-1,
1075,1080,1074,-1,
1075,1074,1063,-1,
1063,1074,1062,-1,
1063,1062,1069,-1,
1069,1062,1068,-1,
1060,1069,1068,-1,
1059,1060,1068,-1,
1068,1060,1068,-1,
1062,1068,1068,-1,
1060,1059,1072,-1,
1072,1059,1072,-1,
1066,1072,1072,-1,
1065,1066,1071,-1,
1071,1066,1072,-1,
1059,1071,1072,-1,
1066,1065,1078,-1,
1077,1078,1065,-1,
1153,1152,1159,-1,
1159,1152,1158,-1,
1159,1158,1165,-1,
1165,1158,1164,-1,
1168,1165,1164,-1,
1167,1168,1164,-1,
1164,1168,1164,-1,
1158,1164,1164,-1,
1168,1167,1162,-1,
1162,1167,1162,-1,
1156,1162,1162,-1,
1155,1156,1161,-1,
1161,1156,1162,-1,
1167,1161,1162,-1,
1156,1155,1150,-1,
1150,1155,1149,-1,
1150,1149,1138,-1,
1138,1149,1137,-1,
1138,1137,1144,-1,
1144,1137,1143,-1,
1135,1144,1143,-1,
1134,1135,1143,-1,
1143,1135,1143,-1,
1137,1143,1143,-1,
1135,1134,1147,-1,
1147,1134,1147,-1,
1141,1147,1147,-1,
1140,1141,1146,-1,
1146,1141,1147,-1,
1134,1146,1147,-1,
1141,1140,1153,-1,
1152,1153,1140,-1,
1200,1199,1212,-1,
1212,1199,1211,-1,
1212,1211,1206,-1,
1206,1211,1205,-1,
1215,1206,1205,-1,
1214,1215,1205,-1,
1205,1215,1205,-1,
1211,1205,1205,-1,
1215,1214,1203,-1,
1203,1214,1203,-1,
1209,1203,1203,-1,
1208,1209,1202,-1,
1202,1209,1203,-1,
1214,1202,1203,-1,
1209,1208,1197,-1,
1197,1208,1196,-1,
1197,1196,1191,-1,
1191,1196,1190,-1,
1191,1190,1185,-1,
1185,1190,1184,-1,
1182,1185,1184,-1,
1181,1182,1184,-1,
1184,1182,1184,-1,
1190,1184,1184,-1,
1182,1181,1188,-1,
1188,1181,1188,-1,
1194,1188,1188,-1,
1193,1194,1187,-1,
1187,1194,1188,-1,
1181,1187,1188,-1,
1194,1193,1200,-1,
1199,1200,1193,-1,
1275,1274,1281,-1,
1281,1274,1280,-1,
1281,1280,1287,-1,
1287,1280,1286,-1,
1290,1287,1286,-1,
1289,1290,1286,-1,
1286,1290,1286,-1,
1280,1286,1286,-1,
1290,1289,1284,-1,
1284,1289,1284,-1,
1278,1284,1284,-1,
1277,1278,1283,-1,
1283,1278,1284,-1,
1289,1283,1284,-1,
1278,1277,1272,-1,
1272,1277,1271,-1,
1272,1271,1260,-1,
1260,1271,1259,-1,
1260,1259,1266,-1,
1266,1259,1265,-1,
1257,1266,1265,-1,
1256,1257,1265,-1,
1265,1257,1265,-1,
1259,1265,1265,-1,
1257,1256,1269,-1,
1269,1256,1269,-1,
1263,1269,1269,-1,
1262,1263,1268,-1,
1268,1263,1269,-1,
1256,1268,1269,-1,
1263,1262,1275,-1,
1274,1275,1262,-1,
1317,1316,1329,-1,
1329,1316,1328,-1,
1329,1328,1326,-1,
1326,1328,1325,-1,
1332,1326,1325,-1,
1331,1332,1325,-1,
1325,1332,1325,-1,
1328,1325,1325,-1,
1332,1331,1323,-1,
1323,1331,1323,-1,
1320,1323,1323,-1,
1319,1320,1322,-1,
1322,1320,1323,-1,
1331,1322,1323,-1,
1320,1319,1314,-1,
1314,1319,1313,-1,
1314,1313,1302,-1,
1302,1313,1301,-1,
1302,1301,1308,-1,
1308,1301,1307,-1,
1299,1308,1307,-1,
1298,1299,1307,-1,
1307,1299,1307,-1,
1301,1307,1307,-1,
1299,1298,1311,-1,
1311,1298,1311,-1,
1305,1311,1311,-1,
1304,1305,1310,-1,
1310,1305,1311,-1,
1298,1310,1311,-1,
1305,1304,1317,-1,
1316,1317,1304,-1,
1364,1363,1370,-1,
1370,1363,1369,-1,
1370,1369,1376,-1,
1376,1369,1375,-1,
1379,1376,1375,-1,
1378,1379,1375,-1,
1375,1379,1375,-1,
1369,1375,1375,-1,
1379,1378,1373,-1,
1373,1378,1373,-1,
1367,1373,1373,-1,
1366,1367,1372,-1,
1372,1367,1373,-1,
1378,1372,1373,-1,
1367,1366,1361,-1,
1361,1366,1360,-1,
1361,1360,1355,-1,
1355,1360,1354,-1,
1355,1354,1349,-1,
1349,1354,1348,-1,
1346,1349,1348,-1,
1345,1346,1348,-1,
1348,1346,1348,-1,
1354,1348,1348,-1,
1346,1345,1352,-1,
1352,1345,1352,-1,
1358,1352,1352,-1,
1357,1358,1351,-1,
1351,1358,1352,-1,
1345,1351,1352,-1,
1358,1357,1364,-1,
1363,1364,1357,-1,
1505,1504,1522,-1,
1522,1504,1521,-1,
1522,1521,1528,-1,
1528,1521,1527,-1,
1535,1528,1527,-1,
1534,1535,1527,-1,
1527,1535,1527,-1,
1521,1527,1527,-1,
1535,1534,1525,-1,
1525,1534,1525,-1,
1519,1525,1525,-1,
1518,1519,1524,-1,
1524,1519,1525,-1,
1534,1524,1525,-1,
1519,1518,1502,-1,
1502,1518,1501,-1,
1502,1501,1479,-1,
1479,1501,1478,-1,
1479,1478,1485,-1,
1485,1478,1484,-1,
1472,1485,1484,-1,
1471,1472,1484,-1,
1484,1472,1484,-1,
1478,1484,1484,-1,
1472,1471,1488,-1,
1488,1471,1488,-1,
1482,1488,1488,-1,
1481,1482,1487,-1,
1487,1482,1488,-1,
1471,1487,1488,-1,
1482,1481,1505,-1,
1504,1505,1481,-1,
4,3,0,-1,
12,11,10,-1,
10,11,9,-1,
12,10,8,-1,
8,10,5,-1,
8,5,7,-1,
0,1,4,-1,
4,1,2,-1,
4,2,5,-1,
5,2,6,-1,
5,6,7,-1,
1427,0,1429,-1,
1429,0,3,-1,
1650,1649,1673,-1,
1673,1649,1672,-1,
1673,1672,1670,-1,
1670,1672,1669,-1,
1680,1670,1669,-1,
1679,1680,1669,-1,
1669,1680,1669,-1,
1672,1669,1669,-1,
1680,1679,1667,-1,
1667,1679,1667,-1,
1664,1667,1667,-1,
1663,1664,1666,-1,
1666,1664,1667,-1,
1679,1666,1667,-1,
1664,1663,1647,-1,
1647,1663,1646,-1,
1647,1646,1624,-1,
1624,1646,1623,-1,
1624,1623,1627,-1,
1627,1623,1626,-1,
1617,1627,1626,-1,
1616,1617,1626,-1,
1626,1617,1626,-1,
1623,1626,1626,-1,
1617,1616,1630,-1,
1630,1616,1630,-1,
1633,1630,1630,-1,
1632,1633,1629,-1,
1629,1633,1630,-1,
1616,1629,1630,-1,
1633,1632,1650,-1,
1649,1650,1632,-1,
1839,1838,1856,-1,
1856,1838,1855,-1,
1856,1855,1862,-1,
1862,1855,1861,-1,
1869,1862,1861,-1,
1868,1869,1861,-1,
1861,1869,1861,-1,
1855,1861,1861,-1,
1869,1868,1859,-1,
1859,1868,1859,-1,
1853,1859,1859,-1,
1852,1853,1858,-1,
1858,1853,1859,-1,
1868,1858,1859,-1,
1853,1852,1836,-1,
1836,1852,1835,-1,
1836,1835,1819,-1,
1819,1835,1818,-1,
1819,1818,1813,-1,
1813,1818,1812,-1,
1806,1813,1812,-1,
1805,1806,1812,-1,
1812,1806,1812,-1,
1818,1812,1812,-1,
1806,1805,1816,-1,
1816,1805,1816,-1,
1822,1816,1816,-1,
1821,1822,1815,-1,
1815,1822,1816,-1,
1805,1815,1816,-1,
1822,1821,1839,-1,
1838,1839,1821,-1,
1842,1826,1850,-1,
1785,1826,1842,-1,
1776,1785,1842,-1,
1842,1908,1890,-1,
1889,1908,1842,-1,
1850,1889,1842,-1,
1842,1827,1786,-1,
1851,1827,1842,-1,
1890,1851,1842,-1,
1786,1776,1842,-1,
1781,1780,1776,-1,
1776,1780,1785,-1,
1780,1789,1785,-1,
1785,1789,1793,-1,
1793,1789,1801,-1,
1810,1793,1801,-1,
1810,1826,1793,-1,
1793,1826,1797,-1,
1785,1793,1797,-1,
1810,1830,1826,-1,
1826,1830,1841,-1,
1826,1841,1850,-1,
1841,1846,1850,-1,
1850,1846,1866,-1,
1850,1866,1877,-1,
1877,1866,1881,-1,
1889,1877,1881,-1,
1885,1889,1873,-1,
1873,1889,1881,-1,
1866,1873,1881,-1,
1904,1889,1885,-1,
1889,1904,1908,-1,
1904,1905,1908,-1,
1908,1905,1906,-1,
1908,1906,1890,-1,
1906,1886,1890,-1,
1890,1886,1882,-1,
1882,1886,1874,-1,
1867,1882,1874,-1,
1867,1851,1882,-1,
1882,1851,1878,-1,
1890,1882,1878,-1,
1847,1851,1867,-1,
1851,1847,1827,-1,
1847,1843,1827,-1,
1827,1843,1831,-1,
1827,1831,1798,-1,
1798,1831,1804,-1,
1786,1798,1804,-1,
1831,1811,1804,-1,
1804,1811,1794,-1,
1786,1804,1794,-1,
1790,1786,1802,-1,
1802,1786,1794,-1,
1811,1802,1794,-1,
1786,1790,1776,-1,
1776,1790,1782,-1,
1776,1782,1781,-1,
1653,1637,1661,-1,
1596,1637,1653,-1,
1587,1596,1653,-1,
1653,1719,1701,-1,
1700,1719,1653,-1,
1661,1700,1653,-1,
1653,1638,1597,-1,
1662,1638,1653,-1,
1701,1662,1653,-1,
1597,1587,1653,-1,
1592,1591,1587,-1,
1587,1591,1596,-1,
1591,1600,1596,-1,
1596,1600,1604,-1,
1604,1600,1612,-1,
1621,1604,1612,-1,
1621,1637,1604,-1,
1604,1637,1608,-1,
1596,1604,1608,-1,
1621,1641,1637,-1,
1637,1641,1652,-1,
1637,1652,1661,-1,
1652,1657,1661,-1,
1661,1657,1677,-1,
1661,1677,1688,-1,
1688,1677,1692,-1,
1700,1688,1692,-1,
1696,1700,1684,-1,
1684,1700,1692,-1,
1677,1684,1692,-1,
1715,1700,1696,-1,
1700,1715,1719,-1,
1715,1716,1719,-1,
1719,1716,1717,-1,
1719,1717,1701,-1,
1717,1697,1701,-1,
1701,1697,1693,-1,
1693,1697,1685,-1,
1678,1693,1685,-1,
1678,1662,1693,-1,
1693,1662,1689,-1,
1701,1693,1689,-1,
1658,1662,1678,-1,
1662,1658,1638,-1,
1658,1654,1638,-1,
1638,1654,1642,-1,
1638,1642,1609,-1,
1609,1642,1615,-1,
1597,1609,1615,-1,
1642,1622,1615,-1,
1615,1622,1605,-1,
1597,1615,1605,-1,
1601,1597,1613,-1,
1613,1597,1605,-1,
1622,1613,1605,-1,
1597,1601,1587,-1,
1587,1601,1593,-1,
1587,1593,1592,-1,
1508,1492,1516,-1,
1451,1492,1508,-1,
1432,1451,1508,-1,
1508,1574,1556,-1,
1555,1574,1508,-1,
1516,1555,1508,-1,
1508,1493,1452,-1,
1517,1493,1508,-1,
1556,1517,1508,-1,
1452,1432,1508,-1,
1437,1436,1432,-1,
1432,1436,1451,-1,
1436,1455,1451,-1,
1451,1455,1459,-1,
1459,1455,1467,-1,
1476,1459,1467,-1,
1476,1492,1459,-1,
1459,1492,1463,-1,
1451,1459,1463,-1,
1476,1496,1492,-1,
1492,1496,1507,-1,
1492,1507,1516,-1,
1507,1512,1516,-1,
1516,1512,1532,-1,
1516,1532,1543,-1,
1543,1532,1547,-1,
1555,1543,1547,-1,
1551,1555,1539,-1,
1539,1555,1547,-1,
1532,1539,1547,-1,
1570,1555,1551,-1,
1555,1570,1574,-1,
1570,1571,1574,-1,
1574,1571,1572,-1,
1574,1572,1556,-1,
1572,1552,1556,-1,
1556,1552,1548,-1,
1548,1552,1540,-1,
1533,1548,1540,-1,
1533,1517,1548,-1,
1548,1517,1544,-1,
1556,1548,1544,-1,
1513,1517,1533,-1,
1517,1513,1493,-1,
1513,1509,1493,-1,
1493,1509,1497,-1,
1493,1497,1464,-1,
1464,1497,1470,-1,
1452,1464,1470,-1,
1497,1477,1470,-1,
1470,1477,1460,-1,
1452,1470,1460,-1,
1456,1452,1468,-1,
1468,1452,1460,-1,
1477,1468,1460,-1,
1452,1456,1432,-1,
1432,1456,1438,-1,
1432,1438,1437,-1,
575,559,583,-1,
518,559,575,-1,
499,518,575,-1,
575,641,623,-1,
622,641,575,-1,
583,622,575,-1,
575,560,519,-1,
584,560,575,-1,
623,584,575,-1,
519,499,575,-1,
504,503,499,-1,
499,503,518,-1,
503,522,518,-1,
518,522,526,-1,
526,522,534,-1,
543,526,534,-1,
543,559,526,-1,
526,559,530,-1,
518,526,530,-1,
543,563,559,-1,
559,563,574,-1,
559,574,583,-1,
574,579,583,-1,
583,579,599,-1,
583,599,610,-1,
610,599,614,-1,
622,610,614,-1,
618,622,606,-1,
606,622,614,-1,
599,606,614,-1,
637,622,618,-1,
622,637,641,-1,
637,638,641,-1,
641,638,639,-1,
641,639,623,-1,
639,619,623,-1,
623,619,615,-1,
615,619,607,-1,
600,615,607,-1,
600,584,615,-1,
615,584,611,-1,
623,615,611,-1,
580,584,600,-1,
584,580,560,-1,
580,576,560,-1,
560,576,564,-1,
560,564,531,-1,
531,564,537,-1,
519,531,537,-1,
564,544,537,-1,
537,544,527,-1,
519,537,527,-1,
523,519,535,-1,
535,519,527,-1,
544,535,527,-1,
519,523,499,-1,
499,523,505,-1,
499,505,504,-1,
428,412,436,-1,
371,412,428,-1,
352,371,428,-1,
428,494,476,-1,
475,494,428,-1,
436,475,428,-1,
428,413,372,-1,
437,413,428,-1,
476,437,428,-1,
372,352,428,-1,
357,356,352,-1,
352,356,371,-1,
356,375,371,-1,
371,375,379,-1,
379,375,387,-1,
396,379,387,-1,
396,412,379,-1,
379,412,383,-1,
371,379,383,-1,
396,416,412,-1,
412,416,427,-1,
412,427,436,-1,
427,432,436,-1,
436,432,452,-1,
436,452,463,-1,
463,452,467,-1,
475,463,467,-1,
471,475,459,-1,
459,475,467,-1,
452,459,467,-1,
490,475,471,-1,
475,490,494,-1,
490,491,494,-1,
494,491,492,-1,
494,492,476,-1,
492,472,476,-1,
476,472,468,-1,
468,472,460,-1,
453,468,460,-1,
453,437,468,-1,
468,437,464,-1,
476,468,464,-1,
433,437,453,-1,
437,433,413,-1,
433,429,413,-1,
413,429,417,-1,
413,417,384,-1,
384,417,390,-1,
372,384,390,-1,
417,397,390,-1,
390,397,380,-1,
372,390,380,-1,
376,372,388,-1,
388,372,380,-1,
397,388,380,-1,
372,376,352,-1,
352,376,358,-1,
352,358,357,-1,
275,259,283,-1,
218,259,275,-1,
199,218,275,-1,
275,341,323,-1,
322,341,275,-1,
283,322,275,-1,
275,260,219,-1,
284,260,275,-1,
323,284,275,-1,
219,199,275,-1,
204,203,199,-1,
199,203,218,-1,
203,222,218,-1,
218,222,226,-1,
226,222,234,-1,
243,226,234,-1,
243,259,226,-1,
226,259,230,-1,
218,226,230,-1,
243,263,259,-1,
259,263,274,-1,
259,274,283,-1,
274,279,283,-1,
283,279,299,-1,
283,299,310,-1,
310,299,314,-1,
322,310,314,-1,
318,322,306,-1,
306,322,314,-1,
299,306,314,-1,
337,322,318,-1,
322,337,341,-1,
337,338,341,-1,
341,338,339,-1,
341,339,323,-1,
339,319,323,-1,
323,319,315,-1,
315,319,307,-1,
300,315,307,-1,
300,284,315,-1,
315,284,311,-1,
323,315,311,-1,
280,284,300,-1,
284,280,260,-1,
280,276,260,-1,
260,276,264,-1,
260,264,231,-1,
231,264,237,-1,
219,231,237,-1,
264,244,237,-1,
237,244,227,-1,
219,237,227,-1,
223,219,235,-1,
235,219,227,-1,
244,235,227,-1,
219,223,199,-1,
199,223,205,-1,
199,205,204,-1,
1833,1849,1825,-1,
1888,1849,1833,-1,
1907,1888,1833,-1,
1833,1775,1783,-1,
1784,1775,1833,-1,
1825,1784,1833,-1,
1833,1848,1887,-1,
1824,1848,1833,-1,
1783,1824,1833,-1,
1887,1907,1833,-1,
1888,1907,1903,-1,
1903,1884,1888,-1,
1888,1884,1880,-1,
1880,1884,1872,-1,
1865,1880,1872,-1,
1865,1849,1880,-1,
1880,1849,1876,-1,
1888,1880,1876,-1,
1845,1849,1865,-1,
1849,1845,1825,-1,
1845,1834,1825,-1,
1825,1834,1829,-1,
1825,1829,1796,-1,
1796,1829,1803,-1,
1784,1796,1803,-1,
1829,1809,1803,-1,
1803,1809,1792,-1,
1784,1803,1792,-1,
1788,1784,1800,-1,
1800,1784,1792,-1,
1809,1800,1792,-1,
1784,1788,1775,-1,
1779,1775,1788,-1,
1779,1778,1775,-1,
1775,1778,1777,-1,
1775,1777,1783,-1,
1777,1787,1783,-1,
1783,1787,1791,-1,
1791,1787,1799,-1,
1808,1791,1799,-1,
1808,1824,1791,-1,
1791,1824,1795,-1,
1783,1791,1795,-1,
1808,1828,1824,-1,
1824,1828,1832,-1,
1824,1832,1848,-1,
1832,1844,1848,-1,
1848,1844,1864,-1,
1848,1864,1875,-1,
1875,1864,1879,-1,
1887,1875,1879,-1,
1883,1887,1871,-1,
1871,1887,1879,-1,
1864,1871,1879,-1,
1901,1887,1883,-1,
1887,1901,1907,-1,
1907,1901,1902,-1,
1907,1902,1903,-1,
1644,1660,1636,-1,
1699,1660,1644,-1,
1718,1699,1644,-1,
1644,1586,1594,-1,
1595,1586,1644,-1,
1636,1595,1644,-1,
1644,1659,1698,-1,
1635,1659,1644,-1,
1594,1635,1644,-1,
1698,1718,1644,-1,
1699,1718,1714,-1,
1714,1695,1699,-1,
1699,1695,1691,-1,
1691,1695,1683,-1,
1676,1691,1683,-1,
1676,1660,1691,-1,
1691,1660,1687,-1,
1699,1691,1687,-1,
1656,1660,1676,-1,
1660,1656,1636,-1,
1656,1645,1636,-1,
1636,1645,1640,-1,
1636,1640,1607,-1,
1607,1640,1614,-1,
1595,1607,1614,-1,
1640,1620,1614,-1,
1614,1620,1603,-1,
1595,1614,1603,-1,
1599,1595,1611,-1,
1611,1595,1603,-1,
1620,1611,1603,-1,
1595,1599,1586,-1,
1590,1586,1599,-1,
1590,1589,1586,-1,
1586,1589,1588,-1,
1586,1588,1594,-1,
1588,1598,1594,-1,
1594,1598,1602,-1,
1602,1598,1610,-1,
1619,1602,1610,-1,
1619,1635,1602,-1,
1602,1635,1606,-1,
1594,1602,1606,-1,
1619,1639,1635,-1,
1635,1639,1643,-1,
1635,1643,1659,-1,
1643,1655,1659,-1,
1659,1655,1675,-1,
1659,1675,1686,-1,
1686,1675,1690,-1,
1698,1686,1690,-1,
1694,1698,1682,-1,
1682,1698,1690,-1,
1675,1682,1690,-1,
1712,1698,1694,-1,
1698,1712,1718,-1,
1718,1712,1713,-1,
1718,1713,1714,-1,
1499,1515,1491,-1,
1554,1515,1499,-1,
1573,1554,1499,-1,
1499,1431,1449,-1,
1450,1431,1499,-1,
1491,1450,1499,-1,
1499,1514,1553,-1,
1490,1514,1499,-1,
1449,1490,1499,-1,
1553,1573,1499,-1,
1554,1573,1569,-1,
1569,1550,1554,-1,
1554,1550,1546,-1,
1546,1550,1538,-1,
1531,1546,1538,-1,
1531,1515,1546,-1,
1546,1515,1542,-1,
1554,1546,1542,-1,
1511,1515,1531,-1,
1515,1511,1491,-1,
1511,1500,1491,-1,
1491,1500,1495,-1,
1491,1495,1462,-1,
1462,1495,1469,-1,
1450,1462,1469,-1,
1495,1475,1469,-1,
1469,1475,1458,-1,
1450,1469,1458,-1,
1454,1450,1466,-1,
1466,1450,1458,-1,
1475,1466,1458,-1,
1450,1454,1431,-1,
1435,1431,1454,-1,
1435,1434,1431,-1,
1431,1434,1433,-1,
1431,1433,1449,-1,
1433,1453,1449,-1,
1449,1453,1457,-1,
1457,1453,1465,-1,
1474,1457,1465,-1,
1474,1490,1457,-1,
1457,1490,1461,-1,
1449,1457,1461,-1,
1474,1494,1490,-1,
1490,1494,1498,-1,
1490,1498,1514,-1,
1498,1510,1514,-1,
1514,1510,1530,-1,
1514,1530,1541,-1,
1541,1530,1545,-1,
1553,1541,1545,-1,
1549,1553,1537,-1,
1537,1553,1545,-1,
1530,1537,1545,-1,
1567,1553,1549,-1,
1553,1567,1573,-1,
1573,1567,1568,-1,
1573,1568,1569,-1,
566,582,558,-1,
621,582,566,-1,
640,621,566,-1,
566,498,516,-1,
517,498,566,-1,
558,517,566,-1,
566,581,620,-1,
557,581,566,-1,
516,557,566,-1,
620,640,566,-1,
621,640,636,-1,
636,617,621,-1,
621,617,613,-1,
613,617,605,-1,
598,613,605,-1,
598,582,613,-1,
613,582,609,-1,
621,613,609,-1,
578,582,598,-1,
582,578,558,-1,
578,567,558,-1,
558,567,562,-1,
558,562,529,-1,
529,562,536,-1,
517,529,536,-1,
562,542,536,-1,
536,542,525,-1,
517,536,525,-1,
521,517,533,-1,
533,517,525,-1,
542,533,525,-1,
517,521,498,-1,
502,498,521,-1,
502,501,498,-1,
498,501,500,-1,
498,500,516,-1,
500,520,516,-1,
516,520,524,-1,
524,520,532,-1,
541,524,532,-1,
541,557,524,-1,
524,557,528,-1,
516,524,528,-1,
541,561,557,-1,
557,561,565,-1,
557,565,581,-1,
565,577,581,-1,
581,577,597,-1,
581,597,608,-1,
608,597,612,-1,
620,608,612,-1,
616,620,604,-1,
604,620,612,-1,
597,604,612,-1,
634,620,616,-1,
620,634,640,-1,
640,634,635,-1,
640,635,636,-1,
419,435,411,-1,
474,435,419,-1,
493,474,419,-1,
419,351,369,-1,
370,351,419,-1,
411,370,419,-1,
419,434,473,-1,
410,434,419,-1,
369,410,419,-1,
473,493,419,-1,
474,493,489,-1,
489,470,474,-1,
474,470,466,-1,
466,470,458,-1,
451,466,458,-1,
451,435,466,-1,
466,435,462,-1,
474,466,462,-1,
431,435,451,-1,
435,431,411,-1,
431,420,411,-1,
411,420,415,-1,
411,415,382,-1,
382,415,389,-1,
370,382,389,-1,
415,395,389,-1,
389,395,378,-1,
370,389,378,-1,
374,370,386,-1,
386,370,378,-1,
395,386,378,-1,
370,374,351,-1,
355,351,374,-1,
355,354,351,-1,
351,354,353,-1,
351,353,369,-1,
353,373,369,-1,
369,373,377,-1,
377,373,385,-1,
394,377,385,-1,
394,410,377,-1,
377,410,381,-1,
369,377,381,-1,
394,414,410,-1,
410,414,418,-1,
410,418,434,-1,
418,430,434,-1,
434,430,450,-1,
434,450,461,-1,
461,450,465,-1,
473,461,465,-1,
469,473,457,-1,
457,473,465,-1,
450,457,465,-1,
487,473,469,-1,
473,487,493,-1,
493,487,488,-1,
493,488,489,-1,
266,282,258,-1,
321,282,266,-1,
340,321,266,-1,
266,198,216,-1,
217,198,266,-1,
258,217,266,-1,
266,281,320,-1,
257,281,266,-1,
216,257,266,-1,
320,340,266,-1,
321,340,336,-1,
336,317,321,-1,
321,317,313,-1,
313,317,305,-1,
298,313,305,-1,
298,282,313,-1,
313,282,309,-1,
321,313,309,-1,
278,282,298,-1,
282,278,258,-1,
278,267,258,-1,
258,267,262,-1,
258,262,229,-1,
229,262,236,-1,
217,229,236,-1,
262,242,236,-1,
236,242,225,-1,
217,236,225,-1,
221,217,233,-1,
233,217,225,-1,
242,233,225,-1,
217,221,198,-1,
202,198,221,-1,
202,201,198,-1,
198,201,200,-1,
198,200,216,-1,
200,220,216,-1,
216,220,224,-1,
224,220,232,-1,
241,224,232,-1,
241,257,224,-1,
224,257,228,-1,
216,224,228,-1,
241,261,257,-1,
257,261,265,-1,
257,265,281,-1,
265,277,281,-1,
281,277,297,-1,
281,297,308,-1,
308,297,312,-1,
320,308,312,-1,
316,320,304,-1,
304,320,312,-1,
297,304,312,-1,
334,320,316,-1,
320,334,340,-1,
340,334,335,-1,
340,335,336,-1,
1913,1909,1914,-1,
1914,1909,1915,-1,
1914,1915,1916,-1,
1913,1912,1909,-1,
1909,1912,1911,-1,
1909,1911,1910,-1,
11,12,145,-1,
145,197,11,-1,
11,197,215,-1,
11,215,333,-1,
333,350,11,-1,
11,350,368,-1,
11,368,486,-1,
486,515,11,-1,
11,515,633,-1,
11,633,647,-1,
1585,1711,1915,-1,
1915,1711,1725,-1,
1725,1774,1915,-1,
1915,1774,1900,-1,
1915,1900,1916,-1,
647,741,11,-1,
11,741,899,-1,
11,899,1915,-1,
899,1180,1915,-1,
1915,1180,1338,-1,
1915,1338,1418,-1,
1418,1448,1915,-1,
1915,1448,1566,-1,
1915,1566,1585,-1,
1910,1891,1909,-1,
1909,1891,1769,-1,
1557,1576,1580,-1,
1580,1576,1702,-1,
895,0,1427,-1,
1557,1439,1576,-1,
1576,1439,1414,-1,
1576,1414,1428,-1,
1428,1414,1334,-1,
1428,1334,1427,-1,
1427,1334,1176,-1,
1427,1176,895,-1,
359,342,0,-1,
0,342,324,-1,
0,324,206,-1,
206,192,0,-1,
0,192,140,-1,
0,140,1,-1,
1576,1575,1702,-1,
1702,1575,1909,-1,
1702,1909,1720,-1,
1720,1909,1769,-1,
895,737,0,-1,
0,737,642,-1,
0,642,624,-1,
624,506,0,-1,
0,506,477,-1,
0,477,359,-1,
646,630,629,-1,
197,145,144,-1,
652,653,644,-1,
490,484,483,-1,
1438,1447,1448,-1,
1476,1446,1445,-1,
1843,1900,1811,-1,
1811,1900,1774,-1,
1811,1774,1782,-1,
1898,1866,1897,-1,
1897,1866,1841,-1,
1897,1841,1773,-1,
1773,1841,1810,-1,
1773,1810,1780,-1,
1843,1867,1900,-1,
1900,1867,1899,-1,
1900,1899,1916,-1,
1916,1899,1906,-1,
1916,1906,1914,-1,
1914,1906,1904,-1,
1585,1622,1711,-1,
1711,1622,1654,-1,
1709,1677,1708,-1,
1708,1677,1652,-1,
1708,1652,1584,-1,
1652,1621,1584,-1,
1584,1621,1591,-1,
1584,1591,1585,-1,
1585,1591,1593,-1,
1585,1593,1622,-1,
1654,1678,1711,-1,
1711,1678,1710,-1,
1711,1710,1725,-1,
1709,1708,1715,-1,
1715,1708,1724,-1,
1715,1724,1717,-1,
1507,1563,1532,-1,
1532,1563,1564,-1,
1566,1565,1585,-1,
1585,1565,1572,-1,
1585,1572,1584,-1,
1584,1572,1570,-1,
1447,1477,1448,-1,
1448,1477,1509,-1,
1448,1509,1566,-1,
1566,1509,1533,-1,
1566,1533,1565,-1,
1426,1424,1436,-1,
632,639,646,-1,
646,639,637,-1,
646,637,630,-1,
630,637,631,-1,
630,631,599,-1,
633,515,576,-1,
646,647,632,-1,
632,647,633,-1,
632,633,600,-1,
600,633,576,-1,
505,514,515,-1,
515,514,544,-1,
515,544,576,-1,
492,490,503,-1,
503,490,483,-1,
503,483,513,-1,
513,483,512,-1,
513,512,543,-1,
543,512,574,-1,
484,452,483,-1,
483,452,427,-1,
483,427,365,-1,
397,429,368,-1,
368,429,486,-1,
503,505,492,-1,
492,505,515,-1,
492,515,485,-1,
485,515,486,-1,
485,486,453,-1,
453,486,429,-1,
427,396,365,-1,
365,396,366,-1,
365,366,348,-1,
348,366,356,-1,
348,356,350,-1,
350,356,358,-1,
350,358,368,-1,
368,358,367,-1,
368,367,397,-1,
331,299,330,-1,
330,299,274,-1,
330,274,212,-1,
331,330,337,-1,
337,330,348,-1,
337,348,339,-1,
339,348,350,-1,
339,350,332,-1,
332,350,333,-1,
332,333,300,-1,
300,333,276,-1,
276,333,215,-1,
276,215,244,-1,
274,243,212,-1,
212,243,213,-1,
212,213,196,-1,
196,213,203,-1,
196,203,205,-1,
1895,1896,1865,-1,
1865,1896,1834,-1,
1894,1864,1893,-1,
1893,1864,1832,-1,
1893,1832,1771,-1,
1832,1808,1771,-1,
1771,1808,1777,-1,
1771,1777,1772,-1,
1772,1777,1779,-1,
1772,1779,1809,-1,
1894,1893,1901,-1,
1901,1893,1912,-1,
1901,1912,1903,-1,
1903,1912,1913,-1,
1903,1913,1895,-1,
1675,1643,1704,-1,
1704,1643,1582,-1,
1645,1707,1620,-1,
1620,1707,1583,-1,
1643,1619,1582,-1,
1582,1619,1588,-1,
1582,1588,1583,-1,
1583,1588,1590,-1,
1583,1590,1620,-1,
1645,1676,1707,-1,
1707,1676,1706,-1,
1707,1706,1723,-1,
1723,1706,1714,-1,
1723,1714,1722,-1,
1722,1714,1712,-1,
1722,1712,1704,-1,
1704,1712,1705,-1,
1704,1705,1675,-1,
1560,1530,1559,-1,
1559,1530,1498,-1,
1559,1498,1441,-1,
1441,1498,1474,-1,
1441,1474,1442,-1,
1560,1559,1567,-1,
1567,1559,1582,-1,
1567,1582,1569,-1,
1569,1582,1583,-1,
1569,1583,1561,-1,
1435,1443,1444,-1,
1444,1443,1475,-1,
1561,1562,1531,-1,
1531,1562,1500,-1,
1421,1433,1423,-1,
1423,1433,1435,-1,
627,597,626,-1,
626,597,565,-1,
626,565,508,-1,
627,626,634,-1,
634,626,644,-1,
634,644,636,-1,
511,542,567,-1,
567,598,629,-1,
489,511,481,-1,
481,511,482,-1,
481,482,451,-1,
565,541,508,-1,
508,541,509,-1,
508,509,479,-1,
479,509,500,-1,
480,479,487,-1,
487,479,500,-1,
487,500,489,-1,
489,500,502,-1,
489,502,511,-1,
511,502,510,-1,
511,510,542,-1,
480,450,479,-1,
479,450,418,-1,
479,418,361,-1,
364,395,482,-1,
482,395,420,-1,
482,420,451,-1,
418,394,361,-1,
361,394,362,-1,
361,362,346,-1,
346,362,353,-1,
346,353,347,-1,
347,353,355,-1,
347,355,364,-1,
364,355,363,-1,
364,363,395,-1,
327,297,326,-1,
326,297,265,-1,
326,265,208,-1,
327,326,334,-1,
334,326,346,-1,
334,346,336,-1,
336,346,347,-1,
336,347,328,-1,
328,347,329,-1,
328,329,298,-1,
211,242,329,-1,
329,242,267,-1,
329,267,298,-1,
265,241,208,-1,
208,241,209,-1,
208,209,194,-1,
194,209,200,-1,
194,200,195,-1,
195,200,202,-1,
195,202,211,-1,
211,202,210,-1,
211,210,242,-1,
1766,1762,1772,-1,
1772,1762,1760,-1,
1772,1760,1771,-1,
1771,1760,1751,-1,
1771,1751,1722,-1,
1751,1746,1722,-1,
1722,1746,1742,-1,
1722,1742,1723,-1,
1723,1742,1734,-1,
1723,1734,1731,-1,
1729,1733,1724,-1,
1766,1772,1768,-1,
1768,1772,1773,-1,
1768,1773,1764,-1,
1729,1724,1727,-1,
1733,1744,1724,-1,
1724,1744,1749,-1,
1724,1749,1773,-1,
1773,1749,1753,-1,
1773,1753,1764,-1,
154,143,162,-1,
162,143,142,-1,
195,183,194,-1,
194,183,174,-1,
194,174,142,-1,
142,174,168,-1,
142,168,162,-1,
176,187,196,-1,
153,164,144,-1,
176,196,171,-1,
191,189,195,-1,
195,189,185,-1,
195,185,183,-1,
154,151,143,-1,
143,151,147,-1,
143,147,144,-1,
144,147,149,-1,
144,149,153,-1,
672,677,652,-1,
652,677,739,-1,
643,738,674,-1,
674,738,679,-1,
674,670,643,-1,
643,670,660,-1,
643,660,662,-1,
677,681,739,-1,
739,681,691,-1,
739,691,738,-1,
738,691,689,-1,
738,689,679,-1,
842,852,897,-1,
738,896,835,-1,
842,897,838,-1,
838,897,739,-1,
838,739,833,-1,
852,850,896,-1,
896,850,840,-1,
896,840,835,-1,
835,831,738,-1,
738,831,821,-1,
738,821,739,-1,
739,821,823,-1,
739,823,833,-1,
945,955,897,-1,
897,955,960,-1,
1113,1178,897,-1,
852,896,897,-1,
897,896,943,-1,
897,943,945,-1,
960,964,1098,-1,
1098,964,974,-1,
1098,974,1096,-1,
1096,974,972,-1,
1096,972,1106,-1,
972,962,1177,-1,
1177,962,957,-1,
1177,957,896,-1,
896,957,953,-1,
896,953,943,-1,
960,1098,897,-1,
897,1098,1108,-1,
897,1108,1113,-1,
1106,972,1110,-1,
1110,972,1177,-1,
1110,1177,1115,-1,
1113,1117,1178,-1,
1178,1117,1127,-1,
1178,1127,1177,-1,
1177,1127,1125,-1,
1177,1125,1115,-1,
1253,1243,1335,-1,
1335,1243,1238,-1,
1335,1238,1177,-1,
1238,1234,1177,-1,
1177,1234,1224,-1,
1177,1224,1178,-1,
1178,1224,1226,-1,
1226,1236,1178,-1,
1178,1236,1241,-1,
1178,1241,1336,-1,
1336,1241,1245,-1,
1336,1245,1255,-1,
1382,1336,1335,-1,
1335,1336,1255,-1,
1335,1255,1253,-1,
1413,1411,1415,-1,
1411,1401,1415,-1,
1415,1401,1396,-1,
1415,1396,1335,-1,
1335,1396,1392,-1,
1335,1392,1382,-1,
1382,1384,1336,-1,
1336,1384,1394,-1,
1336,1394,1416,-1,
1416,1394,1399,-1,
1416,1399,1403,-1,
1403,1413,1416,-1,
1416,1413,1415,-1,
1416,1415,1420,-1,
1420,1415,1440,-1,
1420,1440,1421,-1,
1435,1444,1423,-1,
1423,1444,1445,-1,
1423,1445,1424,-1,
1424,1445,1446,-1,
1424,1446,1436,-1,
645,655,656,-1,
628,636,645,-1,
645,636,644,-1,
645,644,655,-1,
655,644,653,-1,
51,8,82,-1,
82,8,144,-1,
82,144,107,-1,
107,144,135,-1,
51,21,8,-1,
8,21,23,-1,
8,23,12,-1,
12,23,52,-1,
12,52,145,-1,
52,84,145,-1,
145,84,108,-1,
145,108,144,-1,
144,108,137,-1,
144,137,135,-1,
78,61,7,-1,
7,61,48,-1,
7,48,8,-1,
48,64,8,-1,
8,64,81,-1,
8,81,144,-1,
144,81,98,-1,
144,98,143,-1,
143,98,111,-1,
143,111,95,-1,
95,78,143,-1,
143,78,7,-1,
143,7,75,-1,
75,7,50,-1,
75,106,143,-1,
143,106,134,-1,
143,134,142,-1,
142,134,132,-1,
132,105,142,-1,
142,105,73,-1,
142,73,6,-1,
73,49,6,-1,
6,49,18,-1,
6,18,7,-1,
7,18,20,-1,
7,20,50,-1,
164,171,144,-1,
144,171,196,-1,
144,196,197,-1,
197,196,205,-1,
197,205,215,-1,
215,205,214,-1,
215,214,244,-1,
247,211,270,-1,
270,211,329,-1,
270,329,293,-1,
293,329,303,-1,
247,240,211,-1,
211,240,212,-1,
211,212,195,-1,
195,212,196,-1,
195,196,191,-1,
191,196,187,-1,
240,256,212,-1,
212,256,273,-1,
212,273,330,-1,
330,273,296,-1,
400,364,423,-1,
423,364,482,-1,
423,482,446,-1,
446,482,456,-1,
400,393,364,-1,
364,393,365,-1,
364,365,347,-1,
347,365,348,-1,
347,348,329,-1,
329,348,330,-1,
329,330,303,-1,
303,330,296,-1,
393,403,365,-1,
365,403,426,-1,
365,426,483,-1,
483,426,449,-1,
540,556,512,-1,
567,629,511,-1,
511,629,570,-1,
511,570,553,-1,
553,540,511,-1,
511,540,512,-1,
511,512,482,-1,
482,512,483,-1,
482,483,456,-1,
456,483,449,-1,
556,573,512,-1,
512,573,630,-1,
512,630,574,-1,
574,630,599,-1,
573,590,630,-1,
630,590,603,-1,
630,603,629,-1,
629,603,587,-1,
629,587,570,-1,
1436,1438,1426,-1,
1426,1438,1448,-1,
1426,1448,1417,-1,
1417,1448,1418,-1,
1417,1418,1337,-1,
1337,1418,1338,-1,
1337,1338,1179,-1,
1179,1338,1180,-1,
1179,1180,898,-1,
898,1180,899,-1,
898,899,740,-1,
740,899,741,-1,
740,741,658,-1,
658,741,647,-1,
658,647,656,-1,
656,647,646,-1,
656,646,645,-1,
645,646,629,-1,
645,629,628,-1,
628,629,598,-1,
6,2,142,-1,
142,2,141,-1,
142,141,194,-1,
194,141,193,-1,
194,193,208,-1,
208,193,207,-1,
208,207,326,-1,
326,207,325,-1,
326,325,346,-1,
346,325,343,-1,
346,343,361,-1,
361,343,360,-1,
361,360,479,-1,
479,360,478,-1,
479,478,508,-1,
508,478,507,-1,
508,507,626,-1,
626,507,625,-1,
626,625,644,-1,
644,625,643,-1,
644,643,652,-1,
652,643,662,-1,
652,662,672,-1,
1503,1444,1562,-1,
1562,1444,1475,-1,
1562,1475,1500,-1,
1506,1563,1445,-1,
1445,1563,1507,-1,
1445,1507,1476,-1,
1506,1523,1563,-1,
1563,1523,1536,-1,
1563,1536,1562,-1,
1562,1536,1520,-1,
1562,1520,1503,-1,
1503,1480,1444,-1,
1444,1480,1473,-1,
1444,1473,1445,-1,
1445,1473,1483,-1,
1445,1483,1506,-1,
1561,1583,1562,-1,
1562,1583,1584,-1,
1562,1584,1563,-1,
1563,1584,1570,-1,
1563,1570,1564,-1,
1681,1665,1707,-1,
1707,1665,1648,-1,
1707,1648,1583,-1,
1648,1625,1583,-1,
1583,1625,1618,-1,
1583,1618,1584,-1,
1584,1618,1634,-1,
1584,1634,1708,-1,
1708,1634,1651,-1,
1708,1651,1674,-1,
1674,1681,1708,-1,
1708,1681,1707,-1,
1708,1707,1724,-1,
1724,1707,1723,-1,
1724,1723,1727,-1,
1727,1723,1731,-1,
1710,1717,1725,-1,
1725,1717,1724,-1,
1725,1724,1774,-1,
1774,1724,1773,-1,
1774,1773,1782,-1,
1782,1773,1780,-1,
1837,1772,1896,-1,
1896,1772,1809,-1,
1896,1809,1834,-1,
1840,1897,1823,-1,
1823,1897,1773,-1,
1823,1773,1807,-1,
1807,1773,1772,-1,
1807,1772,1820,-1,
1820,1772,1837,-1,
1840,1857,1897,-1,
1897,1857,1870,-1,
1897,1870,1896,-1,
1896,1870,1854,-1,
1896,1854,1837,-1,
1895,1913,1896,-1,
1896,1913,1914,-1,
1896,1914,1897,-1,
1897,1914,1904,-1,
1897,1904,1898,-1,
1911,1912,1892,-1,
1892,1912,1893,-1,
1892,1893,1770,-1,
1770,1893,1771,-1,
1770,1771,1721,-1,
1721,1771,1722,-1,
1721,1722,1703,-1,
1703,1722,1704,-1,
1703,1704,1581,-1,
1581,1704,1582,-1,
1581,1582,1558,-1,
1558,1582,1559,-1,
1558,1559,1440,-1,
1440,1559,1441,-1,
1440,1441,1421,-1,
1421,1441,1442,-1,
1421,1442,1433,-1,
2,1,141,-1,
141,1,140,-1,
141,140,193,-1,
193,140,192,-1,
193,192,207,-1,
207,192,206,-1,
207,206,325,-1,
325,206,324,-1,
325,324,343,-1,
343,324,342,-1,
343,342,360,-1,
360,342,359,-1,
360,359,478,-1,
478,359,477,-1,
478,477,507,-1,
507,477,506,-1,
507,506,625,-1,
625,506,624,-1,
625,624,643,-1,
643,624,642,-1,
643,642,738,-1,
738,642,737,-1,
738,737,896,-1,
896,737,895,-1,
896,895,1177,-1,
1177,895,1176,-1,
1177,1176,1335,-1,
1335,1176,1334,-1,
1335,1334,1415,-1,
1415,1334,1414,-1,
1415,1414,1440,-1,
1440,1414,1439,-1,
1440,1439,1558,-1,
1558,1439,1557,-1,
1558,1557,1581,-1,
1581,1557,1580,-1,
1581,1580,1703,-1,
1703,1580,1702,-1,
1703,1702,1721,-1,
1721,1702,1720,-1,
1721,1720,1770,-1,
1770,1720,1769,-1,
1770,1769,1892,-1,
1892,1769,1891,-1,
1892,1891,1911,-1,
1911,1891,1910,-1,
1746,1745,1742,-1,
1742,1745,1741,-1,
1742,1741,1737,-1,
1737,1741,1736,-1,
1731,1737,1736,-1,
1730,1731,1735,-1,
1735,1731,1736,-1,
1741,1735,1736,-1,
1731,1730,1727,-1,
1727,1730,1726,-1,
1727,1726,1729,-1,
1729,1726,1728,-1,
1729,1728,1733,-1,
1733,1728,1732,-1,
1733,1732,1740,-1,
1740,1732,1739,-1,
1744,1740,1739,-1,
1743,1744,1738,-1,
1738,1744,1739,-1,
1732,1738,1739,-1,
1744,1743,1749,-1,
1749,1743,1748,-1,
1749,1748,1753,-1,
1753,1748,1752,-1,
1753,1752,1759,-1,
1759,1752,1758,-1,
1764,1759,1758,-1,
1763,1764,1757,-1,
1757,1764,1758,-1,
1752,1757,1758,-1,
1764,1763,1768,-1,
1768,1763,1767,-1,
1768,1767,1766,-1,
1766,1767,1765,-1,
1766,1765,1762,-1,
1762,1765,1761,-1,
1762,1761,1756,-1,
1756,1761,1755,-1,
1751,1756,1755,-1,
1750,1751,1754,-1,
1754,1751,1755,-1,
1761,1754,1755,-1,
1751,1750,1746,-1,
1745,1746,1750,-1,
1748,1743,1747,-1,
1748,1747,1752,-1,
1765,1767,1747,-1,
1747,1767,1763,-1,
1747,1763,1752,-1,
1745,1750,1747,-1,
1747,1750,1761,-1,
1747,1761,1765,-1,
1726,1730,1747,-1,
1747,1730,1741,-1,
1747,1741,1745,-1,
1743,1732,1747,-1,
1747,1732,1728,-1,
1747,1728,1726,-1,
168,167,162,-1,
162,167,161,-1,
162,161,157,-1,
157,161,156,-1,
151,157,156,-1,
150,151,155,-1,
155,151,156,-1,
161,155,156,-1,
151,150,147,-1,
147,150,146,-1,
147,146,149,-1,
149,146,148,-1,
149,148,153,-1,
153,148,152,-1,
153,152,160,-1,
160,152,159,-1,
164,160,159,-1,
163,164,158,-1,
158,164,159,-1,
152,158,159,-1,
164,163,171,-1,
171,163,170,-1,
171,170,176,-1,
176,170,175,-1,
176,175,182,-1,
182,175,181,-1,
187,182,181,-1,
186,187,180,-1,
180,187,181,-1,
175,180,181,-1,
187,186,191,-1,
191,186,190,-1,
191,190,189,-1,
189,190,188,-1,
189,188,185,-1,
185,188,184,-1,
185,184,179,-1,
179,184,178,-1,
174,179,178,-1,
173,174,177,-1,
177,174,178,-1,
184,177,178,-1,
174,173,168,-1,
167,168,173,-1,
170,163,169,-1,
170,169,175,-1,
188,190,169,-1,
169,190,186,-1,
169,186,175,-1,
167,173,169,-1,
169,173,184,-1,
169,184,188,-1,
146,150,169,-1,
169,150,161,-1,
169,161,167,-1,
163,152,169,-1,
169,152,148,-1,
169,148,146,-1,
129,138,134,-1,
134,125,129,-1,
129,125,121,-1,
121,125,113,-1,
106,121,113,-1,
106,90,121,-1,
121,90,117,-1,
129,121,117,-1,
86,90,106,-1,
90,86,66,-1,
86,75,66,-1,
66,75,70,-1,
66,70,37,-1,
37,70,44,-1,
25,37,44,-1,
70,50,44,-1,
44,50,33,-1,
25,44,33,-1,
29,25,41,-1,
41,25,33,-1,
50,41,33,-1,
25,29,16,-1,
20,16,29,-1,
20,19,16,-1,
16,19,18,-1,
16,18,24,-1,
18,28,24,-1,
24,28,32,-1,
32,28,40,-1,
49,32,40,-1,
49,65,32,-1,
32,65,36,-1,
24,32,36,-1,
49,69,65,-1,
65,69,73,-1,
65,73,89,-1,
73,85,89,-1,
89,85,105,-1,
89,105,116,-1,
116,105,120,-1,
128,116,120,-1,
124,128,112,-1,
112,128,120,-1,
105,112,120,-1,
132,128,124,-1,
128,132,138,-1,
138,132,133,-1,
138,133,134,-1,
74,90,66,-1,
129,90,74,-1,
138,129,74,-1,
74,16,24,-1,
25,16,74,-1,
66,25,74,-1,
74,89,128,-1,
65,89,74,-1,
24,65,74,-1,
128,138,74,-1,
22,21,17,-1,
17,21,26,-1,
21,30,26,-1,
26,30,34,-1,
34,30,42,-1,
51,34,42,-1,
51,67,34,-1,
34,67,38,-1,
26,34,38,-1,
51,71,67,-1,
67,71,82,-1,
67,82,91,-1,
82,87,91,-1,
91,87,107,-1,
91,107,118,-1,
118,107,122,-1,
130,118,122,-1,
126,130,114,-1,
114,130,122,-1,
107,114,122,-1,
135,130,126,-1,
130,135,139,-1,
135,136,139,-1,
139,136,137,-1,
139,137,131,-1,
137,127,131,-1,
131,127,123,-1,
123,127,115,-1,
108,123,115,-1,
108,92,123,-1,
123,92,119,-1,
131,123,119,-1,
88,92,108,-1,
92,88,68,-1,
88,84,68,-1,
68,84,72,-1,
68,72,39,-1,
39,72,45,-1,
27,39,45,-1,
72,52,45,-1,
45,52,35,-1,
27,45,35,-1,
31,27,43,-1,
43,27,35,-1,
52,43,35,-1,
27,31,17,-1,
17,31,23,-1,
17,23,22,-1,
83,67,91,-1,
26,67,83,-1,
17,26,83,-1,
83,139,131,-1,
130,139,83,-1,
91,130,83,-1,
83,68,27,-1,
92,68,83,-1,
131,92,83,-1,
27,17,83,-1,
77,78,94,-1,
94,78,95,-1,
94,95,100,-1,
100,95,101,-1,
110,100,101,-1,
111,110,101,-1,
101,110,101,-1,
95,101,101,-1,
110,111,103,-1,
103,111,103,-1,
97,103,103,-1,
98,97,104,-1,
104,97,103,-1,
111,104,103,-1,
97,98,80,-1,
80,98,81,-1,
80,81,63,-1,
63,81,64,-1,
63,64,57,-1,
57,64,58,-1,
47,57,58,-1,
48,47,58,-1,
58,47,58,-1,
64,58,58,-1,
47,48,54,-1,
54,48,54,-1,
60,54,54,-1,
61,60,55,-1,
55,60,54,-1,
48,55,54,-1,
60,61,77,-1,
78,77,61,-1,
269,270,292,-1,
292,270,293,-1,
292,293,286,-1,
286,293,287,-1,
302,286,287,-1,
303,302,287,-1,
287,302,287,-1,
293,287,287,-1,
302,303,289,-1,
289,303,289,-1,
295,289,289,-1,
296,295,290,-1,
290,295,289,-1,
303,290,289,-1,
295,296,272,-1,
272,296,273,-1,
272,273,255,-1,
255,273,256,-1,
255,256,252,-1,
252,256,253,-1,
239,252,253,-1,
240,239,253,-1,
253,239,253,-1,
256,253,253,-1,
239,240,249,-1,
249,240,249,-1,
246,249,249,-1,
247,246,250,-1,
250,246,249,-1,
240,250,249,-1,
246,247,269,-1,
270,269,247,-1,
422,423,445,-1,
445,423,446,-1,
445,446,439,-1,
439,446,440,-1,
455,439,440,-1,
456,455,440,-1,
440,455,440,-1,
446,440,440,-1,
455,456,442,-1,
442,456,442,-1,
448,442,442,-1,
449,448,443,-1,
443,448,442,-1,
456,443,442,-1,
448,449,425,-1,
425,449,426,-1,
425,426,402,-1,
402,426,403,-1,
402,403,408,-1,
408,403,409,-1,
392,408,409,-1,
393,392,409,-1,
409,392,409,-1,
403,409,409,-1,
392,393,405,-1,
405,393,405,-1,
399,405,405,-1,
400,399,406,-1,
406,399,405,-1,
393,406,405,-1,
399,400,422,-1,
423,422,400,-1,
569,570,586,-1,
586,570,587,-1,
586,587,592,-1,
592,587,593,-1,
602,592,593,-1,
603,602,593,-1,
593,602,593,-1,
587,593,593,-1,
602,603,595,-1,
595,603,595,-1,
589,595,595,-1,
590,589,596,-1,
596,589,595,-1,
603,596,595,-1,
589,590,572,-1,
572,590,573,-1,
572,573,555,-1,
555,573,556,-1,
555,556,549,-1,
549,556,550,-1,
539,549,550,-1,
540,539,550,-1,
550,539,550,-1,
556,550,550,-1,
539,540,546,-1,
546,540,546,-1,
552,546,546,-1,
553,552,547,-1,
547,552,546,-1,
540,547,546,-1,
552,553,569,-1,
570,569,553,-1,
711,712,717,-1,
717,712,718,-1,
717,718,723,-1,
723,718,724,-1,
729,723,724,-1,
730,729,724,-1,
724,729,724,-1,
718,724,724,-1,
729,730,726,-1,
726,730,726,-1,
720,726,726,-1,
721,720,727,-1,
727,720,726,-1,
730,727,726,-1,
720,721,714,-1,
714,721,715,-1,
714,715,708,-1,
708,715,709,-1,
708,709,705,-1,
705,709,706,-1,
696,705,706,-1,
697,696,706,-1,
706,696,706,-1,
709,706,706,-1,
696,697,702,-1,
702,697,702,-1,
699,702,702,-1,
700,699,703,-1,
703,699,702,-1,
697,703,702,-1,
699,700,711,-1,
712,711,700,-1,
758,759,770,-1,
770,759,771,-1,
770,771,764,-1,
764,771,765,-1,
776,764,765,-1,
777,776,765,-1,
765,776,765,-1,
771,765,765,-1,
776,777,767,-1,
767,777,767,-1,
773,767,767,-1,
774,773,768,-1,
768,773,767,-1,
777,768,767,-1,
773,774,761,-1,
761,774,762,-1,
761,762,749,-1,
749,762,750,-1,
749,750,755,-1,
755,750,756,-1,
743,755,756,-1,
744,743,756,-1,
756,743,756,-1,
750,756,756,-1,
743,744,752,-1,
752,744,752,-1,
746,752,752,-1,
747,746,753,-1,
753,746,752,-1,
744,753,752,-1,
746,747,758,-1,
759,758,747,-1,
800,801,806,-1,
806,801,807,-1,
806,807,812,-1,
812,807,813,-1,
818,812,813,-1,
819,818,813,-1,
813,818,813,-1,
807,813,813,-1,
818,819,815,-1,
815,819,815,-1,
809,815,815,-1,
810,809,816,-1,
816,809,815,-1,
819,816,815,-1,
809,810,803,-1,
803,810,804,-1,
803,804,791,-1,
791,804,792,-1,
791,792,797,-1,
797,792,798,-1,
785,797,798,-1,
786,785,798,-1,
798,785,798,-1,
792,798,798,-1,
785,786,794,-1,
794,786,794,-1,
788,794,794,-1,
789,788,795,-1,
795,788,794,-1,
786,795,794,-1,
788,789,800,-1,
801,800,789,-1,
875,876,887,-1,
887,876,888,-1,
887,888,881,-1,
881,888,882,-1,
893,881,882,-1,
894,893,882,-1,
882,893,882,-1,
888,882,882,-1,
893,894,884,-1,
884,894,884,-1,
890,884,884,-1,
891,890,885,-1,
885,890,884,-1,
894,885,884,-1,
890,891,878,-1,
878,891,879,-1,
878,879,872,-1,
872,879,873,-1,
872,873,866,-1,
866,873,867,-1,
860,866,867,-1,
861,860,867,-1,
867,860,867,-1,
873,867,867,-1,
860,861,863,-1,
863,861,863,-1,
869,863,863,-1,
870,869,864,-1,
864,869,863,-1,
861,864,863,-1,
869,870,875,-1,
876,875,870,-1,
919,920,931,-1,
931,920,932,-1,
931,932,925,-1,
925,932,926,-1,
937,925,926,-1,
938,937,926,-1,
926,937,926,-1,
932,926,926,-1,
937,938,928,-1,
928,938,928,-1,
934,928,928,-1,
935,934,929,-1,
929,934,928,-1,
938,929,928,-1,
934,935,922,-1,
922,935,923,-1,
922,923,916,-1,
916,923,917,-1,
916,917,910,-1,
910,917,911,-1,
904,910,911,-1,
905,904,911,-1,
911,904,911,-1,
917,911,911,-1,
904,905,907,-1,
907,905,907,-1,
913,907,907,-1,
914,913,908,-1,
908,913,907,-1,
905,908,907,-1,
913,914,919,-1,
920,919,914,-1,
991,992,997,-1,
997,992,998,-1,
997,998,1003,-1,
1003,998,1004,-1,
1009,1003,1004,-1,
1010,1009,1004,-1,
1004,1009,1004,-1,
998,1004,1004,-1,
1009,1010,1006,-1,
1006,1010,1006,-1,
1000,1006,1006,-1,
1001,1000,1007,-1,
1007,1000,1006,-1,
1010,1007,1006,-1,
1000,1001,994,-1,
994,1001,995,-1,
994,995,982,-1,
982,995,983,-1,
982,983,988,-1,
988,983,989,-1,
976,988,989,-1,
977,976,989,-1,
989,976,989,-1,
983,989,989,-1,
976,977,985,-1,
985,977,985,-1,
979,985,985,-1,
980,979,986,-1,
986,979,985,-1,
977,986,985,-1,
979,980,991,-1,
992,991,980,-1,
1033,1034,1045,-1,
1045,1034,1046,-1,
1045,1046,1039,-1,
1039,1046,1040,-1,
1051,1039,1040,-1,
1052,1051,1040,-1,
1040,1051,1040,-1,
1046,1040,1040,-1,
1051,1052,1042,-1,
1042,1052,1042,-1,
1048,1042,1042,-1,
1049,1048,1043,-1,
1043,1048,1042,-1,
1052,1043,1042,-1,
1048,1049,1036,-1,
1036,1049,1037,-1,
1036,1037,1030,-1,
1030,1037,1031,-1,
1030,1031,1024,-1,
1024,1031,1025,-1,
1018,1024,1025,-1,
1019,1018,1025,-1,
1025,1018,1025,-1,
1031,1025,1025,-1,
1018,1019,1021,-1,
1021,1019,1021,-1,
1027,1021,1021,-1,
1028,1027,1022,-1,
1022,1027,1021,-1,
1019,1022,1021,-1,
1027,1028,1033,-1,
1034,1033,1028,-1,
1075,1076,1081,-1,
1081,1076,1082,-1,
1081,1082,1087,-1,
1087,1082,1088,-1,
1093,1087,1088,-1,
1094,1093,1088,-1,
1088,1093,1088,-1,
1082,1088,1088,-1,
1093,1094,1090,-1,
1090,1094,1090,-1,
1084,1090,1090,-1,
1085,1084,1091,-1,
1091,1084,1090,-1,
1094,1091,1090,-1,
1084,1085,1078,-1,
1078,1085,1079,-1,
1078,1079,1066,-1,
1066,1079,1067,-1,
1066,1067,1072,-1,
1072,1067,1073,-1,
1060,1072,1073,-1,
1061,1060,1073,-1,
1073,1060,1073,-1,
1067,1073,1073,-1,
1060,1061,1069,-1,
1069,1061,1069,-1,
1063,1069,1069,-1,
1064,1063,1070,-1,
1070,1063,1069,-1,
1061,1070,1069,-1,
1063,1064,1075,-1,
1076,1075,1064,-1,
1150,1151,1156,-1,
1156,1151,1157,-1,
1156,1157,1162,-1,
1162,1157,1163,-1,
1168,1162,1163,-1,
1169,1168,1163,-1,
1163,1168,1163,-1,
1157,1163,1163,-1,
1168,1169,1165,-1,
1165,1169,1165,-1,
1159,1165,1165,-1,
1160,1159,1166,-1,
1166,1159,1165,-1,
1169,1166,1165,-1,
1159,1160,1153,-1,
1153,1160,1154,-1,
1153,1154,1141,-1,
1141,1154,1142,-1,
1141,1142,1147,-1,
1147,1142,1148,-1,
1135,1147,1148,-1,
1136,1135,1148,-1,
1148,1135,1148,-1,
1142,1148,1148,-1,
1135,1136,1144,-1,
1144,1136,1144,-1,
1138,1144,1144,-1,
1139,1138,1145,-1,
1145,1138,1144,-1,
1136,1145,1144,-1,
1138,1139,1150,-1,
1151,1150,1139,-1,
1197,1198,1209,-1,
1209,1198,1210,-1,
1209,1210,1203,-1,
1203,1210,1204,-1,
1215,1203,1204,-1,
1216,1215,1204,-1,
1204,1215,1204,-1,
1210,1204,1204,-1,
1215,1216,1206,-1,
1206,1216,1206,-1,
1212,1206,1206,-1,
1213,1212,1207,-1,
1207,1212,1206,-1,
1216,1207,1206,-1,
1212,1213,1200,-1,
1200,1213,1201,-1,
1200,1201,1194,-1,
1194,1201,1195,-1,
1194,1195,1188,-1,
1188,1195,1189,-1,
1182,1188,1189,-1,
1183,1182,1189,-1,
1189,1182,1189,-1,
1195,1189,1189,-1,
1182,1183,1185,-1,
1185,1183,1185,-1,
1191,1185,1185,-1,
1192,1191,1186,-1,
1186,1191,1185,-1,
1183,1186,1185,-1,
1191,1192,1197,-1,
1198,1197,1192,-1,
1272,1273,1278,-1,
1278,1273,1279,-1,
1278,1279,1284,-1,
1284,1279,1285,-1,
1290,1284,1285,-1,
1291,1290,1285,-1,
1285,1290,1285,-1,
1279,1285,1285,-1,
1290,1291,1287,-1,
1287,1291,1287,-1,
1281,1287,1287,-1,
1282,1281,1288,-1,
1288,1281,1287,-1,
1291,1288,1287,-1,
1281,1282,1275,-1,
1275,1282,1276,-1,
1275,1276,1263,-1,
1263,1276,1264,-1,
1263,1264,1269,-1,
1269,1264,1270,-1,
1257,1269,1270,-1,
1258,1257,1270,-1,
1270,1257,1270,-1,
1264,1270,1270,-1,
1257,1258,1266,-1,
1266,1258,1266,-1,
1260,1266,1266,-1,
1261,1260,1267,-1,
1267,1260,1266,-1,
1258,1267,1266,-1,
1260,1261,1272,-1,
1273,1272,1261,-1,
1314,1315,1320,-1,
1320,1315,1321,-1,
1320,1321,1323,-1,
1323,1321,1324,-1,
1332,1323,1324,-1,
1333,1332,1324,-1,
1324,1332,1324,-1,
1321,1324,1324,-1,
1332,1333,1326,-1,
1326,1333,1326,-1,
1329,1326,1326,-1,
1330,1329,1327,-1,
1327,1329,1326,-1,
1333,1327,1326,-1,
1329,1330,1317,-1,
1317,1330,1318,-1,
1317,1318,1305,-1,
1305,1318,1306,-1,
1305,1306,1311,-1,
1311,1306,1312,-1,
1299,1311,1312,-1,
1300,1299,1312,-1,
1312,1299,1312,-1,
1306,1312,1312,-1,
1299,1300,1308,-1,
1308,1300,1308,-1,
1302,1308,1308,-1,
1303,1302,1309,-1,
1309,1302,1308,-1,
1300,1309,1308,-1,
1302,1303,1314,-1,
1315,1314,1303,-1,
1361,1362,1367,-1,
1367,1362,1368,-1,
1367,1368,1373,-1,
1373,1368,1374,-1,
1379,1373,1374,-1,
1380,1379,1374,-1,
1374,1379,1374,-1,
1368,1374,1374,-1,
1379,1380,1376,-1,
1376,1380,1376,-1,
1370,1376,1376,-1,
1371,1370,1377,-1,
1377,1370,1376,-1,
1380,1377,1376,-1,
1370,1371,1364,-1,
1364,1371,1365,-1,
1364,1365,1358,-1,
1358,1365,1359,-1,
1358,1359,1352,-1,
1352,1359,1353,-1,
1346,1352,1353,-1,
1347,1346,1353,-1,
1353,1346,1353,-1,
1359,1353,1353,-1,
1346,1347,1349,-1,
1349,1347,1349,-1,
1355,1349,1349,-1,
1356,1355,1350,-1,
1350,1355,1349,-1,
1347,1350,1349,-1,
1355,1356,1361,-1,
1362,1361,1356,-1,
1502,1503,1519,-1,
1519,1503,1520,-1,
1519,1520,1525,-1,
1525,1520,1526,-1,
1535,1525,1526,-1,
1536,1535,1526,-1,
1526,1535,1526,-1,
1520,1526,1526,-1,
1535,1536,1528,-1,
1528,1536,1528,-1,
1522,1528,1528,-1,
1523,1522,1529,-1,
1529,1522,1528,-1,
1536,1529,1528,-1,
1522,1523,1505,-1,
1505,1523,1506,-1,
1505,1506,1482,-1,
1482,1506,1483,-1,
1482,1483,1488,-1,
1488,1483,1489,-1,
1472,1488,1489,-1,
1473,1472,1489,-1,
1489,1472,1489,-1,
1483,1489,1489,-1,
1472,1473,1485,-1,
1485,1473,1485,-1,
1479,1485,1485,-1,
1480,1479,1486,-1,
1486,1479,1485,-1,
1473,1486,1485,-1,
1479,1480,1502,-1,
1503,1502,1480,-1,
1647,1648,1664,-1,
1664,1648,1665,-1,
1664,1665,1667,-1,
1667,1665,1668,-1,
1680,1667,1668,-1,
1681,1680,1668,-1,
1668,1680,1668,-1,
1665,1668,1668,-1,
1680,1681,1670,-1,
1670,1681,1670,-1,
1673,1670,1670,-1,
1674,1673,1671,-1,
1671,1673,1670,-1,
1681,1671,1670,-1,
1673,1674,1650,-1,
1650,1674,1651,-1,
1650,1651,1633,-1,
1633,1651,1634,-1,
1633,1634,1630,-1,
1630,1634,1631,-1,
1617,1630,1631,-1,
1618,1617,1631,-1,
1631,1617,1631,-1,
1634,1631,1631,-1,
1617,1618,1627,-1,
1627,1618,1627,-1,
1624,1627,1627,-1,
1625,1624,1628,-1,
1628,1624,1627,-1,
1618,1628,1627,-1,
1624,1625,1647,-1,
1648,1647,1625,-1,
1836,1837,1853,-1,
1853,1837,1854,-1,
1853,1854,1859,-1,
1859,1854,1860,-1,
1869,1859,1860,-1,
1870,1869,1860,-1,
1860,1869,1860,-1,
1854,1860,1860,-1,
1869,1870,1862,-1,
1862,1870,1862,-1,
1856,1862,1862,-1,
1857,1856,1863,-1,
1863,1856,1862,-1,
1870,1863,1862,-1,
1856,1857,1839,-1,
1839,1857,1840,-1,
1839,1840,1822,-1,
1822,1840,1823,-1,
1822,1823,1816,-1,
1816,1823,1817,-1,
1806,1816,1817,-1,
1807,1806,1817,-1,
1817,1806,1817,-1,
1823,1817,1817,-1,
1806,1807,1813,-1,
1813,1807,1813,-1,
1819,1813,1813,-1,
1820,1819,1814,-1,
1814,1819,1813,-1,
1807,1814,1813,-1,
1819,1820,1836,-1,
1837,1836,1820,-1,
1579,1344,1578,-1,
1578,1344,1297,-1,
1578,1297,1222,-1,
1222,1175,1578,-1,
1578,1175,1133,-1,
1578,1133,1058,-1,
1058,1015,1578,-1,
1578,1015,941,-1,
1578,941,9,-1,
941,858,9,-1,
9,858,783,-1,
9,783,736,-1,
736,650,9,-1,
9,650,497,-1,
9,497,349,-1,
349,172,9,-1,
9,172,15,-1,
9,15,10,-1,
1579,1578,1577,-1,
1577,1578,1575,-1,
1577,1575,1576,-1,
3,4,13,-1,
13,165,3,-1,
3,165,344,-1,
3,344,495,-1,
495,648,3,-1,
3,648,731,-1,
3,731,778,-1,
778,853,3,-1,
3,853,939,-1,
3,939,1429,-1,
1429,939,1011,-1,
1429,1011,1053,-1,
1053,1128,1429,-1,
1429,1128,1170,-1,
1429,1170,1217,-1,
1217,1292,1429,-1,
1429,1292,1339,-1,
1429,1339,1430,-1,
1035,1015,1058,-1,
1152,1133,1175,-1,
1430,1339,1340,-1,
779,854,853,-1,
4,5,13,-1,
13,5,14,-1,
13,14,165,-1,
165,14,166,-1,
165,166,344,-1,
344,166,345,-1,
344,345,495,-1,
853,854,939,-1,
939,854,940,-1,
939,940,1011,-1,
1053,1011,1012,-1,
1340,1339,1293,-1,
1293,1339,1292,-1,
1293,1292,1218,-1,
1577,1576,1428,-1,
1344,1363,1357,-1,
1478,1501,1577,-1,
1471,1378,1481,-1,
1481,1378,1369,-1,
1579,1504,1344,-1,
1344,1504,1481,-1,
1344,1481,1363,-1,
1363,1481,1369,-1,
1357,1345,1340,-1,
1340,1345,1354,-1,
1340,1354,1360,-1,
1501,1518,1577,-1,
1577,1518,1534,-1,
1577,1534,1579,-1,
1579,1534,1521,-1,
1579,1521,1504,-1,
1428,1430,1577,-1,
1577,1430,1340,-1,
1577,1340,1478,-1,
1478,1340,1360,-1,
1478,1360,1471,-1,
1471,1360,1366,-1,
1471,1366,1378,-1,
1304,1297,1316,-1,
1316,1297,1344,-1,
1316,1344,1328,-1,
1357,1340,1344,-1,
1344,1340,1331,-1,
1344,1331,1328,-1,
1298,1301,1293,-1,
1293,1301,1313,-1,
1293,1313,1340,-1,
1340,1313,1319,-1,
1340,1319,1331,-1,
1289,1297,1293,-1,
1293,1297,1304,-1,
1293,1304,1298,-1,
1289,1280,1297,-1,
1297,1280,1274,-1,
1297,1274,1222,-1,
1222,1274,1262,-1,
1222,1262,1218,-1,
1218,1262,1256,-1,
1256,1259,1218,-1,
1218,1259,1271,-1,
1218,1271,1293,-1,
1293,1271,1277,-1,
1293,1277,1289,-1,
1196,1208,1218,-1,
1218,1208,1214,-1,
1218,1214,1222,-1,
1292,1217,1218,-1,
1218,1217,1171,-1,
1218,1171,1196,-1,
1196,1171,1190,-1,
1214,1211,1222,-1,
1222,1211,1199,-1,
1222,1199,1175,-1,
1175,1199,1193,-1,
1175,1193,1171,-1,
1171,1193,1181,-1,
1171,1181,1190,-1,
1134,1137,1129,-1,
1134,1129,1140,-1,
1217,1170,1171,-1,
1171,1170,1129,-1,
1171,1129,1149,-1,
1149,1129,1137,-1,
1149,1155,1171,-1,
1171,1155,1167,-1,
1171,1167,1175,-1,
1175,1167,1158,-1,
1175,1158,1152,-1,
1074,1080,1129,-1,
1080,1092,1129,-1,
1129,1092,1133,-1,
1129,1133,1140,-1,
1140,1133,1152,-1,
1170,1128,1129,-1,
1129,1128,1054,-1,
1129,1054,1074,-1,
1074,1054,1062,-1,
1092,1083,1133,-1,
1133,1083,1077,-1,
1133,1077,1058,-1,
1058,1077,1065,-1,
1058,1065,1054,-1,
1054,1065,1059,-1,
1054,1059,1062,-1,
1017,1026,1012,-1,
1017,1012,1029,-1,
1128,1053,1054,-1,
1054,1053,1012,-1,
1054,1012,1032,-1,
1032,1012,1026,-1,
1032,1044,1054,-1,
1054,1044,1050,-1,
1054,1050,1058,-1,
1058,1050,1047,-1,
1058,1047,1035,-1,
940,978,990,-1,
1011,940,1012,-1,
1012,940,990,-1,
1012,990,996,-1,
996,1008,1012,-1,
1012,1008,1015,-1,
1012,1015,1029,-1,
1029,1015,1035,-1,
1008,999,1015,-1,
1015,999,993,-1,
1015,993,941,-1,
941,993,981,-1,
941,981,940,-1,
940,981,975,-1,
940,975,978,-1,
874,886,915,-1,
915,886,892,-1,
915,892,921,-1,
921,892,889,-1,
921,889,941,-1,
941,889,877,-1,
941,877,858,-1,
858,877,871,-1,
859,868,854,-1,
854,868,874,-1,
915,903,874,-1,
874,903,912,-1,
874,912,854,-1,
854,912,918,-1,
854,918,940,-1,
918,930,940,-1,
940,930,936,-1,
940,936,941,-1,
941,936,933,-1,
941,933,921,-1,
817,858,854,-1,
854,858,871,-1,
854,871,859,-1,
784,779,790,-1,
790,779,783,-1,
790,783,802,-1,
802,783,858,-1,
802,858,808,-1,
808,858,817,-1,
784,787,779,-1,
779,787,799,-1,
779,799,854,-1,
854,799,805,-1,
854,805,817,-1,
783,760,736,-1,
736,760,748,-1,
736,748,732,-1,
732,748,742,-1,
732,742,745,-1,
853,778,779,-1,
779,778,732,-1,
779,732,757,-1,
757,732,745,-1,
757,769,779,-1,
779,769,775,-1,
779,775,783,-1,
783,775,772,-1,
783,772,760,-1,
736,713,650,-1,
650,713,707,-1,
650,707,649,-1,
649,707,695,-1,
649,695,698,-1,
778,731,732,-1,
732,731,649,-1,
732,649,710,-1,
710,649,698,-1,
710,716,732,-1,
732,716,728,-1,
732,728,736,-1,
736,728,719,-1,
736,719,713,-1,
650,571,497,-1,
497,571,554,-1,
497,554,496,-1,
496,554,538,-1,
496,538,551,-1,
731,648,649,-1,
649,648,496,-1,
649,496,568,-1,
568,496,551,-1,
568,585,649,-1,
649,585,601,-1,
649,601,650,-1,
650,601,588,-1,
650,588,571,-1,
391,398,345,-1,
497,424,349,-1,
349,424,401,-1,
648,495,496,-1,
496,495,345,-1,
496,345,421,-1,
421,345,398,-1,
421,444,496,-1,
496,444,454,-1,
496,454,497,-1,
497,454,447,-1,
497,447,424,-1,
301,349,345,-1,
345,349,401,-1,
345,401,391,-1,
301,294,349,-1,
349,294,271,-1,
349,271,172,-1,
172,271,254,-1,
172,254,166,-1,
166,254,238,-1,
238,245,166,-1,
166,245,268,-1,
166,268,345,-1,
345,268,291,-1,
345,291,301,-1,
166,109,172,-1,
172,109,96,-1,
172,96,15,-1,
15,96,79,-1,
15,79,62,-1,
46,59,14,-1,
14,59,76,-1,
14,76,166,-1,
166,76,93,-1,
166,93,109,-1,
62,46,15,-1,
15,46,14,-1,
15,14,10,-1,
10,14,5,-1,
771,759,781,-1,
654,651,692,-1,
654,693,657,-1,
657,693,694,-1,
693,734,712,-1,
712,734,718,-1,
712,700,693,-1,
693,700,697,-1,
693,697,694,-1,
697,709,694,-1,
694,709,715,-1,
694,715,735,-1,
735,715,721,-1,
735,721,734,-1,
734,721,730,-1,
734,730,718,-1,
781,759,734,-1,
735,762,782,-1,
782,762,774,-1,
782,774,781,-1,
781,774,777,-1,
781,777,771,-1,
759,747,734,-1,
734,747,744,-1,
734,744,735,-1,
735,744,750,-1,
735,750,762,-1,
810,819,856,-1,
819,807,856,-1,
856,807,801,-1,
856,801,781,-1,
857,782,804,-1,
801,789,781,-1,
781,789,786,-1,
781,786,782,-1,
782,786,792,-1,
782,792,804,-1,
870,856,876,-1,
876,856,901,-1,
876,901,888,-1,
870,861,856,-1,
856,861,857,-1,
856,857,810,-1,
810,857,804,-1,
861,873,857,-1,
857,873,879,-1,
857,879,902,-1,
902,879,891,-1,
902,891,901,-1,
901,891,894,-1,
901,894,888,-1,
935,1016,923,-1,
923,1016,902,-1,
920,914,901,-1,
901,914,905,-1,
901,905,902,-1,
902,905,917,-1,
902,917,923,-1,
932,980,938,-1,
938,980,977,-1,
938,977,935,-1,
932,920,980,-1,
980,920,901,-1,
980,901,992,-1,
992,901,1014,-1,
992,1014,998,-1,
977,983,935,-1,
935,983,995,-1,
935,995,1016,-1,
1016,995,1001,-1,
1016,1001,1014,-1,
1014,1001,1010,-1,
1014,1010,998,-1,
1057,1016,1037,-1,
1049,1052,1056,-1,
1052,1046,1056,-1,
1056,1046,1034,-1,
1056,1034,1014,-1,
1034,1028,1014,-1,
1014,1028,1019,-1,
1014,1019,1016,-1,
1016,1019,1031,-1,
1016,1031,1037,-1,
1064,1061,1056,-1,
1056,1061,1057,-1,
1056,1057,1049,-1,
1049,1057,1037,-1,
1064,1056,1076,-1,
1076,1056,1131,-1,
1076,1131,1082,-1,
1061,1067,1057,-1,
1057,1067,1079,-1,
1057,1079,1132,-1,
1132,1079,1085,-1,
1132,1085,1131,-1,
1131,1085,1094,-1,
1131,1094,1082,-1,
1160,1174,1154,-1,
1154,1174,1132,-1,
1169,1157,1173,-1,
1173,1157,1151,-1,
1173,1151,1131,-1,
1151,1139,1131,-1,
1131,1139,1136,-1,
1131,1136,1132,-1,
1132,1136,1142,-1,
1132,1142,1154,-1,
1213,1216,1220,-1,
1183,1174,1173,-1,
1173,1174,1160,-1,
1173,1160,1169,-1,
1216,1210,1220,-1,
1220,1210,1198,-1,
1220,1198,1173,-1,
1173,1198,1192,-1,
1173,1192,1183,-1,
1183,1195,1174,-1,
1174,1195,1201,-1,
1174,1201,1221,-1,
1261,1258,1220,-1,
1220,1258,1221,-1,
1220,1221,1213,-1,
1213,1221,1201,-1,
1261,1220,1273,-1,
1273,1220,1295,-1,
1273,1295,1279,-1,
1258,1264,1221,-1,
1221,1264,1276,-1,
1221,1276,1296,-1,
1296,1276,1282,-1,
1296,1282,1295,-1,
1295,1282,1291,-1,
1295,1291,1279,-1,
1343,1296,1318,-1,
1330,1333,1342,-1,
1333,1321,1342,-1,
1342,1321,1315,-1,
1342,1315,1295,-1,
1315,1303,1295,-1,
1295,1303,1300,-1,
1295,1300,1296,-1,
1296,1300,1306,-1,
1296,1306,1318,-1,
1356,1342,1362,-1,
1362,1342,1422,-1,
1362,1422,1368,-1,
1356,1347,1342,-1,
1342,1347,1343,-1,
1342,1343,1330,-1,
1330,1343,1318,-1,
1347,1359,1343,-1,
1343,1359,1365,-1,
1343,1365,1425,-1,
1425,1365,1371,-1,
1425,1371,1422,-1,
1422,1371,1380,-1,
1422,1380,1368,-1,
654,692,693,-1,
693,692,733,-1,
693,733,734,-1,
734,733,780,-1,
734,780,781,-1,
781,780,855,-1,
781,855,856,-1,
856,855,900,-1,
856,900,901,-1,
901,900,1013,-1,
901,1013,1014,-1,
1014,1013,1055,-1,
1014,1055,1056,-1,
1056,1055,1130,-1,
1056,1130,1131,-1,
1131,1130,1172,-1,
1131,1172,1173,-1,
1173,1172,1219,-1,
1173,1219,1220,-1,
1220,1219,1294,-1,
1220,1294,1295,-1,
1295,1294,1341,-1,
1295,1341,1342,-1,
1342,1341,1419,-1,
1342,1419,1422,-1,
651,657,652,-1,
652,657,658,-1,
1337,1343,1417,-1,
1417,1343,1425,-1,
1417,1425,1426,-1,
898,902,1016,-1,
658,657,694,-1,
1132,1174,1179,-1,
1179,1174,1221,-1,
1179,1221,1337,-1,
1337,1221,1296,-1,
1337,1296,1343,-1,
658,694,740,-1,
898,1016,1179,-1,
1179,1016,1057,-1,
1179,1057,1132,-1,
694,735,740,-1,
740,735,782,-1,
740,782,898,-1,
898,782,857,-1,
898,857,902,-1,
1425,1419,1426,-1,
1426,1419,1420,-1,
1416,1420,1419,-1,
1416,1419,1336,-1,
1419,1341,1336,-1,
1336,1341,1294,-1,
1336,1294,1178,-1,
1294,1219,1178,-1,
1178,1219,1172,-1,
1178,1172,1130,-1,
1130,1055,1178,-1,
1178,1055,1013,-1,
1178,1013,897,-1,
1013,900,897,-1,
897,900,855,-1,
897,855,739,-1,
855,780,739,-1,
739,780,733,-1,
739,733,652,-1,
652,733,692,-1,
652,692,651,-1,
1430,1428,1429,-1,
1429,1428,1427,-1,
1395,1400,1397,-1,
1383,1381,1397,-1,
1397,1381,1391,-1,
1397,1391,1395,-1,
1402,1398,1397,-1,
1397,1398,1393,-1,
1397,1393,1383,-1,
1400,1410,1397,-1,
1397,1410,1412,-1,
1397,1412,1402,-1,
1395,1396,1400,-1,
1400,1396,1401,-1,
1400,1401,1404,-1,
1404,1401,1405,-1,
1410,1404,1405,-1,
1411,1410,1406,-1,
1406,1410,1405,-1,
1401,1406,1405,-1,
1410,1411,1412,-1,
1412,1411,1413,-1,
1412,1413,1407,-1,
1407,1413,1408,-1,
1402,1407,1408,-1,
1403,1402,1409,-1,
1409,1402,1408,-1,
1413,1409,1408,-1,
1402,1403,1398,-1,
1398,1403,1399,-1,
1398,1399,1393,-1,
1393,1399,1394,-1,
1393,1394,1388,-1,
1388,1394,1389,-1,
1383,1388,1389,-1,
1384,1383,1390,-1,
1390,1383,1389,-1,
1394,1390,1389,-1,
1383,1384,1381,-1,
1381,1384,1382,-1,
1381,1382,1385,-1,
1385,1382,1386,-1,
1391,1385,1386,-1,
1392,1391,1387,-1,
1387,1391,1386,-1,
1382,1387,1386,-1,
1391,1392,1395,-1,
1396,1395,1392,-1,
1237,1242,1239,-1,
1225,1223,1239,-1,
1239,1223,1233,-1,
1239,1233,1237,-1,
1244,1240,1239,-1,
1239,1240,1235,-1,
1239,1235,1225,-1,
1242,1252,1239,-1,
1239,1252,1254,-1,
1239,1254,1244,-1,
1237,1238,1242,-1,
1242,1238,1243,-1,
1242,1243,1246,-1,
1246,1243,1247,-1,
1252,1246,1247,-1,
1253,1252,1248,-1,
1248,1252,1247,-1,
1243,1248,1247,-1,
1252,1253,1254,-1,
1254,1253,1255,-1,
1254,1255,1249,-1,
1249,1255,1250,-1,
1244,1249,1250,-1,
1245,1244,1251,-1,
1251,1244,1250,-1,
1255,1251,1250,-1,
1244,1245,1240,-1,
1240,1245,1241,-1,
1240,1241,1235,-1,
1235,1241,1236,-1,
1235,1236,1230,-1,
1230,1236,1231,-1,
1225,1230,1231,-1,
1226,1225,1232,-1,
1232,1225,1231,-1,
1236,1232,1231,-1,
1225,1226,1223,-1,
1223,1226,1224,-1,
1223,1224,1227,-1,
1227,1224,1228,-1,
1233,1227,1228,-1,
1234,1233,1229,-1,
1229,1233,1228,-1,
1224,1229,1228,-1,
1233,1234,1237,-1,
1238,1237,1234,-1,
1109,1114,1111,-1,
1097,1095,1111,-1,
1111,1095,1105,-1,
1111,1105,1109,-1,
1116,1112,1111,-1,
1111,1112,1107,-1,
1111,1107,1097,-1,
1114,1124,1111,-1,
1111,1124,1126,-1,
1111,1126,1116,-1,
1109,1110,1114,-1,
1114,1110,1115,-1,
1114,1115,1118,-1,
1118,1115,1119,-1,
1124,1118,1119,-1,
1125,1124,1120,-1,
1120,1124,1119,-1,
1115,1120,1119,-1,
1124,1125,1126,-1,
1126,1125,1127,-1,
1126,1127,1121,-1,
1121,1127,1122,-1,
1116,1121,1122,-1,
1117,1116,1123,-1,
1123,1116,1122,-1,
1127,1123,1122,-1,
1116,1117,1112,-1,
1112,1117,1113,-1,
1112,1113,1107,-1,
1107,1113,1108,-1,
1107,1108,1102,-1,
1102,1108,1103,-1,
1097,1102,1103,-1,
1098,1097,1104,-1,
1104,1097,1103,-1,
1108,1104,1103,-1,
1097,1098,1095,-1,
1095,1098,1096,-1,
1095,1096,1099,-1,
1099,1096,1100,-1,
1105,1099,1100,-1,
1106,1105,1101,-1,
1101,1105,1100,-1,
1096,1101,1100,-1,
1105,1106,1109,-1,
1110,1109,1106,-1,
956,961,958,-1,
944,942,958,-1,
958,942,952,-1,
958,952,956,-1,
963,959,958,-1,
958,959,954,-1,
958,954,944,-1,
961,971,958,-1,
958,971,973,-1,
958,973,963,-1,
956,957,961,-1,
961,957,962,-1,
961,962,965,-1,
965,962,966,-1,
971,965,966,-1,
972,971,967,-1,
967,971,966,-1,
962,967,966,-1,
971,972,973,-1,
973,972,974,-1,
973,974,968,-1,
968,974,969,-1,
963,968,969,-1,
964,963,970,-1,
970,963,969,-1,
974,970,969,-1,
963,964,959,-1,
959,964,960,-1,
959,960,954,-1,
954,960,955,-1,
954,955,949,-1,
949,955,950,-1,
944,949,950,-1,
945,944,951,-1,
951,944,950,-1,
955,951,950,-1,
944,945,942,-1,
942,945,943,-1,
942,943,946,-1,
946,943,947,-1,
952,946,947,-1,
953,952,948,-1,
948,952,947,-1,
943,948,947,-1,
952,953,956,-1,
957,956,953,-1,
834,839,836,-1,
822,820,836,-1,
836,820,830,-1,
836,830,834,-1,
841,837,836,-1,
836,837,832,-1,
836,832,822,-1,
839,849,836,-1,
836,849,851,-1,
836,851,841,-1,
834,835,839,-1,
839,835,840,-1,
839,840,843,-1,
843,840,844,-1,
849,843,844,-1,
850,849,845,-1,
845,849,844,-1,
840,845,844,-1,
849,850,851,-1,
851,850,852,-1,
851,852,846,-1,
846,852,847,-1,
841,846,847,-1,
842,841,848,-1,
848,841,847,-1,
852,848,847,-1,
841,842,837,-1,
837,842,838,-1,
837,838,832,-1,
832,838,833,-1,
832,833,827,-1,
827,833,828,-1,
822,827,828,-1,
823,822,829,-1,
829,822,828,-1,
833,829,828,-1,
822,823,820,-1,
820,823,821,-1,
820,821,824,-1,
824,821,825,-1,
830,824,825,-1,
831,830,826,-1,
826,830,825,-1,
821,826,825,-1,
830,831,834,-1,
835,834,831,-1,
673,678,675,-1,
661,659,675,-1,
675,659,669,-1,
675,669,673,-1,
680,676,675,-1,
675,676,671,-1,
675,671,661,-1,
678,688,675,-1,
675,688,690,-1,
675,690,680,-1,
673,674,678,-1,
678,674,679,-1,
678,679,682,-1,
682,679,683,-1,
688,682,683,-1,
689,688,684,-1,
684,688,683,-1,
679,684,683,-1,
688,689,690,-1,
690,689,691,-1,
690,691,685,-1,
685,691,686,-1,
680,685,686,-1,
681,680,687,-1,
687,680,686,-1,
691,687,686,-1,
680,681,676,-1,
676,681,677,-1,
676,677,671,-1,
671,677,672,-1,
671,672,666,-1,
666,672,667,-1,
661,666,667,-1,
662,661,668,-1,
668,661,667,-1,
672,668,667,-1,
661,662,659,-1,
659,662,660,-1,
659,660,663,-1,
663,660,664,-1,
669,663,664,-1,
670,669,665,-1,
665,669,664,-1,
660,665,664,-1,
669,670,673,-1,
674,673,670,-1
]
normalIndex [
23,23,23,-1,
23,23,23,-1,
23,23,23,-1,
23,23,23,-1,
23,23,23,-1,
23,23,23,-1,
23,23,23,-1,
23,23,23,-1,
23,23,23,-1,
23,23,23,-1,
23,23,23,-1,
23,23,23,-1,
23,23,23,-1,
23,23,23,-1,
23,23,23,-1,
23,23,23,-1,
23,23,23,-1,
23,23,23,-1,
23,23,23,-1,
23,23,23,-1,
23,23,23,-1,
23,23,23,-1,
23,23,23,-1,
23,23,23,-1,
33,33,9,-1,
9,33,9,-1,
9,9,9,-1,
9,9,9,-1,
0,9,9,-1,
0,0,9,-1,
9,0,9,-1,
9,9,9,-1,
0,0,10,-1,
10,0,10,-1,
10,10,10,-1,
10,10,10,-1,
10,10,10,-1,
0,10,10,-1,
10,10,27,-1,
27,10,27,-1,
27,27,49,-1,
49,27,49,-1,
49,49,49,-1,
49,49,49,-1,
58,49,49,-1,
58,58,49,-1,
49,58,49,-1,
49,49,49,-1,
58,58,48,-1,
48,58,48,-1,
48,48,48,-1,
48,48,48,-1,
48,48,48,-1,
58,48,48,-1,
48,48,33,-1,
33,33,48,-1,
33,33,9,-1,
9,33,9,-1,
9,9,9,-1,
9,9,9,-1,
0,9,9,-1,
0,0,9,-1,
9,0,9,-1,
9,9,9,-1,
0,0,10,-1,
10,0,10,-1,
10,10,10,-1,
10,10,10,-1,
10,10,10,-1,
0,10,10,-1,
10,10,27,-1,
27,10,27,-1,
27,27,49,-1,
49,27,49,-1,
49,49,49,-1,
49,49,49,-1,
58,49,49,-1,
58,58,49,-1,
49,58,49,-1,
49,49,49,-1,
58,58,48,-1,
48,58,48,-1,
48,48,48,-1,
48,48,48,-1,
48,48,48,-1,
58,48,48,-1,
48,48,33,-1,
33,33,48,-1,
33,33,9,-1,
9,33,9,-1,
9,9,9,-1,
9,9,9,-1,
0,9,9,-1,
0,0,9,-1,
9,0,9,-1,
9,9,9,-1,
0,0,10,-1,
10,0,10,-1,
10,10,10,-1,
10,10,10,-1,
10,10,10,-1,
0,10,10,-1,
10,10,27,-1,
27,10,27,-1,
27,27,49,-1,
49,27,49,-1,
49,49,49,-1,
49,49,49,-1,
58,49,49,-1,
58,58,49,-1,
49,58,49,-1,
49,49,49,-1,
58,58,48,-1,
48,58,48,-1,
48,48,48,-1,
48,48,48,-1,
48,48,48,-1,
58,48,48,-1,
48,48,33,-1,
33,33,48,-1,
33,33,9,-1,
9,33,9,-1,
9,9,9,-1,
9,9,9,-1,
0,9,9,-1,
0,0,9,-1,
9,0,9,-1,
9,9,9,-1,
0,0,10,-1,
10,0,10,-1,
10,10,10,-1,
10,10,10,-1,
10,10,10,-1,
0,10,10,-1,
10,10,27,-1,
27,10,27,-1,
27,27,49,-1,
49,27,49,-1,
49,49,49,-1,
49,49,49,-1,
58,49,49,-1,
58,58,49,-1,
49,58,49,-1,
49,49,49,-1,
58,58,48,-1,
48,58,48,-1,
48,48,48,-1,
48,48,48,-1,
48,48,48,-1,
58,48,48,-1,
48,48,33,-1,
33,33,48,-1,
33,33,9,-1,
9,33,9,-1,
9,9,9,-1,
9,9,9,-1,
0,9,9,-1,
0,0,9,-1,
9,0,9,-1,
9,9,9,-1,
0,0,10,-1,
10,0,10,-1,
10,10,10,-1,
10,10,10,-1,
10,10,10,-1,
0,10,10,-1,
10,10,27,-1,
27,10,27,-1,
27,27,49,-1,
49,27,49,-1,
49,49,49,-1,
49,49,49,-1,
58,49,49,-1,
58,58,49,-1,
49,58,49,-1,
49,49,49,-1,
58,58,48,-1,
48,58,48,-1,
48,48,48,-1,
48,48,48,-1,
48,48,48,-1,
58,48,48,-1,
48,48,33,-1,
33,33,48,-1,
33,33,9,-1,
9,33,9,-1,
9,9,9,-1,
9,9,9,-1,
0,9,9,-1,
0,0,9,-1,
9,0,9,-1,
9,9,9,-1,
0,0,10,-1,
10,0,10,-1,
10,10,10,-1,
10,10,10,-1,
10,10,10,-1,
0,10,10,-1,
10,10,27,-1,
27,10,27,-1,
27,27,49,-1,
49,27,49,-1,
49,49,49,-1,
49,49,49,-1,
58,49,49,-1,
58,58,49,-1,
49,58,49,-1,
49,49,49,-1,
58,58,48,-1,
48,58,48,-1,
48,48,48,-1,
48,48,48,-1,
48,48,48,-1,
58,48,48,-1,
48,48,33,-1,
33,33,48,-1,
33,33,9,-1,
9,33,9,-1,
9,9,9,-1,
9,9,9,-1,
0,9,9,-1,
0,0,9,-1,
9,0,9,-1,
9,9,9,-1,
0,0,10,-1,
10,0,10,-1,
10,10,10,-1,
10,10,10,-1,
10,10,10,-1,
0,10,10,-1,
10,10,27,-1,
27,10,27,-1,
27,27,49,-1,
49,27,49,-1,
49,49,49,-1,
49,49,49,-1,
58,49,49,-1,
58,58,49,-1,
49,58,49,-1,
49,49,49,-1,
58,58,48,-1,
48,58,48,-1,
48,48,48,-1,
48,48,48,-1,
48,48,48,-1,
58,48,48,-1,
48,48,33,-1,
33,33,48,-1,
33,33,9,-1,
9,33,9,-1,
9,9,9,-1,
9,9,9,-1,
0,9,9,-1,
0,0,9,-1,
9,0,9,-1,
9,9,9,-1,
0,0,10,-1,
10,0,10,-1,
10,10,10,-1,
10,10,10,-1,
10,10,10,-1,
0,10,10,-1,
10,10,27,-1,
27,10,27,-1,
27,27,49,-1,
49,27,49,-1,
49,49,49,-1,
49,49,49,-1,
58,49,49,-1,
58,58,49,-1,
49,58,49,-1,
49,49,49,-1,
58,58,48,-1,
48,58,48,-1,
48,48,48,-1,
48,48,48,-1,
48,48,48,-1,
58,48,48,-1,
48,48,33,-1,
33,33,48,-1,
33,33,9,-1,
9,33,9,-1,
9,9,9,-1,
9,9,9,-1,
0,9,9,-1,
0,0,9,-1,
9,0,9,-1,
9,9,9,-1,
0,0,10,-1,
10,0,10,-1,
10,10,10,-1,
10,10,10,-1,
10,10,10,-1,
0,10,10,-1,
10,10,27,-1,
27,10,27,-1,
27,27,49,-1,
49,27,49,-1,
49,49,49,-1,
49,49,49,-1,
58,49,49,-1,
58,58,49,-1,
49,58,49,-1,
49,49,49,-1,
58,58,48,-1,
48,58,48,-1,
48,48,48,-1,
48,48,48,-1,
48,48,48,-1,
58,48,48,-1,
48,48,33,-1,
33,33,48,-1,
33,33,9,-1,
9,33,9,-1,
9,9,9,-1,
9,9,9,-1,
0,9,9,-1,
0,0,9,-1,
9,0,9,-1,
9,9,9,-1,
0,0,10,-1,
10,0,10,-1,
10,10,10,-1,
10,10,10,-1,
10,10,10,-1,
0,10,10,-1,
10,10,27,-1,
27,10,27,-1,
27,27,49,-1,
49,27,49,-1,
49,49,49,-1,
49,49,49,-1,
58,49,49,-1,
58,58,49,-1,
49,58,49,-1,
49,49,49,-1,
58,58,48,-1,
48,58,48,-1,
48,48,48,-1,
48,48,48,-1,
48,48,48,-1,
58,48,48,-1,
48,48,33,-1,
33,33,48,-1,
33,33,9,-1,
9,33,9,-1,
9,9,9,-1,
9,9,9,-1,
0,9,9,-1,
0,0,9,-1,
9,0,9,-1,
9,9,9,-1,
0,0,10,-1,
10,0,10,-1,
10,10,10,-1,
10,10,10,-1,
10,10,10,-1,
0,10,10,-1,
10,10,27,-1,
27,10,27,-1,
27,27,49,-1,
49,27,49,-1,
49,49,49,-1,
49,49,49,-1,
58,49,49,-1,
58,58,49,-1,
49,58,49,-1,
49,49,49,-1,
58,58,48,-1,
48,58,48,-1,
48,48,48,-1,
48,48,48,-1,
48,48,48,-1,
58,48,48,-1,
48,48,33,-1,
33,33,48,-1,
33,33,9,-1,
9,33,9,-1,
9,9,9,-1,
9,9,9,-1,
0,9,9,-1,
0,0,9,-1,
9,0,9,-1,
9,9,9,-1,
0,0,10,-1,
10,0,10,-1,
10,10,10,-1,
10,10,10,-1,
10,10,10,-1,
0,10,10,-1,
10,10,27,-1,
27,10,27,-1,
27,27,49,-1,
49,27,49,-1,
49,49,49,-1,
49,49,49,-1,
58,49,49,-1,
58,58,49,-1,
49,58,49,-1,
49,49,49,-1,
58,58,48,-1,
48,58,48,-1,
48,48,48,-1,
48,48,48,-1,
48,48,48,-1,
58,48,48,-1,
48,48,33,-1,
33,33,48,-1,
33,33,9,-1,
9,33,9,-1,
9,9,9,-1,
9,9,9,-1,
0,9,9,-1,
0,0,9,-1,
9,0,9,-1,
9,9,9,-1,
0,0,10,-1,
10,0,10,-1,
10,10,10,-1,
10,10,10,-1,
10,10,10,-1,
0,10,10,-1,
10,10,27,-1,
27,10,27,-1,
27,27,49,-1,
49,27,49,-1,
49,49,49,-1,
49,49,49,-1,
58,49,49,-1,
58,58,49,-1,
49,58,49,-1,
49,49,49,-1,
58,58,48,-1,
48,58,48,-1,
48,48,48,-1,
48,48,48,-1,
48,48,48,-1,
58,48,48,-1,
48,48,33,-1,
33,33,48,-1,
33,33,9,-1,
9,33,9,-1,
9,9,9,-1,
9,9,9,-1,
0,9,9,-1,
0,0,9,-1,
9,0,9,-1,
9,9,9,-1,
0,0,10,-1,
10,0,10,-1,
10,10,10,-1,
10,10,10,-1,
10,10,10,-1,
0,10,10,-1,
10,10,27,-1,
27,10,27,-1,
27,27,49,-1,
49,27,49,-1,
49,49,49,-1,
49,49,49,-1,
58,49,49,-1,
58,58,49,-1,
49,58,49,-1,
49,49,49,-1,
58,58,48,-1,
48,58,48,-1,
48,48,48,-1,
48,48,48,-1,
48,48,48,-1,
58,48,48,-1,
48,48,33,-1,
33,33,48,-1,
33,33,9,-1,
9,33,9,-1,
9,9,9,-1,
9,9,9,-1,
0,9,9,-1,
0,0,9,-1,
9,0,9,-1,
9,9,9,-1,
0,0,10,-1,
10,0,10,-1,
10,10,10,-1,
10,10,10,-1,
10,10,10,-1,
0,10,10,-1,
10,10,27,-1,
27,10,27,-1,
27,27,49,-1,
49,27,49,-1,
49,49,49,-1,
49,49,49,-1,
58,49,49,-1,
58,58,49,-1,
49,58,49,-1,
49,49,49,-1,
58,58,48,-1,
48,58,48,-1,
48,48,48,-1,
48,48,48,-1,
48,48,48,-1,
58,48,48,-1,
48,48,33,-1,
33,33,48,-1,
33,33,9,-1,
9,33,9,-1,
9,9,9,-1,
9,9,9,-1,
0,9,9,-1,
0,0,9,-1,
9,0,9,-1,
9,9,9,-1,
0,0,10,-1,
10,0,10,-1,
10,10,10,-1,
10,10,10,-1,
10,10,10,-1,
0,10,10,-1,
10,10,27,-1,
27,10,27,-1,
27,27,49,-1,
49,27,49,-1,
49,49,49,-1,
49,49,49,-1,
58,49,49,-1,
58,58,49,-1,
49,58,49,-1,
49,49,49,-1,
58,58,48,-1,
48,58,48,-1,
48,48,48,-1,
48,48,48,-1,
48,48,48,-1,
58,48,48,-1,
48,48,33,-1,
33,33,48,-1,
33,33,9,-1,
9,33,9,-1,
9,9,9,-1,
9,9,9,-1,
0,9,9,-1,
0,0,9,-1,
9,0,9,-1,
9,9,9,-1,
0,0,10,-1,
10,0,10,-1,
10,10,10,-1,
10,10,10,-1,
10,10,10,-1,
0,10,10,-1,
10,10,27,-1,
27,10,27,-1,
27,27,49,-1,
49,27,49,-1,
49,49,49,-1,
49,49,49,-1,
58,49,49,-1,
58,58,49,-1,
49,58,49,-1,
49,49,49,-1,
58,58,48,-1,
48,58,48,-1,
48,48,48,-1,
48,48,48,-1,
48,48,48,-1,
58,48,48,-1,
48,48,33,-1,
33,33,48,-1,
33,33,9,-1,
9,33,9,-1,
9,9,9,-1,
9,9,9,-1,
0,9,9,-1,
0,0,9,-1,
9,0,9,-1,
9,9,9,-1,
0,0,10,-1,
10,0,10,-1,
10,10,10,-1,
10,10,10,-1,
10,10,10,-1,
0,10,10,-1,
10,10,27,-1,
27,10,27,-1,
27,27,49,-1,
49,27,49,-1,
49,49,49,-1,
49,49,49,-1,
58,49,49,-1,
58,58,49,-1,
49,58,49,-1,
49,49,49,-1,
58,58,48,-1,
48,58,48,-1,
48,48,48,-1,
48,48,48,-1,
48,48,48,-1,
58,48,48,-1,
48,48,33,-1,
33,33,48,-1,
0,0,0,-1,
0,0,0,-1,
0,0,0,-1,
0,0,0,-1,
0,0,0,-1,
0,0,0,-1,
0,0,0,-1,
0,0,0,-1,
0,0,0,-1,
0,0,0,-1,
0,0,0,-1,
23,23,23,-1,
23,23,23,-1,
33,33,9,-1,
9,33,9,-1,
9,9,9,-1,
9,9,9,-1,
0,9,9,-1,
0,0,9,-1,
9,0,9,-1,
9,9,9,-1,
0,0,10,-1,
10,0,10,-1,
10,10,10,-1,
10,10,10,-1,
10,10,10,-1,
0,10,10,-1,
10,10,27,-1,
27,10,27,-1,
27,27,49,-1,
49,27,49,-1,
49,49,49,-1,
49,49,49,-1,
58,49,49,-1,
58,58,49,-1,
49,58,49,-1,
49,49,49,-1,
58,58,48,-1,
48,58,48,-1,
48,48,48,-1,
48,48,48,-1,
48,48,48,-1,
58,48,48,-1,
48,48,33,-1,
33,33,48,-1,
33,33,9,-1,
9,33,9,-1,
9,9,9,-1,
9,9,9,-1,
0,9,9,-1,
0,0,9,-1,
9,0,9,-1,
9,9,9,-1,
0,0,10,-1,
10,0,10,-1,
10,10,10,-1,
10,10,10,-1,
10,10,10,-1,
0,10,10,-1,
10,10,27,-1,
27,10,27,-1,
27,27,49,-1,
49,27,49,-1,
49,49,49,-1,
49,49,49,-1,
58,49,49,-1,
58,58,49,-1,
49,58,49,-1,
49,49,49,-1,
58,58,48,-1,
48,58,48,-1,
48,48,48,-1,
48,48,48,-1,
48,48,48,-1,
58,48,48,-1,
48,48,33,-1,
33,33,48,-1,
21,38,21,-1,
42,38,38,-1,
45,42,42,-1,
16,13,16,-1,
17,13,13,-1,
21,17,17,-1,
41,37,41,-1,
20,37,37,-1,
16,20,20,-1,
41,45,45,-1,
58,55,58,-1,
58,55,53,-1,
55,53,53,-1,
53,53,49,-1,
49,53,49,-1,
47,49,49,-1,
47,40,49,-1,
49,40,49,-1,
53,49,49,-1,
47,40,40,-1,
40,40,30,-1,
40,30,19,-1,
30,19,19,-1,
19,19,12,-1,
19,12,10,-1,
10,12,10,-1,
6,10,10,-1,
6,6,10,-1,
10,6,10,-1,
12,10,10,-1,
4,6,6,-1,
6,4,0,-1,
4,0,0,-1,
0,0,3,-1,
0,3,5,-1,
3,5,5,-1,
5,5,9,-1,
9,5,9,-1,
11,9,9,-1,
11,18,9,-1,
9,18,9,-1,
5,9,9,-1,
18,18,11,-1,
18,18,39,-1,
18,29,39,-1,
39,29,39,-1,
39,39,48,-1,
48,39,48,-1,
52,48,48,-1,
39,46,48,-1,
48,46,48,-1,
52,48,48,-1,
52,52,48,-1,
48,52,48,-1,
46,48,48,-1,
52,52,58,-1,
58,52,54,-1,
58,54,58,-1,
21,38,21,-1,
42,38,38,-1,
45,42,42,-1,
16,13,16,-1,
17,13,13,-1,
21,17,17,-1,
41,37,41,-1,
20,37,37,-1,
16,20,20,-1,
41,45,45,-1,
58,55,58,-1,
58,55,53,-1,
55,53,53,-1,
53,53,49,-1,
49,53,49,-1,
47,49,49,-1,
47,40,49,-1,
49,40,49,-1,
53,49,49,-1,
47,40,40,-1,
40,40,30,-1,
40,30,19,-1,
30,19,19,-1,
19,19,12,-1,
19,12,10,-1,
10,12,10,-1,
6,10,10,-1,
6,6,10,-1,
10,6,10,-1,
12,10,10,-1,
4,6,6,-1,
6,4,0,-1,
4,0,0,-1,
0,0,3,-1,
0,3,5,-1,
3,5,5,-1,
5,5,9,-1,
9,5,9,-1,
11,9,9,-1,
11,18,9,-1,
9,18,9,-1,
5,9,9,-1,
18,18,11,-1,
18,18,39,-1,
18,29,39,-1,
39,29,39,-1,
39,39,48,-1,
48,39,48,-1,
52,48,48,-1,
39,46,48,-1,
48,46,48,-1,
52,48,48,-1,
52,52,48,-1,
48,52,48,-1,
46,48,48,-1,
52,52,58,-1,
58,52,54,-1,
58,54,58,-1,
21,38,21,-1,
42,38,38,-1,
45,42,42,-1,
16,13,16,-1,
17,13,13,-1,
21,17,17,-1,
41,37,41,-1,
20,37,37,-1,
16,20,20,-1,
41,45,45,-1,
58,55,58,-1,
58,55,53,-1,
55,53,53,-1,
53,53,49,-1,
49,53,49,-1,
47,49,49,-1,
47,40,49,-1,
49,40,49,-1,
53,49,49,-1,
47,40,40,-1,
40,40,30,-1,
40,30,19,-1,
30,19,19,-1,
19,19,12,-1,
19,12,10,-1,
10,12,10,-1,
6,10,10,-1,
6,6,10,-1,
10,6,10,-1,
12,10,10,-1,
4,6,6,-1,
6,4,0,-1,
4,0,0,-1,
0,0,3,-1,
0,3,5,-1,
3,5,5,-1,
5,5,9,-1,
9,5,9,-1,
11,9,9,-1,
11,18,9,-1,
9,18,9,-1,
5,9,9,-1,
18,18,11,-1,
18,18,39,-1,
18,29,39,-1,
39,29,39,-1,
39,39,48,-1,
48,39,48,-1,
52,48,48,-1,
39,46,48,-1,
48,46,48,-1,
52,48,48,-1,
52,52,48,-1,
48,52,48,-1,
46,48,48,-1,
52,52,58,-1,
58,52,54,-1,
58,54,58,-1,
21,38,21,-1,
42,38,38,-1,
45,42,42,-1,
16,13,16,-1,
17,13,13,-1,
21,17,17,-1,
41,37,41,-1,
20,37,37,-1,
16,20,20,-1,
41,45,45,-1,
58,55,58,-1,
58,55,53,-1,
55,53,53,-1,
53,53,49,-1,
49,53,49,-1,
47,49,49,-1,
47,40,49,-1,
49,40,49,-1,
53,49,49,-1,
47,40,40,-1,
40,40,30,-1,
40,30,19,-1,
30,19,19,-1,
19,19,12,-1,
19,12,10,-1,
10,12,10,-1,
6,10,10,-1,
6,6,10,-1,
10,6,10,-1,
12,10,10,-1,
4,6,6,-1,
6,4,0,-1,
4,0,0,-1,
0,0,3,-1,
0,3,5,-1,
3,5,5,-1,
5,5,9,-1,
9,5,9,-1,
11,9,9,-1,
11,18,9,-1,
9,18,9,-1,
5,9,9,-1,
18,18,11,-1,
18,18,39,-1,
18,29,39,-1,
39,29,39,-1,
39,39,48,-1,
48,39,48,-1,
52,48,48,-1,
39,46,48,-1,
48,46,48,-1,
52,48,48,-1,
52,52,48,-1,
48,52,48,-1,
46,48,48,-1,
52,52,58,-1,
58,52,54,-1,
58,54,58,-1,
21,38,21,-1,
42,38,38,-1,
45,42,42,-1,
16,13,16,-1,
17,13,13,-1,
21,17,17,-1,
41,37,41,-1,
20,37,37,-1,
16,20,20,-1,
41,45,45,-1,
58,55,58,-1,
58,55,53,-1,
55,53,53,-1,
53,53,49,-1,
49,53,49,-1,
47,49,49,-1,
47,40,49,-1,
49,40,49,-1,
53,49,49,-1,
47,40,40,-1,
40,40,30,-1,
40,30,19,-1,
30,19,19,-1,
19,19,12,-1,
19,12,10,-1,
10,12,10,-1,
6,10,10,-1,
6,6,10,-1,
10,6,10,-1,
12,10,10,-1,
4,6,6,-1,
6,4,0,-1,
4,0,0,-1,
0,0,3,-1,
0,3,5,-1,
3,5,5,-1,
5,5,9,-1,
9,5,9,-1,
11,9,9,-1,
11,18,9,-1,
9,18,9,-1,
5,9,9,-1,
18,18,11,-1,
18,18,39,-1,
18,29,39,-1,
39,29,39,-1,
39,39,48,-1,
48,39,48,-1,
52,48,48,-1,
39,46,48,-1,
48,46,48,-1,
52,48,48,-1,
52,52,48,-1,
48,52,48,-1,
46,48,48,-1,
52,52,58,-1,
58,52,54,-1,
58,54,58,-1,
21,38,21,-1,
42,38,38,-1,
45,42,42,-1,
16,13,16,-1,
17,13,13,-1,
21,17,17,-1,
41,37,41,-1,
20,37,37,-1,
16,20,20,-1,
41,45,45,-1,
58,55,58,-1,
58,55,53,-1,
55,53,53,-1,
53,53,49,-1,
49,53,49,-1,
47,49,49,-1,
47,40,49,-1,
49,40,49,-1,
53,49,49,-1,
47,40,40,-1,
40,40,30,-1,
40,30,19,-1,
30,19,19,-1,
19,19,12,-1,
19,12,10,-1,
10,12,10,-1,
6,10,10,-1,
6,6,10,-1,
10,6,10,-1,
12,10,10,-1,
4,6,6,-1,
6,4,0,-1,
4,0,0,-1,
0,0,3,-1,
0,3,5,-1,
3,5,5,-1,
5,5,9,-1,
9,5,9,-1,
11,9,9,-1,
11,18,9,-1,
9,18,9,-1,
5,9,9,-1,
18,18,11,-1,
18,18,39,-1,
18,29,39,-1,
39,29,39,-1,
39,39,48,-1,
48,39,48,-1,
52,48,48,-1,
39,46,48,-1,
48,46,48,-1,
52,48,48,-1,
52,52,48,-1,
48,52,48,-1,
46,48,48,-1,
52,52,58,-1,
58,52,54,-1,
58,54,58,-1,
37,20,37,-1,
16,20,20,-1,
13,16,16,-1,
42,45,42,-1,
41,45,45,-1,
37,41,41,-1,
17,21,17,-1,
38,21,21,-1,
42,38,38,-1,
17,13,13,-1,
5,0,3,-1,
3,5,5,-1,
5,5,9,-1,
9,5,9,-1,
11,9,9,-1,
11,18,9,-1,
9,18,9,-1,
5,9,9,-1,
18,18,11,-1,
18,18,39,-1,
18,31,39,-1,
39,31,39,-1,
39,39,48,-1,
48,39,48,-1,
52,48,48,-1,
39,46,48,-1,
48,46,48,-1,
52,48,48,-1,
52,52,48,-1,
48,52,48,-1,
46,48,48,-1,
52,52,58,-1,
54,58,52,-1,
54,58,58,-1,
58,58,55,-1,
58,55,53,-1,
55,53,53,-1,
53,53,49,-1,
49,53,49,-1,
47,49,49,-1,
47,40,49,-1,
49,40,49,-1,
53,49,49,-1,
47,40,40,-1,
40,40,32,-1,
40,32,19,-1,
32,19,19,-1,
19,19,12,-1,
19,12,10,-1,
10,12,10,-1,
6,10,10,-1,
6,6,10,-1,
10,6,10,-1,
12,10,10,-1,
4,6,6,-1,
6,4,0,-1,
0,4,0,-1,
0,0,3,-1,
37,20,37,-1,
16,20,20,-1,
13,16,16,-1,
42,45,42,-1,
41,45,45,-1,
37,41,41,-1,
17,21,17,-1,
38,21,21,-1,
42,38,38,-1,
17,13,13,-1,
5,0,3,-1,
3,5,5,-1,
5,5,9,-1,
9,5,9,-1,
11,9,9,-1,
11,18,9,-1,
9,18,9,-1,
5,9,9,-1,
18,18,11,-1,
18,18,39,-1,
18,31,39,-1,
39,31,39,-1,
39,39,48,-1,
48,39,48,-1,
52,48,48,-1,
39,46,48,-1,
48,46,48,-1,
52,48,48,-1,
52,52,48,-1,
48,52,48,-1,
46,48,48,-1,
52,52,58,-1,
54,58,52,-1,
54,58,58,-1,
58,58,55,-1,
58,55,53,-1,
55,53,53,-1,
53,53,49,-1,
49,53,49,-1,
47,49,49,-1,
47,40,49,-1,
49,40,49,-1,
53,49,49,-1,
47,40,40,-1,
40,40,32,-1,
40,32,19,-1,
32,19,19,-1,
19,19,12,-1,
19,12,10,-1,
10,12,10,-1,
6,10,10,-1,
6,6,10,-1,
10,6,10,-1,
12,10,10,-1,
4,6,6,-1,
6,4,0,-1,
0,4,0,-1,
0,0,3,-1,
37,20,37,-1,
16,20,20,-1,
13,16,16,-1,
42,45,42,-1,
41,45,45,-1,
37,41,41,-1,
17,21,17,-1,
38,21,21,-1,
42,38,38,-1,
17,13,13,-1,
5,0,3,-1,
3,5,5,-1,
5,5,9,-1,
9,5,9,-1,
11,9,9,-1,
11,18,9,-1,
9,18,9,-1,
5,9,9,-1,
18,18,11,-1,
18,18,39,-1,
18,31,39,-1,
39,31,39,-1,
39,39,48,-1,
48,39,48,-1,
52,48,48,-1,
39,46,48,-1,
48,46,48,-1,
52,48,48,-1,
52,52,48,-1,
48,52,48,-1,
46,48,48,-1,
52,52,58,-1,
54,58,52,-1,
54,58,58,-1,
58,58,55,-1,
58,55,53,-1,
55,53,53,-1,
53,53,49,-1,
49,53,49,-1,
47,49,49,-1,
47,40,49,-1,
49,40,49,-1,
53,49,49,-1,
47,40,40,-1,
40,40,32,-1,
40,32,19,-1,
32,19,19,-1,
19,19,12,-1,
19,12,10,-1,
10,12,10,-1,
6,10,10,-1,
6,6,10,-1,
10,6,10,-1,
12,10,10,-1,
4,6,6,-1,
6,4,0,-1,
0,4,0,-1,
0,0,3,-1,
37,20,37,-1,
16,20,20,-1,
13,16,16,-1,
42,45,42,-1,
41,45,45,-1,
37,41,41,-1,
17,21,17,-1,
38,21,21,-1,
42,38,38,-1,
17,13,13,-1,
5,0,3,-1,
3,5,5,-1,
5,5,9,-1,
9,5,9,-1,
11,9,9,-1,
11,18,9,-1,
9,18,9,-1,
5,9,9,-1,
18,18,11,-1,
18,18,39,-1,
18,31,39,-1,
39,31,39,-1,
39,39,48,-1,
48,39,48,-1,
52,48,48,-1,
39,46,48,-1,
48,46,48,-1,
52,48,48,-1,
52,52,48,-1,
48,52,48,-1,
46,48,48,-1,
52,52,58,-1,
54,58,52,-1,
54,58,58,-1,
58,58,55,-1,
58,55,53,-1,
55,53,53,-1,
53,53,49,-1,
49,53,49,-1,
47,49,49,-1,
47,40,49,-1,
49,40,49,-1,
53,49,49,-1,
47,40,40,-1,
40,40,32,-1,
40,32,19,-1,
32,19,19,-1,
19,19,12,-1,
19,12,10,-1,
10,12,10,-1,
6,10,10,-1,
6,6,10,-1,
10,6,10,-1,
12,10,10,-1,
4,6,6,-1,
6,4,0,-1,
0,4,0,-1,
0,0,3,-1,
37,20,37,-1,
16,20,20,-1,
13,16,16,-1,
42,45,42,-1,
41,45,45,-1,
37,41,41,-1,
17,21,17,-1,
38,21,21,-1,
42,38,38,-1,
17,13,13,-1,
5,0,3,-1,
3,5,5,-1,
5,5,9,-1,
9,5,9,-1,
11,9,9,-1,
11,18,9,-1,
9,18,9,-1,
5,9,9,-1,
18,18,11,-1,
18,18,39,-1,
18,31,39,-1,
39,31,39,-1,
39,39,48,-1,
48,39,48,-1,
52,48,48,-1,
39,46,48,-1,
48,46,48,-1,
52,48,48,-1,
52,52,48,-1,
48,52,48,-1,
46,48,48,-1,
52,52,58,-1,
54,58,52,-1,
54,58,58,-1,
58,58,55,-1,
58,55,53,-1,
55,53,53,-1,
53,53,49,-1,
49,53,49,-1,
47,49,49,-1,
47,40,49,-1,
49,40,49,-1,
53,49,49,-1,
47,40,40,-1,
40,40,32,-1,
40,32,19,-1,
32,19,19,-1,
19,19,12,-1,
19,12,10,-1,
10,12,10,-1,
6,10,10,-1,
6,6,10,-1,
10,6,10,-1,
12,10,10,-1,
4,6,6,-1,
6,4,0,-1,
0,4,0,-1,
0,0,3,-1,
37,20,37,-1,
16,20,20,-1,
13,16,16,-1,
42,45,42,-1,
41,45,45,-1,
37,41,41,-1,
17,21,17,-1,
38,21,21,-1,
42,38,38,-1,
17,13,13,-1,
5,0,3,-1,
3,5,5,-1,
5,5,9,-1,
9,5,9,-1,
11,9,9,-1,
11,18,9,-1,
9,18,9,-1,
5,9,9,-1,
18,18,11,-1,
18,18,39,-1,
18,31,39,-1,
39,31,39,-1,
39,39,48,-1,
48,39,48,-1,
52,48,48,-1,
39,46,48,-1,
48,46,48,-1,
52,48,48,-1,
52,52,48,-1,
48,52,48,-1,
46,48,48,-1,
52,52,58,-1,
54,58,52,-1,
54,58,58,-1,
58,58,55,-1,
58,55,53,-1,
55,53,53,-1,
53,53,49,-1,
49,53,49,-1,
47,49,49,-1,
47,40,49,-1,
49,40,49,-1,
53,49,49,-1,
47,40,40,-1,
40,40,32,-1,
40,32,19,-1,
32,19,19,-1,
19,19,12,-1,
19,12,10,-1,
10,12,10,-1,
6,10,10,-1,
6,6,10,-1,
10,6,10,-1,
12,10,10,-1,
4,6,6,-1,
6,4,0,-1,
0,4,0,-1,
0,0,3,-1,
58,58,58,-1,
58,58,58,-1,
58,58,58,-1,
58,58,58,-1,
58,58,58,-1,
58,58,58,-1,
36,36,36,-1,
36,36,36,-1,
36,36,36,-1,
36,36,36,-1,
36,36,36,-1,
36,36,36,-1,
36,36,36,-1,
36,36,36,-1,
36,36,36,-1,
36,36,36,-1,
36,36,36,-1,
36,36,36,-1,
36,36,36,-1,
36,36,36,-1,
36,36,36,-1,
36,36,36,-1,
36,36,36,-1,
36,36,36,-1,
36,36,36,-1,
36,36,36,-1,
36,36,36,-1,
36,36,36,-1,
36,36,36,-1,
36,36,36,-1,
22,22,22,-1,
22,22,22,-1,
22,22,22,-1,
22,22,22,-1,
22,22,22,-1,
22,22,22,-1,
22,22,22,-1,
22,22,22,-1,
22,22,22,-1,
22,22,22,-1,
22,22,22,-1,
22,22,22,-1,
22,22,22,-1,
22,22,22,-1,
22,22,22,-1,
22,22,22,-1,
22,22,22,-1,
22,22,22,-1,
22,22,22,-1,
22,22,22,-1,
22,22,22,-1,
22,22,22,-1,
22,22,22,-1,
22,22,22,-1,
22,22,22,-1,
22,22,22,-1,
22,22,22,-1,
22,22,22,-1,
35,35,35,-1,
35,35,35,-1,
35,35,35,-1,
35,35,35,-1,
35,35,35,-1,
35,35,35,-1,
35,35,35,-1,
35,35,35,-1,
35,35,35,-1,
35,35,35,-1,
35,35,35,-1,
35,35,35,-1,
35,35,35,-1,
35,35,35,-1,
35,35,35,-1,
35,35,35,-1,
35,35,35,-1,
35,35,35,-1,
35,35,35,-1,
35,35,35,-1,
35,35,35,-1,
35,35,35,-1,
35,35,35,-1,
35,35,35,-1,
35,35,35,-1,
35,35,35,-1,
35,35,35,-1,
35,35,35,-1,
35,35,35,-1,
35,35,35,-1,
35,35,35,-1,
35,35,35,-1,
35,35,35,-1,
35,35,35,-1,
35,35,35,-1,
35,35,35,-1,
35,35,35,-1,
35,35,35,-1,
35,35,35,-1,
35,35,35,-1,
35,35,35,-1,
35,35,35,-1,
35,35,35,-1,
35,35,35,-1,
35,35,35,-1,
35,35,35,-1,
35,35,35,-1,
35,35,35,-1,
35,35,35,-1,
35,35,35,-1,
35,35,35,-1,
35,35,35,-1,
35,35,35,-1,
35,35,35,-1,
35,35,35,-1,
35,35,35,-1,
35,35,35,-1,
35,35,35,-1,
35,35,35,-1,
35,35,35,-1,
35,35,35,-1,
35,35,35,-1,
35,35,35,-1,
35,35,35,-1,
35,35,35,-1,
35,35,35,-1,
35,35,35,-1,
35,35,35,-1,
35,35,35,-1,
35,35,35,-1,
35,35,35,-1,
35,35,35,-1,
35,35,35,-1,
35,35,35,-1,
35,35,35,-1,
35,35,35,-1,
35,35,35,-1,
35,35,35,-1,
35,35,35,-1,
35,35,35,-1,
35,35,35,-1,
35,35,35,-1,
35,35,35,-1,
35,35,35,-1,
35,35,35,-1,
35,35,35,-1,
35,35,35,-1,
35,35,35,-1,
35,35,35,-1,
35,35,35,-1,
35,35,35,-1,
35,35,35,-1,
35,35,35,-1,
35,35,35,-1,
35,35,35,-1,
35,35,35,-1,
35,35,35,-1,
35,35,35,-1,
35,35,35,-1,
35,35,35,-1,
35,35,35,-1,
35,35,35,-1,
35,35,35,-1,
35,35,35,-1,
35,35,35,-1,
35,35,35,-1,
35,35,35,-1,
35,35,35,-1,
35,35,35,-1,
35,35,35,-1,
35,35,35,-1,
35,35,35,-1,
35,35,35,-1,
35,35,35,-1,
35,35,35,-1,
35,35,35,-1,
35,35,35,-1,
35,35,35,-1,
35,35,35,-1,
35,35,35,-1,
35,35,35,-1,
35,35,35,-1,
35,35,35,-1,
35,35,35,-1,
35,35,35,-1,
35,35,35,-1,
35,35,35,-1,
35,35,35,-1,
35,35,35,-1,
35,35,35,-1,
35,35,35,-1,
35,35,35,-1,
35,35,35,-1,
35,35,35,-1,
35,35,35,-1,
35,35,35,-1,
35,35,35,-1,
35,35,35,-1,
35,35,35,-1,
35,35,35,-1,
35,35,35,-1,
35,35,35,-1,
35,35,35,-1,
35,35,35,-1,
35,35,35,-1,
35,35,35,-1,
35,35,35,-1,
35,35,35,-1,
35,35,35,-1,
35,35,35,-1,
35,35,35,-1,
35,35,35,-1,
35,35,35,-1,
35,35,35,-1,
35,35,35,-1,
35,35,35,-1,
35,35,35,-1,
35,35,35,-1,
35,35,35,-1,
35,35,35,-1,
35,35,35,-1,
35,35,35,-1,
35,35,35,-1,
35,35,35,-1,
35,35,35,-1,
35,35,35,-1,
35,35,35,-1,
35,35,35,-1,
35,35,35,-1,
35,35,35,-1,
35,35,35,-1,
35,35,35,-1,
35,35,35,-1,
35,35,35,-1,
35,35,35,-1,
35,35,35,-1,
35,35,35,-1,
35,35,35,-1,
35,35,35,-1,
35,35,35,-1,
35,35,35,-1,
35,35,35,-1,
35,35,35,-1,
35,35,35,-1,
35,35,35,-1,
35,35,35,-1,
35,35,35,-1,
35,35,35,-1,
35,35,35,-1,
35,35,35,-1,
35,35,35,-1,
35,35,35,-1,
35,35,35,-1,
35,35,35,-1,
35,35,35,-1,
35,35,35,-1,
35,35,35,-1,
35,35,35,-1,
35,35,35,-1,
35,35,35,-1,
35,35,35,-1,
35,35,35,-1,
35,35,35,-1,
35,35,35,-1,
35,35,35,-1,
35,35,35,-1,
35,35,35,-1,
35,35,35,-1,
35,35,35,-1,
35,35,35,-1,
35,35,35,-1,
35,35,35,-1,
35,35,35,-1,
35,35,35,-1,
35,35,35,-1,
35,35,35,-1,
35,35,35,-1,
35,35,35,-1,
35,35,35,-1,
35,35,35,-1,
35,35,35,-1,
35,35,35,-1,
35,35,35,-1,
35,35,35,-1,
35,35,35,-1,
35,35,35,-1,
35,35,35,-1,
35,35,35,-1,
35,35,35,-1,
35,35,35,-1,
35,35,35,-1,
35,35,35,-1,
35,35,35,-1,
35,35,35,-1,
35,35,35,-1,
35,35,35,-1,
35,35,35,-1,
35,35,35,-1,
35,35,35,-1,
35,35,35,-1,
35,35,35,-1,
35,35,35,-1,
35,35,35,-1,
35,35,35,-1,
35,35,35,-1,
35,35,35,-1,
35,35,35,-1,
35,35,35,-1,
35,35,35,-1,
35,35,35,-1,
35,35,35,-1,
35,35,35,-1,
35,35,35,-1,
35,35,35,-1,
35,35,35,-1,
35,35,35,-1,
35,35,35,-1,
35,35,35,-1,
35,35,35,-1,
35,35,35,-1,
35,35,35,-1,
35,35,35,-1,
35,35,35,-1,
35,35,35,-1,
35,35,35,-1,
35,35,35,-1,
35,35,35,-1,
35,35,35,-1,
35,35,35,-1,
35,35,35,-1,
35,35,35,-1,
35,35,35,-1,
35,35,35,-1,
35,35,35,-1,
35,35,35,-1,
35,35,35,-1,
35,35,35,-1,
35,35,35,-1,
35,35,35,-1,
35,35,35,-1,
35,35,35,-1,
35,35,35,-1,
35,35,35,-1,
35,35,35,-1,
35,35,35,-1,
35,35,35,-1,
35,35,35,-1,
35,35,35,-1,
35,35,35,-1,
35,35,35,-1,
35,35,35,-1,
35,35,35,-1,
35,35,35,-1,
35,35,35,-1,
35,35,35,-1,
35,35,35,-1,
35,35,35,-1,
35,35,35,-1,
35,35,35,-1,
35,35,35,-1,
35,35,35,-1,
35,35,35,-1,
35,35,35,-1,
35,35,35,-1,
35,35,35,-1,
35,35,35,-1,
35,35,35,-1,
35,35,35,-1,
35,35,35,-1,
35,35,35,-1,
35,35,35,-1,
35,35,35,-1,
35,35,35,-1,
35,35,35,-1,
35,35,35,-1,
35,35,35,-1,
35,35,35,-1,
35,35,35,-1,
35,35,35,-1,
35,35,35,-1,
35,35,35,-1,
35,35,35,-1,
35,35,35,-1,
35,35,35,-1,
35,35,35,-1,
35,35,35,-1,
35,35,35,-1,
35,35,35,-1,
35,35,35,-1,
35,35,35,-1,
35,35,35,-1,
35,35,35,-1,
35,35,35,-1,
35,35,35,-1,
35,35,35,-1,
35,35,35,-1,
35,35,35,-1,
35,35,35,-1,
35,35,35,-1,
35,35,35,-1,
35,35,35,-1,
35,35,35,-1,
35,35,35,-1,
35,35,35,-1,
35,35,35,-1,
35,35,35,-1,
35,35,35,-1,
35,35,35,-1,
35,35,35,-1,
35,35,35,-1,
35,35,35,-1,
35,35,35,-1,
35,35,35,-1,
35,35,35,-1,
35,35,35,-1,
35,35,35,-1,
35,35,35,-1,
35,35,35,-1,
35,35,35,-1,
35,35,35,-1,
35,35,35,-1,
35,35,35,-1,
35,35,35,-1,
35,35,35,-1,
35,35,35,-1,
35,35,35,-1,
35,35,35,-1,
35,35,35,-1,
35,35,35,-1,
35,35,35,-1,
35,35,35,-1,
35,35,35,-1,
35,35,35,-1,
35,35,35,-1,
35,35,35,-1,
35,35,35,-1,
35,35,35,-1,
35,35,35,-1,
35,35,35,-1,
35,35,35,-1,
35,35,35,-1,
35,35,35,-1,
35,35,35,-1,
35,35,35,-1,
35,35,35,-1,
35,35,35,-1,
35,35,35,-1,
35,35,35,-1,
35,35,35,-1,
35,35,35,-1,
35,35,35,-1,
35,35,35,-1,
35,35,35,-1,
35,35,35,-1,
35,35,35,-1,
35,35,35,-1,
35,35,35,-1,
35,35,35,-1,
35,35,35,-1,
35,35,35,-1,
35,35,35,-1,
35,35,35,-1,
35,35,35,-1,
35,35,35,-1,
35,35,35,-1,
35,35,35,-1,
35,35,35,-1,
35,35,35,-1,
35,35,35,-1,
35,35,35,-1,
35,35,35,-1,
35,35,35,-1,
35,35,35,-1,
35,35,35,-1,
35,35,35,-1,
35,35,35,-1,
35,35,35,-1,
35,35,35,-1,
35,35,35,-1,
35,35,35,-1,
35,35,35,-1,
35,35,35,-1,
35,35,35,-1,
35,35,35,-1,
35,35,35,-1,
35,35,35,-1,
35,35,35,-1,
35,35,35,-1,
35,35,35,-1,
35,35,35,-1,
35,35,35,-1,
35,35,35,-1,
35,35,35,-1,
35,35,35,-1,
35,35,35,-1,
35,35,35,-1,
35,35,35,-1,
35,35,35,-1,
35,35,35,-1,
35,35,35,-1,
35,35,35,-1,
35,35,35,-1,
35,35,35,-1,
35,35,35,-1,
35,35,35,-1,
35,35,35,-1,
35,35,35,-1,
35,35,35,-1,
35,35,35,-1,
35,35,35,-1,
35,35,35,-1,
35,35,35,-1,
35,35,35,-1,
35,35,35,-1,
35,35,35,-1,
35,35,35,-1,
35,35,35,-1,
35,35,35,-1,
35,35,35,-1,
35,35,35,-1,
35,35,35,-1,
35,35,35,-1,
35,35,35,-1,
35,35,35,-1,
35,35,35,-1,
35,35,35,-1,
35,35,35,-1,
35,35,35,-1,
35,35,35,-1,
35,35,35,-1,
35,35,35,-1,
35,35,35,-1,
35,35,35,-1,
35,35,35,-1,
35,35,35,-1,
35,35,35,-1,
35,35,35,-1,
35,35,35,-1,
35,35,35,-1,
35,35,35,-1,
35,35,35,-1,
35,35,35,-1,
35,35,35,-1,
35,35,35,-1,
35,35,35,-1,
35,35,35,-1,
35,35,35,-1,
35,35,35,-1,
35,35,35,-1,
35,35,35,-1,
35,35,35,-1,
35,35,35,-1,
35,35,35,-1,
35,35,35,-1,
35,35,35,-1,
35,35,35,-1,
35,35,35,-1,
35,35,35,-1,
35,35,35,-1,
35,35,35,-1,
35,35,35,-1,
35,35,35,-1,
35,35,35,-1,
35,35,35,-1,
35,35,35,-1,
35,35,35,-1,
35,35,35,-1,
35,35,35,-1,
35,35,35,-1,
35,35,35,-1,
35,35,35,-1,
35,35,35,-1,
35,35,35,-1,
35,35,35,-1,
35,35,35,-1,
35,35,35,-1,
35,35,35,-1,
35,35,35,-1,
35,35,35,-1,
35,35,35,-1,
35,35,35,-1,
35,35,35,-1,
35,35,35,-1,
35,35,35,-1,
35,35,35,-1,
35,35,35,-1,
35,35,35,-1,
35,35,35,-1,
35,35,35,-1,
35,35,35,-1,
35,35,35,-1,
35,35,35,-1,
35,35,35,-1,
35,35,35,-1,
35,35,35,-1,
35,35,35,-1,
35,35,35,-1,
35,35,35,-1,
35,35,35,-1,
35,35,35,-1,
35,35,35,-1,
35,35,35,-1,
35,35,35,-1,
35,35,35,-1,
35,35,35,-1,
35,35,35,-1,
35,35,35,-1,
35,35,35,-1,
35,35,35,-1,
35,35,35,-1,
35,35,35,-1,
35,35,35,-1,
35,35,35,-1,
35,35,35,-1,
35,35,35,-1,
35,35,35,-1,
35,35,35,-1,
35,35,35,-1,
35,35,35,-1,
35,35,35,-1,
35,35,35,-1,
35,35,35,-1,
35,35,35,-1,
35,35,35,-1,
35,35,35,-1,
35,35,35,-1,
35,35,35,-1,
35,35,35,-1,
35,35,35,-1,
35,35,35,-1,
35,35,35,-1,
35,35,35,-1,
35,35,35,-1,
35,35,35,-1,
35,35,35,-1,
35,35,35,-1,
35,35,35,-1,
35,35,35,-1,
35,35,35,-1,
35,35,35,-1,
35,35,35,-1,
35,35,35,-1,
35,35,35,-1,
35,35,35,-1,
35,35,35,-1,
35,35,35,-1,
35,35,35,-1,
35,35,35,-1,
35,35,35,-1,
35,35,35,-1,
35,35,35,-1,
35,35,35,-1,
35,35,35,-1,
35,35,35,-1,
35,35,35,-1,
35,35,35,-1,
35,35,35,-1,
35,35,35,-1,
35,35,35,-1,
35,35,35,-1,
35,35,35,-1,
35,35,35,-1,
35,35,35,-1,
35,35,35,-1,
35,35,35,-1,
35,35,35,-1,
35,35,35,-1,
35,35,35,-1,
25,25,44,-1,
44,25,44,-1,
44,44,49,-1,
49,44,49,-1,
51,49,49,-1,
51,51,49,-1,
49,51,49,-1,
44,49,49,-1,
51,51,57,-1,
57,51,57,-1,
57,57,56,-1,
56,57,56,-1,
56,56,50,-1,
50,56,50,-1,
50,50,48,-1,
48,50,48,-1,
43,48,48,-1,
43,43,48,-1,
48,43,48,-1,
50,48,48,-1,
43,43,33,-1,
33,43,33,-1,
33,33,14,-1,
14,33,14,-1,
14,14,9,-1,
9,14,9,-1,
7,9,9,-1,
7,7,9,-1,
9,7,9,-1,
14,9,9,-1,
7,7,1,-1,
1,7,1,-1,
1,1,2,-1,
2,1,2,-1,
2,2,8,-1,
8,2,8,-1,
8,8,10,-1,
10,8,10,-1,
15,10,10,-1,
15,15,10,-1,
10,15,10,-1,
8,10,10,-1,
15,15,25,-1,
25,25,15,-1,
28,28,28,-1,
28,28,28,-1,
28,28,28,-1,
28,28,28,-1,
28,28,28,-1,
28,28,28,-1,
28,28,28,-1,
28,28,28,-1,
28,28,28,-1,
28,28,28,-1,
28,28,28,-1,
28,28,28,-1,
28,28,28,-1,
28,28,28,-1,
25,25,44,-1,
44,25,44,-1,
44,44,49,-1,
49,44,49,-1,
51,49,49,-1,
51,51,49,-1,
49,51,49,-1,
44,49,49,-1,
51,51,57,-1,
57,51,57,-1,
57,57,56,-1,
56,57,56,-1,
56,56,50,-1,
50,56,50,-1,
50,50,48,-1,
48,50,48,-1,
43,48,48,-1,
43,43,48,-1,
48,43,48,-1,
50,48,48,-1,
43,43,33,-1,
33,43,33,-1,
33,33,14,-1,
14,33,14,-1,
14,14,9,-1,
9,14,9,-1,
7,9,9,-1,
7,7,9,-1,
9,7,9,-1,
14,9,9,-1,
7,7,1,-1,
1,7,1,-1,
1,1,2,-1,
2,1,2,-1,
2,2,8,-1,
8,2,8,-1,
8,8,10,-1,
10,8,10,-1,
15,10,10,-1,
15,15,10,-1,
10,15,10,-1,
8,10,10,-1,
15,15,25,-1,
25,25,15,-1,
28,28,28,-1,
28,28,28,-1,
28,28,28,-1,
28,28,28,-1,
28,28,28,-1,
28,28,28,-1,
28,28,28,-1,
28,28,28,-1,
28,28,28,-1,
28,28,28,-1,
28,28,28,-1,
28,28,28,-1,
28,28,28,-1,
28,28,28,-1,
5,0,3,-1,
3,5,5,-1,
5,5,9,-1,
9,5,9,-1,
11,9,9,-1,
11,18,9,-1,
9,18,9,-1,
5,9,9,-1,
18,18,11,-1,
18,18,39,-1,
18,31,39,-1,
39,31,39,-1,
39,39,48,-1,
48,39,48,-1,
52,48,48,-1,
39,46,48,-1,
48,46,48,-1,
52,48,48,-1,
52,52,48,-1,
48,52,48,-1,
46,48,48,-1,
52,52,58,-1,
54,58,52,-1,
54,58,58,-1,
58,58,55,-1,
58,55,53,-1,
55,53,53,-1,
53,53,49,-1,
49,53,49,-1,
47,49,49,-1,
47,40,49,-1,
49,40,49,-1,
53,49,49,-1,
47,40,40,-1,
40,40,32,-1,
40,32,19,-1,
32,19,19,-1,
19,19,12,-1,
19,12,10,-1,
10,12,10,-1,
6,10,10,-1,
6,6,10,-1,
10,6,10,-1,
12,10,10,-1,
4,6,6,-1,
6,4,0,-1,
0,4,0,-1,
0,0,3,-1,
37,20,37,-1,
16,20,20,-1,
13,16,16,-1,
42,45,42,-1,
41,45,45,-1,
37,41,41,-1,
17,21,17,-1,
38,21,21,-1,
42,38,38,-1,
17,13,13,-1,
58,55,58,-1,
58,55,53,-1,
55,53,53,-1,
53,53,49,-1,
49,53,49,-1,
47,49,49,-1,
47,40,49,-1,
49,40,49,-1,
53,49,49,-1,
47,40,40,-1,
40,40,30,-1,
40,30,19,-1,
30,19,19,-1,
19,19,12,-1,
19,12,10,-1,
10,12,10,-1,
6,10,10,-1,
6,6,10,-1,
10,6,10,-1,
12,10,10,-1,
4,6,6,-1,
6,4,0,-1,
4,0,0,-1,
0,0,3,-1,
0,3,5,-1,
3,5,5,-1,
5,5,9,-1,
9,5,9,-1,
11,9,9,-1,
11,18,9,-1,
9,18,9,-1,
5,9,9,-1,
18,18,11,-1,
18,18,39,-1,
18,29,39,-1,
39,29,39,-1,
39,39,48,-1,
48,39,48,-1,
52,48,48,-1,
39,46,48,-1,
48,46,48,-1,
52,48,48,-1,
52,52,48,-1,
48,52,48,-1,
46,48,48,-1,
52,52,58,-1,
58,52,54,-1,
58,54,58,-1,
21,38,21,-1,
42,38,38,-1,
45,42,42,-1,
16,13,16,-1,
17,13,13,-1,
21,17,17,-1,
41,37,41,-1,
20,37,37,-1,
16,20,20,-1,
41,45,45,-1,
34,34,10,-1,
10,34,10,-1,
10,10,10,-1,
10,10,10,-1,
0,10,10,-1,
0,0,10,-1,
10,0,10,-1,
10,10,10,-1,
0,0,9,-1,
9,0,9,-1,
9,9,9,-1,
9,9,9,-1,
9,9,9,-1,
0,9,9,-1,
9,9,24,-1,
24,9,24,-1,
24,24,48,-1,
48,24,48,-1,
48,48,48,-1,
48,48,48,-1,
58,48,48,-1,
58,58,48,-1,
48,58,48,-1,
48,48,48,-1,
58,58,49,-1,
49,58,49,-1,
49,49,49,-1,
49,49,49,-1,
49,49,49,-1,
58,49,49,-1,
49,49,34,-1,
34,34,49,-1,
34,34,10,-1,
10,34,10,-1,
10,10,10,-1,
10,10,10,-1,
0,10,10,-1,
0,0,10,-1,
10,0,10,-1,
10,10,10,-1,
0,0,9,-1,
9,0,9,-1,
9,9,9,-1,
9,9,9,-1,
9,9,9,-1,
0,9,9,-1,
9,9,24,-1,
24,9,24,-1,
24,24,48,-1,
48,24,48,-1,
48,48,48,-1,
48,48,48,-1,
58,48,48,-1,
58,58,48,-1,
48,58,48,-1,
48,48,48,-1,
58,58,49,-1,
49,58,49,-1,
49,49,49,-1,
49,49,49,-1,
49,49,49,-1,
58,49,49,-1,
49,49,34,-1,
34,34,49,-1,
34,34,10,-1,
10,34,10,-1,
10,10,10,-1,
10,10,10,-1,
0,10,10,-1,
0,0,10,-1,
10,0,10,-1,
10,10,10,-1,
0,0,9,-1,
9,0,9,-1,
9,9,9,-1,
9,9,9,-1,
9,9,9,-1,
0,9,9,-1,
9,9,24,-1,
24,9,24,-1,
24,24,48,-1,
48,24,48,-1,
48,48,48,-1,
48,48,48,-1,
58,48,48,-1,
58,58,48,-1,
48,58,48,-1,
48,48,48,-1,
58,58,49,-1,
49,58,49,-1,
49,49,49,-1,
49,49,49,-1,
49,49,49,-1,
58,49,49,-1,
49,49,34,-1,
34,34,49,-1,
34,34,10,-1,
10,34,10,-1,
10,10,10,-1,
10,10,10,-1,
0,10,10,-1,
0,0,10,-1,
10,0,10,-1,
10,10,10,-1,
0,0,9,-1,
9,0,9,-1,
9,9,9,-1,
9,9,9,-1,
9,9,9,-1,
0,9,9,-1,
9,9,24,-1,
24,9,24,-1,
24,24,48,-1,
48,24,48,-1,
48,48,48,-1,
48,48,48,-1,
58,48,48,-1,
58,58,48,-1,
48,58,48,-1,
48,48,48,-1,
58,58,49,-1,
49,58,49,-1,
49,49,49,-1,
49,49,49,-1,
49,49,49,-1,
58,49,49,-1,
49,49,34,-1,
34,34,49,-1,
34,34,10,-1,
10,34,10,-1,
10,10,10,-1,
10,10,10,-1,
0,10,10,-1,
0,0,10,-1,
10,0,10,-1,
10,10,10,-1,
0,0,9,-1,
9,0,9,-1,
9,9,9,-1,
9,9,9,-1,
9,9,9,-1,
0,9,9,-1,
9,9,33,-1,
33,9,33,-1,
33,33,48,-1,
48,33,48,-1,
48,48,48,-1,
48,48,48,-1,
58,48,48,-1,
58,58,48,-1,
48,58,48,-1,
48,48,48,-1,
58,58,49,-1,
49,58,49,-1,
49,49,49,-1,
49,49,49,-1,
49,49,49,-1,
58,49,49,-1,
49,49,34,-1,
34,34,49,-1,
34,34,10,-1,
10,34,10,-1,
10,10,10,-1,
10,10,10,-1,
0,10,10,-1,
0,0,10,-1,
10,0,10,-1,
10,10,10,-1,
0,0,9,-1,
9,0,9,-1,
9,9,9,-1,
9,9,9,-1,
9,9,9,-1,
0,9,9,-1,
9,9,33,-1,
33,9,33,-1,
33,33,48,-1,
48,33,48,-1,
48,48,48,-1,
48,48,48,-1,
58,48,48,-1,
58,58,48,-1,
48,58,48,-1,
48,48,48,-1,
58,58,49,-1,
49,58,49,-1,
49,49,49,-1,
49,49,49,-1,
49,49,49,-1,
58,49,49,-1,
49,49,34,-1,
34,34,49,-1,
34,34,10,-1,
10,34,10,-1,
10,10,10,-1,
10,10,10,-1,
0,10,10,-1,
0,0,10,-1,
10,0,10,-1,
10,10,10,-1,
0,0,9,-1,
9,0,9,-1,
9,9,9,-1,
9,9,9,-1,
9,9,9,-1,
0,9,9,-1,
9,9,33,-1,
33,9,33,-1,
33,33,48,-1,
48,33,48,-1,
48,48,48,-1,
48,48,48,-1,
58,48,48,-1,
58,58,48,-1,
48,58,48,-1,
48,48,48,-1,
58,58,49,-1,
49,58,49,-1,
49,49,49,-1,
49,49,49,-1,
49,49,49,-1,
58,49,49,-1,
49,49,34,-1,
34,34,49,-1,
34,34,10,-1,
10,34,10,-1,
10,10,10,-1,
10,10,10,-1,
0,10,10,-1,
0,0,10,-1,
10,0,10,-1,
10,10,10,-1,
0,0,9,-1,
9,0,9,-1,
9,9,9,-1,
9,9,9,-1,
9,9,9,-1,
0,9,9,-1,
9,9,33,-1,
33,9,33,-1,
33,33,48,-1,
48,33,48,-1,
48,48,48,-1,
48,48,48,-1,
58,48,48,-1,
58,58,48,-1,
48,58,48,-1,
48,48,48,-1,
58,58,49,-1,
49,58,49,-1,
49,49,49,-1,
49,49,49,-1,
49,49,49,-1,
58,49,49,-1,
49,49,34,-1,
34,34,49,-1,
34,34,10,-1,
10,34,10,-1,
10,10,10,-1,
10,10,10,-1,
0,10,10,-1,
0,0,10,-1,
10,0,10,-1,
10,10,10,-1,
0,0,9,-1,
9,0,9,-1,
9,9,9,-1,
9,9,9,-1,
9,9,9,-1,
0,9,9,-1,
9,9,33,-1,
33,9,33,-1,
33,33,48,-1,
48,33,48,-1,
48,48,48,-1,
48,48,48,-1,
58,48,48,-1,
58,58,48,-1,
48,58,48,-1,
48,48,48,-1,
58,58,49,-1,
49,58,49,-1,
49,49,49,-1,
49,49,49,-1,
49,49,49,-1,
58,49,49,-1,
49,49,34,-1,
34,34,49,-1,
34,34,10,-1,
10,34,10,-1,
10,10,10,-1,
10,10,10,-1,
0,10,10,-1,
0,0,10,-1,
10,0,10,-1,
10,10,10,-1,
0,0,9,-1,
9,0,9,-1,
9,9,9,-1,
9,9,9,-1,
9,9,9,-1,
0,9,9,-1,
9,9,24,-1,
24,9,24,-1,
24,24,48,-1,
48,24,48,-1,
48,48,48,-1,
48,48,48,-1,
58,48,48,-1,
58,58,48,-1,
48,58,48,-1,
48,48,48,-1,
58,58,49,-1,
49,58,49,-1,
49,49,49,-1,
49,49,49,-1,
49,49,49,-1,
58,49,49,-1,
49,49,34,-1,
34,34,49,-1,
34,34,10,-1,
10,34,10,-1,
10,10,10,-1,
10,10,10,-1,
0,10,10,-1,
0,0,10,-1,
10,0,10,-1,
10,10,10,-1,
0,0,9,-1,
9,0,9,-1,
9,9,9,-1,
9,9,9,-1,
9,9,9,-1,
0,9,9,-1,
9,9,24,-1,
24,9,24,-1,
24,24,48,-1,
48,24,48,-1,
48,48,48,-1,
48,48,48,-1,
58,48,48,-1,
58,58,48,-1,
48,58,48,-1,
48,48,48,-1,
58,58,49,-1,
49,58,49,-1,
49,49,49,-1,
49,49,49,-1,
49,49,49,-1,
58,49,49,-1,
49,49,34,-1,
34,34,49,-1,
34,34,10,-1,
10,34,10,-1,
10,10,10,-1,
10,10,10,-1,
0,10,10,-1,
0,0,10,-1,
10,0,10,-1,
10,10,10,-1,
0,0,9,-1,
9,0,9,-1,
9,9,9,-1,
9,9,9,-1,
9,9,9,-1,
0,9,9,-1,
9,9,33,-1,
33,9,33,-1,
33,33,48,-1,
48,33,48,-1,
48,48,48,-1,
48,48,48,-1,
58,48,48,-1,
58,58,48,-1,
48,58,48,-1,
48,48,48,-1,
58,58,49,-1,
49,58,49,-1,
49,49,49,-1,
49,49,49,-1,
49,49,49,-1,
58,49,49,-1,
49,49,34,-1,
34,34,49,-1,
34,34,10,-1,
10,34,10,-1,
10,10,10,-1,
10,10,10,-1,
0,10,10,-1,
0,0,10,-1,
10,0,10,-1,
10,10,10,-1,
0,0,9,-1,
9,0,9,-1,
9,9,9,-1,
9,9,9,-1,
9,9,9,-1,
0,9,9,-1,
9,9,33,-1,
33,9,33,-1,
33,33,48,-1,
48,33,48,-1,
48,48,48,-1,
48,48,48,-1,
58,48,48,-1,
58,58,48,-1,
48,58,48,-1,
48,48,48,-1,
58,58,49,-1,
49,58,49,-1,
49,49,49,-1,
49,49,49,-1,
49,49,49,-1,
58,49,49,-1,
49,49,34,-1,
34,34,49,-1,
34,34,10,-1,
10,34,10,-1,
10,10,10,-1,
10,10,10,-1,
0,10,10,-1,
0,0,10,-1,
10,0,10,-1,
10,10,10,-1,
0,0,9,-1,
9,0,9,-1,
9,9,9,-1,
9,9,9,-1,
9,9,9,-1,
0,9,9,-1,
9,9,33,-1,
33,9,33,-1,
33,33,48,-1,
48,33,48,-1,
48,48,48,-1,
48,48,48,-1,
58,48,48,-1,
58,58,48,-1,
48,58,48,-1,
48,48,48,-1,
58,58,49,-1,
49,58,49,-1,
49,49,49,-1,
49,49,49,-1,
49,49,49,-1,
58,49,49,-1,
49,49,34,-1,
34,34,49,-1,
34,34,10,-1,
10,34,10,-1,
10,10,10,-1,
10,10,10,-1,
0,10,10,-1,
0,0,10,-1,
10,0,10,-1,
10,10,10,-1,
0,0,9,-1,
9,0,9,-1,
9,9,9,-1,
9,9,9,-1,
9,9,9,-1,
0,9,9,-1,
9,9,33,-1,
33,9,33,-1,
33,33,48,-1,
48,33,48,-1,
48,48,48,-1,
48,48,48,-1,
58,48,48,-1,
58,58,48,-1,
48,58,48,-1,
48,48,48,-1,
58,58,49,-1,
49,58,49,-1,
49,49,49,-1,
49,49,49,-1,
49,49,49,-1,
58,49,49,-1,
49,49,34,-1,
34,34,49,-1,
34,34,10,-1,
10,34,10,-1,
10,10,10,-1,
10,10,10,-1,
0,10,10,-1,
0,0,10,-1,
10,0,10,-1,
10,10,10,-1,
0,0,9,-1,
9,0,9,-1,
9,9,9,-1,
9,9,9,-1,
9,9,9,-1,
0,9,9,-1,
9,9,33,-1,
33,9,33,-1,
33,33,48,-1,
48,33,48,-1,
48,48,48,-1,
48,48,48,-1,
58,48,48,-1,
58,58,48,-1,
48,58,48,-1,
48,48,48,-1,
58,58,49,-1,
49,58,49,-1,
49,49,49,-1,
49,49,49,-1,
49,49,49,-1,
58,49,49,-1,
49,49,34,-1,
34,34,49,-1,
34,34,10,-1,
10,34,10,-1,
10,10,10,-1,
10,10,10,-1,
0,10,10,-1,
0,0,10,-1,
10,0,10,-1,
10,10,10,-1,
0,0,9,-1,
9,0,9,-1,
9,9,9,-1,
9,9,9,-1,
9,9,9,-1,
0,9,9,-1,
9,9,24,-1,
24,9,24,-1,
24,24,48,-1,
48,24,48,-1,
48,48,48,-1,
48,48,48,-1,
58,48,48,-1,
58,58,48,-1,
48,58,48,-1,
48,48,48,-1,
58,58,49,-1,
49,58,49,-1,
49,49,49,-1,
49,49,49,-1,
49,49,49,-1,
58,49,49,-1,
49,49,34,-1,
34,34,49,-1,
34,34,10,-1,
10,34,10,-1,
10,10,10,-1,
10,10,10,-1,
0,10,10,-1,
0,0,10,-1,
10,0,10,-1,
10,10,10,-1,
0,0,9,-1,
9,0,9,-1,
9,9,9,-1,
9,9,9,-1,
9,9,9,-1,
0,9,9,-1,
9,9,24,-1,
24,9,24,-1,
24,24,48,-1,
48,24,48,-1,
48,48,48,-1,
48,48,48,-1,
58,48,48,-1,
58,58,48,-1,
48,58,48,-1,
48,48,48,-1,
58,58,49,-1,
49,58,49,-1,
49,49,49,-1,
49,49,49,-1,
49,49,49,-1,
58,49,49,-1,
49,49,34,-1,
34,34,49,-1,
34,34,10,-1,
10,34,10,-1,
10,10,10,-1,
10,10,10,-1,
0,10,10,-1,
0,0,10,-1,
10,0,10,-1,
10,10,10,-1,
0,0,9,-1,
9,0,9,-1,
9,9,9,-1,
9,9,9,-1,
9,9,9,-1,
0,9,9,-1,
9,9,24,-1,
24,9,24,-1,
24,24,48,-1,
48,24,48,-1,
48,48,48,-1,
48,48,48,-1,
58,48,48,-1,
58,58,48,-1,
48,58,48,-1,
48,48,48,-1,
58,58,49,-1,
49,58,49,-1,
49,49,49,-1,
49,49,49,-1,
49,49,49,-1,
58,49,49,-1,
49,49,34,-1,
34,34,49,-1,
34,34,10,-1,
10,34,10,-1,
10,10,10,-1,
10,10,10,-1,
0,10,10,-1,
0,0,10,-1,
10,0,10,-1,
10,10,10,-1,
0,0,9,-1,
9,0,9,-1,
9,9,9,-1,
9,9,9,-1,
9,9,9,-1,
0,9,9,-1,
9,9,24,-1,
24,9,24,-1,
24,24,48,-1,
48,24,48,-1,
48,48,48,-1,
48,48,48,-1,
58,48,48,-1,
58,58,48,-1,
48,58,48,-1,
48,48,48,-1,
58,58,49,-1,
49,58,49,-1,
49,49,49,-1,
49,49,49,-1,
49,49,49,-1,
58,49,49,-1,
49,49,34,-1,
34,34,49,-1,
22,22,22,-1,
22,22,22,-1,
22,22,22,-1,
22,22,22,-1,
22,22,22,-1,
22,22,22,-1,
22,22,22,-1,
22,22,22,-1,
22,22,22,-1,
22,22,22,-1,
22,22,22,-1,
22,22,22,-1,
22,22,22,-1,
22,22,22,-1,
22,22,22,-1,
22,22,22,-1,
22,22,22,-1,
22,22,22,-1,
0,0,0,-1,
0,0,0,-1,
0,0,0,-1,
36,36,36,-1,
36,36,36,-1,
36,36,36,-1,
36,36,36,-1,
36,36,36,-1,
36,36,36,-1,
36,36,36,-1,
36,36,36,-1,
36,36,36,-1,
36,36,36,-1,
36,36,36,-1,
36,36,36,-1,
36,36,36,-1,
36,36,36,-1,
36,36,36,-1,
36,36,36,-1,
36,36,36,-1,
36,36,36,-1,
23,23,23,-1,
23,23,23,-1,
23,23,23,-1,
23,23,23,-1,
23,23,23,-1,
23,23,23,-1,
23,23,23,-1,
23,23,23,-1,
23,23,23,-1,
23,23,23,-1,
23,23,23,-1,
23,23,23,-1,
23,23,23,-1,
23,23,23,-1,
23,23,23,-1,
23,23,23,-1,
23,23,23,-1,
23,23,23,-1,
23,23,23,-1,
23,23,23,-1,
23,23,23,-1,
23,23,23,-1,
23,23,23,-1,
23,23,23,-1,
23,23,23,-1,
23,23,23,-1,
23,23,23,-1,
23,23,23,-1,
23,23,23,-1,
23,23,23,-1,
23,23,23,-1,
23,23,23,-1,
23,23,23,-1,
23,23,23,-1,
23,23,23,-1,
23,23,23,-1,
23,23,23,-1,
23,23,23,-1,
23,23,23,-1,
23,23,23,-1,
23,23,23,-1,
23,23,23,-1,
23,23,23,-1,
23,23,23,-1,
23,23,23,-1,
23,23,23,-1,
23,23,23,-1,
23,23,23,-1,
23,23,23,-1,
23,23,23,-1,
23,23,23,-1,
23,23,23,-1,
23,23,23,-1,
23,23,23,-1,
23,23,23,-1,
23,23,23,-1,
23,23,23,-1,
23,23,23,-1,
23,23,23,-1,
23,23,23,-1,
23,23,23,-1,
23,23,23,-1,
23,23,23,-1,
23,23,23,-1,
23,23,23,-1,
23,23,23,-1,
23,23,23,-1,
23,23,23,-1,
23,23,23,-1,
23,23,23,-1,
23,23,23,-1,
23,23,23,-1,
23,23,23,-1,
23,23,23,-1,
23,23,23,-1,
23,23,23,-1,
23,23,23,-1,
23,23,23,-1,
23,23,23,-1,
23,23,23,-1,
23,23,23,-1,
23,23,23,-1,
23,23,23,-1,
23,23,23,-1,
23,23,23,-1,
23,23,23,-1,
23,23,23,-1,
23,23,23,-1,
23,23,23,-1,
23,23,23,-1,
23,23,23,-1,
23,23,23,-1,
23,23,23,-1,
23,23,23,-1,
23,23,23,-1,
23,23,23,-1,
23,23,23,-1,
23,23,23,-1,
23,23,23,-1,
23,23,23,-1,
23,23,23,-1,
23,23,23,-1,
23,23,23,-1,
23,23,23,-1,
23,23,23,-1,
23,23,23,-1,
23,23,23,-1,
23,23,23,-1,
23,23,23,-1,
23,23,23,-1,
23,23,23,-1,
23,23,23,-1,
23,23,23,-1,
23,23,23,-1,
23,23,23,-1,
23,23,23,-1,
23,23,23,-1,
23,23,23,-1,
23,23,23,-1,
23,23,23,-1,
23,23,23,-1,
23,23,23,-1,
23,23,23,-1,
23,23,23,-1,
23,23,23,-1,
23,23,23,-1,
23,23,23,-1,
23,23,23,-1,
23,23,23,-1,
23,23,23,-1,
23,23,23,-1,
23,23,23,-1,
23,23,23,-1,
23,23,23,-1,
23,23,23,-1,
23,23,23,-1,
23,23,23,-1,
23,23,23,-1,
23,23,23,-1,
23,23,23,-1,
23,23,23,-1,
23,23,23,-1,
23,23,23,-1,
23,23,23,-1,
23,23,23,-1,
23,23,23,-1,
23,23,23,-1,
23,23,23,-1,
23,23,23,-1,
23,23,23,-1,
23,23,23,-1,
23,23,23,-1,
23,23,23,-1,
23,23,23,-1,
23,23,23,-1,
23,23,23,-1,
23,23,23,-1,
23,23,23,-1,
23,23,23,-1,
23,23,23,-1,
23,23,23,-1,
23,23,23,-1,
23,23,23,-1,
23,23,23,-1,
23,23,23,-1,
23,23,23,-1,
23,23,23,-1,
23,23,23,-1,
23,23,23,-1,
23,23,23,-1,
23,23,23,-1,
23,23,23,-1,
23,23,23,-1,
23,23,23,-1,
23,23,23,-1,
23,23,23,-1,
23,23,23,-1,
23,23,23,-1,
23,23,23,-1,
23,23,23,-1,
23,23,23,-1,
23,23,23,-1,
23,23,23,-1,
23,23,23,-1,
23,23,23,-1,
23,23,23,-1,
23,23,23,-1,
23,23,23,-1,
23,23,23,-1,
23,23,23,-1,
23,23,23,-1,
23,23,23,-1,
23,23,23,-1,
23,23,23,-1,
23,23,23,-1,
23,23,23,-1,
23,23,23,-1,
23,23,23,-1,
23,23,23,-1,
23,23,23,-1,
23,23,23,-1,
23,23,23,-1,
23,23,23,-1,
23,23,23,-1,
23,23,23,-1,
23,23,23,-1,
23,23,23,-1,
23,23,23,-1,
23,23,23,-1,
23,23,23,-1,
23,23,23,-1,
23,23,23,-1,
23,23,23,-1,
23,23,23,-1,
23,23,23,-1,
23,23,23,-1,
23,23,23,-1,
23,23,23,-1,
23,23,23,-1,
23,23,23,-1,
23,23,23,-1,
23,23,23,-1,
23,23,23,-1,
23,23,23,-1,
23,23,23,-1,
23,23,23,-1,
23,23,23,-1,
23,23,23,-1,
23,23,23,-1,
23,23,23,-1,
23,23,23,-1,
23,23,23,-1,
23,23,23,-1,
23,23,23,-1,
23,23,23,-1,
23,23,23,-1,
23,23,23,-1,
23,23,23,-1,
23,23,23,-1,
23,23,23,-1,
23,23,23,-1,
23,23,23,-1,
23,23,23,-1,
23,23,23,-1,
23,23,23,-1,
23,23,23,-1,
23,23,23,-1,
23,23,23,-1,
23,23,23,-1,
23,23,23,-1,
35,35,35,-1,
35,35,35,-1,
35,35,35,-1,
35,35,35,-1,
35,35,35,-1,
35,35,35,-1,
35,35,35,-1,
35,35,35,-1,
35,35,35,-1,
35,35,35,-1,
35,35,35,-1,
35,35,35,-1,
35,35,35,-1,
35,35,35,-1,
35,35,35,-1,
35,35,35,-1,
35,35,35,-1,
35,35,35,-1,
35,35,35,-1,
35,35,35,-1,
35,35,35,-1,
35,35,35,-1,
35,35,35,-1,
35,35,35,-1,
35,35,35,-1,
35,35,35,-1,
35,35,35,-1,
35,35,35,-1,
35,35,35,-1,
35,35,35,-1,
35,35,35,-1,
35,35,35,-1,
35,35,35,-1,
35,35,35,-1,
35,35,35,-1,
35,35,35,-1,
35,35,35,-1,
35,35,35,-1,
35,35,35,-1,
35,35,35,-1,
35,35,35,-1,
35,35,35,-1,
35,35,35,-1,
35,35,35,-1,
35,35,35,-1,
35,35,35,-1,
35,35,35,-1,
35,35,35,-1,
35,35,35,-1,
35,35,35,-1,
35,35,35,-1,
35,35,35,-1,
35,35,35,-1,
35,35,35,-1,
35,35,35,-1,
35,35,35,-1,
35,35,35,-1,
35,35,35,-1,
35,35,35,-1,
35,35,35,-1,
35,35,35,-1,
35,35,35,-1,
35,35,35,-1,
35,35,35,-1,
35,35,35,-1,
35,35,35,-1,
35,35,35,-1,
35,35,35,-1,
35,35,35,-1,
35,35,35,-1,
35,35,35,-1,
35,35,35,-1,
35,35,35,-1,
35,35,35,-1,
35,35,35,-1,
35,35,35,-1,
35,35,35,-1,
35,35,35,-1,
35,35,35,-1,
35,35,35,-1,
35,35,35,-1,
35,35,35,-1,
35,35,35,-1,
35,35,35,-1,
35,35,35,-1,
35,35,35,-1,
35,35,35,-1,
35,35,35,-1,
35,35,35,-1,
35,35,35,-1,
35,35,35,-1,
35,35,35,-1,
35,35,35,-1,
35,35,35,-1,
35,35,35,-1,
35,35,35,-1,
35,35,35,-1,
35,35,35,-1,
35,35,35,-1,
35,35,35,-1,
35,35,35,-1,
35,35,35,-1,
35,35,35,-1,
35,35,35,-1,
35,35,35,-1,
35,35,35,-1,
35,35,35,-1,
35,35,35,-1,
35,35,35,-1,
35,35,35,-1,
35,35,35,-1,
35,35,35,-1,
35,35,35,-1,
35,35,35,-1,
35,35,35,-1,
35,35,35,-1,
35,35,35,-1,
35,35,35,-1,
35,35,35,-1,
35,35,35,-1,
35,35,35,-1,
35,35,35,-1,
35,35,35,-1,
35,35,35,-1,
35,35,35,-1,
35,35,35,-1,
35,35,35,-1,
35,35,35,-1,
35,35,35,-1,
35,35,35,-1,
35,35,35,-1,
35,35,35,-1,
35,35,35,-1,
35,35,35,-1,
35,35,35,-1,
35,35,35,-1,
35,35,35,-1,
35,35,35,-1,
35,35,35,-1,
35,35,35,-1,
35,35,35,-1,
35,35,35,-1,
35,35,35,-1,
35,35,35,-1,
35,35,35,-1,
35,35,35,-1,
35,35,35,-1,
35,35,35,-1,
35,35,35,-1,
35,35,35,-1,
35,35,35,-1,
35,35,35,-1,
35,35,35,-1,
35,35,35,-1,
35,35,35,-1,
35,35,35,-1,
35,35,35,-1,
35,35,35,-1,
35,35,35,-1,
35,35,35,-1,
35,35,35,-1,
35,35,35,-1,
35,35,35,-1,
35,35,35,-1,
35,35,35,-1,
35,35,35,-1,
35,35,35,-1,
35,35,35,-1,
35,35,35,-1,
35,35,35,-1,
35,35,35,-1,
35,35,35,-1,
35,35,35,-1,
35,35,35,-1,
35,35,35,-1,
35,35,35,-1,
35,35,35,-1,
35,35,35,-1,
35,35,35,-1,
35,35,35,-1,
35,35,35,-1,
35,35,35,-1,
58,58,58,-1,
58,58,58,-1,
22,22,22,-1,
22,22,22,-1,
22,22,22,-1,
22,22,22,-1,
22,22,22,-1,
22,22,22,-1,
22,22,22,-1,
22,22,22,-1,
22,22,22,-1,
22,22,22,-1,
22,22,22,-1,
22,22,22,-1,
22,22,22,-1,
22,22,22,-1,
22,22,22,-1,
22,22,22,-1,
22,22,22,-1,
22,22,22,-1,
22,22,22,-1,
0,0,0,-1,
0,0,0,-1,
36,36,36,-1,
36,36,36,-1,
36,36,36,-1,
36,36,36,-1,
36,36,36,-1,
36,36,36,-1,
36,36,36,-1,
36,36,36,-1,
36,36,36,-1,
36,36,36,-1,
36,36,36,-1,
36,36,36,-1,
36,36,36,-1,
36,36,36,-1,
36,36,36,-1,
36,36,36,-1,
36,36,36,-1,
36,36,36,-1,
36,36,36,-1,
58,58,58,-1,
58,58,58,-1,
35,35,35,-1,
35,35,35,-1,
35,35,35,-1,
35,35,35,-1,
35,35,35,-1,
35,35,35,-1,
35,35,35,-1,
35,35,35,-1,
35,35,35,-1,
35,35,35,-1,
34,34,12,-1,
12,34,12,-1,
12,12,10,-1,
10,12,10,-1,
4,10,10,-1,
4,4,10,-1,
10,4,10,-1,
12,10,10,-1,
4,4,3,-1,
3,4,3,-1,
3,3,9,-1,
9,3,9,-1,
11,9,9,-1,
11,11,9,-1,
9,11,9,-1,
3,9,9,-1,
11,11,26,-1,
26,11,26,-1,
26,26,46,-1,
46,26,46,-1,
46,46,48,-1,
48,46,48,-1,
54,48,48,-1,
54,54,48,-1,
48,54,48,-1,
46,48,48,-1,
54,54,55,-1,
55,54,55,-1,
55,55,49,-1,
49,55,49,-1,
47,49,49,-1,
47,47,49,-1,
49,47,49,-1,
55,49,49,-1,
47,47,34,-1,
34,34,47,-1,
35,35,35,-1,
35,35,35,-1,
35,35,35,-1,
35,35,35,-1,
35,35,35,-1,
35,35,35,-1,
35,35,35,-1,
35,35,35,-1,
35,35,35,-1,
35,35,35,-1,
34,34,12,-1,
12,34,12,-1,
12,12,10,-1,
10,12,10,-1,
4,10,10,-1,
4,4,10,-1,
10,4,10,-1,
12,10,10,-1,
4,4,3,-1,
3,4,3,-1,
3,3,9,-1,
9,3,9,-1,
11,9,9,-1,
11,11,9,-1,
9,11,9,-1,
3,9,9,-1,
11,11,26,-1,
26,11,26,-1,
26,26,46,-1,
46,26,46,-1,
46,46,48,-1,
48,46,48,-1,
54,48,48,-1,
54,54,48,-1,
48,54,48,-1,
46,48,48,-1,
54,54,55,-1,
55,54,55,-1,
55,55,49,-1,
49,55,49,-1,
47,49,49,-1,
47,47,49,-1,
49,47,49,-1,
55,49,49,-1,
47,47,34,-1,
34,34,47,-1,
35,35,35,-1,
35,35,35,-1,
35,35,35,-1,
35,35,35,-1,
35,35,35,-1,
35,35,35,-1,
35,35,35,-1,
35,35,35,-1,
35,35,35,-1,
35,35,35,-1,
34,34,12,-1,
12,34,12,-1,
12,12,10,-1,
10,12,10,-1,
4,10,10,-1,
4,4,10,-1,
10,4,10,-1,
12,10,10,-1,
4,4,3,-1,
3,4,3,-1,
3,3,9,-1,
9,3,9,-1,
11,9,9,-1,
11,11,9,-1,
9,11,9,-1,
3,9,9,-1,
11,11,26,-1,
26,11,26,-1,
26,26,46,-1,
46,26,46,-1,
46,46,48,-1,
48,46,48,-1,
54,48,48,-1,
54,54,48,-1,
48,54,48,-1,
46,48,48,-1,
54,54,55,-1,
55,54,55,-1,
55,55,49,-1,
49,55,49,-1,
47,49,49,-1,
47,47,49,-1,
49,47,49,-1,
55,49,49,-1,
47,47,34,-1,
34,34,47,-1,
35,35,35,-1,
35,35,35,-1,
35,35,35,-1,
35,35,35,-1,
35,35,35,-1,
35,35,35,-1,
35,35,35,-1,
35,35,35,-1,
35,35,35,-1,
35,35,35,-1,
34,34,12,-1,
12,34,12,-1,
12,12,10,-1,
10,12,10,-1,
4,10,10,-1,
4,4,10,-1,
10,4,10,-1,
12,10,10,-1,
4,4,3,-1,
3,4,3,-1,
3,3,9,-1,
9,3,9,-1,
11,9,9,-1,
11,11,9,-1,
9,11,9,-1,
3,9,9,-1,
11,11,26,-1,
26,11,26,-1,
26,26,46,-1,
46,26,46,-1,
46,46,48,-1,
48,46,48,-1,
54,48,48,-1,
54,54,48,-1,
48,54,48,-1,
46,48,48,-1,
54,54,55,-1,
55,54,55,-1,
55,55,49,-1,
49,55,49,-1,
47,49,49,-1,
47,47,49,-1,
49,47,49,-1,
55,49,49,-1,
47,47,34,-1,
34,34,47,-1,
35,35,35,-1,
35,35,35,-1,
35,35,35,-1,
35,35,35,-1,
35,35,35,-1,
35,35,35,-1,
35,35,35,-1,
35,35,35,-1,
35,35,35,-1,
35,35,35,-1,
34,34,12,-1,
12,34,12,-1,
12,12,10,-1,
10,12,10,-1,
4,10,10,-1,
4,4,10,-1,
10,4,10,-1,
12,10,10,-1,
4,4,3,-1,
3,4,3,-1,
3,3,9,-1,
9,3,9,-1,
11,9,9,-1,
11,11,9,-1,
9,11,9,-1,
3,9,9,-1,
11,11,26,-1,
26,11,26,-1,
26,26,46,-1,
46,26,46,-1,
46,46,48,-1,
48,46,48,-1,
54,48,48,-1,
54,54,48,-1,
48,54,48,-1,
46,48,48,-1,
54,54,55,-1,
55,54,55,-1,
55,55,49,-1,
49,55,49,-1,
47,49,49,-1,
47,47,49,-1,
49,47,49,-1,
55,49,49,-1,
47,47,34,-1,
34,34,47,-1,
35,35,35,-1,
35,35,35,-1,
35,35,35,-1,
35,35,35,-1,
35,35,35,-1,
35,35,35,-1,
35,35,35,-1,
35,35,35,-1,
35,35,35,-1,
35,35,35,-1,
34,34,12,-1,
12,34,12,-1,
12,12,10,-1,
10,12,10,-1,
4,10,10,-1,
4,4,10,-1,
10,4,10,-1,
12,10,10,-1,
4,4,3,-1,
3,4,3,-1,
3,3,9,-1,
9,3,9,-1,
11,9,9,-1,
11,11,9,-1,
9,11,9,-1,
3,9,9,-1,
11,11,26,-1,
26,11,26,-1,
26,26,46,-1,
46,26,46,-1,
46,46,48,-1,
48,46,48,-1,
54,48,48,-1,
54,54,48,-1,
48,54,48,-1,
46,48,48,-1,
54,54,55,-1,
55,54,55,-1,
55,55,49,-1,
49,55,49,-1,
47,49,49,-1,
47,47,49,-1,
49,47,49,-1,
55,49,49,-1,
47,47,34,-1,
34,34,47,-1
]
texCoordIndex [
585,578,639,-1,
639,578,559,-1,
639,559,3,-1,
3,559,4,-1,
616,623,640,-1,
623,630,640,-1,
640,630,632,-1,
640,632,639,-1,
632,629,639,-1,
639,629,622,-1,
639,622,585,-1,
585,622,615,-1,
585,615,588,-1,
588,615,610,-1,
578,571,559,-1,
559,571,566,-1,
559,566,561,-1,
561,566,572,-1,
561,572,579,-1,
640,561,616,-1,
616,561,579,-1,
616,579,610,-1,
610,579,586,-1,
610,586,588,-1,
1935,1936,1924,-1,
1924,1936,1925,-1,
1924,1925,1924,-1,
1924,1925,1925,-1,
759,758,762,-1,
763,759,762,-1,
762,759,762,-1,
1925,1925,1925,-1,
759,763,760,-1,
760,763,760,-1,
32,32,32,-1,
33,32,33,-1,
33,32,32,-1,
763,764,760,-1,
32,33,25,-1,
25,33,26,-1,
25,26,18,-1,
18,26,19,-1,
18,19,18,-1,
18,19,19,-1,
653,654,649,-1,
648,653,649,-1,
649,653,649,-1,
19,19,19,-1,
653,648,652,-1,
652,648,652,-1,
1952,1952,1952,-1,
1953,1952,1953,-1,
1953,1952,1952,-1,
648,647,652,-1,
1952,1953,1935,-1,
1936,1935,1953,-1,
1808,1809,1797,-1,
1797,1809,1798,-1,
1797,1798,1797,-1,
1797,1798,1798,-1,
759,758,762,-1,
763,759,762,-1,
762,759,762,-1,
1798,1798,1798,-1,
759,763,760,-1,
760,763,760,-1,
80,80,80,-1,
81,80,81,-1,
81,80,80,-1,
763,764,760,-1,
80,81,73,-1,
73,81,74,-1,
73,74,66,-1,
66,74,67,-1,
66,67,66,-1,
66,67,67,-1,
653,654,649,-1,
648,653,649,-1,
649,653,649,-1,
67,67,67,-1,
653,648,652,-1,
652,648,652,-1,
1825,1825,1825,-1,
1826,1825,1826,-1,
1826,1825,1825,-1,
648,647,652,-1,
1825,1826,1808,-1,
1809,1808,1826,-1,
1706,1707,1695,-1,
1695,1707,1696,-1,
1695,1696,1695,-1,
1695,1696,1696,-1,
759,758,762,-1,
763,759,762,-1,
762,759,762,-1,
1696,1696,1696,-1,
759,763,760,-1,
760,763,760,-1,
116,116,116,-1,
117,116,117,-1,
117,116,116,-1,
763,764,760,-1,
116,117,109,-1,
109,117,110,-1,
109,110,102,-1,
102,110,103,-1,
102,103,102,-1,
102,103,103,-1,
653,654,649,-1,
648,653,649,-1,
649,653,649,-1,
103,103,103,-1,
653,648,652,-1,
652,648,652,-1,
1723,1723,1723,-1,
1724,1723,1724,-1,
1724,1723,1723,-1,
648,647,652,-1,
1723,1724,1706,-1,
1707,1706,1724,-1,
1611,1612,1600,-1,
1600,1612,1601,-1,
1600,1601,1600,-1,
1600,1601,1601,-1,
759,758,762,-1,
763,759,762,-1,
762,759,762,-1,
1601,1601,1601,-1,
759,763,760,-1,
760,763,760,-1,
151,151,151,-1,
152,151,152,-1,
152,151,151,-1,
763,764,760,-1,
151,152,144,-1,
144,152,145,-1,
144,145,137,-1,
137,145,138,-1,
137,138,137,-1,
137,138,138,-1,
653,654,649,-1,
648,653,649,-1,
649,653,649,-1,
138,138,138,-1,
653,648,652,-1,
652,648,652,-1,
1628,1628,1628,-1,
1629,1628,1629,-1,
1629,1628,1628,-1,
648,647,652,-1,
1628,1629,1611,-1,
1612,1611,1629,-1,
1516,1517,1511,-1,
1511,1517,1512,-1,
1511,1512,1511,-1,
1511,1512,1512,-1,
759,758,762,-1,
763,759,762,-1,
762,759,762,-1,
1512,1512,1512,-1,
759,763,760,-1,
760,763,760,-1,
193,193,193,-1,
194,193,194,-1,
194,193,193,-1,
763,764,760,-1,
193,194,188,-1,
188,194,189,-1,
188,189,183,-1,
183,189,184,-1,
183,184,183,-1,
183,184,184,-1,
653,654,649,-1,
648,653,649,-1,
649,653,649,-1,
184,184,184,-1,
653,648,652,-1,
652,648,652,-1,
1521,1521,1521,-1,
1522,1521,1522,-1,
1522,1521,1521,-1,
648,647,652,-1,
1521,1522,1516,-1,
1517,1516,1522,-1,
1488,1489,1483,-1,
1483,1489,1484,-1,
1483,1484,1483,-1,
1483,1484,1484,-1,
759,758,762,-1,
763,759,762,-1,
762,759,762,-1,
1484,1484,1484,-1,
759,763,760,-1,
760,763,760,-1,
216,216,216,-1,
217,216,217,-1,
217,216,216,-1,
763,764,760,-1,
216,217,211,-1,
211,217,212,-1,
211,212,206,-1,
206,212,207,-1,
206,207,206,-1,
206,207,207,-1,
653,654,649,-1,
648,653,649,-1,
649,653,649,-1,
207,207,207,-1,
653,648,652,-1,
652,648,652,-1,
1493,1493,1493,-1,
1494,1493,1494,-1,
1494,1493,1493,-1,
648,647,652,-1,
1493,1494,1488,-1,
1489,1488,1494,-1,
1466,1467,1461,-1,
1461,1467,1462,-1,
1461,1462,1461,-1,
1461,1462,1462,-1,
759,758,762,-1,
763,759,762,-1,
762,759,762,-1,
1462,1462,1462,-1,
759,763,760,-1,
760,763,760,-1,
238,238,238,-1,
239,238,239,-1,
239,238,238,-1,
763,764,760,-1,
238,239,233,-1,
233,239,234,-1,
233,234,228,-1,
228,234,229,-1,
228,229,228,-1,
228,229,229,-1,
653,654,649,-1,
648,653,649,-1,
649,653,649,-1,
229,229,229,-1,
653,648,652,-1,
652,648,652,-1,
1471,1471,1471,-1,
1472,1471,1472,-1,
1472,1471,1471,-1,
648,647,652,-1,
1471,1472,1466,-1,
1467,1466,1472,-1,
1421,1422,1416,-1,
1416,1422,1417,-1,
1416,1417,1416,-1,
1416,1417,1417,-1,
759,758,762,-1,
763,759,762,-1,
762,759,762,-1,
1417,1417,1417,-1,
759,763,760,-1,
760,763,760,-1,
272,272,272,-1,
273,272,273,-1,
273,272,272,-1,
763,764,760,-1,
272,273,267,-1,
267,273,268,-1,
267,268,262,-1,
262,268,263,-1,
262,263,262,-1,
262,263,263,-1,
653,654,649,-1,
648,653,649,-1,
649,653,649,-1,
263,263,263,-1,
653,648,652,-1,
652,648,652,-1,
1426,1426,1426,-1,
1427,1426,1427,-1,
1427,1426,1426,-1,
648,647,652,-1,
1426,1427,1421,-1,
1422,1421,1427,-1,
1394,1395,1389,-1,
1389,1395,1390,-1,
1389,1390,1389,-1,
1389,1390,1390,-1,
759,758,762,-1,
763,759,762,-1,
762,759,762,-1,
1390,1390,1390,-1,
759,763,760,-1,
760,763,760,-1,
291,291,291,-1,
292,291,292,-1,
292,291,291,-1,
763,764,760,-1,
291,292,286,-1,
286,292,287,-1,
286,287,281,-1,
281,287,282,-1,
281,282,281,-1,
281,282,282,-1,
653,654,649,-1,
648,653,649,-1,
649,653,649,-1,
282,282,282,-1,
653,648,652,-1,
652,648,652,-1,
1399,1399,1399,-1,
1400,1399,1400,-1,
1400,1399,1399,-1,
648,647,652,-1,
1399,1400,1394,-1,
1395,1394,1400,-1,
1353,1354,1348,-1,
1348,1354,1349,-1,
1348,1349,1348,-1,
1348,1349,1349,-1,
759,758,762,-1,
763,759,762,-1,
762,759,762,-1,
1349,1349,1349,-1,
759,763,760,-1,
760,763,760,-1,
324,324,324,-1,
325,324,325,-1,
325,324,324,-1,
763,764,760,-1,
324,325,319,-1,
319,325,320,-1,
319,320,314,-1,
314,320,315,-1,
314,315,314,-1,
314,315,315,-1,
653,654,649,-1,
648,653,649,-1,
649,653,649,-1,
315,315,315,-1,
653,648,652,-1,
652,648,652,-1,
1358,1358,1358,-1,
1359,1358,1359,-1,
1359,1358,1358,-1,
648,647,652,-1,
1358,1359,1353,-1,
1354,1353,1359,-1,
1331,1332,1326,-1,
1326,1332,1327,-1,
1326,1327,1326,-1,
1326,1327,1327,-1,
759,758,762,-1,
763,759,762,-1,
762,759,762,-1,
1327,1327,1327,-1,
759,763,760,-1,
760,763,760,-1,
346,346,346,-1,
347,346,347,-1,
347,346,346,-1,
763,764,760,-1,
346,347,341,-1,
341,347,342,-1,
341,342,336,-1,
336,342,337,-1,
336,337,336,-1,
336,337,337,-1,
653,654,649,-1,
648,653,649,-1,
649,653,649,-1,
337,337,337,-1,
653,648,652,-1,
652,648,652,-1,
1336,1336,1336,-1,
1337,1336,1337,-1,
1337,1336,1336,-1,
648,647,652,-1,
1336,1337,1331,-1,
1332,1331,1337,-1,
1309,1310,1304,-1,
1304,1310,1305,-1,
1304,1305,1304,-1,
1304,1305,1305,-1,
759,758,762,-1,
763,759,762,-1,
762,759,762,-1,
1305,1305,1305,-1,
759,763,760,-1,
760,763,760,-1,
368,368,368,-1,
369,368,369,-1,
369,368,368,-1,
763,764,760,-1,
368,369,363,-1,
363,369,364,-1,
363,364,358,-1,
358,364,359,-1,
358,359,358,-1,
358,359,359,-1,
653,654,649,-1,
648,653,649,-1,
649,653,649,-1,
359,359,359,-1,
653,648,652,-1,
652,648,652,-1,
1314,1314,1314,-1,
1315,1314,1315,-1,
1315,1314,1314,-1,
648,647,652,-1,
1314,1315,1309,-1,
1310,1309,1315,-1,
1264,1265,1259,-1,
1259,1265,1260,-1,
1259,1260,1259,-1,
1259,1260,1260,-1,
759,758,762,-1,
763,759,762,-1,
762,759,762,-1,
1260,1260,1260,-1,
759,763,760,-1,
760,763,760,-1,
402,402,402,-1,
403,402,403,-1,
403,402,402,-1,
763,764,760,-1,
402,403,397,-1,
397,403,398,-1,
397,398,392,-1,
392,398,393,-1,
392,393,392,-1,
392,393,393,-1,
653,654,649,-1,
648,653,649,-1,
649,653,649,-1,
393,393,393,-1,
653,648,652,-1,
652,648,652,-1,
1269,1269,1269,-1,
1270,1269,1270,-1,
1270,1269,1269,-1,
648,647,652,-1,
1269,1270,1264,-1,
1265,1264,1270,-1,
1236,1237,1231,-1,
1231,1237,1232,-1,
1231,1232,1231,-1,
1231,1232,1232,-1,
759,758,762,-1,
763,759,762,-1,
762,759,762,-1,
1232,1232,1232,-1,
759,763,760,-1,
760,763,760,-1,
425,425,425,-1,
426,425,426,-1,
426,425,425,-1,
763,764,760,-1,
425,426,420,-1,
420,426,421,-1,
420,421,415,-1,
415,421,416,-1,
415,416,415,-1,
415,416,416,-1,
653,654,649,-1,
648,653,649,-1,
649,653,649,-1,
416,416,416,-1,
653,648,652,-1,
652,648,652,-1,
1241,1241,1241,-1,
1242,1241,1242,-1,
1242,1241,1241,-1,
648,647,652,-1,
1241,1242,1236,-1,
1237,1236,1242,-1,
1191,1192,1186,-1,
1186,1192,1187,-1,
1186,1187,1186,-1,
1186,1187,1187,-1,
759,758,762,-1,
763,759,762,-1,
762,759,762,-1,
1187,1187,1187,-1,
759,763,760,-1,
760,763,760,-1,
459,459,459,-1,
460,459,460,-1,
460,459,459,-1,
763,764,760,-1,
459,460,454,-1,
454,460,455,-1,
454,455,449,-1,
449,455,450,-1,
449,450,449,-1,
449,450,450,-1,
653,654,649,-1,
648,653,649,-1,
649,653,649,-1,
450,450,450,-1,
653,648,652,-1,
652,648,652,-1,
1196,1196,1196,-1,
1197,1196,1197,-1,
1197,1196,1196,-1,
648,647,652,-1,
1196,1197,1191,-1,
1192,1191,1197,-1,
1169,1170,1164,-1,
1164,1170,1165,-1,
1164,1165,1164,-1,
1164,1165,1165,-1,
759,758,762,-1,
763,759,762,-1,
762,759,762,-1,
1165,1165,1165,-1,
759,763,760,-1,
760,763,760,-1,
481,481,481,-1,
482,481,482,-1,
482,481,481,-1,
763,764,760,-1,
481,482,476,-1,
476,482,477,-1,
476,477,471,-1,
471,477,472,-1,
471,472,471,-1,
471,472,472,-1,
653,654,649,-1,
648,653,649,-1,
649,653,649,-1,
472,472,472,-1,
653,648,652,-1,
652,648,652,-1,
1174,1174,1174,-1,
1175,1174,1175,-1,
1175,1174,1174,-1,
648,647,652,-1,
1174,1175,1169,-1,
1170,1169,1175,-1,
1141,1142,1136,-1,
1136,1142,1137,-1,
1136,1137,1136,-1,
1136,1137,1137,-1,
759,758,762,-1,
763,759,762,-1,
762,759,762,-1,
1137,1137,1137,-1,
759,763,760,-1,
760,763,760,-1,
504,504,504,-1,
505,504,505,-1,
505,504,504,-1,
763,764,760,-1,
504,505,499,-1,
499,505,500,-1,
499,500,494,-1,
494,500,495,-1,
494,495,494,-1,
494,495,495,-1,
653,654,649,-1,
648,653,649,-1,
649,653,649,-1,
495,495,495,-1,
653,648,652,-1,
652,648,652,-1,
1146,1146,1146,-1,
1147,1146,1147,-1,
1147,1146,1146,-1,
648,647,652,-1,
1146,1147,1141,-1,
1142,1141,1147,-1,
1043,1044,1032,-1,
1032,1044,1033,-1,
1032,1033,1032,-1,
1032,1033,1033,-1,
759,758,762,-1,
763,759,762,-1,
762,759,762,-1,
1033,1033,1033,-1,
759,763,760,-1,
760,763,760,-1,
549,549,549,-1,
550,549,550,-1,
550,549,549,-1,
763,764,760,-1,
549,550,542,-1,
542,550,543,-1,
542,543,535,-1,
535,543,536,-1,
535,536,535,-1,
535,536,536,-1,
653,654,649,-1,
648,653,649,-1,
649,653,649,-1,
536,536,536,-1,
653,648,652,-1,
652,648,652,-1,
1060,1060,1060,-1,
1061,1060,1061,-1,
1061,1060,1060,-1,
648,647,652,-1,
1060,1061,1043,-1,
1044,1043,1061,-1,
766,773,774,-1,
690,768,761,-1,
761,768,769,-1,
690,761,699,-1,
699,761,765,-1,
699,765,708,-1,
774,724,766,-1,
766,724,723,-1,
766,723,765,-1,
765,723,717,-1,
765,717,708,-1,
527,7,526,-1,
526,7,6,-1,
951,952,940,-1,
940,952,941,-1,
940,941,940,-1,
940,941,941,-1,
759,758,770,-1,
771,759,770,-1,
770,759,770,-1,
941,941,941,-1,
759,771,760,-1,
760,771,760,-1,
583,583,583,-1,
584,583,584,-1,
584,583,583,-1,
771,772,760,-1,
583,584,576,-1,
576,584,577,-1,
576,577,569,-1,
569,577,570,-1,
569,570,569,-1,
569,570,570,-1,
653,654,644,-1,
643,653,644,-1,
644,653,644,-1,
570,570,570,-1,
653,643,652,-1,
652,643,652,-1,
968,968,968,-1,
969,968,969,-1,
969,968,968,-1,
643,642,652,-1,
968,969,951,-1,
952,951,969,-1,
825,826,814,-1,
814,826,815,-1,
814,815,814,-1,
814,815,815,-1,
759,758,770,-1,
771,759,770,-1,
770,759,770,-1,
815,815,815,-1,
759,771,760,-1,
760,771,760,-1,
627,627,627,-1,
628,627,628,-1,
628,627,627,-1,
771,772,760,-1,
627,628,620,-1,
620,628,621,-1,
620,621,613,-1,
613,621,614,-1,
613,614,613,-1,
613,614,614,-1,
653,654,644,-1,
643,653,644,-1,
644,653,644,-1,
614,614,614,-1,
653,643,652,-1,
652,643,652,-1,
842,842,842,-1,
843,842,843,-1,
843,842,842,-1,
643,642,652,-1,
842,843,825,-1,
826,825,843,-1,
828,838,820,-1,
857,838,828,-1,
864,857,828,-1,
828,783,800,-1,
801,783,828,-1,
820,801,828,-1,
828,837,856,-1,
819,837,828,-1,
800,819,828,-1,
856,864,828,-1,
695,696,668,-1,
668,696,669,-1,
696,697,669,-1,
669,697,685,-1,
685,697,698,-1,
611,607,609,-1,
611,617,607,-1,
607,617,608,-1,
669,685,670,-1,
611,618,617,-1,
617,618,619,-1,
617,619,625,-1,
619,624,625,-1,
625,624,631,-1,
625,631,634,-1,
634,631,635,-1,
740,741,728,-1,
697,740,698,-1,
698,740,728,-1,
631,633,635,-1,
696,740,697,-1,
740,696,739,-1,
696,695,739,-1,
739,695,694,-1,
739,694,738,-1,
694,693,738,-1,
738,693,727,-1,
727,693,692,-1,
808,804,806,-1,
808,818,804,-1,
804,818,805,-1,
738,727,737,-1,
823,818,808,-1,
818,823,836,-1,
823,824,836,-1,
836,824,835,-1,
836,835,854,-1,
854,835,852,-1,
667,666,681,-1,
835,846,852,-1,
852,846,855,-1,
667,681,684,-1,
693,667,692,-1,
692,667,684,-1,
846,853,855,-1,
667,693,668,-1,
668,693,694,-1,
668,694,695,-1,
954,964,946,-1,
983,964,954,-1,
990,983,954,-1,
954,909,926,-1,
927,909,954,-1,
946,927,954,-1,
954,963,982,-1,
945,963,954,-1,
926,945,954,-1,
982,990,954,-1,
695,696,668,-1,
668,696,669,-1,
696,697,669,-1,
669,697,685,-1,
685,697,698,-1,
567,563,565,-1,
567,573,563,-1,
563,573,564,-1,
669,685,670,-1,
567,574,573,-1,
573,574,575,-1,
573,575,581,-1,
575,580,581,-1,
581,580,587,-1,
581,587,590,-1,
590,587,591,-1,
740,741,728,-1,
697,740,698,-1,
698,740,728,-1,
587,589,591,-1,
696,740,697,-1,
740,696,739,-1,
696,695,739,-1,
739,695,694,-1,
739,694,738,-1,
694,693,738,-1,
738,693,727,-1,
727,693,692,-1,
934,930,932,-1,
934,944,930,-1,
930,944,931,-1,
738,727,737,-1,
949,944,934,-1,
944,949,962,-1,
949,950,962,-1,
962,950,961,-1,
962,961,980,-1,
980,961,978,-1,
667,666,681,-1,
961,972,978,-1,
978,972,981,-1,
667,681,684,-1,
693,667,692,-1,
692,667,684,-1,
972,979,981,-1,
667,693,668,-1,
668,693,694,-1,
668,694,695,-1,
1046,1056,1038,-1,
1075,1056,1046,-1,
1093,1075,1046,-1,
1046,1001,1018,-1,
1019,1001,1046,-1,
1038,1019,1046,-1,
1046,1055,1074,-1,
1037,1055,1046,-1,
1018,1037,1046,-1,
1074,1093,1046,-1,
695,696,668,-1,
668,696,669,-1,
696,697,669,-1,
669,697,685,-1,
685,697,698,-1,
533,529,531,-1,
533,539,529,-1,
529,539,530,-1,
669,685,670,-1,
533,540,539,-1,
539,540,541,-1,
539,541,547,-1,
541,546,547,-1,
547,546,553,-1,
547,553,556,-1,
556,553,557,-1,
740,741,728,-1,
697,740,698,-1,
698,740,728,-1,
553,555,557,-1,
696,740,697,-1,
740,696,739,-1,
696,695,739,-1,
739,695,694,-1,
739,694,738,-1,
694,693,738,-1,
738,693,727,-1,
727,693,692,-1,
1026,1022,1024,-1,
1026,1036,1022,-1,
1022,1036,1023,-1,
738,727,737,-1,
1041,1036,1026,-1,
1036,1041,1054,-1,
1041,1042,1054,-1,
1054,1042,1053,-1,
1054,1053,1072,-1,
1072,1053,1070,-1,
667,666,681,-1,
1053,1064,1070,-1,
1070,1064,1073,-1,
667,681,684,-1,
693,667,692,-1,
692,667,684,-1,
1064,1071,1073,-1,
667,693,668,-1,
668,693,694,-1,
668,694,695,-1,
1614,1624,1606,-1,
1643,1624,1614,-1,
1661,1643,1614,-1,
1614,1569,1586,-1,
1587,1569,1614,-1,
1606,1587,1614,-1,
1614,1623,1642,-1,
1605,1623,1614,-1,
1586,1605,1614,-1,
1642,1661,1614,-1,
695,696,668,-1,
668,696,669,-1,
696,697,669,-1,
669,697,685,-1,
685,697,698,-1,
135,131,133,-1,
135,141,131,-1,
131,141,132,-1,
669,685,670,-1,
135,142,141,-1,
141,142,143,-1,
141,143,149,-1,
143,148,149,-1,
149,148,155,-1,
149,155,158,-1,
158,155,159,-1,
740,741,728,-1,
697,740,698,-1,
698,740,728,-1,
155,157,159,-1,
696,740,697,-1,
740,696,739,-1,
696,695,739,-1,
739,695,694,-1,
739,694,738,-1,
694,693,738,-1,
738,693,727,-1,
727,693,692,-1,
1594,1590,1592,-1,
1594,1604,1590,-1,
1590,1604,1591,-1,
738,727,737,-1,
1609,1604,1594,-1,
1604,1609,1622,-1,
1609,1610,1622,-1,
1622,1610,1621,-1,
1622,1621,1640,-1,
1640,1621,1638,-1,
667,666,681,-1,
1621,1632,1638,-1,
1638,1632,1641,-1,
667,681,684,-1,
693,667,692,-1,
692,667,684,-1,
1632,1639,1641,-1,
667,693,668,-1,
668,693,694,-1,
668,694,695,-1,
1709,1719,1701,-1,
1738,1719,1709,-1,
1756,1738,1709,-1,
1709,1664,1681,-1,
1682,1664,1709,-1,
1701,1682,1709,-1,
1709,1718,1737,-1,
1700,1718,1709,-1,
1681,1700,1709,-1,
1737,1756,1709,-1,
695,696,668,-1,
668,696,669,-1,
696,697,669,-1,
669,697,685,-1,
685,697,698,-1,
100,96,98,-1,
100,106,96,-1,
96,106,97,-1,
669,685,670,-1,
100,107,106,-1,
106,107,108,-1,
106,108,114,-1,
108,113,114,-1,
114,113,120,-1,
114,120,123,-1,
123,120,124,-1,
740,741,728,-1,
697,740,698,-1,
698,740,728,-1,
120,122,124,-1,
696,740,697,-1,
740,696,739,-1,
696,695,739,-1,
739,695,694,-1,
739,694,738,-1,
694,693,738,-1,
738,693,727,-1,
727,693,692,-1,
1689,1685,1687,-1,
1689,1699,1685,-1,
1685,1699,1686,-1,
738,727,737,-1,
1704,1699,1689,-1,
1699,1704,1717,-1,
1704,1705,1717,-1,
1717,1705,1716,-1,
1717,1716,1735,-1,
1735,1716,1733,-1,
667,666,681,-1,
1716,1727,1733,-1,
1733,1727,1736,-1,
667,681,684,-1,
693,667,692,-1,
692,667,684,-1,
1727,1734,1736,-1,
667,693,668,-1,
668,693,694,-1,
668,694,695,-1,
1811,1821,1803,-1,
1840,1821,1811,-1,
1858,1840,1811,-1,
1811,1766,1783,-1,
1784,1766,1811,-1,
1803,1784,1811,-1,
1811,1820,1839,-1,
1802,1820,1811,-1,
1783,1802,1811,-1,
1839,1858,1811,-1,
695,696,668,-1,
668,696,669,-1,
696,697,669,-1,
669,697,685,-1,
685,697,698,-1,
64,60,62,-1,
64,70,60,-1,
60,70,61,-1,
669,685,670,-1,
64,71,70,-1,
70,71,72,-1,
70,72,78,-1,
72,77,78,-1,
78,77,84,-1,
78,84,87,-1,
87,84,88,-1,
740,741,728,-1,
697,740,698,-1,
698,740,728,-1,
84,86,88,-1,
696,740,697,-1,
740,696,739,-1,
696,695,739,-1,
739,695,694,-1,
739,694,738,-1,
694,693,738,-1,
738,693,727,-1,
727,693,692,-1,
1791,1787,1789,-1,
1791,1801,1787,-1,
1787,1801,1788,-1,
738,727,737,-1,
1806,1801,1791,-1,
1801,1806,1819,-1,
1806,1807,1819,-1,
1819,1807,1818,-1,
1819,1818,1837,-1,
1837,1818,1835,-1,
667,666,681,-1,
1818,1829,1835,-1,
1835,1829,1838,-1,
667,681,684,-1,
693,667,692,-1,
692,667,684,-1,
1829,1836,1838,-1,
667,693,668,-1,
668,693,694,-1,
668,694,695,-1,
833,821,839,-1,
802,821,833,-1,
784,802,833,-1,
833,865,859,-1,
858,865,833,-1,
839,858,833,-1,
833,822,803,-1,
840,822,833,-1,
859,840,833,-1,
803,784,833,-1,
743,744,712,-1,
712,711,743,-1,
743,711,729,-1,
729,711,710,-1,
808,804,806,-1,
808,818,804,-1,
804,818,805,-1,
743,729,742,-1,
823,818,808,-1,
818,823,836,-1,
823,824,836,-1,
836,824,835,-1,
836,835,854,-1,
854,835,852,-1,
672,671,682,-1,
835,846,852,-1,
852,846,855,-1,
672,682,686,-1,
711,672,710,-1,
710,672,686,-1,
846,853,855,-1,
672,711,673,-1,
712,673,711,-1,
712,713,673,-1,
673,713,714,-1,
673,714,674,-1,
714,715,674,-1,
674,715,687,-1,
687,715,716,-1,
611,607,609,-1,
611,617,607,-1,
607,617,608,-1,
674,687,675,-1,
611,618,617,-1,
617,618,619,-1,
617,619,625,-1,
619,624,625,-1,
625,624,631,-1,
625,631,634,-1,
634,631,635,-1,
745,746,730,-1,
715,745,716,-1,
716,745,730,-1,
631,633,635,-1,
714,745,715,-1,
745,714,744,-1,
744,714,713,-1,
744,713,712,-1,
959,947,965,-1,
928,947,959,-1,
910,928,959,-1,
959,991,985,-1,
984,991,959,-1,
965,984,959,-1,
959,948,929,-1,
966,948,959,-1,
985,966,959,-1,
929,910,959,-1,
743,744,712,-1,
712,711,743,-1,
743,711,729,-1,
729,711,710,-1,
934,930,932,-1,
934,944,930,-1,
930,944,931,-1,
743,729,742,-1,
949,944,934,-1,
944,949,962,-1,
949,950,962,-1,
962,950,961,-1,
962,961,980,-1,
980,961,978,-1,
672,671,682,-1,
961,972,978,-1,
978,972,981,-1,
672,682,686,-1,
711,672,710,-1,
710,672,686,-1,
972,979,981,-1,
672,711,673,-1,
712,673,711,-1,
712,713,673,-1,
673,713,714,-1,
673,714,674,-1,
714,715,674,-1,
674,715,687,-1,
687,715,716,-1,
567,563,565,-1,
567,573,563,-1,
563,573,564,-1,
674,687,675,-1,
567,574,573,-1,
573,574,575,-1,
573,575,581,-1,
575,580,581,-1,
581,580,587,-1,
581,587,590,-1,
590,587,591,-1,
745,746,730,-1,
715,745,716,-1,
716,745,730,-1,
587,589,591,-1,
714,745,715,-1,
745,714,744,-1,
744,714,713,-1,
744,713,712,-1,
1051,1039,1057,-1,
1020,1039,1051,-1,
1002,1020,1051,-1,
1051,1094,1077,-1,
1076,1094,1051,-1,
1057,1076,1051,-1,
1051,1040,1021,-1,
1058,1040,1051,-1,
1077,1058,1051,-1,
1021,1002,1051,-1,
743,744,712,-1,
712,711,743,-1,
743,711,729,-1,
729,711,710,-1,
1026,1022,1024,-1,
1026,1036,1022,-1,
1022,1036,1023,-1,
743,729,742,-1,
1041,1036,1026,-1,
1036,1041,1054,-1,
1041,1042,1054,-1,
1054,1042,1053,-1,
1054,1053,1072,-1,
1072,1053,1070,-1,
672,671,682,-1,
1053,1064,1070,-1,
1070,1064,1073,-1,
672,682,686,-1,
711,672,710,-1,
710,672,686,-1,
1064,1071,1073,-1,
672,711,673,-1,
712,673,711,-1,
712,713,673,-1,
673,713,714,-1,
673,714,674,-1,
714,715,674,-1,
674,715,687,-1,
687,715,716,-1,
533,529,531,-1,
533,539,529,-1,
529,539,530,-1,
674,687,675,-1,
533,540,539,-1,
539,540,541,-1,
539,541,547,-1,
541,546,547,-1,
547,546,553,-1,
547,553,556,-1,
556,553,557,-1,
745,746,730,-1,
715,745,716,-1,
716,745,730,-1,
553,555,557,-1,
714,745,715,-1,
745,714,744,-1,
744,714,713,-1,
744,713,712,-1,
1619,1607,1625,-1,
1588,1607,1619,-1,
1570,1588,1619,-1,
1619,1662,1645,-1,
1644,1662,1619,-1,
1625,1644,1619,-1,
1619,1608,1589,-1,
1626,1608,1619,-1,
1645,1626,1619,-1,
1589,1570,1619,-1,
743,744,712,-1,
712,711,743,-1,
743,711,729,-1,
729,711,710,-1,
1594,1590,1592,-1,
1594,1604,1590,-1,
1590,1604,1591,-1,
743,729,742,-1,
1609,1604,1594,-1,
1604,1609,1622,-1,
1609,1610,1622,-1,
1622,1610,1621,-1,
1622,1621,1640,-1,
1640,1621,1638,-1,
672,671,682,-1,
1621,1632,1638,-1,
1638,1632,1641,-1,
672,682,686,-1,
711,672,710,-1,
710,672,686,-1,
1632,1639,1641,-1,
672,711,673,-1,
712,673,711,-1,
712,713,673,-1,
673,713,714,-1,
673,714,674,-1,
714,715,674,-1,
674,715,687,-1,
687,715,716,-1,
135,131,133,-1,
135,141,131,-1,
131,141,132,-1,
674,687,675,-1,
135,142,141,-1,
141,142,143,-1,
141,143,149,-1,
143,148,149,-1,
149,148,155,-1,
149,155,158,-1,
158,155,159,-1,
745,746,730,-1,
715,745,716,-1,
716,745,730,-1,
155,157,159,-1,
714,745,715,-1,
745,714,744,-1,
744,714,713,-1,
744,713,712,-1,
1714,1702,1720,-1,
1683,1702,1714,-1,
1665,1683,1714,-1,
1714,1757,1740,-1,
1739,1757,1714,-1,
1720,1739,1714,-1,
1714,1703,1684,-1,
1721,1703,1714,-1,
1740,1721,1714,-1,
1684,1665,1714,-1,
743,744,712,-1,
712,711,743,-1,
743,711,729,-1,
729,711,710,-1,
1689,1685,1687,-1,
1689,1699,1685,-1,
1685,1699,1686,-1,
743,729,742,-1,
1704,1699,1689,-1,
1699,1704,1717,-1,
1704,1705,1717,-1,
1717,1705,1716,-1,
1717,1716,1735,-1,
1735,1716,1733,-1,
672,671,682,-1,
1716,1727,1733,-1,
1733,1727,1736,-1,
672,682,686,-1,
711,672,710,-1,
710,672,686,-1,
1727,1734,1736,-1,
672,711,673,-1,
712,673,711,-1,
712,713,673,-1,
673,713,714,-1,
673,714,674,-1,
714,715,674,-1,
674,715,687,-1,
687,715,716,-1,
100,96,98,-1,
100,106,96,-1,
96,106,97,-1,
674,687,675,-1,
100,107,106,-1,
106,107,108,-1,
106,108,114,-1,
108,113,114,-1,
114,113,120,-1,
114,120,123,-1,
123,120,124,-1,
745,746,730,-1,
715,745,716,-1,
716,745,730,-1,
120,122,124,-1,
714,745,715,-1,
745,714,744,-1,
744,714,713,-1,
744,713,712,-1,
1816,1804,1822,-1,
1785,1804,1816,-1,
1767,1785,1816,-1,
1816,1859,1842,-1,
1841,1859,1816,-1,
1822,1841,1816,-1,
1816,1805,1786,-1,
1823,1805,1816,-1,
1842,1823,1816,-1,
1786,1767,1816,-1,
743,744,712,-1,
712,711,743,-1,
743,711,729,-1,
729,711,710,-1,
1791,1787,1789,-1,
1791,1801,1787,-1,
1787,1801,1788,-1,
743,729,742,-1,
1806,1801,1791,-1,
1801,1806,1819,-1,
1806,1807,1819,-1,
1819,1807,1818,-1,
1819,1818,1837,-1,
1837,1818,1835,-1,
672,671,682,-1,
1818,1829,1835,-1,
1835,1829,1838,-1,
672,682,686,-1,
711,672,710,-1,
710,672,686,-1,
1829,1836,1838,-1,
672,711,673,-1,
712,673,711,-1,
712,713,673,-1,
673,713,714,-1,
673,714,674,-1,
714,715,674,-1,
674,715,687,-1,
687,715,716,-1,
64,60,62,-1,
64,70,60,-1,
60,70,61,-1,
674,687,675,-1,
64,71,70,-1,
70,71,72,-1,
70,72,78,-1,
72,77,78,-1,
78,77,84,-1,
78,84,87,-1,
87,84,88,-1,
745,746,730,-1,
715,745,716,-1,
716,745,730,-1,
84,86,88,-1,
714,745,715,-1,
745,714,744,-1,
744,714,713,-1,
744,713,712,-1,
708,646,699,-1,
699,646,641,-1,
699,641,690,-1,
708,717,646,-1,
646,717,723,-1,
646,723,724,-1,
2,0,41,-1,
41,58,2,-1,
2,58,59,-1,
2,59,89,-1,
89,90,2,-1,
2,90,95,-1,
2,95,125,-1,
125,130,2,-1,
2,130,160,-1,
2,160,161,-1,
562,592,638,-1,
638,592,593,-1,
593,606,638,-1,
638,606,636,-1,
638,636,637,-1,
161,203,2,-1,
2,203,277,-1,
2,277,638,-1,
277,412,638,-1,
638,412,486,-1,
638,486,521,-1,
521,528,638,-1,
638,528,558,-1,
638,558,562,-1,
775,789,776,-1,
776,789,866,-1,
1007,999,992,-1,
992,999,915,-1,
1408,1979,1096,-1,
1007,1078,999,-1,
999,1078,1105,-1,
999,1105,1095,-1,
1095,1105,1156,-1,
1095,1156,1096,-1,
1096,1156,1246,-1,
1096,1246,1408,-1,
1741,1758,1979,-1,
1979,1758,1772,-1,
1979,1772,1843,-1,
1843,1860,1979,-1,
1979,1860,1897,-1,
1979,1897,1977,-1,
999,1000,915,-1,
915,1000,776,-1,
915,776,902,-1,
902,776,866,-1,
1408,1498,1979,-1,
1979,1498,1562,-1,
1979,1562,1575,-1,
1575,1646,1979,-1,
1979,1646,1670,-1,
1979,1670,1741,-1,
1564,1579,1580,-1,
1861,1898,1899,-1,
1560,1559,1566,-1,
1667,1673,1674,-1,
1089,1080,1079,-1,
1066,1081,1082,-1,
827,790,847,-1,
847,790,867,-1,
847,867,860,-1,
792,810,793,-1,
793,810,829,-1,
793,829,868,-1,
868,829,848,-1,
868,848,861,-1,
827,809,790,-1,
790,809,791,-1,
790,791,777,-1,
777,791,785,-1,
777,785,778,-1,
778,785,786,-1,
993,973,916,-1,
916,973,953,-1,
918,936,919,-1,
919,936,955,-1,
919,955,994,-1,
955,974,994,-1,
994,974,987,-1,
994,987,993,-1,
993,987,986,-1,
993,986,973,-1,
953,935,916,-1,
916,935,917,-1,
916,917,903,-1,
918,919,912,-1,
912,919,904,-1,
912,904,911,-1,
1047,1011,1028,-1,
1028,1011,1010,-1,
1008,1009,993,-1,
993,1009,1003,-1,
993,1003,994,-1,
994,1003,1004,-1,
1080,1065,1079,-1,
1079,1065,1045,-1,
1079,1045,1008,-1,
1008,1045,1027,-1,
1008,1027,1009,-1,
1099,1100,1090,-1,
1577,1571,1564,-1,
1564,1571,1572,-1,
1564,1572,1579,-1,
1579,1572,1578,-1,
1579,1578,1596,-1,
1576,1647,1613,-1,
1564,1563,1577,-1,
1577,1563,1576,-1,
1577,1576,1595,-1,
1595,1576,1613,-1,
1657,1648,1647,-1,
1647,1648,1633,-1,
1647,1633,1613,-1,
1666,1667,1658,-1,
1658,1667,1674,-1,
1658,1674,1649,-1,
1649,1674,1650,-1,
1649,1650,1634,-1,
1634,1650,1615,-1,
1673,1691,1674,-1,
1674,1691,1710,-1,
1674,1710,1745,-1,
1728,1708,1742,-1,
1742,1708,1671,-1,
1658,1657,1666,-1,
1666,1657,1647,-1,
1666,1647,1672,-1,
1672,1647,1671,-1,
1672,1671,1690,-1,
1690,1671,1708,-1,
1710,1729,1745,-1,
1745,1729,1744,-1,
1745,1744,1761,-1,
1761,1744,1753,-1,
1761,1753,1760,-1,
1760,1753,1752,-1,
1760,1752,1742,-1,
1742,1752,1743,-1,
1742,1743,1728,-1,
1775,1793,1776,-1,
1776,1793,1812,-1,
1776,1812,1847,-1,
1775,1776,1769,-1,
1769,1776,1761,-1,
1769,1761,1768,-1,
1768,1761,1760,-1,
1768,1760,1774,-1,
1774,1760,1773,-1,
1774,1773,1792,-1,
1792,1773,1810,-1,
1810,1773,1844,-1,
1810,1844,1830,-1,
1812,1831,1847,-1,
1847,1831,1846,-1,
1847,1846,1862,-1,
1862,1846,1855,-1,
1862,1855,1854,-1,
795,794,811,-1,
811,794,832,-1,
796,812,797,-1,
797,812,834,-1,
797,834,870,-1,
834,850,870,-1,
870,850,863,-1,
870,863,869,-1,
869,863,862,-1,
869,862,849,-1,
796,797,788,-1,
788,797,780,-1,
788,780,787,-1,
787,780,779,-1,
787,779,795,-1,
938,960,923,-1,
923,960,996,-1,
958,920,975,-1,
975,920,995,-1,
960,976,996,-1,
996,976,989,-1,
996,989,995,-1,
995,989,988,-1,
995,988,975,-1,
958,937,920,-1,
920,937,921,-1,
920,921,905,-1,
905,921,913,-1,
905,913,906,-1,
906,913,914,-1,
906,914,923,-1,
923,914,922,-1,
923,922,938,-1,
1014,1030,1015,-1,
1015,1030,1052,-1,
1015,1052,1086,-1,
1086,1052,1068,-1,
1086,1068,1085,-1,
1014,1015,1006,-1,
1006,1015,996,-1,
1006,996,1005,-1,
1005,996,995,-1,
1005,995,1013,-1,
1091,1084,1083,-1,
1083,1084,1067,-1,
1013,1012,1029,-1,
1029,1012,1050,-1,
1103,1092,1101,-1,
1101,1092,1091,-1,
1582,1598,1583,-1,
1583,1598,1620,-1,
1583,1620,1654,-1,
1582,1583,1574,-1,
1574,1583,1566,-1,
1574,1566,1573,-1,
1651,1635,1618,-1,
1618,1597,1580,-1,
1668,1651,1676,-1,
1676,1651,1675,-1,
1676,1675,1692,-1,
1620,1636,1654,-1,
1654,1636,1653,-1,
1654,1653,1678,-1,
1678,1653,1660,-1,
1677,1678,1669,-1,
1669,1678,1660,-1,
1669,1660,1668,-1,
1668,1660,1659,-1,
1668,1659,1651,-1,
1651,1659,1652,-1,
1651,1652,1635,-1,
1677,1693,1678,-1,
1678,1693,1715,-1,
1678,1715,1749,-1,
1746,1730,1675,-1,
1675,1730,1713,-1,
1675,1713,1692,-1,
1715,1731,1749,-1,
1749,1731,1748,-1,
1749,1748,1763,-1,
1763,1748,1755,-1,
1763,1755,1762,-1,
1762,1755,1754,-1,
1762,1754,1746,-1,
1746,1754,1747,-1,
1746,1747,1730,-1,
1779,1795,1780,-1,
1780,1795,1817,-1,
1780,1817,1851,-1,
1779,1780,1771,-1,
1771,1780,1763,-1,
1771,1763,1770,-1,
1770,1763,1762,-1,
1770,1762,1778,-1,
1778,1762,1777,-1,
1778,1777,1794,-1,
1848,1832,1777,-1,
1777,1832,1815,-1,
1777,1815,1794,-1,
1817,1833,1851,-1,
1851,1833,1850,-1,
1851,1850,1864,-1,
1864,1850,1857,-1,
1864,1857,1863,-1,
1863,1857,1856,-1,
1863,1856,1848,-1,
1848,1856,1849,-1,
1848,1849,1832,-1,
874,876,869,-1,
869,876,877,-1,
869,877,870,-1,
870,877,884,-1,
870,884,906,-1,
884,889,906,-1,
906,889,893,-1,
906,893,905,-1,
905,893,897,-1,
905,897,899,-1,
900,898,904,-1,
874,869,873,-1,
873,869,868,-1,
873,868,875,-1,
900,904,901,-1,
898,892,904,-1,
904,892,887,-1,
904,887,868,-1,
868,887,883,-1,
868,883,875,-1,
1892,1900,1888,-1,
1888,1900,1901,-1,
1863,1871,1864,-1,
1864,1871,1878,-1,
1864,1878,1901,-1,
1901,1878,1884,-1,
1901,1884,1888,-1,
1877,1869,1862,-1,
1893,1887,1899,-1,
1877,1862,1882,-1,
1867,1868,1863,-1,
1863,1868,1870,-1,
1863,1870,1871,-1,
1892,1894,1900,-1,
1900,1894,1896,-1,
1900,1896,1899,-1,
1899,1896,1895,-1,
1899,1895,1893,-1,
1546,1541,1560,-1,
1560,1541,1501,-1,
1567,1502,1543,-1,
1543,1502,1538,-1,
1543,1547,1567,-1,
1567,1547,1552,-1,
1567,1552,1551,-1,
1541,1537,1501,-1,
1501,1537,1530,-1,
1501,1530,1502,-1,
1502,1530,1531,-1,
1502,1531,1538,-1,
1443,1436,1411,-1,
1502,1412,1449,-1,
1443,1411,1447,-1,
1447,1411,1501,-1,
1447,1501,1452,-1,
1436,1437,1412,-1,
1412,1437,1444,-1,
1412,1444,1449,-1,
1449,1453,1502,-1,
1502,1453,1458,-1,
1502,1458,1501,-1,
1501,1458,1457,-1,
1501,1457,1452,-1,
1384,1379,1411,-1,
1411,1379,1374,-1,
1290,1249,1411,-1,
1436,1412,1411,-1,
1411,1412,1385,-1,
1411,1385,1384,-1,
1374,1370,1300,-1,
1300,1370,1363,-1,
1300,1363,1301,-1,
1301,1363,1364,-1,
1301,1364,1296,-1,
1364,1371,1250,-1,
1250,1371,1376,-1,
1250,1376,1412,-1,
1412,1376,1380,-1,
1412,1380,1385,-1,
1374,1300,1411,-1,
1411,1300,1295,-1,
1411,1295,1290,-1,
1296,1364,1292,-1,
1292,1364,1250,-1,
1292,1250,1287,-1,
1290,1286,1249,-1,
1249,1286,1279,-1,
1249,1279,1250,-1,
1250,1279,1280,-1,
1250,1280,1287,-1,
1202,1209,1160,-1,
1160,1209,1214,-1,
1160,1214,1250,-1,
1214,1218,1250,-1,
1250,1218,1223,-1,
1250,1223,1249,-1,
1249,1223,1222,-1,
1222,1217,1249,-1,
1249,1217,1212,-1,
1249,1212,1159,-1,
1159,1212,1208,-1,
1159,1208,1201,-1,
1133,1159,1160,-1,
1160,1159,1201,-1,
1160,1201,1202,-1,
1111,1112,1109,-1,
1112,1119,1109,-1,
1109,1119,1124,-1,
1109,1124,1160,-1,
1160,1124,1128,-1,
1160,1128,1133,-1,
1133,1132,1159,-1,
1159,1132,1127,-1,
1159,1127,1108,-1,
1108,1127,1122,-1,
1108,1122,1118,-1,
1118,1111,1108,-1,
1108,1111,1109,-1,
1108,1109,1104,-1,
1104,1109,1087,-1,
1104,1087,1103,-1,
1091,1083,1101,-1,
1101,1083,1082,-1,
1101,1082,1100,-1,
1100,1082,1081,-1,
1100,1081,1090,-1,
1565,1557,1556,-1,
1581,1573,1565,-1,
1565,1573,1566,-1,
1565,1566,1557,-1,
1557,1566,1559,-1,
1958,1981,1939,-1,
1939,1981,1899,-1,
1939,1899,1920,-1,
1920,1899,1907,-1,
1958,1971,1981,-1,
1981,1971,1970,-1,
1981,1970,1980,-1,
1980,1970,1957,-1,
1980,1957,1898,-1,
1957,1937,1898,-1,
1898,1937,1919,-1,
1898,1919,1899,-1,
1899,1919,1906,-1,
1899,1906,1907,-1,
1941,1955,1982,-1,
1982,1955,1961,-1,
1982,1961,1981,-1,
1961,1954,1981,-1,
1981,1954,1940,-1,
1981,1940,1899,-1,
1899,1940,1926,-1,
1899,1926,1900,-1,
1900,1926,1917,-1,
1900,1917,1927,-1,
1927,1941,1900,-1,
1900,1941,1982,-1,
1900,1982,1942,-1,
1942,1982,1959,-1,
1942,1921,1900,-1,
1900,1921,1908,-1,
1900,1908,1901,-1,
1901,1908,1909,-1,
1909,1922,1901,-1,
1901,1922,1944,-1,
1901,1944,1983,-1,
1944,1960,1983,-1,
1983,1960,1973,-1,
1983,1973,1982,-1,
1982,1973,1972,-1,
1982,1972,1959,-1,
1887,1882,1899,-1,
1899,1882,1862,-1,
1899,1862,1861,-1,
1861,1862,1854,-1,
1861,1854,1844,-1,
1844,1854,1845,-1,
1844,1845,1830,-1,
1828,1848,1814,-1,
1814,1848,1777,-1,
1814,1777,1800,-1,
1800,1777,1790,-1,
1828,1834,1848,-1,
1848,1834,1847,-1,
1848,1847,1863,-1,
1863,1847,1862,-1,
1863,1862,1867,-1,
1867,1862,1869,-1,
1834,1827,1847,-1,
1847,1827,1813,-1,
1847,1813,1776,-1,
1776,1813,1799,-1,
1726,1746,1712,-1,
1712,1746,1675,-1,
1712,1675,1698,-1,
1698,1675,1688,-1,
1726,1732,1746,-1,
1746,1732,1745,-1,
1746,1745,1762,-1,
1762,1745,1761,-1,
1762,1761,1777,-1,
1777,1761,1776,-1,
1777,1776,1790,-1,
1790,1776,1799,-1,
1732,1725,1745,-1,
1745,1725,1711,-1,
1745,1711,1674,-1,
1674,1711,1697,-1,
1637,1630,1650,-1,
1618,1580,1651,-1,
1651,1580,1617,-1,
1651,1617,1631,-1,
1631,1637,1651,-1,
1651,1637,1650,-1,
1651,1650,1675,-1,
1675,1650,1674,-1,
1675,1674,1688,-1,
1688,1674,1697,-1,
1630,1616,1650,-1,
1650,1616,1579,-1,
1650,1579,1615,-1,
1615,1579,1596,-1,
1616,1602,1579,-1,
1579,1602,1593,-1,
1579,1593,1580,-1,
1580,1593,1603,-1,
1580,1603,1617,-1,
1090,1089,1099,-1,
1099,1089,1079,-1,
1099,1079,1107,-1,
1107,1079,1106,-1,
1107,1106,1158,-1,
1158,1106,1157,-1,
1158,1157,1248,-1,
1248,1157,1247,-1,
1248,1247,1410,-1,
1410,1247,1409,-1,
1410,1409,1500,-1,
1500,1409,1499,-1,
1500,1499,1555,-1,
1555,1499,1563,-1,
1555,1563,1556,-1,
1556,1563,1564,-1,
1556,1564,1565,-1,
1565,1564,1580,-1,
1565,1580,1581,-1,
1581,1580,1597,-1,
1983,1984,1901,-1,
1901,1984,1902,-1,
1901,1902,1864,-1,
1864,1902,1865,-1,
1864,1865,1851,-1,
1851,1865,1852,-1,
1851,1852,1780,-1,
1780,1852,1781,-1,
1780,1781,1763,-1,
1763,1781,1764,-1,
1763,1764,1749,-1,
1749,1764,1750,-1,
1749,1750,1678,-1,
1678,1750,1679,-1,
1678,1679,1654,-1,
1654,1679,1655,-1,
1654,1655,1583,-1,
1583,1655,1584,-1,
1583,1584,1566,-1,
1566,1584,1567,-1,
1566,1567,1560,-1,
1560,1567,1551,-1,
1560,1551,1546,-1,
1049,1083,1012,-1,
1012,1083,1067,-1,
1012,1067,1050,-1,
1048,1011,1082,-1,
1082,1011,1047,-1,
1082,1047,1066,-1,
1048,1034,1011,-1,
1011,1034,1025,-1,
1011,1025,1012,-1,
1012,1025,1035,-1,
1012,1035,1049,-1,
1049,1063,1083,-1,
1083,1063,1069,-1,
1083,1069,1082,-1,
1082,1069,1062,-1,
1082,1062,1048,-1,
1013,995,1012,-1,
1012,995,994,-1,
1012,994,1011,-1,
1011,994,1004,-1,
1011,1004,1010,-1,
933,943,920,-1,
920,943,957,-1,
920,957,995,-1,
957,971,995,-1,
995,971,977,-1,
995,977,994,-1,
994,977,970,-1,
994,970,919,-1,
919,970,956,-1,
919,956,942,-1,
942,933,919,-1,
919,933,920,-1,
919,920,904,-1,
904,920,905,-1,
904,905,901,-1,
901,905,899,-1,
917,911,903,-1,
903,911,904,-1,
903,904,867,-1,
867,904,868,-1,
867,868,860,-1,
860,868,861,-1,
831,869,794,-1,
794,869,849,-1,
794,849,832,-1,
830,793,844,-1,
844,793,868,-1,
844,868,851,-1,
851,868,869,-1,
851,869,845,-1,
845,869,831,-1,
830,816,793,-1,
793,816,807,-1,
793,807,794,-1,
794,807,817,-1,
794,817,831,-1,
795,779,794,-1,
794,779,778,-1,
794,778,793,-1,
793,778,786,-1,
793,786,792,-1,
781,780,798,-1,
798,780,797,-1,
798,797,871,-1,
871,797,870,-1,
871,870,907,-1,
907,870,906,-1,
907,906,924,-1,
924,906,923,-1,
924,923,997,-1,
997,923,996,-1,
997,996,1016,-1,
1016,996,1015,-1,
1016,1015,1087,-1,
1087,1015,1086,-1,
1087,1086,1103,-1,
1103,1086,1085,-1,
1103,1085,1092,-1,
1984,1985,1902,-1,
1902,1985,1903,-1,
1902,1903,1865,-1,
1865,1903,1866,-1,
1865,1866,1852,-1,
1852,1866,1853,-1,
1852,1853,1781,-1,
1781,1853,1782,-1,
1781,1782,1764,-1,
1764,1782,1765,-1,
1764,1765,1750,-1,
1750,1765,1751,-1,
1750,1751,1679,-1,
1679,1751,1680,-1,
1679,1680,1655,-1,
1655,1680,1656,-1,
1655,1656,1584,-1,
1584,1656,1585,-1,
1584,1585,1567,-1,
1567,1585,1568,-1,
1567,1568,1502,-1,
1502,1568,1503,-1,
1502,1503,1412,-1,
1412,1503,1413,-1,
1412,1413,1250,-1,
1250,1413,1251,-1,
1250,1251,1160,-1,
1160,1251,1161,-1,
1160,1161,1109,-1,
1109,1161,1110,-1,
1109,1110,1087,-1,
1087,1110,1088,-1,
1087,1088,1016,-1,
1016,1088,1017,-1,
1016,1017,997,-1,
997,1017,998,-1,
997,998,924,-1,
924,998,925,-1,
924,925,907,-1,
907,925,908,-1,
907,908,871,-1,
871,908,872,-1,
871,872,798,-1,
798,872,799,-1,
798,799,781,-1,
781,799,782,-1,
599,600,597,-1,
597,600,598,-1,
597,598,594,-1,
594,598,595,-1,
707,709,688,-1,
664,707,665,-1,
665,707,688,-1,
598,596,595,-1,
707,664,705,-1,
705,664,663,-1,
705,663,703,-1,
703,663,662,-1,
703,662,701,-1,
701,662,661,-1,
701,661,700,-1,
700,661,680,-1,
890,894,895,-1,
891,890,896,-1,
896,890,895,-1,
661,660,680,-1,
890,891,885,-1,
885,891,886,-1,
885,886,881,-1,
881,886,882,-1,
881,882,878,-1,
878,882,879,-1,
701,700,726,-1,
748,701,747,-1,
747,701,726,-1,
882,880,879,-1,
701,748,703,-1,
703,748,749,-1,
703,749,705,-1,
705,749,750,-1,
705,750,707,-1,
707,750,751,-1,
707,751,709,-1,
709,751,732,-1,
601,603,604,-1,
602,601,605,-1,
605,601,604,-1,
751,752,732,-1,
601,602,599,-1,
600,599,602,-1,
887,892,888,-1,
887,888,883,-1,
874,873,888,-1,
888,873,875,-1,
888,875,883,-1,
889,884,888,-1,
888,884,876,-1,
888,876,874,-1,
901,899,888,-1,
888,899,893,-1,
888,893,889,-1,
892,898,888,-1,
888,898,900,-1,
888,900,901,-1,
47,48,45,-1,
45,48,46,-1,
45,46,42,-1,
42,46,43,-1,
707,709,688,-1,
664,707,665,-1,
665,707,688,-1,
46,44,43,-1,
707,664,705,-1,
705,664,663,-1,
705,663,703,-1,
703,663,662,-1,
703,662,701,-1,
701,662,661,-1,
701,661,700,-1,
700,661,680,-1,
1885,1889,1890,-1,
1886,1885,1891,-1,
1891,1885,1890,-1,
661,660,680,-1,
1885,1886,1879,-1,
1879,1886,1880,-1,
1879,1880,1875,-1,
1875,1880,1876,-1,
1875,1876,1872,-1,
1872,1876,1873,-1,
701,700,726,-1,
748,701,747,-1,
747,701,726,-1,
1876,1874,1873,-1,
701,748,703,-1,
703,748,749,-1,
703,749,705,-1,
705,749,750,-1,
705,750,707,-1,
707,750,751,-1,
707,751,709,-1,
709,751,732,-1,
53,55,56,-1,
54,53,57,-1,
57,53,56,-1,
751,752,732,-1,
53,54,47,-1,
48,47,54,-1,
1882,1887,1883,-1,
1882,1883,1877,-1,
1868,1867,1883,-1,
1883,1867,1869,-1,
1883,1869,1877,-1,
1884,1878,1883,-1,
1883,1878,1870,-1,
1883,1870,1868,-1,
1896,1894,1883,-1,
1883,1894,1888,-1,
1883,1888,1884,-1,
1887,1893,1883,-1,
1883,1893,1895,-1,
1883,1895,1896,-1,
743,744,712,-1,
712,711,743,-1,
743,711,729,-1,
729,711,710,-1,
1918,1914,1916,-1,
1918,1928,1914,-1,
1914,1928,1915,-1,
743,729,742,-1,
1933,1928,1918,-1,
1928,1933,1946,-1,
1933,1934,1946,-1,
1946,1934,1945,-1,
1946,1945,1964,-1,
1964,1945,1962,-1,
672,671,682,-1,
1945,1956,1962,-1,
1962,1956,1965,-1,
672,682,686,-1,
711,672,710,-1,
710,672,686,-1,
1956,1963,1965,-1,
672,711,673,-1,
712,673,711,-1,
712,713,673,-1,
673,713,714,-1,
673,714,674,-1,
714,715,674,-1,
674,715,687,-1,
687,715,716,-1,
16,12,14,-1,
16,22,12,-1,
12,22,13,-1,
674,687,675,-1,
16,23,22,-1,
22,23,24,-1,
22,24,30,-1,
24,29,30,-1,
30,29,36,-1,
30,36,39,-1,
39,36,40,-1,
745,746,730,-1,
715,745,716,-1,
716,745,730,-1,
36,38,40,-1,
714,745,715,-1,
745,714,744,-1,
744,714,713,-1,
744,713,712,-1,
1943,1931,1949,-1,
1912,1931,1943,-1,
1905,1912,1943,-1,
1943,1975,1969,-1,
1968,1975,1943,-1,
1949,1968,1943,-1,
1943,1932,1913,-1,
1950,1932,1943,-1,
1969,1950,1943,-1,
1913,1905,1943,-1,
695,696,668,-1,
668,696,669,-1,
696,697,669,-1,
669,697,685,-1,
685,697,698,-1,
16,12,14,-1,
16,22,12,-1,
12,22,13,-1,
669,685,670,-1,
16,23,22,-1,
22,23,24,-1,
22,24,30,-1,
24,29,30,-1,
30,29,36,-1,
30,36,39,-1,
39,36,40,-1,
740,741,728,-1,
697,740,698,-1,
698,740,728,-1,
36,38,40,-1,
696,740,697,-1,
740,696,739,-1,
696,695,739,-1,
739,695,694,-1,
739,694,738,-1,
694,693,738,-1,
738,693,727,-1,
727,693,692,-1,
1918,1914,1916,-1,
1918,1928,1914,-1,
1914,1928,1915,-1,
738,727,737,-1,
1933,1928,1918,-1,
1928,1933,1946,-1,
1933,1934,1946,-1,
1946,1934,1945,-1,
1946,1945,1964,-1,
1964,1945,1962,-1,
667,666,681,-1,
1945,1956,1962,-1,
1962,1956,1965,-1,
667,681,684,-1,
693,667,692,-1,
692,667,684,-1,
1956,1963,1965,-1,
667,693,668,-1,
668,693,694,-1,
668,694,695,-1,
1938,1948,1930,-1,
1967,1948,1938,-1,
1974,1967,1938,-1,
1938,1904,1910,-1,
1911,1904,1938,-1,
1930,1911,1938,-1,
1938,1947,1966,-1,
1929,1947,1938,-1,
1910,1929,1938,-1,
1966,1974,1938,-1,
25,24,32,-1,
32,24,31,-1,
32,31,32,-1,
32,31,31,-1,
759,760,706,-1,
704,759,706,-1,
706,759,706,-1,
31,31,31,-1,
759,704,758,-1,
758,704,758,-1,
1924,1924,1924,-1,
1923,1924,1923,-1,
1923,1924,1924,-1,
704,702,758,-1,
1924,1923,1935,-1,
1935,1923,1934,-1,
1935,1934,1952,-1,
1952,1934,1951,-1,
1952,1951,1952,-1,
1952,1951,1951,-1,
653,652,702,-1,
704,653,702,-1,
702,653,702,-1,
1951,1951,1951,-1,
653,704,654,-1,
654,704,654,-1,
18,18,18,-1,
17,18,17,-1,
17,18,18,-1,
704,706,654,-1,
18,17,25,-1,
24,25,17,-1,
73,72,80,-1,
80,72,79,-1,
80,79,80,-1,
80,79,79,-1,
759,760,706,-1,
704,759,706,-1,
706,759,706,-1,
79,79,79,-1,
759,704,758,-1,
758,704,758,-1,
1797,1797,1797,-1,
1796,1797,1796,-1,
1796,1797,1797,-1,
704,702,758,-1,
1797,1796,1808,-1,
1808,1796,1807,-1,
1808,1807,1825,-1,
1825,1807,1824,-1,
1825,1824,1825,-1,
1825,1824,1824,-1,
653,652,702,-1,
704,653,702,-1,
702,653,702,-1,
1824,1824,1824,-1,
653,704,654,-1,
654,704,654,-1,
66,66,66,-1,
65,66,65,-1,
65,66,66,-1,
704,706,654,-1,
66,65,73,-1,
72,73,65,-1,
109,108,116,-1,
116,108,115,-1,
116,115,116,-1,
116,115,115,-1,
759,760,706,-1,
704,759,706,-1,
706,759,706,-1,
115,115,115,-1,
759,704,758,-1,
758,704,758,-1,
1695,1695,1695,-1,
1694,1695,1694,-1,
1694,1695,1695,-1,
704,702,758,-1,
1695,1694,1706,-1,
1706,1694,1705,-1,
1706,1705,1723,-1,
1723,1705,1722,-1,
1723,1722,1723,-1,
1723,1722,1722,-1,
653,652,702,-1,
704,653,702,-1,
702,653,702,-1,
1722,1722,1722,-1,
653,704,654,-1,
654,704,654,-1,
102,102,102,-1,
101,102,101,-1,
101,102,102,-1,
704,706,654,-1,
102,101,109,-1,
108,109,101,-1,
144,143,151,-1,
151,143,150,-1,
151,150,151,-1,
151,150,150,-1,
759,760,706,-1,
704,759,706,-1,
706,759,706,-1,
150,150,150,-1,
759,704,758,-1,
758,704,758,-1,
1600,1600,1600,-1,
1599,1600,1599,-1,
1599,1600,1600,-1,
704,702,758,-1,
1600,1599,1611,-1,
1611,1599,1610,-1,
1611,1610,1628,-1,
1628,1610,1627,-1,
1628,1627,1628,-1,
1628,1627,1627,-1,
653,652,702,-1,
704,653,702,-1,
702,653,702,-1,
1627,1627,1627,-1,
653,704,654,-1,
654,704,654,-1,
137,137,137,-1,
136,137,136,-1,
136,137,137,-1,
704,706,654,-1,
137,136,144,-1,
143,144,136,-1,
188,187,193,-1,
193,187,192,-1,
193,192,193,-1,
193,192,192,-1,
759,760,756,-1,
755,759,756,-1,
756,759,756,-1,
192,192,192,-1,
759,755,758,-1,
758,755,758,-1,
1511,1511,1511,-1,
1510,1511,1510,-1,
1510,1511,1511,-1,
755,754,758,-1,
1511,1510,1516,-1,
1516,1510,1515,-1,
1516,1515,1521,-1,
1521,1515,1520,-1,
1521,1520,1521,-1,
1521,1520,1520,-1,
653,652,656,-1,
657,653,656,-1,
656,653,656,-1,
1520,1520,1520,-1,
653,657,654,-1,
654,657,654,-1,
183,183,183,-1,
182,183,182,-1,
182,183,183,-1,
657,658,654,-1,
183,182,188,-1,
187,188,182,-1,
211,210,216,-1,
216,210,215,-1,
216,215,216,-1,
216,215,215,-1,
759,760,756,-1,
755,759,756,-1,
756,759,756,-1,
215,215,215,-1,
759,755,758,-1,
758,755,758,-1,
1483,1483,1483,-1,
1482,1483,1482,-1,
1482,1483,1483,-1,
755,754,758,-1,
1483,1482,1488,-1,
1488,1482,1487,-1,
1488,1487,1493,-1,
1493,1487,1492,-1,
1493,1492,1493,-1,
1493,1492,1492,-1,
653,652,656,-1,
657,653,656,-1,
656,653,656,-1,
1492,1492,1492,-1,
653,657,654,-1,
654,657,654,-1,
206,206,206,-1,
205,206,205,-1,
205,206,206,-1,
657,658,654,-1,
206,205,211,-1,
210,211,205,-1,
233,232,238,-1,
238,232,237,-1,
238,237,238,-1,
238,237,237,-1,
759,760,756,-1,
755,759,756,-1,
756,759,756,-1,
237,237,237,-1,
759,755,758,-1,
758,755,758,-1,
1461,1461,1461,-1,
1460,1461,1460,-1,
1460,1461,1461,-1,
755,754,758,-1,
1461,1460,1466,-1,
1466,1460,1465,-1,
1466,1465,1471,-1,
1471,1465,1470,-1,
1471,1470,1471,-1,
1471,1470,1470,-1,
653,652,656,-1,
657,653,656,-1,
656,653,656,-1,
1470,1470,1470,-1,
653,657,654,-1,
654,657,654,-1,
228,228,228,-1,
227,228,227,-1,
227,228,228,-1,
657,658,654,-1,
228,227,233,-1,
232,233,227,-1,
267,266,272,-1,
272,266,271,-1,
272,271,272,-1,
272,271,271,-1,
759,760,756,-1,
755,759,756,-1,
756,759,756,-1,
271,271,271,-1,
759,755,758,-1,
758,755,758,-1,
1416,1416,1416,-1,
1415,1416,1415,-1,
1415,1416,1416,-1,
755,754,758,-1,
1416,1415,1421,-1,
1421,1415,1420,-1,
1421,1420,1426,-1,
1426,1420,1425,-1,
1426,1425,1426,-1,
1426,1425,1425,-1,
653,652,656,-1,
657,653,656,-1,
656,653,656,-1,
1425,1425,1425,-1,
653,657,654,-1,
654,657,654,-1,
262,262,262,-1,
261,262,261,-1,
261,262,262,-1,
657,658,654,-1,
262,261,267,-1,
266,267,261,-1,
286,285,291,-1,
291,285,290,-1,
291,290,291,-1,
291,290,290,-1,
759,760,756,-1,
755,759,756,-1,
756,759,756,-1,
290,290,290,-1,
759,755,758,-1,
758,755,758,-1,
1389,1389,1389,-1,
1388,1389,1388,-1,
1388,1389,1389,-1,
755,754,758,-1,
1389,1388,1394,-1,
1394,1388,1393,-1,
1394,1393,1399,-1,
1399,1393,1398,-1,
1399,1398,1399,-1,
1399,1398,1398,-1,
653,652,656,-1,
657,653,656,-1,
656,653,656,-1,
1398,1398,1398,-1,
653,657,654,-1,
654,657,654,-1,
281,281,281,-1,
280,281,280,-1,
280,281,281,-1,
657,658,654,-1,
281,280,286,-1,
285,286,280,-1,
319,318,324,-1,
324,318,323,-1,
324,323,324,-1,
324,323,323,-1,
759,760,756,-1,
755,759,756,-1,
756,759,756,-1,
323,323,323,-1,
759,755,758,-1,
758,755,758,-1,
1348,1348,1348,-1,
1347,1348,1347,-1,
1347,1348,1348,-1,
755,754,758,-1,
1348,1347,1353,-1,
1353,1347,1352,-1,
1353,1352,1358,-1,
1358,1352,1357,-1,
1358,1357,1358,-1,
1358,1357,1357,-1,
653,652,656,-1,
657,653,656,-1,
656,653,656,-1,
1357,1357,1357,-1,
653,657,654,-1,
654,657,654,-1,
314,314,314,-1,
313,314,313,-1,
313,314,314,-1,
657,658,654,-1,
314,313,319,-1,
318,319,313,-1,
341,340,346,-1,
346,340,345,-1,
346,345,346,-1,
346,345,345,-1,
759,760,756,-1,
755,759,756,-1,
756,759,756,-1,
345,345,345,-1,
759,755,758,-1,
758,755,758,-1,
1326,1326,1326,-1,
1325,1326,1325,-1,
1325,1326,1326,-1,
755,754,758,-1,
1326,1325,1331,-1,
1331,1325,1330,-1,
1331,1330,1336,-1,
1336,1330,1335,-1,
1336,1335,1336,-1,
1336,1335,1335,-1,
653,652,656,-1,
657,653,656,-1,
656,653,656,-1,
1335,1335,1335,-1,
653,657,654,-1,
654,657,654,-1,
336,336,336,-1,
335,336,335,-1,
335,336,336,-1,
657,658,654,-1,
336,335,341,-1,
340,341,335,-1,
363,362,368,-1,
368,362,367,-1,
368,367,368,-1,
368,367,367,-1,
759,760,756,-1,
755,759,756,-1,
756,759,756,-1,
367,367,367,-1,
759,755,758,-1,
758,755,758,-1,
1304,1304,1304,-1,
1303,1304,1303,-1,
1303,1304,1304,-1,
755,754,758,-1,
1304,1303,1309,-1,
1309,1303,1308,-1,
1309,1308,1314,-1,
1314,1308,1313,-1,
1314,1313,1314,-1,
1314,1313,1313,-1,
653,652,656,-1,
657,653,656,-1,
656,653,656,-1,
1313,1313,1313,-1,
653,657,654,-1,
654,657,654,-1,
358,358,358,-1,
357,358,357,-1,
357,358,358,-1,
657,658,654,-1,
358,357,363,-1,
362,363,357,-1,
397,396,402,-1,
402,396,401,-1,
402,401,402,-1,
402,401,401,-1,
759,760,756,-1,
755,759,756,-1,
756,759,756,-1,
401,401,401,-1,
759,755,758,-1,
758,755,758,-1,
1259,1259,1259,-1,
1258,1259,1258,-1,
1258,1259,1259,-1,
755,754,758,-1,
1259,1258,1264,-1,
1264,1258,1263,-1,
1264,1263,1269,-1,
1269,1263,1268,-1,
1269,1268,1269,-1,
1269,1268,1268,-1,
653,652,656,-1,
657,653,656,-1,
656,653,656,-1,
1268,1268,1268,-1,
653,657,654,-1,
654,657,654,-1,
392,392,392,-1,
391,392,391,-1,
391,392,392,-1,
657,658,654,-1,
392,391,397,-1,
396,397,391,-1,
420,419,425,-1,
425,419,424,-1,
425,424,425,-1,
425,424,424,-1,
759,760,756,-1,
755,759,756,-1,
756,759,756,-1,
424,424,424,-1,
759,755,758,-1,
758,755,758,-1,
1231,1231,1231,-1,
1230,1231,1230,-1,
1230,1231,1231,-1,
755,754,758,-1,
1231,1230,1236,-1,
1236,1230,1235,-1,
1236,1235,1241,-1,
1241,1235,1240,-1,
1241,1240,1241,-1,
1241,1240,1240,-1,
653,652,656,-1,
657,653,656,-1,
656,653,656,-1,
1240,1240,1240,-1,
653,657,654,-1,
654,657,654,-1,
415,415,415,-1,
414,415,414,-1,
414,415,415,-1,
657,658,654,-1,
415,414,420,-1,
419,420,414,-1,
454,453,459,-1,
459,453,458,-1,
459,458,459,-1,
459,458,458,-1,
759,760,756,-1,
755,759,756,-1,
756,759,756,-1,
458,458,458,-1,
759,755,758,-1,
758,755,758,-1,
1186,1186,1186,-1,
1185,1186,1185,-1,
1185,1186,1186,-1,
755,754,758,-1,
1186,1185,1191,-1,
1191,1185,1190,-1,
1191,1190,1196,-1,
1196,1190,1195,-1,
1196,1195,1196,-1,
1196,1195,1195,-1,
653,652,656,-1,
657,653,656,-1,
656,653,656,-1,
1195,1195,1195,-1,
653,657,654,-1,
654,657,654,-1,
449,449,449,-1,
448,449,448,-1,
448,449,449,-1,
657,658,654,-1,
449,448,454,-1,
453,454,448,-1,
476,475,481,-1,
481,475,480,-1,
481,480,481,-1,
481,480,480,-1,
759,760,756,-1,
755,759,756,-1,
756,759,756,-1,
480,480,480,-1,
759,755,758,-1,
758,755,758,-1,
1164,1164,1164,-1,
1163,1164,1163,-1,
1163,1164,1164,-1,
755,754,758,-1,
1164,1163,1169,-1,
1169,1163,1168,-1,
1169,1168,1174,-1,
1174,1168,1173,-1,
1174,1173,1174,-1,
1174,1173,1173,-1,
653,652,656,-1,
657,653,656,-1,
656,653,656,-1,
1173,1173,1173,-1,
653,657,654,-1,
654,657,654,-1,
471,471,471,-1,
470,471,470,-1,
470,471,471,-1,
657,658,654,-1,
471,470,476,-1,
475,476,470,-1,
499,498,504,-1,
504,498,503,-1,
504,503,504,-1,
504,503,503,-1,
759,760,756,-1,
755,759,756,-1,
756,759,756,-1,
503,503,503,-1,
759,755,758,-1,
758,755,758,-1,
1136,1136,1136,-1,
1135,1136,1135,-1,
1135,1136,1136,-1,
755,754,758,-1,
1136,1135,1141,-1,
1141,1135,1140,-1,
1141,1140,1146,-1,
1146,1140,1145,-1,
1146,1145,1146,-1,
1146,1145,1145,-1,
653,652,656,-1,
657,653,656,-1,
656,653,656,-1,
1145,1145,1145,-1,
653,657,654,-1,
654,657,654,-1,
494,494,494,-1,
493,494,493,-1,
493,494,494,-1,
657,658,654,-1,
494,493,499,-1,
498,499,493,-1,
542,541,549,-1,
549,541,548,-1,
549,548,549,-1,
549,548,548,-1,
759,760,706,-1,
704,759,706,-1,
706,759,706,-1,
548,548,548,-1,
759,704,758,-1,
758,704,758,-1,
1032,1032,1032,-1,
1031,1032,1031,-1,
1031,1032,1032,-1,
704,702,758,-1,
1032,1031,1043,-1,
1043,1031,1042,-1,
1043,1042,1060,-1,
1060,1042,1059,-1,
1060,1059,1060,-1,
1060,1059,1059,-1,
653,652,702,-1,
704,653,702,-1,
702,653,702,-1,
1059,1059,1059,-1,
653,704,654,-1,
654,704,654,-1,
535,535,535,-1,
534,535,534,-1,
534,535,535,-1,
704,706,654,-1,
535,534,542,-1,
541,542,534,-1,
576,575,583,-1,
583,575,582,-1,
583,582,583,-1,
583,582,582,-1,
759,760,706,-1,
704,759,706,-1,
706,759,706,-1,
582,582,582,-1,
759,704,758,-1,
758,704,758,-1,
940,940,940,-1,
939,940,939,-1,
939,940,940,-1,
704,702,758,-1,
940,939,951,-1,
951,939,950,-1,
951,950,968,-1,
968,950,967,-1,
968,967,968,-1,
968,967,967,-1,
653,652,702,-1,
704,653,702,-1,
702,653,702,-1,
967,967,967,-1,
653,704,654,-1,
654,704,654,-1,
569,569,569,-1,
568,569,568,-1,
568,569,569,-1,
704,706,654,-1,
569,568,576,-1,
575,576,568,-1,
620,619,627,-1,
627,619,626,-1,
627,626,627,-1,
627,626,626,-1,
759,760,706,-1,
704,759,706,-1,
706,759,706,-1,
626,626,626,-1,
759,704,758,-1,
758,704,758,-1,
814,814,814,-1,
813,814,813,-1,
813,814,814,-1,
704,702,758,-1,
814,813,825,-1,
825,813,824,-1,
825,824,842,-1,
842,824,841,-1,
842,841,842,-1,
842,841,841,-1,
653,652,702,-1,
704,653,702,-1,
702,653,702,-1,
841,841,841,-1,
653,704,654,-1,
654,704,654,-1,
613,613,613,-1,
612,613,612,-1,
612,613,613,-1,
704,706,654,-1,
613,612,620,-1,
619,620,612,-1,
999,1152,1000,-1,
1000,1152,1180,-1,
1000,1180,1225,-1,
1225,1253,1000,-1,
1000,1253,1275,-1,
1000,1275,1320,-1,
1320,1342,1000,-1,
1000,1342,1386,-1,
1000,1386,1979,-1,
1386,1432,1979,-1,
1979,1432,1477,-1,
1979,1477,1505,-1,
1505,1561,1979,-1,
1979,1561,1663,-1,
1979,1663,1759,-1,
1759,1881,1979,-1,
1979,1881,1976,-1,
1979,1976,1978,-1,
761,769,765,-1,
765,769,774,-1,
765,774,767,-1,
2,1,8,-1,
8,49,2,-1,
2,49,91,-1,
2,91,126,-1,
126,162,2,-1,
2,162,199,-1,
2,199,222,-1,
222,256,2,-1,
2,256,296,-1,
2,296,525,-1,
525,296,330,-1,
525,330,352,-1,
352,386,525,-1,
525,386,408,-1,
525,408,431,-1,
431,465,525,-1,
525,465,488,-1,
525,488,524,-1,
343,331,353,-1,
399,387,409,-1,
526,491,490,-1,
224,258,259,-1,
6,5,11,-1,
11,5,10,-1,
11,10,52,-1,
52,10,51,-1,
52,51,94,-1,
94,51,93,-1,
94,93,129,-1,
259,258,299,-1,
299,258,298,-1,
299,298,333,-1,
355,333,332,-1,
490,491,467,-1,
467,491,468,-1,
467,468,433,-1,
560,561,527,-1,
489,501,496,-1,
538,545,560,-1,
532,508,537,-1,
537,508,506,-1,
559,544,489,-1,
489,544,537,-1,
489,537,501,-1,
501,537,506,-1,
496,492,490,-1,
490,492,497,-1,
490,497,502,-1,
545,552,560,-1,
560,552,554,-1,
560,554,559,-1,
559,554,551,-1,
559,551,544,-1,
527,526,560,-1,
560,526,490,-1,
560,490,538,-1,
538,490,502,-1,
538,502,532,-1,
532,502,507,-1,
532,507,508,-1,
473,466,478,-1,
478,466,489,-1,
478,489,483,-1,
496,490,489,-1,
489,490,485,-1,
489,485,483,-1,
469,474,467,-1,
467,474,479,-1,
467,479,490,-1,
490,479,484,-1,
490,484,485,-1,
463,466,467,-1,
467,466,473,-1,
467,473,469,-1,
463,461,466,-1,
466,461,456,-1,
466,456,432,-1,
432,456,451,-1,
432,451,433,-1,
433,451,447,-1,
447,452,433,-1,
433,452,457,-1,
433,457,467,-1,
467,457,462,-1,
467,462,463,-1,
423,428,433,-1,
433,428,429,-1,
433,429,432,-1,
468,434,433,-1,
433,434,410,-1,
433,410,423,-1,
423,410,418,-1,
429,427,432,-1,
432,427,422,-1,
432,422,409,-1,
409,422,417,-1,
409,417,410,-1,
410,417,413,-1,
410,413,418,-1,
390,395,388,-1,
390,388,394,-1,
434,411,410,-1,
410,411,388,-1,
410,388,400,-1,
400,388,395,-1,
400,405,410,-1,
410,405,406,-1,
410,406,409,-1,
409,406,404,-1,
409,404,399,-1,
366,371,388,-1,
371,372,388,-1,
388,372,387,-1,
388,387,394,-1,
394,387,399,-1,
411,389,388,-1,
388,389,354,-1,
388,354,366,-1,
366,354,361,-1,
372,370,387,-1,
387,370,365,-1,
387,365,353,-1,
353,365,360,-1,
353,360,354,-1,
354,360,356,-1,
354,356,361,-1,
334,339,332,-1,
334,332,338,-1,
389,355,354,-1,
354,355,332,-1,
354,332,344,-1,
344,332,339,-1,
344,349,354,-1,
354,349,350,-1,
354,350,353,-1,
353,350,348,-1,
353,348,343,-1,
298,317,322,-1,
333,298,332,-1,
332,298,322,-1,
332,322,327,-1,
327,328,332,-1,
332,328,331,-1,
332,331,338,-1,
338,331,343,-1,
328,326,331,-1,
331,326,321,-1,
331,321,297,-1,
297,321,316,-1,
297,316,298,-1,
298,316,312,-1,
298,312,317,-1,
270,275,283,-1,
283,275,276,-1,
283,276,288,-1,
288,276,274,-1,
288,274,297,-1,
297,274,269,-1,
297,269,257,-1,
257,269,264,-1,
260,265,258,-1,
258,265,270,-1,
283,279,270,-1,
270,279,284,-1,
270,284,258,-1,
258,284,289,-1,
258,289,298,-1,
289,294,298,-1,
298,294,295,-1,
298,295,297,-1,
297,295,293,-1,
297,293,288,-1,
242,257,258,-1,
258,257,264,-1,
258,264,260,-1,
226,224,230,-1,
230,224,223,-1,
230,223,235,-1,
235,223,257,-1,
235,257,240,-1,
240,257,242,-1,
226,231,224,-1,
224,231,236,-1,
224,236,258,-1,
258,236,241,-1,
258,241,242,-1,
223,213,200,-1,
200,213,208,-1,
200,208,201,-1,
201,208,204,-1,
201,204,209,-1,
259,225,224,-1,
224,225,201,-1,
224,201,214,-1,
214,201,209,-1,
214,219,224,-1,
224,219,220,-1,
224,220,223,-1,
223,220,218,-1,
223,218,213,-1,
200,190,163,-1,
163,190,185,-1,
163,185,164,-1,
164,185,181,-1,
164,181,186,-1,
225,202,201,-1,
201,202,164,-1,
201,164,191,-1,
191,164,186,-1,
191,196,201,-1,
201,196,197,-1,
201,197,200,-1,
200,197,195,-1,
200,195,190,-1,
163,146,127,-1,
127,146,139,-1,
127,139,128,-1,
128,139,134,-1,
128,134,140,-1,
202,165,164,-1,
164,165,128,-1,
164,128,147,-1,
147,128,140,-1,
147,154,164,-1,
164,154,156,-1,
164,156,163,-1,
163,156,153,-1,
163,153,146,-1,
99,105,93,-1,
127,111,92,-1,
92,111,104,-1,
165,129,128,-1,
128,129,93,-1,
128,93,112,-1,
112,93,105,-1,
112,119,128,-1,
128,119,121,-1,
128,121,127,-1,
127,121,118,-1,
127,118,111,-1,
85,92,93,-1,
93,92,104,-1,
93,104,99,-1,
85,82,92,-1,
92,82,75,-1,
92,75,50,-1,
50,75,68,-1,
50,68,51,-1,
51,68,63,-1,
63,69,51,-1,
51,69,76,-1,
51,76,93,-1,
93,76,83,-1,
93,83,85,-1,
51,37,50,-1,
50,37,34,-1,
50,34,9,-1,
9,34,27,-1,
9,27,20,-1,
15,21,10,-1,
10,21,28,-1,
10,28,51,-1,
51,28,35,-1,
51,35,37,-1,
20,15,9,-1,
9,15,10,-1,
9,10,4,-1,
4,10,5,-1,
1486,1491,1479,-1,
1558,1560,1529,-1,
1558,1528,1555,-1,
1555,1528,1527,-1,
1528,1507,1519,-1,
1519,1507,1514,-1,
1519,1524,1528,-1,
1528,1524,1525,-1,
1528,1525,1527,-1,
1525,1523,1527,-1,
1527,1523,1518,-1,
1527,1518,1506,-1,
1506,1518,1513,-1,
1506,1513,1507,-1,
1507,1513,1509,-1,
1507,1509,1514,-1,
1479,1491,1507,-1,
1506,1490,1478,-1,
1478,1490,1485,-1,
1478,1485,1479,-1,
1479,1485,1481,-1,
1479,1481,1486,-1,
1491,1496,1507,-1,
1507,1496,1497,-1,
1507,1497,1506,-1,
1506,1497,1495,-1,
1506,1495,1490,-1,
1463,1459,1434,-1,
1459,1464,1434,-1,
1434,1464,1469,-1,
1434,1469,1479,-1,
1433,1478,1468,-1,
1469,1474,1479,-1,
1479,1474,1475,-1,
1479,1475,1478,-1,
1478,1475,1473,-1,
1478,1473,1468,-1,
1429,1434,1424,-1,
1424,1434,1406,-1,
1424,1406,1419,-1,
1429,1430,1434,-1,
1434,1430,1433,-1,
1434,1433,1463,-1,
1463,1433,1468,-1,
1430,1428,1433,-1,
1433,1428,1423,-1,
1433,1423,1405,-1,
1405,1423,1418,-1,
1405,1418,1406,-1,
1406,1418,1414,-1,
1406,1414,1419,-1,
1391,1343,1396,-1,
1396,1343,1405,-1,
1397,1402,1406,-1,
1406,1402,1403,-1,
1406,1403,1405,-1,
1405,1403,1401,-1,
1405,1401,1396,-1,
1392,1361,1387,-1,
1387,1361,1362,-1,
1387,1362,1391,-1,
1392,1397,1361,-1,
1361,1397,1406,-1,
1361,1406,1356,-1,
1356,1406,1344,-1,
1356,1344,1351,-1,
1362,1360,1391,-1,
1391,1360,1355,-1,
1391,1355,1343,-1,
1343,1355,1350,-1,
1343,1350,1344,-1,
1344,1350,1346,-1,
1344,1346,1351,-1,
1321,1343,1333,-1,
1328,1324,1322,-1,
1324,1329,1322,-1,
1322,1329,1334,-1,
1322,1334,1344,-1,
1334,1339,1344,-1,
1344,1339,1340,-1,
1344,1340,1343,-1,
1343,1340,1338,-1,
1343,1338,1333,-1,
1317,1318,1322,-1,
1322,1318,1321,-1,
1322,1321,1328,-1,
1328,1321,1333,-1,
1317,1322,1312,-1,
1312,1322,1277,-1,
1312,1277,1307,-1,
1318,1316,1321,-1,
1321,1316,1311,-1,
1321,1311,1276,-1,
1276,1311,1306,-1,
1276,1306,1277,-1,
1277,1306,1302,-1,
1277,1302,1307,-1,
1261,1254,1266,-1,
1266,1254,1276,-1,
1257,1262,1255,-1,
1255,1262,1267,-1,
1255,1267,1277,-1,
1267,1272,1277,-1,
1277,1272,1273,-1,
1277,1273,1276,-1,
1276,1273,1271,-1,
1276,1271,1266,-1,
1233,1229,1227,-1,
1245,1254,1255,-1,
1255,1254,1261,-1,
1255,1261,1257,-1,
1229,1234,1227,-1,
1227,1234,1239,-1,
1227,1239,1255,-1,
1255,1239,1244,-1,
1255,1244,1245,-1,
1245,1243,1254,-1,
1254,1243,1238,-1,
1254,1238,1226,-1,
1199,1200,1227,-1,
1227,1200,1226,-1,
1227,1226,1233,-1,
1233,1226,1238,-1,
1199,1227,1194,-1,
1194,1227,1182,-1,
1194,1182,1189,-1,
1200,1198,1226,-1,
1226,1198,1193,-1,
1226,1193,1181,-1,
1181,1193,1188,-1,
1181,1188,1182,-1,
1182,1188,1184,-1,
1182,1184,1189,-1,
1153,1181,1171,-1,
1166,1162,1154,-1,
1162,1167,1154,-1,
1154,1167,1172,-1,
1154,1172,1182,-1,
1172,1177,1182,-1,
1182,1177,1178,-1,
1182,1178,1181,-1,
1181,1178,1176,-1,
1181,1176,1171,-1,
1149,1154,1144,-1,
1144,1154,1102,-1,
1144,1102,1139,-1,
1149,1150,1154,-1,
1154,1150,1153,-1,
1154,1153,1166,-1,
1166,1153,1171,-1,
1150,1148,1153,-1,
1153,1148,1143,-1,
1153,1143,1099,-1,
1099,1143,1138,-1,
1099,1138,1102,-1,
1102,1138,1134,-1,
1102,1134,1139,-1,
1558,1529,1528,-1,
1528,1529,1508,-1,
1528,1508,1507,-1,
1507,1508,1480,-1,
1507,1480,1479,-1,
1479,1480,1435,-1,
1479,1435,1434,-1,
1434,1435,1407,-1,
1434,1407,1406,-1,
1406,1407,1345,-1,
1406,1345,1344,-1,
1344,1345,1323,-1,
1344,1323,1322,-1,
1322,1323,1278,-1,
1322,1278,1277,-1,
1277,1278,1256,-1,
1277,1256,1255,-1,
1255,1256,1228,-1,
1255,1228,1227,-1,
1227,1228,1183,-1,
1227,1183,1182,-1,
1182,1183,1155,-1,
1182,1155,1154,-1,
1154,1155,1104,-1,
1154,1104,1102,-1,
659,655,718,-1,
718,655,691,-1,
1156,1151,1105,-1,
1105,1151,1098,-1,
1105,1098,1097,-1,
1408,1404,1341,-1,
1553,1554,1526,-1,
1274,1252,1246,-1,
1246,1252,1224,-1,
1246,1224,1156,-1,
1156,1224,1179,-1,
1156,1179,1151,-1,
1553,1526,1498,-1,
1408,1341,1246,-1,
1246,1341,1319,-1,
1246,1319,1274,-1,
1526,1504,1498,-1,
1498,1504,1476,-1,
1498,1476,1408,-1,
1408,1476,1431,-1,
1408,1431,1404,-1,
753,757,691,-1,
691,757,718,-1,
521,522,523,-1,
521,523,486,-1,
523,487,486,-1,
486,487,464,-1,
486,464,412,-1,
464,430,412,-1,
412,430,407,-1,
412,407,385,-1,
385,351,412,-1,
412,351,329,-1,
412,329,277,-1,
329,278,277,-1,
277,278,255,-1,
277,255,203,-1,
255,221,203,-1,
203,221,198,-1,
203,198,166,-1,
166,198,180,-1,
166,180,167,-1,
650,651,645,-1,
645,651,646,-1,
1124,1119,1123,-1,
1132,1133,1123,-1,
1123,1133,1128,-1,
1123,1128,1124,-1,
1118,1122,1123,-1,
1123,1122,1127,-1,
1123,1127,1132,-1,
1119,1112,1123,-1,
1123,1112,1111,-1,
1123,1111,1118,-1,
515,514,517,-1,
517,514,516,-1,
517,516,520,-1,
520,516,519,-1,
735,736,725,-1,
721,735,722,-1,
722,735,725,-1,
516,518,519,-1,
735,721,734,-1,
734,721,720,-1,
734,720,733,-1,
733,720,731,-1,
1117,1115,1114,-1,
1116,1117,1113,-1,
1113,1117,1114,-1,
720,719,731,-1,
1117,1116,1121,-1,
1121,1116,1120,-1,
1121,1120,1126,-1,
1126,1120,1125,-1,
1126,1125,1131,-1,
1131,1125,1130,-1,
677,676,689,-1,
720,677,719,-1,
719,677,689,-1,
1125,1129,1130,-1,
677,720,678,-1,
678,720,721,-1,
678,721,679,-1,
679,721,683,-1,
513,511,510,-1,
512,513,509,-1,
509,513,510,-1,
721,722,683,-1,
513,512,515,-1,
514,515,512,-1,
1214,1209,1213,-1,
1222,1223,1213,-1,
1213,1223,1218,-1,
1213,1218,1214,-1,
1208,1212,1213,-1,
1213,1212,1217,-1,
1213,1217,1222,-1,
1209,1202,1213,-1,
1213,1202,1201,-1,
1213,1201,1208,-1,
441,440,443,-1,
443,440,442,-1,
443,442,446,-1,
446,442,445,-1,
735,736,725,-1,
721,735,722,-1,
722,735,725,-1,
442,444,445,-1,
735,721,734,-1,
734,721,720,-1,
734,720,733,-1,
733,720,731,-1,
1207,1205,1204,-1,
1206,1207,1203,-1,
1203,1207,1204,-1,
720,719,731,-1,
1207,1206,1211,-1,
1211,1206,1210,-1,
1211,1210,1216,-1,
1216,1210,1215,-1,
1216,1215,1221,-1,
1221,1215,1220,-1,
677,676,689,-1,
720,677,719,-1,
719,677,689,-1,
1215,1219,1220,-1,
677,720,678,-1,
678,720,721,-1,
678,721,679,-1,
679,721,683,-1,
439,437,436,-1,
438,439,435,-1,
435,439,436,-1,
721,722,683,-1,
439,438,441,-1,
440,441,438,-1,
1292,1287,1291,-1,
1300,1301,1291,-1,
1291,1301,1296,-1,
1291,1296,1292,-1,
1286,1290,1291,-1,
1291,1290,1295,-1,
1291,1295,1300,-1,
1287,1280,1291,-1,
1291,1280,1279,-1,
1291,1279,1286,-1,
379,378,381,-1,
381,378,380,-1,
381,380,384,-1,
384,380,383,-1,
735,736,725,-1,
721,735,722,-1,
722,735,725,-1,
380,382,383,-1,
735,721,734,-1,
734,721,720,-1,
734,720,733,-1,
733,720,731,-1,
1285,1283,1282,-1,
1284,1285,1281,-1,
1281,1285,1282,-1,
720,719,731,-1,
1285,1284,1289,-1,
1289,1284,1288,-1,
1289,1288,1294,-1,
1294,1288,1293,-1,
1294,1293,1299,-1,
1299,1293,1298,-1,
677,676,689,-1,
720,677,719,-1,
719,677,689,-1,
1293,1297,1298,-1,
677,720,678,-1,
678,720,721,-1,
678,721,679,-1,
679,721,683,-1,
377,375,374,-1,
376,377,373,-1,
373,377,374,-1,
721,722,683,-1,
377,376,379,-1,
378,379,376,-1,
1376,1371,1375,-1,
1384,1385,1375,-1,
1375,1385,1380,-1,
1375,1380,1376,-1,
1370,1374,1375,-1,
1375,1374,1379,-1,
1375,1379,1384,-1,
1371,1364,1375,-1,
1375,1364,1363,-1,
1375,1363,1370,-1,
306,305,308,-1,
308,305,307,-1,
308,307,311,-1,
311,307,310,-1,
735,736,725,-1,
721,735,722,-1,
722,735,725,-1,
307,309,310,-1,
735,721,734,-1,
734,721,720,-1,
734,720,733,-1,
733,720,731,-1,
1369,1367,1366,-1,
1368,1369,1365,-1,
1365,1369,1366,-1,
720,719,731,-1,
1369,1368,1373,-1,
1373,1368,1372,-1,
1373,1372,1378,-1,
1378,1372,1377,-1,
1378,1377,1383,-1,
1383,1377,1382,-1,
677,676,689,-1,
720,677,719,-1,
719,677,689,-1,
1377,1381,1382,-1,
677,720,678,-1,
678,720,721,-1,
678,721,679,-1,
679,721,683,-1,
304,302,301,-1,
303,304,300,-1,
300,304,301,-1,
721,722,683,-1,
304,303,306,-1,
305,306,303,-1,
1449,1444,1448,-1,
1457,1458,1448,-1,
1448,1458,1453,-1,
1448,1453,1449,-1,
1443,1447,1448,-1,
1448,1447,1452,-1,
1448,1452,1457,-1,
1444,1437,1448,-1,
1448,1437,1436,-1,
1448,1436,1443,-1,
249,248,251,-1,
251,248,250,-1,
251,250,254,-1,
254,250,253,-1,
735,736,725,-1,
721,735,722,-1,
722,735,725,-1,
250,252,253,-1,
735,721,734,-1,
734,721,720,-1,
734,720,733,-1,
733,720,731,-1,
1442,1440,1439,-1,
1441,1442,1438,-1,
1438,1442,1439,-1,
720,719,731,-1,
1442,1441,1446,-1,
1446,1441,1445,-1,
1446,1445,1451,-1,
1451,1445,1450,-1,
1451,1450,1456,-1,
1456,1450,1455,-1,
677,676,689,-1,
720,677,719,-1,
719,677,689,-1,
1450,1454,1455,-1,
677,720,678,-1,
678,720,721,-1,
678,721,679,-1,
679,721,683,-1,
247,245,244,-1,
246,247,243,-1,
243,247,244,-1,
721,722,683,-1,
247,246,249,-1,
248,249,246,-1,
1543,1538,1542,-1,
1551,1552,1542,-1,
1542,1552,1547,-1,
1542,1547,1543,-1,
1537,1541,1542,-1,
1542,1541,1546,-1,
1542,1546,1551,-1,
1538,1531,1542,-1,
1542,1531,1530,-1,
1542,1530,1537,-1,
174,173,176,-1,
176,173,175,-1,
176,175,179,-1,
179,175,178,-1,
735,736,725,-1,
721,735,722,-1,
722,735,725,-1,
175,177,178,-1,
735,721,734,-1,
734,721,720,-1,
734,720,733,-1,
733,720,731,-1,
1536,1534,1533,-1,
1535,1536,1532,-1,
1532,1536,1533,-1,
720,719,731,-1,
1536,1535,1540,-1,
1540,1535,1539,-1,
1540,1539,1545,-1,
1545,1539,1544,-1,
1545,1544,1550,-1,
1550,1544,1549,-1,
677,676,689,-1,
720,677,719,-1,
719,677,689,-1,
1544,1548,1549,-1,
677,720,678,-1,
678,720,721,-1,
678,721,679,-1,
679,721,683,-1,
172,170,169,-1,
171,172,168,-1,
168,172,169,-1,
721,722,683,-1,
172,171,174,-1,
173,174,171,-1
]
}
}

DirectionalLight {
color 1.000 1.000 1.000
ambientIntensity 1
intensity 0
}

Viewpoint {
fieldOfView 0.785398
position 0 0 3.5313454
}

NavigationInfo {
headlight TRUE
type ["EXAMINE","ANY"]
avatarSize [ 0, 0, 0 ]
}
