#VRML V2.0 utf8
Shape {
appearance Appearance {
material Material {
ambientIntensity 0
diffuseColor 1 1 1
specularColor 0 0 0
shininess 0
transparency 0
}
texture DEF W908_A3_10DE_fur ImageTexture {
repeatS TRUE
repeatT TRUE
url ["W908_A3_10DE_fur.jpg"]
}
}
geometry IndexedFaceSet {
normalPerVertex TRUE
solid TRUE
convex TRUE
coord Coordinate { point [
-1.04945 -0.69999999 0.04000986,
-1.04945 0.69999999 0.04000986,
-1.04945 -0.59433156 -0.020940678,
-1.04945 -0.48833066 -0.020940678,
-1.04945 -0.38232976 -0.020940678,
-1.04945 -0.27632883 -0.020940678,
-1.04945 -0.1703279 -0.020940678,
-1.04945 -0.064327002 -0.020940678,
-1.04945 0.041673899 -0.020940678,
-1.04945 0.1476748 -0.020940678,
-1.04945 0.2536757 -0.020940678,
-1.04945 0.35967666 -0.020940678,
-1.04945 0.46567756 -0.020940678,
-1.04945 0.56567758 -0.020940678,
-1.04945 -0.60033065 -0.021045392,
-1.04945 -0.49432975 -0.021045392,
-1.04945 -0.38832885 -0.021045392,
-1.04945 -0.28232792 -0.021045392,
-1.04945 -0.17632699 -0.021045392,
-1.04945 -0.07032609 -0.021045392,
-1.04945 0.03567481 -0.021045392,
-1.04945 0.14167571 -0.021045392,
-1.04945 0.24767667 -0.021045392,
-1.04945 0.35367757 -0.021045392,
-1.04945 0.45967847 -0.021045392,
-1.04945 0.55967849 -0.021045392,
-1.04945 -0.69999999 -0.039990138,
-1.04945 -0.59999996 -0.039990138,
-1.04945 -0.59399909 -0.039990138,
-1.04945 -0.49399906 -0.039990138,
-1.04945 -0.48799816 -0.039990138,
-1.04945 -0.38799816 -0.039990138,
-1.04945 -0.38199726 -0.039990138,
-1.04945 -0.28199723 -0.039990138,
-1.04945 -0.27599633 -0.039990138,
-1.04945 -0.1759963 -0.039990138,
-1.04945 -0.16999543 -0.039990138,
-1.04945 -0.069995403 -0.039990138,
-1.04945 -0.063994527 -0.039990138,
-1.04945 0.036005497 -0.039990138,
-1.04945 0.042006433 -0.039990138,
-1.04945 0.1420064 -0.039990138,
-1.04945 0.14800733 -0.039990138,
-1.04945 0.2480073 -0.039990138,
-1.04945 0.25400823 -0.039990138,
-1.04945 0.35400826 -0.039990138,
-1.04945 0.36000913 -0.039990138,
-1.04945 0.46000916 -0.039990138,
-1.04945 0.46601003 -0.039990138,
-1.04945 0.56000918 -0.039990138,
-1.04945 0.56601006 -0.039990138,
-1.04945 0.69999999 -0.039990138,
1.0495499 -0.69999999 0.04000986,
1.0495499 0.69999999 0.04000986,
1.0495499 -0.59433156 -0.020940678,
1.0495499 -0.48833066 -0.020940678,
1.0495499 -0.38232976 -0.020940678,
1.0495499 -0.27632883 -0.020940678,
1.0495499 -0.1703279 -0.020940678,
1.0495499 -0.064327002 -0.020940678,
1.0495499 0.041673899 -0.020940678,
1.0495499 0.1476748 -0.020940678,
1.0495499 0.2536757 -0.020940678,
1.0495499 0.35967666 -0.020940678,
1.0495499 0.46567756 -0.020940678,
1.0495499 0.56567758 -0.020940678,
1.0495499 -0.60033065 -0.021045392,
1.0495499 -0.49432975 -0.021045392,
1.0495499 -0.38832885 -0.021045392,
1.0495499 -0.28232792 -0.021045392,
1.0495499 -0.17632699 -0.021045392,
1.0495499 -0.07032609 -0.021045392,
1.0495499 0.03567481 -0.021045392,
1.0495499 0.14167571 -0.021045392,
1.0495499 0.24767667 -0.021045392,
1.0495499 0.35367757 -0.021045392,
1.0495499 0.45967847 -0.021045392,
1.0495499 0.55967849 -0.021045392,
1.0495499 -0.69999999 -0.039990138,
1.0495499 -0.59999996 -0.039990138,
1.0495499 -0.59399909 -0.039990138,
1.0495499 -0.49399906 -0.039990138,
1.0495499 -0.48799816 -0.039990138,
1.0495499 -0.38799816 -0.039990138,
1.0495499 -0.38199726 -0.039990138,
1.0495499 -0.28199723 -0.039990138,
1.0495499 -0.27599633 -0.039990138,
1.0495499 -0.1759963 -0.039990138,
1.0495499 -0.16999543 -0.039990138,
1.0495499 -0.069995403 -0.039990138,
1.0495499 -0.063994527 -0.039990138,
1.0495499 0.036005497 -0.039990138,
1.0495499 0.042006433 -0.039990138,
1.0495499 0.1420064 -0.039990138,
1.0495499 0.14800733 -0.039990138,
1.0495499 0.2480073 -0.039990138,
1.0495499 0.25400823 -0.039990138,
1.0495499 0.35400826 -0.039990138,
1.0495499 0.36000913 -0.039990138,
1.0495499 0.46000916 -0.039990138,
1.0495499 0.46601003 -0.039990138,
1.0495499 0.56000918 -0.039990138,
1.0495499 0.56601006 -0.039990138,
1.0495499 0.69999999 -0.039990138
] }
normal Normal { vector [
-1 0 0,
0 0 1,
0 0.999848 0.0174524,
0 -1 0,
0 1 0,
0 -0.999848 -0.0174524,
0 0.0174524 -0.999848,
0 0 -1,
1 0 0
] }
texCoord TextureCoordinate { point [
-1.87411 0,
-1.87411 0.243096,
-1.87411 0.243902,
-1.87411 0.257728,
-1.87411 0.258539,
-1.87411 0.501635,
-1.87411 0.502441,
-1.87411 0.516267,
-1.87411 0.517078,
-1.87411 0.760173,
-1.87411 0.76098,
-1.87411 0.774805,
-1.87411 0.775616,
-1.87411 1.01871,
-1.87411 1.01952,
-1.87411 1.03334,
-1.87411 1.03416,
-1.87411 1.27725,
-1.87411 1.27806,
-1.87411 1.29188,
-1.87411 1.29269,
-1.87411 1.53579,
-1.87411 1.5366,
-1.87411 1.55042,
-1.87411 1.55123,
-1.87411 1.79433,
-1.87411 1.79514,
-1.87411 1.80896,
-1.87411 1.80977,
-1.87411 2.05287,
-1.87411 2.05367,
-1.87411 2.0675,
-1.87411 2.06831,
-1.87411 2.31141,
-1.87411 2.31221,
-1.87411 2.32604,
-1.87411 2.32685,
-1.87411 2.56995,
-1.87411 2.57075,
-1.87411 2.58458,
-1.87411 2.58539,
-1.87411 2.82848,
-1.87411 2.82929,
-1.87411 2.84312,
-1.87411 2.84393,
-1.87411 3.07239,
-1.87411 3.07319,
-1.87411 3.08702,
-1.87411 3.08783,
-1.87411 3.41463,
-0.0714286 -2.55976,
-0.0714286 0,
-0.0714286 0.243902,
-0.0714286 0.258539,
-0.0714286 0.502441,
-0.0714286 0.517078,
-0.0714286 0.76098,
-0.0714286 0.775616,
-0.0714286 1.01952,
-0.0714286 1.03416,
-0.0714286 1.27806,
-0.0714286 1.29269,
-0.0714286 1.5366,
-0.0714286 1.55123,
-0.0714286 1.79514,
-0.0714286 1.80977,
-0.0714286 2.05367,
-0.0714286 2.06831,
-0.0714286 2.31221,
-0.0714286 2.32685,
-0.0714286 2.55976,
-0.0714286 2.57075,
-0.0714286 2.58539,
-0.0714286 2.82929,
-0.0714286 2.84393,
-0.0714286 3.07319,
-0.0714286 3.08783,
-0.0714286 3.41463,
-0.0375987 0.243096,
-0.0375987 0.501635,
-0.0375987 0.760173,
-0.0375987 1.01871,
-0.0375987 1.27725,
-0.0375987 1.53579,
-0.0375987 1.79433,
-0.0375987 2.05287,
-0.0375987 2.31141,
-0.0375987 2.56995,
-0.0375987 2.82848,
-0.0375987 3.07239,
-0.0374117 -2.55976,
-0.0374117 0.257728,
-0.0374117 0.516267,
-0.0374117 0.774805,
-0.0374117 1.03334,
-0.0374117 1.29188,
-0.0374117 1.55042,
-0.0374117 1.80896,
-0.0374117 2.0675,
-0.0374117 2.32604,
-0.0374117 2.55976,
-0.0374117 2.58458,
-0.0374117 2.84312,
-0.0374117 3.08702,
0.0374117 0.257728,
0.0374117 0.516267,
0.0374117 0.774805,
0.0374117 1.03334,
0.0374117 1.29188,
0.0374117 1.55042,
0.0374117 1.80896,
0.0374117 2.0675,
0.0374117 2.32604,
0.0374117 2.58458,
0.0374117 2.84312,
0.0374117 3.08702,
0.0375987 -2.55976,
0.0375987 0.243096,
0.0375987 0.501635,
0.0375987 0.760173,
0.0375987 1.01871,
0.0375987 1.27725,
0.0375987 1.53579,
0.0375987 1.79433,
0.0375987 2.05287,
0.0375987 2.31141,
0.0375987 2.55976,
0.0375987 2.56995,
0.0375987 2.82848,
0.0375987 3.07239,
0.0714286 -2.55976,
0.0714286 0,
0.0714286 0.243902,
0.0714286 0.258539,
0.0714286 0.502441,
0.0714286 0.517078,
0.0714286 0.76098,
0.0714286 0.775616,
0.0714286 1.01952,
0.0714286 1.03416,
0.0714286 1.27806,
0.0714286 1.29269,
0.0714286 1.5366,
0.0714286 1.55123,
0.0714286 1.79514,
0.0714286 1.80977,
0.0714286 2.05367,
0.0714286 2.06831,
0.0714286 2.31221,
0.0714286 2.32685,
0.0714286 2.55976,
0.0714286 2.57075,
0.0714286 2.58539,
0.0714286 2.82929,
0.0714286 2.84393,
0.0714286 3.07319,
0.0714286 3.08783,
0.0714286 3.41463,
1.87411 0,
1.87411 0.243096,
1.87411 0.243902,
1.87411 0.257728,
1.87411 0.258539,
1.87411 0.501635,
1.87411 0.502441,
1.87411 0.516267,
1.87411 0.517078,
1.87411 0.760173,
1.87411 0.76098,
1.87411 0.774805,
1.87411 0.775616,
1.87411 1.01871,
1.87411 1.01952,
1.87411 1.03334,
1.87411 1.03416,
1.87411 1.27725,
1.87411 1.27806,
1.87411 1.29188,
1.87411 1.29269,
1.87411 1.53579,
1.87411 1.5366,
1.87411 1.55042,
1.87411 1.55123,
1.87411 1.79433,
1.87411 1.79514,
1.87411 1.80896,
1.87411 1.80977,
1.87411 2.05287,
1.87411 2.05367,
1.87411 2.0675,
1.87411 2.06831,
1.87411 2.31141,
1.87411 2.31221,
1.87411 2.32604,
1.87411 2.32685,
1.87411 2.56995,
1.87411 2.57075,
1.87411 2.58458,
1.87411 2.58539,
1.87411 2.82848,
1.87411 2.82929,
1.87411 2.84312,
1.87411 2.84393,
1.87411 3.07239,
1.87411 3.07319,
1.87411 3.08702,
1.87411 3.08783,
1.87411 3.41463
] }
coordIndex [
50,51,102,-1,
102,51,103,-1,
1,51,50,-1,
11,23,0,-1,
49,48,25,-1,
25,48,12,-1,
9,21,0,-1,
22,43,42,-1,
50,13,1,-1,
1,13,25,-1,
1,25,0,-1,
0,25,12,-1,
0,12,11,-1,
11,12,24,-1,
11,24,46,-1,
46,24,47,-1,
42,9,22,-1,
22,9,0,-1,
22,0,10,-1,
10,0,23,-1,
10,23,44,-1,
44,23,45,-1,
5,17,0,-1,
7,19,0,-1,
20,39,38,-1,
3,15,0,-1,
38,7,20,-1,
20,7,0,-1,
20,0,8,-1,
8,0,21,-1,
8,21,40,-1,
40,21,41,-1,
18,35,34,-1,
16,31,30,-1,
34,5,18,-1,
18,5,0,-1,
18,0,6,-1,
6,0,19,-1,
6,19,36,-1,
36,19,37,-1,
30,3,16,-1,
16,3,0,-1,
16,0,4,-1,
4,0,17,-1,
4,17,32,-1,
32,17,33,-1,
27,26,14,-1,
14,26,0,-1,
14,0,2,-1,
2,0,15,-1,
2,15,28,-1,
28,15,29,-1,
62,96,97,-1,
54,80,81,-1,
60,92,93,-1,
98,99,63,-1,
63,99,76,-1,
56,84,85,-1,
52,73,61,-1,
94,95,61,-1,
61,95,74,-1,
61,74,52,-1,
52,74,62,-1,
52,62,75,-1,
75,62,97,-1,
64,53,76,-1,
76,53,52,-1,
76,52,63,-1,
63,52,75,-1,
102,103,65,-1,
65,103,53,-1,
65,53,77,-1,
77,53,64,-1,
77,64,101,-1,
101,64,100,-1,
78,79,52,-1,
52,79,66,-1,
52,66,54,-1,
82,83,55,-1,
55,83,68,-1,
86,87,57,-1,
57,87,70,-1,
81,67,54,-1,
54,67,55,-1,
54,55,52,-1,
52,55,68,-1,
52,68,56,-1,
85,69,56,-1,
56,69,57,-1,
56,57,52,-1,
52,57,70,-1,
52,70,58,-1,
88,89,58,-1,
58,89,71,-1,
58,71,52,-1,
52,71,59,-1,
90,91,59,-1,
59,91,72,-1,
59,72,52,-1,
52,72,60,-1,
52,60,73,-1,
73,60,93,-1,
101,100,49,-1,
49,100,48,-1,
99,98,47,-1,
47,98,46,-1,
96,44,97,-1,
97,44,45,-1,
95,94,43,-1,
43,94,42,-1,
92,40,93,-1,
93,40,41,-1,
91,90,39,-1,
39,90,38,-1,
88,36,89,-1,
89,36,37,-1,
87,86,35,-1,
35,86,34,-1,
84,32,85,-1,
85,32,33,-1,
83,82,31,-1,
31,82,30,-1,
80,28,81,-1,
81,28,29,-1,
79,78,27,-1,
27,78,26,-1,
53,1,52,-1,
52,1,0,-1,
53,103,1,-1,
1,103,51,-1,
78,52,26,-1,
26,52,0,-1,
2,28,54,-1,
54,28,80,-1,
66,14,54,-1,
54,14,2,-1,
66,79,14,-1,
14,79,27,-1,
55,3,82,-1,
82,3,30,-1,
55,67,3,-1,
3,67,15,-1,
15,67,29,-1,
29,67,81,-1,
4,32,56,-1,
56,32,84,-1,
68,16,56,-1,
56,16,4,-1,
68,83,16,-1,
16,83,31,-1,
57,5,86,-1,
86,5,34,-1,
57,69,5,-1,
5,69,17,-1,
17,69,33,-1,
33,69,85,-1,
6,36,58,-1,
58,36,88,-1,
70,18,58,-1,
58,18,6,-1,
70,87,18,-1,
18,87,35,-1,
59,7,90,-1,
90,7,38,-1,
59,71,7,-1,
7,71,19,-1,
19,71,37,-1,
37,71,89,-1,
8,40,60,-1,
60,40,92,-1,
72,20,60,-1,
60,20,8,-1,
72,91,20,-1,
20,91,39,-1,
61,9,94,-1,
94,9,42,-1,
61,73,9,-1,
9,73,21,-1,
21,73,41,-1,
41,73,93,-1,
10,44,62,-1,
62,44,96,-1,
74,22,62,-1,
62,22,10,-1,
74,95,22,-1,
22,95,43,-1,
63,11,98,-1,
98,11,46,-1,
63,75,11,-1,
11,75,23,-1,
23,75,45,-1,
45,75,97,-1,
12,48,64,-1,
64,48,100,-1,
76,24,64,-1,
64,24,12,-1,
76,99,24,-1,
24,99,47,-1,
13,50,65,-1,
65,50,102,-1,
77,25,65,-1,
65,25,13,-1,
77,101,25,-1,
25,101,49,-1
]
normalIndex [
7,7,7,-1,
7,7,7,-1,
0,0,0,-1,
0,0,0,-1,
0,0,0,-1,
0,0,0,-1,
0,0,0,-1,
0,0,0,-1,
0,0,0,-1,
0,0,0,-1,
0,0,0,-1,
0,0,0,-1,
0,0,0,-1,
0,0,0,-1,
0,0,0,-1,
0,0,0,-1,
0,0,0,-1,
0,0,0,-1,
0,0,0,-1,
0,0,0,-1,
0,0,0,-1,
0,0,0,-1,
0,0,0,-1,
0,0,0,-1,
0,0,0,-1,
0,0,0,-1,
0,0,0,-1,
0,0,0,-1,
0,0,0,-1,
0,0,0,-1,
0,0,0,-1,
0,0,0,-1,
0,0,0,-1,
0,0,0,-1,
0,0,0,-1,
0,0,0,-1,
0,0,0,-1,
0,0,0,-1,
0,0,0,-1,
0,0,0,-1,
0,0,0,-1,
0,0,0,-1,
0,0,0,-1,
0,0,0,-1,
0,0,0,-1,
0,0,0,-1,
0,0,0,-1,
0,0,0,-1,
0,0,0,-1,
0,0,0,-1,
0,0,0,-1,
0,0,0,-1,
8,8,8,-1,
8,8,8,-1,
8,8,8,-1,
8,8,8,-1,
8,8,8,-1,
8,8,8,-1,
8,8,8,-1,
8,8,8,-1,
8,8,8,-1,
8,8,8,-1,
8,8,8,-1,
8,8,8,-1,
8,8,8,-1,
8,8,8,-1,
8,8,8,-1,
8,8,8,-1,
8,8,8,-1,
8,8,8,-1,
8,8,8,-1,
8,8,8,-1,
8,8,8,-1,
8,8,8,-1,
8,8,8,-1,
8,8,8,-1,
8,8,8,-1,
8,8,8,-1,
8,8,8,-1,
8,8,8,-1,
8,8,8,-1,
8,8,8,-1,
8,8,8,-1,
8,8,8,-1,
8,8,8,-1,
8,8,8,-1,
8,8,8,-1,
8,8,8,-1,
8,8,8,-1,
8,8,8,-1,
8,8,8,-1,
8,8,8,-1,
8,8,8,-1,
8,8,8,-1,
8,8,8,-1,
8,8,8,-1,
8,8,8,-1,
8,8,8,-1,
8,8,8,-1,
8,8,8,-1,
8,8,8,-1,
8,8,8,-1,
7,7,7,-1,
7,7,7,-1,
7,7,7,-1,
7,7,7,-1,
7,7,7,-1,
7,7,7,-1,
7,7,7,-1,
7,7,7,-1,
7,7,7,-1,
7,7,7,-1,
7,7,7,-1,
7,7,7,-1,
7,7,7,-1,
7,7,7,-1,
7,7,7,-1,
7,7,7,-1,
7,7,7,-1,
7,7,7,-1,
7,7,7,-1,
7,7,7,-1,
7,7,7,-1,
7,7,7,-1,
7,7,7,-1,
7,7,7,-1,
1,1,1,-1,
1,1,1,-1,
4,4,4,-1,
4,4,4,-1,
3,3,3,-1,
3,3,3,-1,
5,5,5,-1,
5,5,5,-1,
6,6,6,-1,
6,6,6,-1,
2,2,2,-1,
2,2,2,-1,
5,5,5,-1,
5,5,5,-1,
6,6,6,-1,
6,6,6,-1,
2,2,2,-1,
2,2,2,-1,
5,5,5,-1,
5,5,5,-1,
6,6,6,-1,
6,6,6,-1,
2,2,2,-1,
2,2,2,-1,
5,5,5,-1,
5,5,5,-1,
6,6,6,-1,
6,6,6,-1,
2,2,2,-1,
2,2,2,-1,
5,5,5,-1,
5,5,5,-1,
6,6,6,-1,
6,6,6,-1,
2,2,2,-1,
2,2,2,-1,
5,5,5,-1,
5,5,5,-1,
6,6,6,-1,
6,6,6,-1,
2,2,2,-1,
2,2,2,-1,
5,5,5,-1,
5,5,5,-1,
6,6,6,-1,
6,6,6,-1,
2,2,2,-1,
2,2,2,-1,
5,5,5,-1,
5,5,5,-1,
6,6,6,-1,
6,6,6,-1,
2,2,2,-1,
2,2,2,-1,
5,5,5,-1,
5,5,5,-1,
6,6,6,-1,
6,6,6,-1,
2,2,2,-1,
2,2,2,-1,
5,5,5,-1,
5,5,5,-1,
6,6,6,-1,
6,6,6,-1,
2,2,2,-1,
2,2,2,-1,
5,5,5,-1,
5,5,5,-1,
6,6,6,-1,
6,6,6,-1,
2,2,2,-1,
2,2,2,-1,
5,5,5,-1,
5,5,5,-1,
6,6,6,-1,
6,6,6,-1,
2,2,2,-1,
2,2,2,-1
]
texCoordIndex [
206,207,48,-1,
48,207,49,-1,
157,77,76,-1,
101,87,131,-1,
75,74,89,-1,
89,74,102,-1,
98,85,131,-1,
86,68,67,-1,
76,103,157,-1,
157,103,89,-1,
157,89,131,-1,
131,89,102,-1,
131,102,101,-1,
101,102,88,-1,
101,88,72,-1,
72,88,73,-1,
67,98,86,-1,
86,98,131,-1,
86,131,99,-1,
99,131,87,-1,
99,87,69,-1,
69,87,71,-1,
94,81,131,-1,
96,83,131,-1,
84,64,63,-1,
92,79,131,-1,
63,96,84,-1,
84,96,131,-1,
84,131,97,-1,
97,131,85,-1,
97,85,65,-1,
65,85,66,-1,
82,60,59,-1,
80,56,55,-1,
59,94,82,-1,
82,94,131,-1,
82,131,95,-1,
95,131,83,-1,
95,83,61,-1,
61,83,62,-1,
55,92,80,-1,
80,92,131,-1,
80,131,93,-1,
93,131,81,-1,
93,81,57,-1,
57,81,58,-1,
52,51,78,-1,
78,51,131,-1,
78,131,91,-1,
91,131,79,-1,
91,79,53,-1,
53,79,54,-1,
112,149,151,-1,
104,133,134,-1,
110,145,146,-1,
152,153,113,-1,
113,153,128,-1,
106,137,138,-1,
51,124,111,-1,
147,148,111,-1,
111,148,125,-1,
111,125,51,-1,
51,125,112,-1,
51,112,127,-1,
127,112,151,-1,
114,77,128,-1,
128,77,51,-1,
128,51,113,-1,
113,51,127,-1,
156,157,115,-1,
115,157,77,-1,
115,77,129,-1,
129,77,114,-1,
129,114,155,-1,
155,114,154,-1,
131,132,51,-1,
51,132,117,-1,
51,117,104,-1,
135,136,105,-1,
105,136,119,-1,
139,140,107,-1,
107,140,121,-1,
134,118,104,-1,
104,118,105,-1,
104,105,51,-1,
51,105,119,-1,
51,119,106,-1,
138,120,106,-1,
106,120,107,-1,
106,107,51,-1,
51,107,121,-1,
51,121,108,-1,
141,142,108,-1,
108,142,122,-1,
108,122,51,-1,
51,122,109,-1,
143,144,109,-1,
109,144,123,-1,
109,123,51,-1,
51,123,110,-1,
51,110,124,-1,
124,110,146,-1,
46,44,204,-1,
204,44,202,-1,
42,40,200,-1,
200,40,198,-1,
36,194,38,-1,
38,194,196,-1,
34,32,192,-1,
192,32,190,-1,
28,186,30,-1,
30,186,188,-1,
26,24,184,-1,
184,24,182,-1,
20,178,22,-1,
22,178,180,-1,
18,16,176,-1,
176,16,174,-1,
12,170,14,-1,
14,170,172,-1,
10,8,168,-1,
168,8,166,-1,
4,162,6,-1,
6,162,164,-1,
2,0,160,-1,
160,0,158,-1,
207,49,158,-1,
158,49,0,-1,
50,130,70,-1,
70,130,150,-1,
50,130,70,-1,
70,130,150,-1,
100,70,90,-1,
90,70,50,-1,
1,159,3,-1,
3,159,161,-1,
116,130,126,-1,
126,130,150,-1,
90,100,50,-1,
50,100,70,-1,
7,5,165,-1,
165,5,163,-1,
126,116,150,-1,
150,116,130,-1,
100,70,90,-1,
90,70,50,-1,
9,167,11,-1,
11,167,169,-1,
116,130,126,-1,
126,130,150,-1,
90,100,50,-1,
50,100,70,-1,
15,13,173,-1,
173,13,171,-1,
126,116,150,-1,
150,116,130,-1,
100,70,90,-1,
90,70,50,-1,
17,175,19,-1,
19,175,177,-1,
116,130,126,-1,
126,130,150,-1,
90,100,50,-1,
50,100,70,-1,
23,21,181,-1,
181,21,179,-1,
126,116,150,-1,
150,116,130,-1,
100,70,90,-1,
90,70,50,-1,
25,183,27,-1,
27,183,185,-1,
116,130,126,-1,
126,130,150,-1,
90,100,50,-1,
50,100,70,-1,
31,29,189,-1,
189,29,187,-1,
126,116,150,-1,
150,116,130,-1,
100,70,90,-1,
90,70,50,-1,
33,191,35,-1,
35,191,193,-1,
116,130,126,-1,
126,130,150,-1,
90,100,50,-1,
50,100,70,-1,
39,37,197,-1,
197,37,195,-1,
126,116,150,-1,
150,116,130,-1,
100,70,90,-1,
90,70,50,-1,
41,199,43,-1,
43,199,201,-1,
116,130,126,-1,
126,130,150,-1,
100,70,90,-1,
90,70,50,-1,
45,203,47,-1,
47,203,205,-1,
116,130,126,-1,
126,130,150,-1
]
}
}
Shape {
appearance Appearance {
material Material {
ambientIntensity 0
diffuseColor 1 1 1 
specularColor 0.098 0.098 0.098 
shininess 0.000781 
transparency 0
}
}
geometry IndexedFaceSet {
normalPerVertex TRUE
solid TRUE
convex TRUE
coord Coordinate { point [
-1.04345 -0.56082714 0.27300987,
-1.04345 -0.54999995 0.27300987,
-1.04345 -0.59991801 0.058009859,
-1.04345 -0.59200001 0.058009859,
-1.04345 -0.57599998 0.058009859,
-1.04345 -0.56199998 0.058009859,
-1.04345 -0.56599998 0.056009863,
-1.04345 -0.56199998 0.056009863,
-1.04345 -0.56670707 0.055716969,
-1.04345 -0.56699997 0.055009861,
-1.04345 -0.59200001 0.054009862,
-1.04345 -0.57599998 0.054009862,
-1.04345 -0.59170711 0.053302754,
-1.04345 -0.59099996 0.05300986,
-1.04345 -0.57699996 0.05300986,
-1.04345 -0.54999995 0.050009862,
-1.04345 -0.55146444 0.046474326,
-1.04345 -0.56699997 0.046009861,
-1.04345 -0.56599998 0.045009863,
-1.04345 -0.55500001 0.045009863,
-1.0419856 -0.56082714 0.27654541,
-1.0419856 -0.54999995 0.27654541,
-1.0419856 -0.56309247 0.27572426,
-1.0419856 -0.5643056 0.27364233,
-1.0419856 -0.60351151 0.058009859,
-1.04145 -0.56082714 0.27300987,
-1.04145 -0.54999995 0.27300987,
-1.04145 -0.59991801 0.058009859,
-1.04145 -0.59200001 0.058009859,
-1.04145 -0.57599998 0.058009859,
-1.04145 -0.56199998 0.058009859,
-1.04145 -0.56599998 0.056009863,
-1.04145 -0.56199998 0.056009863,
-1.04145 -0.56670707 0.055716969,
-1.04145 -0.56699997 0.055009861,
-1.04145 -0.59200001 0.054009862,
-1.04145 -0.57599998 0.054009862,
-1.04145 -0.59170711 0.053302754,
-1.04145 -0.59099996 0.05300986,
-1.04145 -0.57699996 0.05300986,
-1.04145 -0.54999995 0.050009862,
-1.04145 -0.55146444 0.046474326,
-1.04145 -0.56699997 0.046009861,
-1.04145 -0.56599998 0.045009863,
-1.04145 -0.55500001 0.045009863,
-1.0405713 -0.56082714 0.2751312,
-1.0405713 -0.56218636 0.2746385,
-1.0405713 -0.56291419 0.27338934,
-1.03995 -0.60144258 0.058009859,
-1.03845 -0.56082714 0.27800986,
-1.03845 -0.54999995 0.27800986,
-1.03845 -0.56403083 0.27684861,
-1.03845 -0.56082714 0.27600986,
-1.03845 -0.54999995 0.27600986,
-1.03845 -0.56274939 0.27531311,
-1.03845 -0.56574643 0.27390429,
-1.03845 -0.5637787 0.27354652,
-1.03845 -0.60500002 0.058009859,
-1.03845 -0.6029672 0.058009859,
-1.0354501 -0.56082714 0.27800986,
-1.0354501 -0.54999995 0.27800986,
-1.0354501 -0.56403083 0.27684861,
-1.0354501 -0.56082714 0.27600986,
-1.0354501 -0.54999995 0.27600986,
-1.0354501 -0.56274939 0.27531311,
-1.0354501 -0.56574643 0.27390429,
-1.0354501 -0.5637787 0.27354652,
-1.0354501 -0.60500002 0.058009859,
-1.0354501 -0.6029672 0.058009859,
-1.0333288 -0.56082714 0.2751312,
-1.0333288 -0.56218636 0.2746385,
-1.0333288 -0.56291419 0.27338934,
-1.0324501 -0.56082714 0.27300987,
-1.0324501 -0.54999995 0.27300987,
-1.0324501 -0.59991801 0.058009859,
-1.0324501 -0.59200001 0.058009859,
-1.0324501 -0.57599998 0.058009859,
-1.0324501 -0.56199998 0.058009859,
-1.0324501 -0.56599998 0.056009863,
-1.0324501 -0.56199998 0.056009863,
-1.0324501 -0.56670707 0.055716969,
-1.0324501 -0.56699997 0.055009861,
-1.0324501 -0.59200001 0.054009862,
-1.0324501 -0.57599998 0.054009862,
-1.0324501 -0.59170711 0.053302754,
-1.0324501 -0.59099996 0.05300986,
-1.0324501 -0.57699996 0.05300986,
-1.0324501 -0.54999995 0.050009862,
-1.0324501 -0.55146444 0.046474326,
-1.0324501 -0.56699997 0.046009861,
-1.0324501 -0.56599998 0.045009863,
-1.0324501 -0.55500001 0.045009863,
-1.0319145 -0.56082714 0.27654541,
-1.0319145 -0.54999995 0.27654541,
-1.0319145 -0.56309247 0.27572426,
-1.0319145 -0.5643056 0.27364233,
-1.0319145 -0.60351151 0.058009859,
-1.0304501 -0.56082714 0.27300987,
-1.0304501 -0.54999995 0.27300987,
-1.0304501 -0.59991801 0.058009859,
-1.0304501 -0.59200001 0.058009859,
-1.0304501 -0.57599998 0.058009859,
-1.0304501 -0.56199998 0.058009859,
-1.0304501 -0.56599998 0.056009863,
-1.0304501 -0.56199998 0.056009863,
-1.0304501 -0.56670707 0.055716969,
-1.0304501 -0.56699997 0.055009861,
-1.0304501 -0.59200001 0.054009862,
-1.0304501 -0.57599998 0.054009862,
-1.0304501 -0.59170711 0.053302754,
-1.0304501 -0.59099996 0.05300986,
-1.0304501 -0.57699996 0.05300986,
-1.0304501 -0.54999995 0.050009862,
-1.0304501 -0.55146444 0.046474326,
-1.0304501 -0.56699997 0.046009861,
-1.0304501 -0.56599998 0.045009863,
-1.0304501 -0.55500001 0.045009863
] }
normal Normal { vector [
-1 0 0,
-0.707107 0 0.707107,
-0.707107 -0.453077 0.542882,
-0.707107 -0.695701 0.126491,
-0.707107 0.695701 -0.126491,
-0.707107 0.453077 -0.542882,
-0.707107 0 -0.707107,
0 -0.98387 0.178885,
0 -1 0,
0 -0.707107 0.707107,
0 -0.640747 0.767752,
0 -0.707107 -0.707107,
0 0 1,
0 0 -1,
0 0.640747 -0.767752,
0 0.707107 -0.707107,
0 1 0,
0 0.98387 -0.178885,
0.707107 0 0.707107,
0.707107 -0.453077 0.542882,
0.707107 -0.695701 0.126491,
0.707107 0.695701 -0.126491,
0.707107 0.453077 -0.542882,
0.707107 0 -0.707107,
1 0 0
] }
coordIndex [
44,19,16,-1,
44,16,41,-1,
41,16,15,-1,
41,15,40,-1,
43,18,44,-1,
44,18,19,-1,
17,18,42,-1,
42,18,43,-1,
34,9,42,-1,
42,9,17,-1,
31,6,8,-1,
31,8,33,-1,
33,8,9,-1,
33,9,34,-1,
32,7,31,-1,
31,7,6,-1,
30,5,32,-1,
32,5,7,-1,
29,4,30,-1,
30,4,5,-1,
36,11,29,-1,
29,11,4,-1,
14,11,39,-1,
39,11,36,-1,
38,13,39,-1,
39,13,14,-1,
35,10,12,-1,
35,12,37,-1,
37,12,13,-1,
37,13,38,-1,
28,3,35,-1,
35,3,10,-1,
89,90,114,-1,
114,90,115,-1,
114,106,89,-1,
89,106,81,-1,
103,78,80,-1,
103,80,105,-1,
105,80,81,-1,
105,81,106,-1,
103,104,78,-1,
78,104,79,-1,
104,102,79,-1,
79,102,77,-1,
102,101,77,-1,
77,101,76,-1,
101,108,76,-1,
76,108,83,-1,
86,83,111,-1,
111,83,108,-1,
111,110,86,-1,
86,110,85,-1,
107,82,84,-1,
107,84,109,-1,
109,84,85,-1,
109,85,110,-1,
107,100,82,-1,
82,100,75,-1,
58,68,67,-1,
3,28,2,-1,
2,28,27,-1,
2,27,24,-1,
24,27,58,-1,
24,58,57,-1,
57,58,67,-1,
75,100,74,-1,
74,100,99,-1,
74,99,68,-1,
68,99,96,-1,
68,96,67,-1,
65,55,67,-1,
67,55,57,-1,
59,49,51,-1,
59,51,61,-1,
61,51,55,-1,
61,55,65,-1,
60,50,59,-1,
59,50,49,-1,
63,53,50,-1,
112,87,98,-1,
98,87,73,-1,
98,73,93,-1,
93,73,63,-1,
93,63,60,-1,
60,63,50,-1,
40,15,26,-1,
26,15,1,-1,
26,1,53,-1,
53,1,21,-1,
53,21,50,-1,
116,91,88,-1,
116,88,113,-1,
113,88,87,-1,
113,87,112,-1,
116,115,91,-1,
91,115,90,-1,
102,104,113,-1,
97,99,98,-1,
98,99,100,-1,
111,108,101,-1,
103,105,106,-1,
106,114,115,-1,
107,109,100,-1,
100,109,110,-1,
110,111,100,-1,
100,111,101,-1,
100,101,98,-1,
98,101,102,-1,
98,102,112,-1,
112,102,113,-1,
104,103,113,-1,
113,103,106,-1,
113,106,116,-1,
116,106,115,-1,
3,2,0,-1,
18,17,19,-1,
19,17,9,-1,
19,9,16,-1,
16,9,8,-1,
13,12,10,-1,
8,6,16,-1,
16,6,7,-1,
16,7,15,-1,
15,7,5,-1,
15,5,1,-1,
1,5,4,-1,
14,13,11,-1,
11,13,10,-1,
11,10,4,-1,
4,10,3,-1,
4,3,1,-1,
1,3,0,-1,
57,55,23,-1,
57,23,24,-1,
24,23,0,-1,
24,0,2,-1,
49,20,22,-1,
0,23,22,-1,
49,22,51,-1,
51,22,23,-1,
51,23,55,-1,
20,0,22,-1,
49,50,21,-1,
49,21,20,-1,
20,21,1,-1,
20,1,0,-1,
99,97,95,-1,
99,95,96,-1,
96,95,65,-1,
96,65,67,-1,
94,95,97,-1,
94,97,92,-1,
92,59,61,-1,
92,61,94,-1,
94,61,65,-1,
94,65,95,-1,
60,59,92,-1,
60,92,93,-1,
93,92,97,-1,
93,97,98,-1,
56,66,58,-1,
58,66,68,-1,
52,62,54,-1,
54,62,64,-1,
54,64,56,-1,
56,64,66,-1,
53,63,52,-1,
52,63,62,-1,
75,74,72,-1,
85,84,82,-1,
90,89,91,-1,
91,89,81,-1,
91,81,88,-1,
88,81,80,-1,
76,73,77,-1,
77,73,87,-1,
77,87,79,-1,
79,87,88,-1,
79,88,78,-1,
78,88,80,-1,
86,85,83,-1,
83,85,82,-1,
83,82,76,-1,
76,82,75,-1,
76,75,73,-1,
73,75,72,-1,
30,32,41,-1,
25,27,26,-1,
26,27,28,-1,
39,36,29,-1,
31,33,34,-1,
34,42,43,-1,
35,37,28,-1,
28,37,38,-1,
38,39,28,-1,
28,39,29,-1,
28,29,26,-1,
26,29,30,-1,
26,30,40,-1,
40,30,41,-1,
32,31,41,-1,
41,31,34,-1,
41,34,44,-1,
44,34,43,-1,
27,25,47,-1,
27,47,48,-1,
48,47,56,-1,
48,56,58,-1,
46,47,25,-1,
46,25,45,-1,
56,47,54,-1,
54,47,46,-1,
54,46,52,-1,
52,46,45,-1,
25,26,45,-1,
45,26,53,-1,
45,53,52,-1,
72,74,71,-1,
71,74,68,-1,
71,68,66,-1,
72,70,69,-1,
71,70,72,-1,
71,66,70,-1,
70,66,64,-1,
70,64,69,-1,
69,64,62,-1,
62,63,69,-1,
69,63,73,-1,
69,73,72,-1
]
normalIndex [
13,13,15,-1,
13,15,15,-1,
15,15,16,-1,
15,16,16,-1,
13,13,13,-1,
13,13,13,-1,
8,13,8,-1,
8,13,13,-1,
8,8,8,-1,
8,8,8,-1,
12,12,9,-1,
12,9,9,-1,
9,9,8,-1,
9,8,8,-1,
12,12,12,-1,
12,12,12,-1,
8,8,8,-1,
8,8,8,-1,
13,13,13,-1,
13,13,13,-1,
16,16,16,-1,
16,16,16,-1,
13,16,13,-1,
13,16,16,-1,
13,13,13,-1,
13,13,13,-1,
8,8,11,-1,
8,11,11,-1,
11,11,13,-1,
11,13,13,-1,
8,8,8,-1,
8,8,8,-1,
8,13,8,-1,
8,13,13,-1,
8,8,8,-1,
8,8,8,-1,
12,12,9,-1,
12,9,9,-1,
9,9,8,-1,
9,8,8,-1,
12,12,12,-1,
12,12,12,-1,
8,8,8,-1,
8,8,8,-1,
13,13,13,-1,
13,13,13,-1,
16,16,16,-1,
16,16,16,-1,
13,16,13,-1,
13,16,16,-1,
13,13,13,-1,
13,13,13,-1,
8,8,11,-1,
8,11,11,-1,
11,11,13,-1,
11,13,13,-1,
8,8,8,-1,
8,8,8,-1,
13,13,13,-1,
13,13,13,-1,
13,13,13,-1,
13,13,13,-1,
13,13,13,-1,
13,13,13,-1,
13,13,13,-1,
13,13,13,-1,
13,13,13,-1,
13,13,13,-1,
13,13,13,-1,
13,13,13,-1,
7,7,7,-1,
7,7,7,-1,
12,12,10,-1,
12,10,10,-1,
10,10,7,-1,
10,7,7,-1,
12,12,12,-1,
12,12,12,-1,
16,16,16,-1,
16,16,16,-1,
16,16,16,-1,
16,16,16,-1,
16,16,16,-1,
16,16,16,-1,
16,16,16,-1,
16,16,16,-1,
16,16,16,-1,
16,16,16,-1,
16,16,16,-1,
16,16,16,-1,
13,13,15,-1,
13,15,15,-1,
15,15,16,-1,
15,16,16,-1,
13,13,13,-1,
13,13,13,-1,
24,24,24,-1,
24,24,24,-1,
24,24,24,-1,
24,24,24,-1,
24,24,24,-1,
24,24,24,-1,
24,24,24,-1,
24,24,24,-1,
24,24,24,-1,
24,24,24,-1,
24,24,24,-1,
24,24,24,-1,
24,24,24,-1,
24,24,24,-1,
24,24,24,-1,
24,24,24,-1,
24,24,24,-1,
24,24,24,-1,
0,0,0,-1,
0,0,0,-1,
0,0,0,-1,
0,0,0,-1,
0,0,0,-1,
0,0,0,-1,
0,0,0,-1,
0,0,0,-1,
0,0,0,-1,
0,0,0,-1,
0,0,0,-1,
0,0,0,-1,
0,0,0,-1,
0,0,0,-1,
0,0,0,-1,
0,0,0,-1,
0,0,0,-1,
0,0,0,-1,
7,7,3,-1,
7,3,3,-1,
3,3,0,-1,
3,0,0,-1,
12,1,2,-1,
0,3,2,-1,
12,2,10,-1,
10,2,3,-1,
10,3,7,-1,
1,0,2,-1,
12,12,1,-1,
12,1,1,-1,
1,1,0,-1,
1,0,0,-1,
24,24,20,-1,
24,20,20,-1,
20,20,7,-1,
20,7,7,-1,
19,20,24,-1,
19,24,18,-1,
18,12,10,-1,
18,10,19,-1,
19,10,7,-1,
19,7,20,-1,
12,12,18,-1,
12,18,18,-1,
18,18,24,-1,
18,24,24,-1,
17,17,17,-1,
17,17,17,-1,
13,13,14,-1,
14,13,14,-1,
14,14,17,-1,
17,14,17,-1,
13,13,13,-1,
13,13,13,-1,
0,0,0,-1,
0,0,0,-1,
0,0,0,-1,
0,0,0,-1,
0,0,0,-1,
0,0,0,-1,
0,0,0,-1,
0,0,0,-1,
0,0,0,-1,
0,0,0,-1,
0,0,0,-1,
0,0,0,-1,
0,0,0,-1,
0,0,0,-1,
0,0,0,-1,
0,0,0,-1,
0,0,0,-1,
0,0,0,-1,
24,24,24,-1,
24,24,24,-1,
24,24,24,-1,
24,24,24,-1,
24,24,24,-1,
24,24,24,-1,
24,24,24,-1,
24,24,24,-1,
24,24,24,-1,
24,24,24,-1,
24,24,24,-1,
24,24,24,-1,
24,24,24,-1,
24,24,24,-1,
24,24,24,-1,
24,24,24,-1,
24,24,24,-1,
24,24,24,-1,
24,24,21,-1,
24,21,21,-1,
21,21,17,-1,
21,17,17,-1,
22,21,24,-1,
22,24,23,-1,
17,21,14,-1,
14,21,22,-1,
14,22,13,-1,
13,22,23,-1,
24,24,23,-1,
23,24,13,-1,
23,13,13,-1,
0,0,4,-1,
4,0,17,-1,
4,17,17,-1,
0,5,6,-1,
4,5,0,-1,
4,17,5,-1,
5,17,14,-1,
5,14,6,-1,
6,14,13,-1,
13,13,6,-1,
6,13,0,-1,
6,0,0,-1
]
}
}
Shape {
appearance Appearance {
material Material {
ambientIntensity 0
diffuseColor 1 1 1 
specularColor 0.098 0.098 0.098 
shininess 0.000781 
transparency 0
}
}
geometry IndexedFaceSet {
normalPerVertex TRUE
solid TRUE
convex TRUE
coord Coordinate { point [
-0.35211667 -0.56082714 0.27300987,
-0.35211667 -0.54999995 0.27300987,
-0.35211667 -0.59991801 0.058009859,
-0.35211667 -0.59200001 0.058009859,
-0.35211667 -0.57599998 0.058009859,
-0.35211667 -0.56199998 0.058009859,
-0.35211667 -0.56599998 0.056009863,
-0.35211667 -0.56199998 0.056009863,
-0.35211667 -0.56670707 0.055716969,
-0.35211667 -0.56699997 0.055009861,
-0.35211667 -0.59200001 0.054009862,
-0.35211667 -0.57599998 0.054009862,
-0.35211667 -0.59170711 0.053302754,
-0.35211667 -0.59099996 0.05300986,
-0.35211667 -0.57699996 0.05300986,
-0.35211667 -0.54999995 0.050009862,
-0.35211667 -0.55146444 0.046474326,
-0.35211667 -0.56699997 0.046009861,
-0.35211667 -0.56599998 0.045009863,
-0.35211667 -0.55500001 0.045009863,
-0.35065222 -0.56082714 0.27654541,
-0.35065222 -0.54999995 0.27654541,
-0.35065222 -0.56309247 0.27572426,
-0.35065222 -0.5643056 0.27364233,
-0.35065222 -0.60351151 0.058009859,
-0.3501167 -0.56082714 0.27300987,
-0.3501167 -0.54999995 0.27300987,
-0.3501167 -0.59991801 0.058009859,
-0.3501167 -0.59200001 0.058009859,
-0.3501167 -0.57599998 0.058009859,
-0.3501167 -0.56199998 0.058009859,
-0.3501167 -0.56599998 0.056009863,
-0.3501167 -0.56199998 0.056009863,
-0.3501167 -0.56670707 0.055716969,
-0.3501167 -0.56699997 0.055009861,
-0.3501167 -0.59200001 0.054009862,
-0.3501167 -0.57599998 0.054009862,
-0.3501167 -0.59170711 0.053302754,
-0.3501167 -0.59099996 0.05300986,
-0.3501167 -0.57699996 0.05300986,
-0.3501167 -0.54999995 0.050009862,
-0.3501167 -0.55146444 0.046474326,
-0.3501167 -0.56699997 0.046009861,
-0.3501167 -0.56599998 0.045009863,
-0.3501167 -0.55500001 0.045009863,
-0.34923801 -0.56082714 0.2751312,
-0.34923801 -0.56218636 0.2746385,
-0.34923801 -0.56291419 0.27338934,
-0.34711668 -0.56082714 0.27800986,
-0.34711668 -0.54999995 0.27800986,
-0.34711668 -0.56403083 0.27684861,
-0.34711668 -0.56082714 0.27600986,
-0.34711668 -0.54999995 0.27600986,
-0.34711668 -0.56274939 0.27531311,
-0.34711668 -0.56574643 0.27390429,
-0.34711668 -0.5637787 0.27354652,
-0.34711668 -0.60500002 0.058009859,
-0.34711668 -0.6029672 0.058009859,
-0.34411669 -0.56082714 0.27800986,
-0.34411669 -0.54999995 0.27800986,
-0.34411669 -0.56403083 0.27684861,
-0.34411669 -0.56082714 0.27600986,
-0.34411669 -0.54999995 0.27600986,
-0.34411669 -0.56274939 0.27531311,
-0.34411669 -0.56574643 0.27390429,
-0.34411669 -0.5637787 0.27354652,
-0.34411669 -0.60500002 0.058009859,
-0.34411669 -0.6029672 0.058009859,
-0.34261668 -0.60144258 0.058009859,
-0.34199536 -0.56082714 0.2751312,
-0.34199536 -0.56218636 0.2746385,
-0.34199536 -0.56291419 0.27338934,
-0.3411167 -0.56082714 0.27300987,
-0.3411167 -0.54999995 0.27300987,
-0.3411167 -0.59991801 0.058009859,
-0.3411167 -0.59200001 0.058009859,
-0.3411167 -0.57599998 0.058009859,
-0.3411167 -0.56199998 0.058009859,
-0.3411167 -0.56599998 0.056009863,
-0.3411167 -0.56199998 0.056009863,
-0.3411167 -0.56670707 0.055716969,
-0.3411167 -0.56699997 0.055009861,
-0.3411167 -0.59200001 0.054009862,
-0.3411167 -0.57599998 0.054009862,
-0.3411167 -0.59170711 0.053302754,
-0.3411167 -0.59099996 0.05300986,
-0.3411167 -0.57699996 0.05300986,
-0.3411167 -0.54999995 0.050009862,
-0.3411167 -0.55146444 0.046474326,
-0.3411167 -0.56699997 0.046009861,
-0.3411167 -0.56599998 0.045009863,
-0.3411167 -0.55500001 0.045009863,
-0.34058115 -0.56082714 0.27654541,
-0.34058115 -0.54999995 0.27654541,
-0.34058115 -0.56309247 0.27572426,
-0.34058115 -0.5643056 0.27364233,
-0.34058115 -0.60351151 0.058009859,
-0.33911669 -0.56082714 0.27300987,
-0.33911669 -0.54999995 0.27300987,
-0.33911669 -0.59991801 0.058009859,
-0.33911669 -0.59200001 0.058009859,
-0.33911669 -0.57599998 0.058009859,
-0.33911669 -0.56199998 0.058009859,
-0.33911669 -0.56599998 0.056009863,
-0.33911669 -0.56199998 0.056009863,
-0.33911669 -0.56670707 0.055716969,
-0.33911669 -0.56699997 0.055009861,
-0.33911669 -0.59200001 0.054009862,
-0.33911669 -0.57599998 0.054009862,
-0.33911669 -0.59170711 0.053302754,
-0.33911669 -0.59099996 0.05300986,
-0.33911669 -0.57699996 0.05300986,
-0.33911669 -0.54999995 0.050009862,
-0.33911669 -0.55146444 0.046474326,
-0.33911669 -0.56699997 0.046009861,
-0.33911669 -0.56599998 0.045009863,
-0.33911669 -0.55500001 0.045009863
] }
normal Normal { vector [
-1 0 0,
-0.707107 0 0.707107,
-0.707107 -0.453077 0.542882,
-0.707107 -0.695701 0.126491,
-0.707107 0.695701 -0.126491,
-0.707107 0.453077 -0.542882,
-0.707107 0 -0.707107,
0 -0.98387 0.178885,
0 -1 0,
0 -0.707107 0.707107,
0 -0.640747 0.767752,
0 -0.707107 -0.707107,
0 0 1,
0 0 -1,
0 0.640747 -0.767752,
0 0.707107 -0.707107,
0 1 0,
0 0.98387 -0.178885,
0.707107 0 0.707107,
0.707107 -0.453077 0.542882,
0.707107 -0.695701 0.126491,
0.707107 0.695701 -0.126491,
0.707107 0.453077 -0.542882,
0.707107 0 -0.707107,
1 0 0
] }
coordIndex [
44,19,16,-1,
44,16,41,-1,
41,16,15,-1,
41,15,40,-1,
43,18,44,-1,
44,18,19,-1,
17,18,42,-1,
42,18,43,-1,
34,9,42,-1,
42,9,17,-1,
31,6,8,-1,
31,8,33,-1,
33,8,9,-1,
33,9,34,-1,
32,7,31,-1,
31,7,6,-1,
30,5,32,-1,
32,5,7,-1,
29,4,30,-1,
30,4,5,-1,
36,11,29,-1,
29,11,4,-1,
14,11,39,-1,
39,11,36,-1,
38,13,39,-1,
39,13,14,-1,
35,10,12,-1,
35,12,37,-1,
37,12,13,-1,
37,13,38,-1,
28,3,35,-1,
35,3,10,-1,
89,90,114,-1,
114,90,115,-1,
114,106,89,-1,
89,106,81,-1,
103,78,80,-1,
103,80,105,-1,
105,80,81,-1,
105,81,106,-1,
103,104,78,-1,
78,104,79,-1,
104,102,79,-1,
79,102,77,-1,
102,101,77,-1,
77,101,76,-1,
101,108,76,-1,
76,108,83,-1,
86,83,111,-1,
111,83,108,-1,
111,110,86,-1,
86,110,85,-1,
107,82,84,-1,
107,84,109,-1,
109,84,85,-1,
109,85,110,-1,
107,100,82,-1,
82,100,75,-1,
57,67,66,-1,
3,28,2,-1,
2,28,27,-1,
2,27,24,-1,
24,27,57,-1,
24,57,56,-1,
56,57,66,-1,
75,100,74,-1,
74,100,99,-1,
74,99,67,-1,
67,99,96,-1,
67,96,66,-1,
64,54,66,-1,
66,54,56,-1,
58,48,50,-1,
58,50,60,-1,
60,50,54,-1,
60,54,64,-1,
59,49,58,-1,
58,49,48,-1,
26,40,15,-1,
112,87,98,-1,
98,87,73,-1,
15,1,26,-1,
26,1,21,-1,
26,21,52,-1,
52,21,49,-1,
52,49,62,-1,
62,49,59,-1,
62,59,73,-1,
73,59,93,-1,
73,93,98,-1,
116,91,88,-1,
116,88,113,-1,
113,88,87,-1,
113,87,112,-1,
116,115,91,-1,
91,115,90,-1,
102,104,113,-1,
97,99,98,-1,
98,99,100,-1,
111,108,101,-1,
103,105,106,-1,
106,114,115,-1,
107,109,100,-1,
100,109,110,-1,
110,111,100,-1,
100,111,101,-1,
100,101,98,-1,
98,101,102,-1,
98,102,112,-1,
112,102,113,-1,
104,103,113,-1,
113,103,106,-1,
113,106,116,-1,
116,106,115,-1,
3,2,0,-1,
18,17,19,-1,
19,17,9,-1,
19,9,16,-1,
16,9,8,-1,
13,12,10,-1,
8,6,16,-1,
16,6,7,-1,
16,7,15,-1,
15,7,5,-1,
15,5,1,-1,
1,5,4,-1,
14,13,11,-1,
11,13,10,-1,
11,10,4,-1,
4,10,3,-1,
4,3,1,-1,
1,3,0,-1,
56,54,23,-1,
56,23,24,-1,
24,23,0,-1,
24,0,2,-1,
48,20,22,-1,
0,23,22,-1,
48,22,50,-1,
50,22,23,-1,
50,23,54,-1,
20,0,22,-1,
48,49,21,-1,
48,21,20,-1,
20,21,1,-1,
20,1,0,-1,
99,97,95,-1,
99,95,96,-1,
96,95,64,-1,
96,64,66,-1,
94,95,97,-1,
94,97,92,-1,
92,58,60,-1,
92,60,94,-1,
94,60,64,-1,
94,64,95,-1,
59,58,92,-1,
59,92,93,-1,
93,92,97,-1,
93,97,98,-1,
55,65,57,-1,
57,65,67,-1,
51,61,53,-1,
53,61,63,-1,
53,63,55,-1,
55,63,65,-1,
52,62,51,-1,
51,62,61,-1,
75,74,72,-1,
85,84,82,-1,
90,89,91,-1,
91,89,81,-1,
91,81,88,-1,
88,81,80,-1,
76,73,77,-1,
77,73,87,-1,
77,87,79,-1,
79,87,88,-1,
79,88,78,-1,
78,88,80,-1,
86,85,83,-1,
83,85,82,-1,
83,82,76,-1,
76,82,75,-1,
76,75,73,-1,
73,75,72,-1,
30,32,41,-1,
25,27,26,-1,
26,27,28,-1,
39,36,29,-1,
31,33,34,-1,
34,42,43,-1,
35,37,28,-1,
28,37,38,-1,
38,39,28,-1,
28,39,29,-1,
28,29,26,-1,
26,29,30,-1,
26,30,40,-1,
40,30,41,-1,
32,31,41,-1,
41,31,34,-1,
41,34,44,-1,
44,34,43,-1,
55,57,47,-1,
47,57,27,-1,
47,27,25,-1,
46,47,25,-1,
46,25,45,-1,
55,47,53,-1,
53,47,46,-1,
53,46,51,-1,
51,46,45,-1,
25,26,45,-1,
45,26,52,-1,
45,52,51,-1,
67,65,71,-1,
67,71,68,-1,
68,71,72,-1,
68,72,74,-1,
72,70,69,-1,
71,70,72,-1,
71,65,70,-1,
70,65,63,-1,
70,63,69,-1,
69,63,61,-1,
61,62,69,-1,
69,62,73,-1,
69,73,72,-1
]
normalIndex [
13,13,15,-1,
13,15,15,-1,
15,15,16,-1,
15,16,16,-1,
13,13,13,-1,
13,13,13,-1,
8,13,8,-1,
8,13,13,-1,
8,8,8,-1,
8,8,8,-1,
12,12,9,-1,
12,9,9,-1,
9,9,8,-1,
9,8,8,-1,
12,12,12,-1,
12,12,12,-1,
8,8,8,-1,
8,8,8,-1,
13,13,13,-1,
13,13,13,-1,
16,16,16,-1,
16,16,16,-1,
13,16,13,-1,
13,16,16,-1,
13,13,13,-1,
13,13,13,-1,
8,8,11,-1,
8,11,11,-1,
11,11,13,-1,
11,13,13,-1,
8,8,8,-1,
8,8,8,-1,
8,13,8,-1,
8,13,13,-1,
8,8,8,-1,
8,8,8,-1,
12,12,9,-1,
12,9,9,-1,
9,9,8,-1,
9,8,8,-1,
12,12,12,-1,
12,12,12,-1,
8,8,8,-1,
8,8,8,-1,
13,13,13,-1,
13,13,13,-1,
16,16,16,-1,
16,16,16,-1,
13,16,13,-1,
13,16,16,-1,
13,13,13,-1,
13,13,13,-1,
8,8,11,-1,
8,11,11,-1,
11,11,13,-1,
11,13,13,-1,
8,8,8,-1,
8,8,8,-1,
13,13,13,-1,
13,13,13,-1,
13,13,13,-1,
13,13,13,-1,
13,13,13,-1,
13,13,13,-1,
13,13,13,-1,
13,13,13,-1,
13,13,13,-1,
13,13,13,-1,
13,13,13,-1,
13,13,13,-1,
7,7,7,-1,
7,7,7,-1,
12,12,10,-1,
12,10,10,-1,
10,10,7,-1,
10,7,7,-1,
12,12,12,-1,
12,12,12,-1,
16,16,16,-1,
16,16,16,-1,
16,16,16,-1,
16,16,16,-1,
16,16,16,-1,
16,16,16,-1,
16,16,16,-1,
16,16,16,-1,
16,16,16,-1,
16,16,16,-1,
16,16,16,-1,
16,16,16,-1,
13,13,15,-1,
13,15,15,-1,
15,15,16,-1,
15,16,16,-1,
13,13,13,-1,
13,13,13,-1,
24,24,24,-1,
24,24,24,-1,
24,24,24,-1,
24,24,24,-1,
24,24,24,-1,
24,24,24,-1,
24,24,24,-1,
24,24,24,-1,
24,24,24,-1,
24,24,24,-1,
24,24,24,-1,
24,24,24,-1,
24,24,24,-1,
24,24,24,-1,
24,24,24,-1,
24,24,24,-1,
24,24,24,-1,
24,24,24,-1,
0,0,0,-1,
0,0,0,-1,
0,0,0,-1,
0,0,0,-1,
0,0,0,-1,
0,0,0,-1,
0,0,0,-1,
0,0,0,-1,
0,0,0,-1,
0,0,0,-1,
0,0,0,-1,
0,0,0,-1,
0,0,0,-1,
0,0,0,-1,
0,0,0,-1,
0,0,0,-1,
0,0,0,-1,
0,0,0,-1,
7,7,3,-1,
7,3,3,-1,
3,3,0,-1,
3,0,0,-1,
12,1,2,-1,
0,3,2,-1,
12,2,10,-1,
10,2,3,-1,
10,3,7,-1,
1,0,2,-1,
12,12,1,-1,
12,1,1,-1,
1,1,0,-1,
1,0,0,-1,
24,24,20,-1,
24,20,20,-1,
20,20,7,-1,
20,7,7,-1,
19,20,24,-1,
19,24,18,-1,
18,12,10,-1,
18,10,19,-1,
19,10,7,-1,
19,7,20,-1,
12,12,18,-1,
12,18,18,-1,
18,18,24,-1,
18,24,24,-1,
17,17,17,-1,
17,17,17,-1,
13,13,14,-1,
14,13,14,-1,
14,14,17,-1,
17,14,17,-1,
13,13,13,-1,
13,13,13,-1,
0,0,0,-1,
0,0,0,-1,
0,0,0,-1,
0,0,0,-1,
0,0,0,-1,
0,0,0,-1,
0,0,0,-1,
0,0,0,-1,
0,0,0,-1,
0,0,0,-1,
0,0,0,-1,
0,0,0,-1,
0,0,0,-1,
0,0,0,-1,
0,0,0,-1,
0,0,0,-1,
0,0,0,-1,
0,0,0,-1,
24,24,24,-1,
24,24,24,-1,
24,24,24,-1,
24,24,24,-1,
24,24,24,-1,
24,24,24,-1,
24,24,24,-1,
24,24,24,-1,
24,24,24,-1,
24,24,24,-1,
24,24,24,-1,
24,24,24,-1,
24,24,24,-1,
24,24,24,-1,
24,24,24,-1,
24,24,24,-1,
24,24,24,-1,
24,24,24,-1,
17,17,21,-1,
21,17,24,-1,
21,24,24,-1,
22,21,24,-1,
22,24,23,-1,
17,21,14,-1,
14,21,22,-1,
14,22,13,-1,
13,22,23,-1,
24,24,23,-1,
23,24,13,-1,
23,13,13,-1,
17,17,4,-1,
17,4,4,-1,
4,4,0,-1,
4,0,0,-1,
0,5,6,-1,
4,5,0,-1,
4,17,5,-1,
5,17,14,-1,
5,14,6,-1,
6,14,13,-1,
13,13,6,-1,
6,13,0,-1,
6,0,0,-1
]
}
}
Shape {
appearance Appearance {
material Material {
ambientIntensity 0
diffuseColor 1 1 1 
specularColor 0.098 0.098 0.098 
shininess 0.000781 
transparency 0
}
}
geometry IndexedFaceSet {
normalPerVertex TRUE
solid TRUE
convex TRUE
coord Coordinate { point [
0.33921665 -0.56082714 0.27300987,
0.33921665 -0.54999995 0.27300987,
0.33921665 -0.59991801 0.058009859,
0.33921665 -0.59200001 0.058009859,
0.33921665 -0.57599998 0.058009859,
0.33921665 -0.56199998 0.058009859,
0.33921665 -0.56599998 0.056009863,
0.33921665 -0.56199998 0.056009863,
0.33921665 -0.56670707 0.055716969,
0.33921665 -0.56699997 0.055009861,
0.33921665 -0.59200001 0.054009862,
0.33921665 -0.57599998 0.054009862,
0.33921665 -0.59170711 0.053302754,
0.33921665 -0.59099996 0.05300986,
0.33921665 -0.57699996 0.05300986,
0.33921665 -0.54999995 0.050009862,
0.33921665 -0.55146444 0.046474326,
0.33921665 -0.56699997 0.046009861,
0.33921665 -0.56599998 0.045009863,
0.33921665 -0.55500001 0.045009863,
0.34068111 -0.56082714 0.27654541,
0.34068111 -0.54999995 0.27654541,
0.34068111 -0.56309247 0.27572426,
0.34068111 -0.5643056 0.27364233,
0.34068111 -0.60351151 0.058009859,
0.34121665 -0.56082714 0.27300987,
0.34121665 -0.54999995 0.27300987,
0.34121665 -0.59991801 0.058009859,
0.34121665 -0.59200001 0.058009859,
0.34121665 -0.57599998 0.058009859,
0.34121665 -0.56199998 0.058009859,
0.34121665 -0.56599998 0.056009863,
0.34121665 -0.56199998 0.056009863,
0.34121665 -0.56670707 0.055716969,
0.34121665 -0.56699997 0.055009861,
0.34121665 -0.59200001 0.054009862,
0.34121665 -0.57599998 0.054009862,
0.34121665 -0.59170711 0.053302754,
0.34121665 -0.59099996 0.05300986,
0.34121665 -0.57699996 0.05300986,
0.34121665 -0.54999995 0.050009862,
0.34121665 -0.55146444 0.046474326,
0.34121665 -0.56699997 0.046009861,
0.34121665 -0.56599998 0.045009863,
0.34121665 -0.55500001 0.045009863,
0.34209532 -0.56082714 0.2751312,
0.34209532 -0.56218636 0.2746385,
0.34209532 -0.56291419 0.27338934,
0.34421664 -0.56082714 0.27800986,
0.34421664 -0.54999995 0.27800986,
0.34421664 -0.56403083 0.27684861,
0.34421664 -0.56082714 0.27600986,
0.34421664 -0.54999995 0.27600986,
0.34421664 -0.56274939 0.27531311,
0.34421664 -0.56574643 0.27390429,
0.34421664 -0.5637787 0.27354652,
0.34421664 -0.60500002 0.058009859,
0.34421664 -0.6029672 0.058009859,
0.34721664 -0.56082714 0.27800986,
0.34721664 -0.54999995 0.27800986,
0.34721664 -0.56403083 0.27684861,
0.34721664 -0.56082714 0.27600986,
0.34721664 -0.54999995 0.27600986,
0.34721664 -0.56274939 0.27531311,
0.34721664 -0.56574643 0.27390429,
0.34721664 -0.5637787 0.27354652,
0.34721664 -0.60500002 0.058009859,
0.34721664 -0.6029672 0.058009859,
0.34871665 -0.60144258 0.058009859,
0.34933797 -0.56082714 0.2751312,
0.34933797 -0.56218636 0.2746385,
0.34933797 -0.56291419 0.27338934,
0.35021666 -0.56082714 0.27300987,
0.35021666 -0.54999995 0.27300987,
0.35021666 -0.59991801 0.058009859,
0.35021666 -0.59200001 0.058009859,
0.35021666 -0.57599998 0.058009859,
0.35021666 -0.56199998 0.058009859,
0.35021666 -0.56599998 0.056009863,
0.35021666 -0.56199998 0.056009863,
0.35021666 -0.56670707 0.055716969,
0.35021666 -0.56699997 0.055009861,
0.35021666 -0.59200001 0.054009862,
0.35021666 -0.57599998 0.054009862,
0.35021666 -0.59170711 0.053302754,
0.35021666 -0.59099996 0.05300986,
0.35021666 -0.57699996 0.05300986,
0.35021666 -0.54999995 0.050009862,
0.35021666 -0.55146444 0.046474326,
0.35021666 -0.56699997 0.046009861,
0.35021666 -0.56599998 0.045009863,
0.35021666 -0.55500001 0.045009863,
0.35075217 -0.56082714 0.27654541,
0.35075217 -0.54999995 0.27654541,
0.35075217 -0.56309247 0.27572426,
0.35075217 -0.5643056 0.27364233,
0.35075217 -0.60351151 0.058009859,
0.35221663 -0.56082714 0.27300987,
0.35221663 -0.54999995 0.27300987,
0.35221663 -0.59991801 0.058009859,
0.35221663 -0.59200001 0.058009859,
0.35221663 -0.57599998 0.058009859,
0.35221663 -0.56199998 0.058009859,
0.35221663 -0.56599998 0.056009863,
0.35221663 -0.56199998 0.056009863,
0.35221663 -0.56670707 0.055716969,
0.35221663 -0.56699997 0.055009861,
0.35221663 -0.59200001 0.054009862,
0.35221663 -0.57599998 0.054009862,
0.35221663 -0.59170711 0.053302754,
0.35221663 -0.59099996 0.05300986,
0.35221663 -0.57699996 0.05300986,
0.35221663 -0.54999995 0.050009862,
0.35221663 -0.55146444 0.046474326,
0.35221663 -0.56699997 0.046009861,
0.35221663 -0.56599998 0.045009863,
0.35221663 -0.55500001 0.045009863
] }
normal Normal { vector [
-1 0 0,
-0.707107 0 0.707107,
-0.707107 -0.453077 0.542882,
-0.707107 -0.695701 0.126491,
-0.707107 0.695701 -0.126491,
-0.707107 0.453077 -0.542882,
-0.707107 0 -0.707107,
0 -0.98387 0.178885,
0 -1 0,
0 -0.707107 0.707107,
0 -0.640747 0.767752,
0 -0.707107 -0.707107,
0 0 1,
0 0 -1,
0 0.640747 -0.767752,
0 0.707107 -0.707107,
0 1 0,
0 0.98387 -0.178885,
0.707107 0 0.707107,
0.707107 -0.453077 0.542882,
0.707107 -0.695701 0.126491,
0.707107 0.695701 -0.126491,
0.707107 0.453077 -0.542882,
0.707107 0 -0.707107,
1 0 0
] }
coordIndex [
44,19,16,-1,
44,16,41,-1,
41,16,15,-1,
41,15,40,-1,
43,18,44,-1,
44,18,19,-1,
17,18,42,-1,
42,18,43,-1,
34,9,42,-1,
42,9,17,-1,
31,6,8,-1,
31,8,33,-1,
33,8,9,-1,
33,9,34,-1,
32,7,31,-1,
31,7,6,-1,
30,5,32,-1,
32,5,7,-1,
29,4,30,-1,
30,4,5,-1,
36,11,29,-1,
29,11,4,-1,
14,11,39,-1,
39,11,36,-1,
38,13,39,-1,
39,13,14,-1,
35,10,12,-1,
35,12,37,-1,
37,12,13,-1,
37,13,38,-1,
28,3,35,-1,
35,3,10,-1,
89,90,114,-1,
114,90,115,-1,
114,106,89,-1,
89,106,81,-1,
103,78,80,-1,
103,80,105,-1,
105,80,81,-1,
105,81,106,-1,
103,104,78,-1,
78,104,79,-1,
104,102,79,-1,
79,102,77,-1,
102,101,77,-1,
77,101,76,-1,
101,108,76,-1,
76,108,83,-1,
86,83,111,-1,
111,83,108,-1,
111,110,86,-1,
86,110,85,-1,
107,82,84,-1,
107,84,109,-1,
109,84,85,-1,
109,85,110,-1,
107,100,82,-1,
82,100,75,-1,
57,67,66,-1,
3,28,2,-1,
2,28,27,-1,
2,27,24,-1,
24,27,57,-1,
24,57,56,-1,
56,57,66,-1,
75,100,74,-1,
74,100,99,-1,
74,99,67,-1,
67,99,96,-1,
67,96,66,-1,
64,54,66,-1,
66,54,56,-1,
58,48,50,-1,
58,50,60,-1,
60,50,54,-1,
60,54,64,-1,
59,49,58,-1,
58,49,48,-1,
26,40,15,-1,
112,87,98,-1,
98,87,73,-1,
15,1,26,-1,
26,1,21,-1,
26,21,52,-1,
52,21,49,-1,
52,49,62,-1,
62,49,59,-1,
62,59,73,-1,
73,59,93,-1,
73,93,98,-1,
116,91,88,-1,
116,88,113,-1,
113,88,87,-1,
113,87,112,-1,
116,115,91,-1,
91,115,90,-1,
102,104,113,-1,
97,99,98,-1,
98,99,100,-1,
111,108,101,-1,
103,105,106,-1,
106,114,115,-1,
107,109,100,-1,
100,109,110,-1,
110,111,100,-1,
100,111,101,-1,
100,101,98,-1,
98,101,102,-1,
98,102,112,-1,
112,102,113,-1,
104,103,113,-1,
113,103,106,-1,
113,106,116,-1,
116,106,115,-1,
3,2,0,-1,
18,17,19,-1,
19,17,9,-1,
19,9,16,-1,
16,9,8,-1,
13,12,10,-1,
8,6,16,-1,
16,6,7,-1,
16,7,15,-1,
15,7,5,-1,
15,5,1,-1,
1,5,4,-1,
14,13,11,-1,
11,13,10,-1,
11,10,4,-1,
4,10,3,-1,
4,3,1,-1,
1,3,0,-1,
56,54,23,-1,
56,23,24,-1,
24,23,0,-1,
24,0,2,-1,
48,20,22,-1,
0,23,22,-1,
48,22,50,-1,
50,22,23,-1,
50,23,54,-1,
20,0,22,-1,
48,49,21,-1,
48,21,20,-1,
20,21,1,-1,
20,1,0,-1,
99,97,95,-1,
99,95,96,-1,
96,95,64,-1,
96,64,66,-1,
94,95,97,-1,
94,97,92,-1,
92,58,60,-1,
92,60,94,-1,
94,60,64,-1,
94,64,95,-1,
59,58,92,-1,
59,92,93,-1,
93,92,97,-1,
93,97,98,-1,
55,65,57,-1,
57,65,67,-1,
51,61,53,-1,
53,61,63,-1,
53,63,55,-1,
55,63,65,-1,
52,62,51,-1,
51,62,61,-1,
75,74,72,-1,
85,84,82,-1,
90,89,91,-1,
91,89,81,-1,
91,81,88,-1,
88,81,80,-1,
76,73,77,-1,
77,73,87,-1,
77,87,79,-1,
79,87,88,-1,
79,88,78,-1,
78,88,80,-1,
86,85,83,-1,
83,85,82,-1,
83,82,76,-1,
76,82,75,-1,
76,75,73,-1,
73,75,72,-1,
30,32,41,-1,
25,27,26,-1,
26,27,28,-1,
39,36,29,-1,
31,33,34,-1,
34,42,43,-1,
35,37,28,-1,
28,37,38,-1,
38,39,28,-1,
28,39,29,-1,
28,29,26,-1,
26,29,30,-1,
26,30,40,-1,
40,30,41,-1,
32,31,41,-1,
41,31,34,-1,
41,34,44,-1,
44,34,43,-1,
55,57,47,-1,
47,57,27,-1,
47,27,25,-1,
46,47,25,-1,
46,25,45,-1,
55,47,53,-1,
53,47,46,-1,
53,46,51,-1,
51,46,45,-1,
25,26,45,-1,
45,26,52,-1,
45,52,51,-1,
67,65,71,-1,
67,71,68,-1,
68,71,72,-1,
68,72,74,-1,
72,70,69,-1,
71,70,72,-1,
71,65,70,-1,
70,65,63,-1,
70,63,69,-1,
69,63,61,-1,
61,62,69,-1,
69,62,73,-1,
69,73,72,-1
]
normalIndex [
13,13,15,-1,
13,15,15,-1,
15,15,16,-1,
15,16,16,-1,
13,13,13,-1,
13,13,13,-1,
8,13,8,-1,
8,13,13,-1,
8,8,8,-1,
8,8,8,-1,
12,12,9,-1,
12,9,9,-1,
9,9,8,-1,
9,8,8,-1,
12,12,12,-1,
12,12,12,-1,
8,8,8,-1,
8,8,8,-1,
13,13,13,-1,
13,13,13,-1,
16,16,16,-1,
16,16,16,-1,
13,16,13,-1,
13,16,16,-1,
13,13,13,-1,
13,13,13,-1,
8,8,11,-1,
8,11,11,-1,
11,11,13,-1,
11,13,13,-1,
8,8,8,-1,
8,8,8,-1,
8,13,8,-1,
8,13,13,-1,
8,8,8,-1,
8,8,8,-1,
12,12,9,-1,
12,9,9,-1,
9,9,8,-1,
9,8,8,-1,
12,12,12,-1,
12,12,12,-1,
8,8,8,-1,
8,8,8,-1,
13,13,13,-1,
13,13,13,-1,
16,16,16,-1,
16,16,16,-1,
13,16,13,-1,
13,16,16,-1,
13,13,13,-1,
13,13,13,-1,
8,8,11,-1,
8,11,11,-1,
11,11,13,-1,
11,13,13,-1,
8,8,8,-1,
8,8,8,-1,
13,13,13,-1,
13,13,13,-1,
13,13,13,-1,
13,13,13,-1,
13,13,13,-1,
13,13,13,-1,
13,13,13,-1,
13,13,13,-1,
13,13,13,-1,
13,13,13,-1,
13,13,13,-1,
13,13,13,-1,
7,7,7,-1,
7,7,7,-1,
12,12,10,-1,
12,10,10,-1,
10,10,7,-1,
10,7,7,-1,
12,12,12,-1,
12,12,12,-1,
16,16,16,-1,
16,16,16,-1,
16,16,16,-1,
16,16,16,-1,
16,16,16,-1,
16,16,16,-1,
16,16,16,-1,
16,16,16,-1,
16,16,16,-1,
16,16,16,-1,
16,16,16,-1,
16,16,16,-1,
13,13,15,-1,
13,15,15,-1,
15,15,16,-1,
15,16,16,-1,
13,13,13,-1,
13,13,13,-1,
24,24,24,-1,
24,24,24,-1,
24,24,24,-1,
24,24,24,-1,
24,24,24,-1,
24,24,24,-1,
24,24,24,-1,
24,24,24,-1,
24,24,24,-1,
24,24,24,-1,
24,24,24,-1,
24,24,24,-1,
24,24,24,-1,
24,24,24,-1,
24,24,24,-1,
24,24,24,-1,
24,24,24,-1,
24,24,24,-1,
0,0,0,-1,
0,0,0,-1,
0,0,0,-1,
0,0,0,-1,
0,0,0,-1,
0,0,0,-1,
0,0,0,-1,
0,0,0,-1,
0,0,0,-1,
0,0,0,-1,
0,0,0,-1,
0,0,0,-1,
0,0,0,-1,
0,0,0,-1,
0,0,0,-1,
0,0,0,-1,
0,0,0,-1,
0,0,0,-1,
7,7,3,-1,
7,3,3,-1,
3,3,0,-1,
3,0,0,-1,
12,1,2,-1,
0,3,2,-1,
12,2,10,-1,
10,2,3,-1,
10,3,7,-1,
1,0,2,-1,
12,12,1,-1,
12,1,1,-1,
1,1,0,-1,
1,0,0,-1,
24,24,20,-1,
24,20,20,-1,
20,20,7,-1,
20,7,7,-1,
19,20,24,-1,
19,24,18,-1,
18,12,10,-1,
18,10,19,-1,
19,10,7,-1,
19,7,20,-1,
12,12,18,-1,
12,18,18,-1,
18,18,24,-1,
18,24,24,-1,
17,17,17,-1,
17,17,17,-1,
13,13,14,-1,
14,13,14,-1,
14,14,17,-1,
17,14,17,-1,
13,13,13,-1,
13,13,13,-1,
0,0,0,-1,
0,0,0,-1,
0,0,0,-1,
0,0,0,-1,
0,0,0,-1,
0,0,0,-1,
0,0,0,-1,
0,0,0,-1,
0,0,0,-1,
0,0,0,-1,
0,0,0,-1,
0,0,0,-1,
0,0,0,-1,
0,0,0,-1,
0,0,0,-1,
0,0,0,-1,
0,0,0,-1,
0,0,0,-1,
24,24,24,-1,
24,24,24,-1,
24,24,24,-1,
24,24,24,-1,
24,24,24,-1,
24,24,24,-1,
24,24,24,-1,
24,24,24,-1,
24,24,24,-1,
24,24,24,-1,
24,24,24,-1,
24,24,24,-1,
24,24,24,-1,
24,24,24,-1,
24,24,24,-1,
24,24,24,-1,
24,24,24,-1,
24,24,24,-1,
17,17,21,-1,
21,17,24,-1,
21,24,24,-1,
22,21,24,-1,
22,24,23,-1,
17,21,14,-1,
14,21,22,-1,
14,22,13,-1,
13,22,23,-1,
24,24,23,-1,
23,24,13,-1,
23,13,13,-1,
17,17,4,-1,
17,4,4,-1,
4,4,0,-1,
4,0,0,-1,
0,5,6,-1,
4,5,0,-1,
4,17,5,-1,
5,17,14,-1,
5,14,6,-1,
6,14,13,-1,
13,13,6,-1,
6,13,0,-1,
6,0,0,-1
]
}
}
Shape {
appearance Appearance {
material Material {
ambientIntensity 0
diffuseColor 1 1 1 
specularColor 0.098 0.098 0.098 
shininess 0.000781 
transparency 0
}
}
geometry IndexedFaceSet {
normalPerVertex TRUE
solid TRUE
convex TRUE
coord Coordinate { point [
-1.04345 -0.2858271 0.27300987,
-1.04345 -0.27499998 0.27300987,
-1.04345 -0.324918 0.058009859,
-1.04345 -0.317 0.058009859,
-1.04345 -0.301 0.058009859,
-1.04345 -0.287 0.058009859,
-1.04345 -0.29099998 0.056009863,
-1.04345 -0.287 0.056009863,
-1.04345 -0.2917071 0.055716969,
-1.04345 -0.292 0.055009861,
-1.04345 -0.317 0.054009862,
-1.04345 -0.301 0.054009862,
-1.04345 -0.30129287 0.053302754,
-1.04345 -0.31599998 0.05300986,
-1.04345 -0.30199999 0.05300986,
-1.04345 -0.27499998 0.050009862,
-1.04345 -0.27646446 0.046474326,
-1.04345 -0.292 0.046009861,
-1.04345 -0.2917071 0.045302752,
-1.04345 -0.29099998 0.045009863,
-1.04345 -0.28 0.045009863,
-1.0419856 -0.2858271 0.27654541,
-1.0419856 -0.27499998 0.27654541,
-1.0419856 -0.28809249 0.27572426,
-1.0419856 -0.2893056 0.27364233,
-1.0419856 -0.32851151 0.058009859,
-1.04145 -0.2858271 0.27300987,
-1.04145 -0.27499998 0.27300987,
-1.04145 -0.324918 0.058009859,
-1.04145 -0.317 0.058009859,
-1.04145 -0.301 0.058009859,
-1.04145 -0.287 0.058009859,
-1.04145 -0.29099998 0.056009863,
-1.04145 -0.287 0.056009863,
-1.04145 -0.2917071 0.055716969,
-1.04145 -0.292 0.055009861,
-1.04145 -0.317 0.054009862,
-1.04145 -0.301 0.054009862,
-1.04145 -0.30129287 0.053302754,
-1.04145 -0.31599998 0.05300986,
-1.04145 -0.30199999 0.05300986,
-1.04145 -0.27499998 0.050009862,
-1.04145 -0.27646446 0.046474326,
-1.04145 -0.292 0.046009861,
-1.04145 -0.2917071 0.045302752,
-1.04145 -0.29099998 0.045009863,
-1.04145 -0.28 0.045009863,
-1.0405713 -0.2858271 0.2751312,
-1.0405713 -0.28718632 0.2746385,
-1.0405713 -0.28791422 0.27338934,
-1.03995 -0.3264426 0.058009859,
-1.03845 -0.2858271 0.27800986,
-1.03845 -0.27499998 0.27800986,
-1.03845 -0.28903085 0.27684861,
-1.03845 -0.2858271 0.27600986,
-1.03845 -0.27499998 0.27600986,
-1.03845 -0.28774935 0.27531311,
-1.03845 -0.29074645 0.27390429,
-1.03845 -0.28877872 0.27354652,
-1.03845 -0.32999998 0.058009859,
-1.03845 -0.3279672 0.058009859,
-1.0354501 -0.2858271 0.27800986,
-1.0354501 -0.27499998 0.27800986,
-1.0354501 -0.28903085 0.27684861,
-1.0354501 -0.2858271 0.27600986,
-1.0354501 -0.27499998 0.27600986,
-1.0354501 -0.28774935 0.27531311,
-1.0354501 -0.29074645 0.27390429,
-1.0354501 -0.28877872 0.27354652,
-1.0354501 -0.32999998 0.058009859,
-1.0354501 -0.3279672 0.058009859,
-1.0333288 -0.2858271 0.2751312,
-1.0333288 -0.28718632 0.2746385,
-1.0333288 -0.28791422 0.27338934,
-1.0324501 -0.2858271 0.27300987,
-1.0324501 -0.27499998 0.27300987,
-1.0324501 -0.324918 0.058009859,
-1.0324501 -0.317 0.058009859,
-1.0324501 -0.301 0.058009859,
-1.0324501 -0.287 0.058009859,
-1.0324501 -0.29099998 0.056009863,
-1.0324501 -0.287 0.056009863,
-1.0324501 -0.2917071 0.055716969,
-1.0324501 -0.292 0.055009861,
-1.0324501 -0.317 0.054009862,
-1.0324501 -0.301 0.054009862,
-1.0324501 -0.30129287 0.053302754,
-1.0324501 -0.31599998 0.05300986,
-1.0324501 -0.30199999 0.05300986,
-1.0324501 -0.27499998 0.050009862,
-1.0324501 -0.27646446 0.046474326,
-1.0324501 -0.292 0.046009861,
-1.0324501 -0.2917071 0.045302752,
-1.0324501 -0.29099998 0.045009863,
-1.0324501 -0.28 0.045009863,
-1.0319145 -0.2858271 0.27654541,
-1.0319145 -0.27499998 0.27654541,
-1.0319145 -0.28809249 0.27572426,
-1.0319145 -0.2893056 0.27364233,
-1.0319145 -0.32851151 0.058009859,
-1.0304501 -0.2858271 0.27300987,
-1.0304501 -0.27499998 0.27300987,
-1.0304501 -0.324918 0.058009859,
-1.0304501 -0.317 0.058009859,
-1.0304501 -0.301 0.058009859,
-1.0304501 -0.287 0.058009859,
-1.0304501 -0.29099998 0.056009863,
-1.0304501 -0.287 0.056009863,
-1.0304501 -0.2917071 0.055716969,
-1.0304501 -0.292 0.055009861,
-1.0304501 -0.317 0.054009862,
-1.0304501 -0.301 0.054009862,
-1.0304501 -0.30129287 0.053302754,
-1.0304501 -0.31599998 0.05300986,
-1.0304501 -0.30199999 0.05300986,
-1.0304501 -0.27499998 0.050009862,
-1.0304501 -0.27646446 0.046474326,
-1.0304501 -0.292 0.046009861,
-1.0304501 -0.2917071 0.045302752,
-1.0304501 -0.29099998 0.045009863,
-1.0304501 -0.28 0.045009863
] }
normal Normal { vector [
-1 0 0,
-0.707107 0 0.707107,
-0.707107 -0.453077 0.542882,
-0.707107 -0.695701 0.126491,
-0.707107 0.695701 -0.126491,
-0.707107 0.453077 -0.542882,
-0.707107 0 -0.707107,
0 -0.98387 0.178885,
0 -1 0,
0 -0.707107 0.707107,
0 -0.640747 0.767752,
0 -0.707107 -0.707107,
0 0 1,
0 0 -1,
0 0.640747 -0.767752,
0 0.707107 -0.707107,
0 1 0,
0 0.98387 -0.178885,
0.707107 0 0.707107,
0.707107 -0.453077 0.542882,
0.707107 -0.695701 0.126491,
0.707107 0.695701 -0.126491,
0.707107 0.453077 -0.542882,
0.707107 0 -0.707107,
1 0 0
] }
coordIndex [
46,20,16,-1,
46,16,42,-1,
42,16,15,-1,
42,15,41,-1,
45,19,46,-1,
46,19,20,-1,
43,17,18,-1,
43,18,44,-1,
44,18,19,-1,
44,19,45,-1,
35,9,43,-1,
43,9,17,-1,
32,6,8,-1,
32,8,34,-1,
34,8,9,-1,
34,9,35,-1,
33,7,32,-1,
32,7,6,-1,
31,5,33,-1,
33,5,7,-1,
30,4,31,-1,
31,4,5,-1,
37,11,30,-1,
30,11,4,-1,
40,14,12,-1,
40,12,38,-1,
38,12,11,-1,
38,11,37,-1,
39,13,40,-1,
40,13,14,-1,
10,13,36,-1,
36,13,39,-1,
29,3,36,-1,
36,3,10,-1,
117,91,92,-1,
117,92,118,-1,
118,92,93,-1,
118,93,119,-1,
117,109,91,-1,
91,109,83,-1,
106,80,82,-1,
106,82,108,-1,
108,82,83,-1,
108,83,109,-1,
106,107,80,-1,
80,107,81,-1,
107,105,81,-1,
81,105,79,-1,
105,104,79,-1,
79,104,78,-1,
104,111,78,-1,
78,111,85,-1,
114,88,86,-1,
114,86,112,-1,
112,86,85,-1,
112,85,111,-1,
114,113,88,-1,
88,113,87,-1,
84,87,110,-1,
110,87,113,-1,
110,103,84,-1,
84,103,77,-1,
60,70,69,-1,
3,29,2,-1,
2,29,28,-1,
2,28,25,-1,
25,28,60,-1,
25,60,59,-1,
59,60,69,-1,
77,103,76,-1,
76,103,102,-1,
76,102,70,-1,
70,102,99,-1,
70,99,69,-1,
67,57,69,-1,
69,57,59,-1,
61,51,53,-1,
61,53,63,-1,
63,53,57,-1,
63,57,67,-1,
62,52,61,-1,
61,52,51,-1,
65,55,52,-1,
115,89,101,-1,
101,89,75,-1,
101,75,96,-1,
96,75,65,-1,
96,65,62,-1,
62,65,52,-1,
41,15,27,-1,
27,15,1,-1,
27,1,55,-1,
55,1,22,-1,
55,22,52,-1,
120,94,90,-1,
120,90,116,-1,
116,90,89,-1,
116,89,115,-1,
120,119,94,-1,
94,119,93,-1,
110,113,114,-1,
107,106,108,-1,
105,107,116,-1,
116,107,119,-1,
116,119,120,-1,
103,110,104,-1,
104,110,114,-1,
104,114,111,-1,
111,114,112,-1,
118,119,117,-1,
117,119,107,-1,
117,107,109,-1,
109,107,108,-1,
116,115,105,-1,
105,115,101,-1,
105,101,104,-1,
104,101,100,-1,
104,100,103,-1,
103,100,102,-1,
16,20,17,-1,
17,20,19,-1,
17,19,18,-1,
11,12,14,-1,
9,8,17,-1,
17,8,6,-1,
17,6,16,-1,
16,6,7,-1,
16,7,15,-1,
15,7,5,-1,
15,5,1,-1,
1,5,4,-1,
1,4,0,-1,
0,4,3,-1,
0,3,2,-1,
13,10,14,-1,
14,10,3,-1,
14,3,11,-1,
11,3,4,-1,
59,57,24,-1,
59,24,25,-1,
25,24,0,-1,
25,0,2,-1,
51,21,23,-1,
0,24,23,-1,
51,23,53,-1,
53,23,24,-1,
53,24,57,-1,
21,0,23,-1,
51,52,22,-1,
51,22,21,-1,
21,22,1,-1,
21,1,0,-1,
102,100,98,-1,
102,98,99,-1,
99,98,67,-1,
99,67,69,-1,
97,98,100,-1,
97,100,95,-1,
95,61,63,-1,
95,63,97,-1,
97,63,67,-1,
97,67,98,-1,
62,61,95,-1,
62,95,96,-1,
96,95,100,-1,
96,100,101,-1,
58,68,60,-1,
60,68,70,-1,
54,64,56,-1,
56,64,66,-1,
56,66,58,-1,
58,66,68,-1,
55,65,54,-1,
54,65,64,-1,
90,83,82,-1,
85,86,78,-1,
78,86,88,-1,
78,88,87,-1,
92,91,93,-1,
93,91,83,-1,
93,83,94,-1,
94,83,90,-1,
82,80,90,-1,
90,80,81,-1,
90,81,89,-1,
89,81,79,-1,
89,79,75,-1,
75,79,78,-1,
75,78,74,-1,
76,74,77,-1,
77,74,78,-1,
77,78,84,-1,
84,78,87,-1,
40,38,37,-1,
33,32,34,-1,
31,33,42,-1,
42,33,45,-1,
42,45,46,-1,
44,45,43,-1,
43,45,33,-1,
43,33,35,-1,
35,33,34,-1,
39,40,36,-1,
36,40,37,-1,
36,37,29,-1,
29,37,30,-1,
42,41,31,-1,
31,41,27,-1,
31,27,30,-1,
30,27,26,-1,
30,26,29,-1,
29,26,28,-1,
28,26,49,-1,
28,49,50,-1,
50,49,58,-1,
50,58,60,-1,
48,49,26,-1,
48,26,47,-1,
58,49,56,-1,
56,49,48,-1,
56,48,54,-1,
54,48,47,-1,
26,27,47,-1,
47,27,55,-1,
47,55,54,-1,
74,76,73,-1,
73,76,70,-1,
73,70,68,-1,
74,72,71,-1,
73,72,74,-1,
73,68,72,-1,
72,68,66,-1,
72,66,71,-1,
71,66,64,-1,
64,65,71,-1,
71,65,75,-1,
71,75,74,-1
]
normalIndex [
13,13,15,-1,
13,15,15,-1,
15,15,16,-1,
15,16,16,-1,
13,13,13,-1,
13,13,13,-1,
8,8,11,-1,
8,11,11,-1,
11,11,13,-1,
11,13,13,-1,
8,8,8,-1,
8,8,8,-1,
12,12,9,-1,
12,9,9,-1,
9,9,8,-1,
9,8,8,-1,
12,12,12,-1,
12,12,12,-1,
8,8,8,-1,
8,8,8,-1,
13,13,13,-1,
13,13,13,-1,
16,16,16,-1,
16,16,16,-1,
13,13,15,-1,
13,15,15,-1,
15,15,16,-1,
15,16,16,-1,
13,13,13,-1,
13,13,13,-1,
8,13,8,-1,
8,13,13,-1,
8,8,8,-1,
8,8,8,-1,
8,8,11,-1,
8,11,11,-1,
11,11,13,-1,
11,13,13,-1,
8,8,8,-1,
8,8,8,-1,
12,12,9,-1,
12,9,9,-1,
9,9,8,-1,
9,8,8,-1,
12,12,12,-1,
12,12,12,-1,
8,8,8,-1,
8,8,8,-1,
13,13,13,-1,
13,13,13,-1,
16,16,16,-1,
16,16,16,-1,
13,13,15,-1,
13,15,15,-1,
15,15,16,-1,
15,16,16,-1,
13,13,13,-1,
13,13,13,-1,
8,13,8,-1,
8,13,13,-1,
8,8,8,-1,
8,8,8,-1,
13,13,13,-1,
13,13,13,-1,
13,13,13,-1,
13,13,13,-1,
13,13,13,-1,
13,13,13,-1,
13,13,13,-1,
13,13,13,-1,
13,13,13,-1,
13,13,13,-1,
13,13,13,-1,
13,13,13,-1,
7,7,7,-1,
7,7,7,-1,
12,12,10,-1,
12,10,10,-1,
10,10,7,-1,
10,7,7,-1,
12,12,12,-1,
12,12,12,-1,
16,16,16,-1,
16,16,16,-1,
16,16,16,-1,
16,16,16,-1,
16,16,16,-1,
16,16,16,-1,
16,16,16,-1,
16,16,16,-1,
16,16,16,-1,
16,16,16,-1,
16,16,16,-1,
16,16,16,-1,
13,13,15,-1,
13,15,15,-1,
15,15,16,-1,
15,16,16,-1,
13,13,13,-1,
13,13,13,-1,
24,24,24,-1,
24,24,24,-1,
24,24,24,-1,
24,24,24,-1,
24,24,24,-1,
24,24,24,-1,
24,24,24,-1,
24,24,24,-1,
24,24,24,-1,
24,24,24,-1,
24,24,24,-1,
24,24,24,-1,
24,24,24,-1,
24,24,24,-1,
24,24,24,-1,
24,24,24,-1,
24,24,24,-1,
24,24,24,-1,
24,24,24,-1,
0,0,0,-1,
0,0,0,-1,
0,0,0,-1,
0,0,0,-1,
0,0,0,-1,
0,0,0,-1,
0,0,0,-1,
0,0,0,-1,
0,0,0,-1,
0,0,0,-1,
0,0,0,-1,
0,0,0,-1,
0,0,0,-1,
0,0,0,-1,
0,0,0,-1,
0,0,0,-1,
0,0,0,-1,
0,0,0,-1,
0,0,0,-1,
7,7,3,-1,
7,3,3,-1,
3,3,0,-1,
3,0,0,-1,
12,1,2,-1,
0,3,2,-1,
12,2,10,-1,
10,2,3,-1,
10,3,7,-1,
1,0,2,-1,
12,12,1,-1,
12,1,1,-1,
1,1,0,-1,
1,0,0,-1,
24,24,20,-1,
24,20,20,-1,
20,20,7,-1,
20,7,7,-1,
19,20,24,-1,
19,24,18,-1,
18,12,10,-1,
18,10,19,-1,
19,10,7,-1,
19,7,20,-1,
12,12,18,-1,
12,18,18,-1,
18,18,24,-1,
18,24,24,-1,
17,17,17,-1,
17,17,17,-1,
13,13,14,-1,
14,13,14,-1,
14,14,17,-1,
17,14,17,-1,
13,13,13,-1,
13,13,13,-1,
0,0,0,-1,
0,0,0,-1,
0,0,0,-1,
0,0,0,-1,
0,0,0,-1,
0,0,0,-1,
0,0,0,-1,
0,0,0,-1,
0,0,0,-1,
0,0,0,-1,
0,0,0,-1,
0,0,0,-1,
0,0,0,-1,
0,0,0,-1,
0,0,0,-1,
0,0,0,-1,
0,0,0,-1,
0,0,0,-1,
0,0,0,-1,
24,24,24,-1,
24,24,24,-1,
24,24,24,-1,
24,24,24,-1,
24,24,24,-1,
24,24,24,-1,
24,24,24,-1,
24,24,24,-1,
24,24,24,-1,
24,24,24,-1,
24,24,24,-1,
24,24,24,-1,
24,24,24,-1,
24,24,24,-1,
24,24,24,-1,
24,24,24,-1,
24,24,24,-1,
24,24,24,-1,
24,24,24,-1,
24,24,21,-1,
24,21,21,-1,
21,21,17,-1,
21,17,17,-1,
22,21,24,-1,
22,24,23,-1,
17,21,14,-1,
14,21,22,-1,
14,22,13,-1,
13,22,23,-1,
24,24,23,-1,
23,24,13,-1,
23,13,13,-1,
0,0,4,-1,
4,0,17,-1,
4,17,17,-1,
0,5,6,-1,
4,5,0,-1,
4,17,5,-1,
5,17,14,-1,
5,14,6,-1,
6,14,13,-1,
13,13,6,-1,
6,13,0,-1,
6,0,0,-1
]
}
}
Shape {
appearance Appearance {
material Material {
ambientIntensity 0
diffuseColor 1 1 1 
specularColor 0.098 0.098 0.098 
shininess 0.000781 
transparency 0
}
}
geometry IndexedFaceSet {
normalPerVertex TRUE
solid TRUE
convex TRUE
coord Coordinate { point [
-0.35211667 -0.2858271 0.27300987,
-0.35211667 -0.27499998 0.27300987,
-0.35211667 -0.324918 0.058009859,
-0.35211667 -0.317 0.058009859,
-0.35211667 -0.301 0.058009859,
-0.35211667 -0.287 0.058009859,
-0.35211667 -0.29099998 0.056009863,
-0.35211667 -0.287 0.056009863,
-0.35211667 -0.2917071 0.055716969,
-0.35211667 -0.292 0.055009861,
-0.35211667 -0.317 0.054009862,
-0.35211667 -0.301 0.054009862,
-0.35211667 -0.30129287 0.053302754,
-0.35211667 -0.31599998 0.05300986,
-0.35211667 -0.30199999 0.05300986,
-0.35211667 -0.27499998 0.050009862,
-0.35211667 -0.27646446 0.046474326,
-0.35211667 -0.292 0.046009861,
-0.35211667 -0.2917071 0.045302752,
-0.35211667 -0.29099998 0.045009863,
-0.35211667 -0.28 0.045009863,
-0.35065222 -0.2858271 0.27654541,
-0.35065222 -0.27499998 0.27654541,
-0.35065222 -0.28809249 0.27572426,
-0.35065222 -0.2893056 0.27364233,
-0.35065222 -0.32851151 0.058009859,
-0.3501167 -0.2858271 0.27300987,
-0.3501167 -0.27499998 0.27300987,
-0.3501167 -0.324918 0.058009859,
-0.3501167 -0.317 0.058009859,
-0.3501167 -0.301 0.058009859,
-0.3501167 -0.287 0.058009859,
-0.3501167 -0.29099998 0.056009863,
-0.3501167 -0.287 0.056009863,
-0.3501167 -0.2917071 0.055716969,
-0.3501167 -0.292 0.055009861,
-0.3501167 -0.317 0.054009862,
-0.3501167 -0.301 0.054009862,
-0.3501167 -0.30129287 0.053302754,
-0.3501167 -0.31599998 0.05300986,
-0.3501167 -0.30199999 0.05300986,
-0.3501167 -0.27499998 0.050009862,
-0.3501167 -0.27646446 0.046474326,
-0.3501167 -0.292 0.046009861,
-0.3501167 -0.2917071 0.045302752,
-0.3501167 -0.29099998 0.045009863,
-0.3501167 -0.28 0.045009863,
-0.34923801 -0.2858271 0.2751312,
-0.34923801 -0.28718632 0.2746385,
-0.34923801 -0.28791422 0.27338934,
-0.34711668 -0.2858271 0.27800986,
-0.34711668 -0.27499998 0.27800986,
-0.34711668 -0.28903085 0.27684861,
-0.34711668 -0.2858271 0.27600986,
-0.34711668 -0.27499998 0.27600986,
-0.34711668 -0.28774935 0.27531311,
-0.34711668 -0.29074645 0.27390429,
-0.34711668 -0.28877872 0.27354652,
-0.34711668 -0.32999998 0.058009859,
-0.34711668 -0.3279672 0.058009859,
-0.34411669 -0.2858271 0.27800986,
-0.34411669 -0.27499998 0.27800986,
-0.34411669 -0.28903085 0.27684861,
-0.34411669 -0.2858271 0.27600986,
-0.34411669 -0.27499998 0.27600986,
-0.34411669 -0.28774935 0.27531311,
-0.34411669 -0.29074645 0.27390429,
-0.34411669 -0.28877872 0.27354652,
-0.34411669 -0.32999998 0.058009859,
-0.34411669 -0.3279672 0.058009859,
-0.34261668 -0.3264426 0.058009859,
-0.34199536 -0.2858271 0.2751312,
-0.34199536 -0.28718632 0.2746385,
-0.34199536 -0.28791422 0.27338934,
-0.3411167 -0.2858271 0.27300987,
-0.3411167 -0.27499998 0.27300987,
-0.3411167 -0.324918 0.058009859,
-0.3411167 -0.317 0.058009859,
-0.3411167 -0.301 0.058009859,
-0.3411167 -0.287 0.058009859,
-0.3411167 -0.29099998 0.056009863,
-0.3411167 -0.287 0.056009863,
-0.3411167 -0.2917071 0.055716969,
-0.3411167 -0.292 0.055009861,
-0.3411167 -0.317 0.054009862,
-0.3411167 -0.301 0.054009862,
-0.3411167 -0.30129287 0.053302754,
-0.3411167 -0.31599998 0.05300986,
-0.3411167 -0.30199999 0.05300986,
-0.3411167 -0.27499998 0.050009862,
-0.3411167 -0.27646446 0.046474326,
-0.3411167 -0.292 0.046009861,
-0.3411167 -0.2917071 0.045302752,
-0.3411167 -0.29099998 0.045009863,
-0.3411167 -0.28 0.045009863,
-0.34058115 -0.2858271 0.27654541,
-0.34058115 -0.27499998 0.27654541,
-0.34058115 -0.28809249 0.27572426,
-0.34058115 -0.2893056 0.27364233,
-0.34058115 -0.32851151 0.058009859,
-0.33911669 -0.2858271 0.27300987,
-0.33911669 -0.27499998 0.27300987,
-0.33911669 -0.324918 0.058009859,
-0.33911669 -0.317 0.058009859,
-0.33911669 -0.301 0.058009859,
-0.33911669 -0.287 0.058009859,
-0.33911669 -0.29099998 0.056009863,
-0.33911669 -0.287 0.056009863,
-0.33911669 -0.2917071 0.055716969,
-0.33911669 -0.292 0.055009861,
-0.33911669 -0.317 0.054009862,
-0.33911669 -0.301 0.054009862,
-0.33911669 -0.30129287 0.053302754,
-0.33911669 -0.31599998 0.05300986,
-0.33911669 -0.30199999 0.05300986,
-0.33911669 -0.27499998 0.050009862,
-0.33911669 -0.27646446 0.046474326,
-0.33911669 -0.292 0.046009861,
-0.33911669 -0.2917071 0.045302752,
-0.33911669 -0.29099998 0.045009863,
-0.33911669 -0.28 0.045009863
] }
normal Normal { vector [
-1 0 0,
-0.707107 0 0.707107,
-0.707107 -0.453077 0.542882,
-0.707107 -0.695701 0.126491,
-0.707107 0.695701 -0.126491,
-0.707107 0.453077 -0.542882,
-0.707107 0 -0.707107,
0 -0.98387 0.178885,
0 -1 0,
0 -0.707107 0.707107,
0 -0.640747 0.767752,
0 -0.707107 -0.707107,
0 0 1,
0 0 -1,
0 0.640747 -0.767752,
0 0.707107 -0.707107,
0 1 0,
0 0.98387 -0.178885,
0.707107 0 0.707107,
0.707107 -0.453077 0.542882,
0.707107 -0.695701 0.126491,
0.707107 0.695701 -0.126491,
0.707107 0.453077 -0.542882,
0.707107 0 -0.707107,
1 0 0
] }
coordIndex [
46,20,16,-1,
46,16,42,-1,
42,16,15,-1,
42,15,41,-1,
45,19,46,-1,
46,19,20,-1,
43,17,18,-1,
43,18,44,-1,
44,18,19,-1,
44,19,45,-1,
35,9,43,-1,
43,9,17,-1,
32,6,8,-1,
32,8,34,-1,
34,8,9,-1,
34,9,35,-1,
33,7,32,-1,
32,7,6,-1,
31,5,33,-1,
33,5,7,-1,
30,4,31,-1,
31,4,5,-1,
37,11,30,-1,
30,11,4,-1,
40,14,12,-1,
40,12,38,-1,
38,12,11,-1,
38,11,37,-1,
39,13,40,-1,
40,13,14,-1,
10,13,36,-1,
36,13,39,-1,
29,3,36,-1,
36,3,10,-1,
117,91,92,-1,
117,92,118,-1,
118,92,93,-1,
118,93,119,-1,
117,109,91,-1,
91,109,83,-1,
106,80,82,-1,
106,82,108,-1,
108,82,83,-1,
108,83,109,-1,
106,107,80,-1,
80,107,81,-1,
107,105,81,-1,
81,105,79,-1,
105,104,79,-1,
79,104,78,-1,
104,111,78,-1,
78,111,85,-1,
114,88,86,-1,
114,86,112,-1,
112,86,85,-1,
112,85,111,-1,
114,113,88,-1,
88,113,87,-1,
84,87,110,-1,
110,87,113,-1,
110,103,84,-1,
84,103,77,-1,
59,69,68,-1,
3,29,2,-1,
2,29,28,-1,
2,28,25,-1,
25,28,59,-1,
25,59,58,-1,
58,59,68,-1,
77,103,76,-1,
76,103,102,-1,
76,102,69,-1,
69,102,99,-1,
69,99,68,-1,
66,56,68,-1,
68,56,58,-1,
60,50,52,-1,
60,52,62,-1,
62,52,56,-1,
62,56,66,-1,
61,51,60,-1,
60,51,50,-1,
27,41,15,-1,
115,89,101,-1,
101,89,75,-1,
15,1,27,-1,
27,1,22,-1,
27,22,54,-1,
54,22,51,-1,
54,51,64,-1,
64,51,61,-1,
64,61,75,-1,
75,61,96,-1,
75,96,101,-1,
120,94,90,-1,
120,90,116,-1,
116,90,89,-1,
116,89,115,-1,
120,119,94,-1,
94,119,93,-1,
110,113,114,-1,
107,106,108,-1,
105,107,116,-1,
116,107,119,-1,
116,119,120,-1,
103,110,104,-1,
104,110,114,-1,
104,114,111,-1,
111,114,112,-1,
118,119,117,-1,
117,119,107,-1,
117,107,109,-1,
109,107,108,-1,
116,115,105,-1,
105,115,101,-1,
105,101,104,-1,
104,101,100,-1,
104,100,103,-1,
103,100,102,-1,
16,20,17,-1,
17,20,19,-1,
17,19,18,-1,
11,12,14,-1,
9,8,17,-1,
17,8,6,-1,
17,6,16,-1,
16,6,7,-1,
16,7,15,-1,
15,7,5,-1,
15,5,1,-1,
1,5,4,-1,
1,4,0,-1,
0,4,3,-1,
0,3,2,-1,
13,10,14,-1,
14,10,3,-1,
14,3,11,-1,
11,3,4,-1,
58,56,24,-1,
58,24,25,-1,
25,24,0,-1,
25,0,2,-1,
50,21,23,-1,
0,24,23,-1,
50,23,52,-1,
52,23,24,-1,
52,24,56,-1,
21,0,23,-1,
50,51,22,-1,
50,22,21,-1,
21,22,1,-1,
21,1,0,-1,
102,100,98,-1,
102,98,99,-1,
99,98,66,-1,
99,66,68,-1,
97,98,100,-1,
97,100,95,-1,
95,60,62,-1,
95,62,97,-1,
97,62,66,-1,
97,66,98,-1,
61,60,95,-1,
61,95,96,-1,
96,95,100,-1,
96,100,101,-1,
57,67,59,-1,
59,67,69,-1,
53,63,55,-1,
55,63,65,-1,
55,65,57,-1,
57,65,67,-1,
54,64,53,-1,
53,64,63,-1,
90,83,82,-1,
85,86,78,-1,
78,86,88,-1,
78,88,87,-1,
92,91,93,-1,
93,91,83,-1,
93,83,94,-1,
94,83,90,-1,
82,80,90,-1,
90,80,81,-1,
90,81,89,-1,
89,81,79,-1,
89,79,75,-1,
75,79,78,-1,
75,78,74,-1,
76,74,77,-1,
77,74,78,-1,
77,78,84,-1,
84,78,87,-1,
40,38,37,-1,
33,32,34,-1,
31,33,42,-1,
42,33,45,-1,
42,45,46,-1,
44,45,43,-1,
43,45,33,-1,
43,33,35,-1,
35,33,34,-1,
39,40,36,-1,
36,40,37,-1,
36,37,29,-1,
29,37,30,-1,
42,41,31,-1,
31,41,27,-1,
31,27,30,-1,
30,27,26,-1,
30,26,29,-1,
29,26,28,-1,
57,59,49,-1,
49,59,28,-1,
49,28,26,-1,
48,49,26,-1,
48,26,47,-1,
57,49,55,-1,
55,49,48,-1,
55,48,53,-1,
53,48,47,-1,
26,27,47,-1,
47,27,54,-1,
47,54,53,-1,
69,67,73,-1,
69,73,70,-1,
70,73,74,-1,
70,74,76,-1,
74,72,71,-1,
73,72,74,-1,
73,67,72,-1,
72,67,65,-1,
72,65,71,-1,
71,65,63,-1,
63,64,71,-1,
71,64,75,-1,
71,75,74,-1
]
normalIndex [
13,13,15,-1,
13,15,15,-1,
15,15,16,-1,
15,16,16,-1,
13,13,13,-1,
13,13,13,-1,
8,8,11,-1,
8,11,11,-1,
11,11,13,-1,
11,13,13,-1,
8,8,8,-1,
8,8,8,-1,
12,12,9,-1,
12,9,9,-1,
9,9,8,-1,
9,8,8,-1,
12,12,12,-1,
12,12,12,-1,
8,8,8,-1,
8,8,8,-1,
13,13,13,-1,
13,13,13,-1,
16,16,16,-1,
16,16,16,-1,
13,13,15,-1,
13,15,15,-1,
15,15,16,-1,
15,16,16,-1,
13,13,13,-1,
13,13,13,-1,
8,13,8,-1,
8,13,13,-1,
8,8,8,-1,
8,8,8,-1,
8,8,11,-1,
8,11,11,-1,
11,11,13,-1,
11,13,13,-1,
8,8,8,-1,
8,8,8,-1,
12,12,9,-1,
12,9,9,-1,
9,9,8,-1,
9,8,8,-1,
12,12,12,-1,
12,12,12,-1,
8,8,8,-1,
8,8,8,-1,
13,13,13,-1,
13,13,13,-1,
16,16,16,-1,
16,16,16,-1,
13,13,15,-1,
13,15,15,-1,
15,15,16,-1,
15,16,16,-1,
13,13,13,-1,
13,13,13,-1,
8,13,8,-1,
8,13,13,-1,
8,8,8,-1,
8,8,8,-1,
13,13,13,-1,
13,13,13,-1,
13,13,13,-1,
13,13,13,-1,
13,13,13,-1,
13,13,13,-1,
13,13,13,-1,
13,13,13,-1,
13,13,13,-1,
13,13,13,-1,
13,13,13,-1,
13,13,13,-1,
7,7,7,-1,
7,7,7,-1,
12,12,10,-1,
12,10,10,-1,
10,10,7,-1,
10,7,7,-1,
12,12,12,-1,
12,12,12,-1,
16,16,16,-1,
16,16,16,-1,
16,16,16,-1,
16,16,16,-1,
16,16,16,-1,
16,16,16,-1,
16,16,16,-1,
16,16,16,-1,
16,16,16,-1,
16,16,16,-1,
16,16,16,-1,
16,16,16,-1,
13,13,15,-1,
13,15,15,-1,
15,15,16,-1,
15,16,16,-1,
13,13,13,-1,
13,13,13,-1,
24,24,24,-1,
24,24,24,-1,
24,24,24,-1,
24,24,24,-1,
24,24,24,-1,
24,24,24,-1,
24,24,24,-1,
24,24,24,-1,
24,24,24,-1,
24,24,24,-1,
24,24,24,-1,
24,24,24,-1,
24,24,24,-1,
24,24,24,-1,
24,24,24,-1,
24,24,24,-1,
24,24,24,-1,
24,24,24,-1,
24,24,24,-1,
0,0,0,-1,
0,0,0,-1,
0,0,0,-1,
0,0,0,-1,
0,0,0,-1,
0,0,0,-1,
0,0,0,-1,
0,0,0,-1,
0,0,0,-1,
0,0,0,-1,
0,0,0,-1,
0,0,0,-1,
0,0,0,-1,
0,0,0,-1,
0,0,0,-1,
0,0,0,-1,
0,0,0,-1,
0,0,0,-1,
0,0,0,-1,
7,7,3,-1,
7,3,3,-1,
3,3,0,-1,
3,0,0,-1,
12,1,2,-1,
0,3,2,-1,
12,2,10,-1,
10,2,3,-1,
10,3,7,-1,
1,0,2,-1,
12,12,1,-1,
12,1,1,-1,
1,1,0,-1,
1,0,0,-1,
24,24,20,-1,
24,20,20,-1,
20,20,7,-1,
20,7,7,-1,
19,20,24,-1,
19,24,18,-1,
18,12,10,-1,
18,10,19,-1,
19,10,7,-1,
19,7,20,-1,
12,12,18,-1,
12,18,18,-1,
18,18,24,-1,
18,24,24,-1,
17,17,17,-1,
17,17,17,-1,
13,13,14,-1,
14,13,14,-1,
14,14,17,-1,
17,14,17,-1,
13,13,13,-1,
13,13,13,-1,
0,0,0,-1,
0,0,0,-1,
0,0,0,-1,
0,0,0,-1,
0,0,0,-1,
0,0,0,-1,
0,0,0,-1,
0,0,0,-1,
0,0,0,-1,
0,0,0,-1,
0,0,0,-1,
0,0,0,-1,
0,0,0,-1,
0,0,0,-1,
0,0,0,-1,
0,0,0,-1,
0,0,0,-1,
0,0,0,-1,
0,0,0,-1,
24,24,24,-1,
24,24,24,-1,
24,24,24,-1,
24,24,24,-1,
24,24,24,-1,
24,24,24,-1,
24,24,24,-1,
24,24,24,-1,
24,24,24,-1,
24,24,24,-1,
24,24,24,-1,
24,24,24,-1,
24,24,24,-1,
24,24,24,-1,
24,24,24,-1,
24,24,24,-1,
24,24,24,-1,
24,24,24,-1,
24,24,24,-1,
17,17,21,-1,
21,17,24,-1,
21,24,24,-1,
22,21,24,-1,
22,24,23,-1,
17,21,14,-1,
14,21,22,-1,
14,22,13,-1,
13,22,23,-1,
24,24,23,-1,
23,24,13,-1,
23,13,13,-1,
17,17,4,-1,
17,4,4,-1,
4,4,0,-1,
4,0,0,-1,
0,5,6,-1,
4,5,0,-1,
4,17,5,-1,
5,17,14,-1,
5,14,6,-1,
6,14,13,-1,
13,13,6,-1,
6,13,0,-1,
6,0,0,-1
]
}
}
Shape {
appearance Appearance {
material Material {
ambientIntensity 0
diffuseColor 1 1 1 
specularColor 0.098 0.098 0.098 
shininess 0.000781 
transparency 0
}
}
geometry IndexedFaceSet {
normalPerVertex TRUE
solid TRUE
convex TRUE
coord Coordinate { point [
0.33921665 -0.2858271 0.27300987,
0.33921665 -0.27499998 0.27300987,
0.33921665 -0.324918 0.058009859,
0.33921665 -0.317 0.058009859,
0.33921665 -0.301 0.058009859,
0.33921665 -0.287 0.058009859,
0.33921665 -0.29099998 0.056009863,
0.33921665 -0.287 0.056009863,
0.33921665 -0.2917071 0.055716969,
0.33921665 -0.292 0.055009861,
0.33921665 -0.317 0.054009862,
0.33921665 -0.301 0.054009862,
0.33921665 -0.30129287 0.053302754,
0.33921665 -0.31599998 0.05300986,
0.33921665 -0.30199999 0.05300986,
0.33921665 -0.27499998 0.050009862,
0.33921665 -0.27646446 0.046474326,
0.33921665 -0.292 0.046009861,
0.33921665 -0.2917071 0.045302752,
0.33921665 -0.29099998 0.045009863,
0.33921665 -0.28 0.045009863,
0.34068111 -0.2858271 0.27654541,
0.34068111 -0.27499998 0.27654541,
0.34068111 -0.28809249 0.27572426,
0.34068111 -0.2893056 0.27364233,
0.34068111 -0.32851151 0.058009859,
0.34121665 -0.2858271 0.27300987,
0.34121665 -0.27499998 0.27300987,
0.34121665 -0.324918 0.058009859,
0.34121665 -0.317 0.058009859,
0.34121665 -0.301 0.058009859,
0.34121665 -0.287 0.058009859,
0.34121665 -0.29099998 0.056009863,
0.34121665 -0.287 0.056009863,
0.34121665 -0.2917071 0.055716969,
0.34121665 -0.292 0.055009861,
0.34121665 -0.317 0.054009862,
0.34121665 -0.301 0.054009862,
0.34121665 -0.30129287 0.053302754,
0.34121665 -0.31599998 0.05300986,
0.34121665 -0.30199999 0.05300986,
0.34121665 -0.27499998 0.050009862,
0.34121665 -0.27646446 0.046474326,
0.34121665 -0.292 0.046009861,
0.34121665 -0.2917071 0.045302752,
0.34121665 -0.29099998 0.045009863,
0.34121665 -0.28 0.045009863,
0.34209532 -0.2858271 0.2751312,
0.34209532 -0.28718632 0.2746385,
0.34209532 -0.28791422 0.27338934,
0.34421664 -0.2858271 0.27800986,
0.34421664 -0.27499998 0.27800986,
0.34421664 -0.28903085 0.27684861,
0.34421664 -0.2858271 0.27600986,
0.34421664 -0.27499998 0.27600986,
0.34421664 -0.28774935 0.27531311,
0.34421664 -0.29074645 0.27390429,
0.34421664 -0.28877872 0.27354652,
0.34421664 -0.32999998 0.058009859,
0.34421664 -0.3279672 0.058009859,
0.34721664 -0.2858271 0.27800986,
0.34721664 -0.27499998 0.27800986,
0.34721664 -0.28903085 0.27684861,
0.34721664 -0.2858271 0.27600986,
0.34721664 -0.27499998 0.27600986,
0.34721664 -0.28774935 0.27531311,
0.34721664 -0.29074645 0.27390429,
0.34721664 -0.28877872 0.27354652,
0.34721664 -0.32999998 0.058009859,
0.34721664 -0.3279672 0.058009859,
0.34871665 -0.3264426 0.058009859,
0.34933797 -0.2858271 0.2751312,
0.34933797 -0.28718632 0.2746385,
0.34933797 -0.28791422 0.27338934,
0.35021666 -0.2858271 0.27300987,
0.35021666 -0.27499998 0.27300987,
0.35021666 -0.324918 0.058009859,
0.35021666 -0.317 0.058009859,
0.35021666 -0.301 0.058009859,
0.35021666 -0.287 0.058009859,
0.35021666 -0.29099998 0.056009863,
0.35021666 -0.287 0.056009863,
0.35021666 -0.2917071 0.055716969,
0.35021666 -0.292 0.055009861,
0.35021666 -0.317 0.054009862,
0.35021666 -0.301 0.054009862,
0.35021666 -0.30129287 0.053302754,
0.35021666 -0.31599998 0.05300986,
0.35021666 -0.30199999 0.05300986,
0.35021666 -0.27499998 0.050009862,
0.35021666 -0.27646446 0.046474326,
0.35021666 -0.292 0.046009861,
0.35021666 -0.2917071 0.045302752,
0.35021666 -0.29099998 0.045009863,
0.35021666 -0.28 0.045009863,
0.35075217 -0.2858271 0.27654541,
0.35075217 -0.27499998 0.27654541,
0.35075217 -0.28809249 0.27572426,
0.35075217 -0.2893056 0.27364233,
0.35075217 -0.32851151 0.058009859,
0.35221663 -0.2858271 0.27300987,
0.35221663 -0.27499998 0.27300987,
0.35221663 -0.324918 0.058009859,
0.35221663 -0.317 0.058009859,
0.35221663 -0.301 0.058009859,
0.35221663 -0.287 0.058009859,
0.35221663 -0.29099998 0.056009863,
0.35221663 -0.287 0.056009863,
0.35221663 -0.2917071 0.055716969,
0.35221663 -0.292 0.055009861,
0.35221663 -0.317 0.054009862,
0.35221663 -0.301 0.054009862,
0.35221663 -0.30129287 0.053302754,
0.35221663 -0.31599998 0.05300986,
0.35221663 -0.30199999 0.05300986,
0.35221663 -0.27499998 0.050009862,
0.35221663 -0.27646446 0.046474326,
0.35221663 -0.292 0.046009861,
0.35221663 -0.2917071 0.045302752,
0.35221663 -0.29099998 0.045009863,
0.35221663 -0.28 0.045009863
] }
normal Normal { vector [
-1 0 0,
-0.707107 0 0.707107,
-0.707107 -0.453077 0.542882,
-0.707107 -0.695701 0.126491,
-0.707107 0.695701 -0.126491,
-0.707107 0.453077 -0.542882,
-0.707107 0 -0.707107,
0 -0.98387 0.178885,
0 -1 0,
0 -0.707107 0.707107,
0 -0.640747 0.767752,
0 -0.707107 -0.707107,
0 0 1,
0 0 -1,
0 0.640747 -0.767752,
0 0.707107 -0.707107,
0 1 0,
0 0.98387 -0.178885,
0.707107 0 0.707107,
0.707107 -0.453077 0.542882,
0.707107 -0.695701 0.126491,
0.707107 0.695701 -0.126491,
0.707107 0.453077 -0.542882,
0.707107 0 -0.707107,
1 0 0
] }
coordIndex [
46,20,16,-1,
46,16,42,-1,
42,16,15,-1,
42,15,41,-1,
45,19,46,-1,
46,19,20,-1,
43,17,18,-1,
43,18,44,-1,
44,18,19,-1,
44,19,45,-1,
35,9,43,-1,
43,9,17,-1,
32,6,8,-1,
32,8,34,-1,
34,8,9,-1,
34,9,35,-1,
33,7,32,-1,
32,7,6,-1,
31,5,33,-1,
33,5,7,-1,
30,4,31,-1,
31,4,5,-1,
37,11,30,-1,
30,11,4,-1,
40,14,12,-1,
40,12,38,-1,
38,12,11,-1,
38,11,37,-1,
39,13,40,-1,
40,13,14,-1,
10,13,36,-1,
36,13,39,-1,
29,3,36,-1,
36,3,10,-1,
117,91,92,-1,
117,92,118,-1,
118,92,93,-1,
118,93,119,-1,
117,109,91,-1,
91,109,83,-1,
106,80,82,-1,
106,82,108,-1,
108,82,83,-1,
108,83,109,-1,
106,107,80,-1,
80,107,81,-1,
107,105,81,-1,
81,105,79,-1,
105,104,79,-1,
79,104,78,-1,
104,111,78,-1,
78,111,85,-1,
114,88,86,-1,
114,86,112,-1,
112,86,85,-1,
112,85,111,-1,
114,113,88,-1,
88,113,87,-1,
84,87,110,-1,
110,87,113,-1,
110,103,84,-1,
84,103,77,-1,
59,69,68,-1,
3,29,2,-1,
2,29,28,-1,
2,28,25,-1,
25,28,59,-1,
25,59,58,-1,
58,59,68,-1,
77,103,76,-1,
76,103,102,-1,
76,102,69,-1,
69,102,99,-1,
69,99,68,-1,
66,56,68,-1,
68,56,58,-1,
60,50,52,-1,
60,52,62,-1,
62,52,56,-1,
62,56,66,-1,
61,51,60,-1,
60,51,50,-1,
27,41,15,-1,
115,89,101,-1,
101,89,75,-1,
15,1,27,-1,
27,1,22,-1,
27,22,54,-1,
54,22,51,-1,
54,51,64,-1,
64,51,61,-1,
64,61,75,-1,
75,61,96,-1,
75,96,101,-1,
120,94,90,-1,
120,90,116,-1,
116,90,89,-1,
116,89,115,-1,
120,119,94,-1,
94,119,93,-1,
110,113,114,-1,
107,106,108,-1,
105,107,116,-1,
116,107,119,-1,
116,119,120,-1,
103,110,104,-1,
104,110,114,-1,
104,114,111,-1,
111,114,112,-1,
118,119,117,-1,
117,119,107,-1,
117,107,109,-1,
109,107,108,-1,
116,115,105,-1,
105,115,101,-1,
105,101,104,-1,
104,101,100,-1,
104,100,103,-1,
103,100,102,-1,
16,20,17,-1,
17,20,19,-1,
17,19,18,-1,
11,12,14,-1,
9,8,17,-1,
17,8,6,-1,
17,6,16,-1,
16,6,7,-1,
16,7,15,-1,
15,7,5,-1,
15,5,1,-1,
1,5,4,-1,
1,4,0,-1,
0,4,3,-1,
0,3,2,-1,
13,10,14,-1,
14,10,3,-1,
14,3,11,-1,
11,3,4,-1,
58,56,24,-1,
58,24,25,-1,
25,24,0,-1,
25,0,2,-1,
50,21,23,-1,
0,24,23,-1,
50,23,52,-1,
52,23,24,-1,
52,24,56,-1,
21,0,23,-1,
50,51,22,-1,
50,22,21,-1,
21,22,1,-1,
21,1,0,-1,
102,100,98,-1,
102,98,99,-1,
99,98,66,-1,
99,66,68,-1,
97,98,100,-1,
97,100,95,-1,
95,60,62,-1,
95,62,97,-1,
97,62,66,-1,
97,66,98,-1,
61,60,95,-1,
61,95,96,-1,
96,95,100,-1,
96,100,101,-1,
57,67,59,-1,
59,67,69,-1,
53,63,55,-1,
55,63,65,-1,
55,65,57,-1,
57,65,67,-1,
54,64,53,-1,
53,64,63,-1,
90,83,82,-1,
85,86,78,-1,
78,86,88,-1,
78,88,87,-1,
92,91,93,-1,
93,91,83,-1,
93,83,94,-1,
94,83,90,-1,
82,80,90,-1,
90,80,81,-1,
90,81,89,-1,
89,81,79,-1,
89,79,75,-1,
75,79,78,-1,
75,78,74,-1,
76,74,77,-1,
77,74,78,-1,
77,78,84,-1,
84,78,87,-1,
40,38,37,-1,
33,32,34,-1,
31,33,42,-1,
42,33,45,-1,
42,45,46,-1,
44,45,43,-1,
43,45,33,-1,
43,33,35,-1,
35,33,34,-1,
39,40,36,-1,
36,40,37,-1,
36,37,29,-1,
29,37,30,-1,
42,41,31,-1,
31,41,27,-1,
31,27,30,-1,
30,27,26,-1,
30,26,29,-1,
29,26,28,-1,
57,59,49,-1,
49,59,28,-1,
49,28,26,-1,
48,49,26,-1,
48,26,47,-1,
57,49,55,-1,
55,49,48,-1,
55,48,53,-1,
53,48,47,-1,
26,27,47,-1,
47,27,54,-1,
47,54,53,-1,
69,67,73,-1,
69,73,70,-1,
70,73,74,-1,
70,74,76,-1,
74,72,71,-1,
73,72,74,-1,
73,67,72,-1,
72,67,65,-1,
72,65,71,-1,
71,65,63,-1,
63,64,71,-1,
71,64,75,-1,
71,75,74,-1
]
normalIndex [
13,13,15,-1,
13,15,15,-1,
15,15,16,-1,
15,16,16,-1,
13,13,13,-1,
13,13,13,-1,
8,8,11,-1,
8,11,11,-1,
11,11,13,-1,
11,13,13,-1,
8,8,8,-1,
8,8,8,-1,
12,12,9,-1,
12,9,9,-1,
9,9,8,-1,
9,8,8,-1,
12,12,12,-1,
12,12,12,-1,
8,8,8,-1,
8,8,8,-1,
13,13,13,-1,
13,13,13,-1,
16,16,16,-1,
16,16,16,-1,
13,13,15,-1,
13,15,15,-1,
15,15,16,-1,
15,16,16,-1,
13,13,13,-1,
13,13,13,-1,
8,13,8,-1,
8,13,13,-1,
8,8,8,-1,
8,8,8,-1,
8,8,11,-1,
8,11,11,-1,
11,11,13,-1,
11,13,13,-1,
8,8,8,-1,
8,8,8,-1,
12,12,9,-1,
12,9,9,-1,
9,9,8,-1,
9,8,8,-1,
12,12,12,-1,
12,12,12,-1,
8,8,8,-1,
8,8,8,-1,
13,13,13,-1,
13,13,13,-1,
16,16,16,-1,
16,16,16,-1,
13,13,15,-1,
13,15,15,-1,
15,15,16,-1,
15,16,16,-1,
13,13,13,-1,
13,13,13,-1,
8,13,8,-1,
8,13,13,-1,
8,8,8,-1,
8,8,8,-1,
13,13,13,-1,
13,13,13,-1,
13,13,13,-1,
13,13,13,-1,
13,13,13,-1,
13,13,13,-1,
13,13,13,-1,
13,13,13,-1,
13,13,13,-1,
13,13,13,-1,
13,13,13,-1,
13,13,13,-1,
7,7,7,-1,
7,7,7,-1,
12,12,10,-1,
12,10,10,-1,
10,10,7,-1,
10,7,7,-1,
12,12,12,-1,
12,12,12,-1,
16,16,16,-1,
16,16,16,-1,
16,16,16,-1,
16,16,16,-1,
16,16,16,-1,
16,16,16,-1,
16,16,16,-1,
16,16,16,-1,
16,16,16,-1,
16,16,16,-1,
16,16,16,-1,
16,16,16,-1,
13,13,15,-1,
13,15,15,-1,
15,15,16,-1,
15,16,16,-1,
13,13,13,-1,
13,13,13,-1,
24,24,24,-1,
24,24,24,-1,
24,24,24,-1,
24,24,24,-1,
24,24,24,-1,
24,24,24,-1,
24,24,24,-1,
24,24,24,-1,
24,24,24,-1,
24,24,24,-1,
24,24,24,-1,
24,24,24,-1,
24,24,24,-1,
24,24,24,-1,
24,24,24,-1,
24,24,24,-1,
24,24,24,-1,
24,24,24,-1,
24,24,24,-1,
0,0,0,-1,
0,0,0,-1,
0,0,0,-1,
0,0,0,-1,
0,0,0,-1,
0,0,0,-1,
0,0,0,-1,
0,0,0,-1,
0,0,0,-1,
0,0,0,-1,
0,0,0,-1,
0,0,0,-1,
0,0,0,-1,
0,0,0,-1,
0,0,0,-1,
0,0,0,-1,
0,0,0,-1,
0,0,0,-1,
0,0,0,-1,
7,7,3,-1,
7,3,3,-1,
3,3,0,-1,
3,0,0,-1,
12,1,2,-1,
0,3,2,-1,
12,2,10,-1,
10,2,3,-1,
10,3,7,-1,
1,0,2,-1,
12,12,1,-1,
12,1,1,-1,
1,1,0,-1,
1,0,0,-1,
24,24,20,-1,
24,20,20,-1,
20,20,7,-1,
20,7,7,-1,
19,20,24,-1,
19,24,18,-1,
18,12,10,-1,
18,10,19,-1,
19,10,7,-1,
19,7,20,-1,
12,12,18,-1,
12,18,18,-1,
18,18,24,-1,
18,24,24,-1,
17,17,17,-1,
17,17,17,-1,
13,13,14,-1,
14,13,14,-1,
14,14,17,-1,
17,14,17,-1,
13,13,13,-1,
13,13,13,-1,
0,0,0,-1,
0,0,0,-1,
0,0,0,-1,
0,0,0,-1,
0,0,0,-1,
0,0,0,-1,
0,0,0,-1,
0,0,0,-1,
0,0,0,-1,
0,0,0,-1,
0,0,0,-1,
0,0,0,-1,
0,0,0,-1,
0,0,0,-1,
0,0,0,-1,
0,0,0,-1,
0,0,0,-1,
0,0,0,-1,
0,0,0,-1,
24,24,24,-1,
24,24,24,-1,
24,24,24,-1,
24,24,24,-1,
24,24,24,-1,
24,24,24,-1,
24,24,24,-1,
24,24,24,-1,
24,24,24,-1,
24,24,24,-1,
24,24,24,-1,
24,24,24,-1,
24,24,24,-1,
24,24,24,-1,
24,24,24,-1,
24,24,24,-1,
24,24,24,-1,
24,24,24,-1,
24,24,24,-1,
17,17,21,-1,
21,17,24,-1,
21,24,24,-1,
22,21,24,-1,
22,24,23,-1,
17,21,14,-1,
14,21,22,-1,
14,22,13,-1,
13,22,23,-1,
24,24,23,-1,
23,24,13,-1,
23,13,13,-1,
17,17,4,-1,
17,4,4,-1,
4,4,0,-1,
4,0,0,-1,
0,5,6,-1,
4,5,0,-1,
4,17,5,-1,
5,17,14,-1,
5,14,6,-1,
6,14,13,-1,
13,13,6,-1,
6,13,0,-1,
6,0,0,-1
]
}
}
Shape {
appearance Appearance {
material Material {
ambientIntensity 0
diffuseColor 1 1 1 
specularColor 0.098 0.098 0.098 
shininess 0.000781 
transparency 0
}
}
geometry IndexedFaceSet {
normalPerVertex TRUE
solid TRUE
convex TRUE
coord Coordinate { point [
-1.04345 -0.010827124 0.27300987,
-1.04345 0 0.27300987,
-1.04345 -0.049917996 0.058009859,
-1.04345 -0.041999996 0.058009859,
-1.04345 -0.025999963 0.058009859,
-1.04345 -0.011999965 0.058009859,
-1.04345 -0.015999973 0.056009863,
-1.04345 -0.011999965 0.056009863,
-1.04345 -0.016707122 0.055716969,
-1.04345 -0.01699996 0.055009861,
-1.04345 -0.041999996 0.054009862,
-1.04345 -0.025999963 0.054009862,
-1.04345 -0.041707098 0.053302754,
-1.04345 -0.041000009 0.05300986,
-1.04345 -0.02700001 0.05300986,
-1.04345 0 0.050009862,
-1.04345 -0.0014644265 0.046474326,
-1.04345 -0.01699996 0.046009861,
-1.04345 -0.016707122 0.045302752,
-1.04345 -0.015999973 0.045009863,
-1.04345 -0.0049999952 0.045009863,
-1.0419856 -0.010827124 0.27654541,
-1.0419856 0 0.27654541,
-1.0419856 -0.013092518 0.27572426,
-1.0419856 -0.014305592 0.27364233,
-1.0419856 -0.0535115 0.058009859,
-1.04145 -0.010827124 0.27300987,
-1.04145 0 0.27300987,
-1.04145 -0.049917996 0.058009859,
-1.04145 -0.041999996 0.058009859,
-1.04145 -0.025999963 0.058009859,
-1.04145 -0.011999965 0.058009859,
-1.04145 -0.015999973 0.056009863,
-1.04145 -0.011999965 0.056009863,
-1.04145 -0.016707122 0.055716969,
-1.04145 -0.01699996 0.055009861,
-1.04145 -0.041999996 0.054009862,
-1.04145 -0.025999963 0.054009862,
-1.04145 -0.041707098 0.053302754,
-1.04145 -0.041000009 0.05300986,
-1.04145 -0.02700001 0.05300986,
-1.04145 0 0.050009862,
-1.04145 -0.0014644265 0.046474326,
-1.04145 -0.01699996 0.046009861,
-1.04145 -0.016707122 0.045302752,
-1.04145 -0.015999973 0.045009863,
-1.04145 -0.0049999952 0.045009863,
-1.0405713 -0.010827124 0.2751312,
-1.0405713 -0.012186348 0.2746385,
-1.0405713 -0.012914181 0.27338934,
-1.03995 -0.051442623 0.058009859,
-1.03845 -0.010827124 0.27800986,
-1.03845 0 0.27800986,
-1.03845 -0.014030814 0.27684861,
-1.03845 -0.010827124 0.27600986,
-1.03845 0 0.27600986,
-1.03845 -0.012749374 0.27531311,
-1.03845 -0.015746474 0.27390429,
-1.03845 -0.013778687 0.27354652,
-1.03845 -0.055000007 0.058009859,
-1.03845 -0.052967191 0.058009859,
-1.0354501 -0.010827124 0.27800986,
-1.0354501 0 0.27800986,
-1.0354501 -0.014030814 0.27684861,
-1.0354501 -0.010827124 0.27600986,
-1.0354501 0 0.27600986,
-1.0354501 -0.012749374 0.27531311,
-1.0354501 -0.015746474 0.27390429,
-1.0354501 -0.013778687 0.27354652,
-1.0354501 -0.055000007 0.058009859,
-1.0354501 -0.052967191 0.058009859,
-1.0333288 -0.010827124 0.2751312,
-1.0333288 -0.012186348 0.2746385,
-1.0333288 -0.012914181 0.27338934,
-1.0324501 -0.010827124 0.27300987,
-1.0324501 0 0.27300987,
-1.0324501 -0.049917996 0.058009859,
-1.0324501 -0.041999996 0.058009859,
-1.0324501 -0.025999963 0.058009859,
-1.0324501 -0.011999965 0.058009859,
-1.0324501 -0.015999973 0.056009863,
-1.0324501 -0.011999965 0.056009863,
-1.0324501 -0.016707122 0.055716969,
-1.0324501 -0.01699996 0.055009861,
-1.0324501 -0.041999996 0.054009862,
-1.0324501 -0.025999963 0.054009862,
-1.0324501 -0.026292861 0.053302754,
-1.0324501 -0.041000009 0.05300986,
-1.0324501 -0.02700001 0.05300986,
-1.0324501 0 0.050009862,
-1.0324501 -0.0014644265 0.046474326,
-1.0324501 -0.01699996 0.046009861,
-1.0324501 -0.016707122 0.045302752,
-1.0324501 -0.015999973 0.045009863,
-1.0324501 -0.0049999952 0.045009863,
-1.0319145 -0.010827124 0.27654541,
-1.0319145 0 0.27654541,
-1.0319145 -0.013092518 0.27572426,
-1.0319145 -0.014305592 0.27364233,
-1.0319145 -0.0535115 0.058009859,
-1.0304501 -0.010827124 0.27300987,
-1.0304501 0 0.27300987,
-1.0304501 -0.049917996 0.058009859,
-1.0304501 -0.041999996 0.058009859,
-1.0304501 -0.025999963 0.058009859,
-1.0304501 -0.011999965 0.058009859,
-1.0304501 -0.015999973 0.056009863,
-1.0304501 -0.011999965 0.056009863,
-1.0304501 -0.016707122 0.055716969,
-1.0304501 -0.01699996 0.055009861,
-1.0304501 -0.041999996 0.054009862,
-1.0304501 -0.025999963 0.054009862,
-1.0304501 -0.026292861 0.053302754,
-1.0304501 -0.041000009 0.05300986,
-1.0304501 -0.02700001 0.05300986,
-1.0304501 0 0.050009862,
-1.0304501 -0.0014644265 0.046474326,
-1.0304501 -0.01699996 0.046009861,
-1.0304501 -0.016707122 0.045302752,
-1.0304501 -0.015999973 0.045009863,
-1.0304501 -0.0049999952 0.045009863
] }
normal Normal { vector [
-1 0 0,
-0.707107 0 0.707107,
-0.707107 -0.453077 0.542882,
-0.707107 -0.695701 0.126491,
-0.707107 0.695701 -0.126491,
-0.707107 0.453077 -0.542882,
-0.707107 0 -0.707107,
0 -0.98387 0.178885,
0 -1 0,
0 -0.707107 0.707107,
0 -0.640747 0.767752,
0 -0.707107 -0.707107,
0 0 1,
0 0 -1,
0 0.640747 -0.767752,
0 0.707107 -0.707107,
0 1 0,
0 0.98387 -0.178885,
0.707107 0 0.707107,
0.707107 -0.453077 0.542882,
0.707107 -0.695701 0.126491,
0.707107 0.695701 -0.126491,
0.707107 0.453077 -0.542882,
0.707107 0 -0.707107,
1 0 0
] }
coordIndex [
46,20,16,-1,
46,16,42,-1,
42,16,15,-1,
42,15,41,-1,
45,19,46,-1,
46,19,20,-1,
43,17,18,-1,
43,18,44,-1,
44,18,19,-1,
44,19,45,-1,
35,9,43,-1,
43,9,17,-1,
32,6,8,-1,
32,8,34,-1,
34,8,9,-1,
34,9,35,-1,
33,7,32,-1,
32,7,6,-1,
31,5,33,-1,
33,5,7,-1,
30,4,31,-1,
31,4,5,-1,
37,11,30,-1,
30,11,4,-1,
14,11,40,-1,
40,11,37,-1,
39,13,40,-1,
40,13,14,-1,
36,10,12,-1,
36,12,38,-1,
38,12,13,-1,
38,13,39,-1,
29,3,36,-1,
36,3,10,-1,
117,91,92,-1,
117,92,118,-1,
118,92,93,-1,
118,93,119,-1,
117,109,91,-1,
91,109,83,-1,
106,80,82,-1,
106,82,108,-1,
108,82,83,-1,
108,83,109,-1,
106,107,80,-1,
80,107,81,-1,
107,105,81,-1,
81,105,79,-1,
105,104,79,-1,
79,104,78,-1,
104,111,78,-1,
78,111,85,-1,
114,88,86,-1,
114,86,112,-1,
112,86,85,-1,
112,85,111,-1,
114,113,88,-1,
88,113,87,-1,
84,87,110,-1,
110,87,113,-1,
110,103,84,-1,
84,103,77,-1,
60,70,69,-1,
3,29,2,-1,
2,29,28,-1,
2,28,25,-1,
25,28,60,-1,
25,60,59,-1,
59,60,69,-1,
77,103,76,-1,
76,103,102,-1,
76,102,70,-1,
70,102,99,-1,
70,99,69,-1,
67,57,69,-1,
69,57,59,-1,
61,51,53,-1,
61,53,63,-1,
63,53,57,-1,
63,57,67,-1,
62,52,61,-1,
61,52,51,-1,
65,55,52,-1,
115,89,101,-1,
101,89,75,-1,
101,75,96,-1,
96,75,65,-1,
96,65,62,-1,
62,65,52,-1,
41,15,27,-1,
27,15,1,-1,
27,1,55,-1,
55,1,22,-1,
55,22,52,-1,
120,94,90,-1,
120,90,116,-1,
116,90,89,-1,
116,89,115,-1,
120,119,94,-1,
94,119,93,-1,
105,107,116,-1,
110,113,114,-1,
120,116,119,-1,
119,116,107,-1,
119,107,106,-1,
106,108,109,-1,
103,110,104,-1,
104,110,114,-1,
104,114,111,-1,
111,114,112,-1,
116,115,105,-1,
105,115,101,-1,
105,101,104,-1,
104,101,100,-1,
104,100,103,-1,
103,100,102,-1,
106,109,119,-1,
119,109,117,-1,
119,117,118,-1,
2,0,3,-1,
3,0,1,-1,
9,8,6,-1,
12,10,13,-1,
13,10,3,-1,
14,13,11,-1,
11,13,3,-1,
11,3,4,-1,
4,3,1,-1,
4,1,5,-1,
5,1,15,-1,
5,15,7,-1,
7,15,16,-1,
19,18,17,-1,
16,20,7,-1,
7,20,19,-1,
7,19,6,-1,
6,19,17,-1,
6,17,9,-1,
59,57,24,-1,
59,24,25,-1,
25,24,0,-1,
25,0,2,-1,
51,21,23,-1,
0,24,23,-1,
51,23,53,-1,
53,23,24,-1,
53,24,57,-1,
21,0,23,-1,
51,52,22,-1,
51,22,21,-1,
21,22,1,-1,
21,1,0,-1,
102,100,98,-1,
102,98,99,-1,
99,98,67,-1,
99,67,69,-1,
97,98,100,-1,
97,100,95,-1,
95,61,63,-1,
95,63,97,-1,
97,63,67,-1,
97,67,98,-1,
62,61,95,-1,
62,95,96,-1,
96,95,100,-1,
96,100,101,-1,
58,68,60,-1,
60,68,70,-1,
54,64,56,-1,
56,64,66,-1,
56,66,58,-1,
58,66,68,-1,
55,65,54,-1,
54,65,64,-1,
76,74,77,-1,
77,74,75,-1,
85,86,88,-1,
90,94,91,-1,
91,94,93,-1,
91,93,92,-1,
85,77,78,-1,
78,77,75,-1,
78,75,79,-1,
79,75,89,-1,
79,89,81,-1,
81,89,90,-1,
81,90,80,-1,
80,90,91,-1,
80,91,82,-1,
82,91,83,-1,
85,88,77,-1,
77,88,87,-1,
77,87,84,-1,
45,46,42,-1,
30,29,36,-1,
36,38,39,-1,
36,39,30,-1,
30,39,40,-1,
30,40,37,-1,
28,29,26,-1,
26,29,30,-1,
26,30,27,-1,
27,30,31,-1,
27,31,41,-1,
32,34,33,-1,
33,34,35,-1,
33,35,43,-1,
41,31,42,-1,
42,31,33,-1,
42,33,45,-1,
45,33,43,-1,
45,43,44,-1,
28,26,49,-1,
28,49,50,-1,
50,49,58,-1,
50,58,60,-1,
48,49,26,-1,
48,26,47,-1,
58,49,56,-1,
56,49,48,-1,
56,48,54,-1,
54,48,47,-1,
26,27,47,-1,
47,27,55,-1,
47,55,54,-1,
74,76,73,-1,
73,76,70,-1,
73,70,68,-1,
74,72,71,-1,
73,72,74,-1,
73,68,72,-1,
72,68,66,-1,
72,66,71,-1,
71,66,64,-1,
64,65,71,-1,
71,65,75,-1,
71,75,74,-1
]
normalIndex [
13,13,15,-1,
13,15,15,-1,
15,15,16,-1,
15,16,16,-1,
13,13,13,-1,
13,13,13,-1,
8,8,11,-1,
8,11,11,-1,
11,11,13,-1,
11,13,13,-1,
8,8,8,-1,
8,8,8,-1,
12,12,9,-1,
12,9,9,-1,
9,9,8,-1,
9,8,8,-1,
12,12,12,-1,
12,12,12,-1,
8,8,8,-1,
8,8,8,-1,
13,13,13,-1,
13,13,13,-1,
16,16,16,-1,
16,16,16,-1,
13,16,13,-1,
13,16,16,-1,
13,13,13,-1,
13,13,13,-1,
8,8,11,-1,
8,11,11,-1,
11,11,13,-1,
11,13,13,-1,
8,8,8,-1,
8,8,8,-1,
8,8,11,-1,
8,11,11,-1,
11,11,13,-1,
11,13,13,-1,
8,8,8,-1,
8,8,8,-1,
12,12,9,-1,
12,9,9,-1,
9,9,8,-1,
9,8,8,-1,
12,12,12,-1,
12,12,12,-1,
8,8,8,-1,
8,8,8,-1,
13,13,13,-1,
13,13,13,-1,
16,16,16,-1,
16,16,16,-1,
13,13,15,-1,
13,15,15,-1,
15,15,16,-1,
15,16,16,-1,
13,13,13,-1,
13,13,13,-1,
8,13,8,-1,
8,13,13,-1,
8,8,8,-1,
8,8,8,-1,
13,13,13,-1,
13,13,13,-1,
13,13,13,-1,
13,13,13,-1,
13,13,13,-1,
13,13,13,-1,
13,13,13,-1,
13,13,13,-1,
13,13,13,-1,
13,13,13,-1,
13,13,13,-1,
13,13,13,-1,
7,7,7,-1,
7,7,7,-1,
12,12,10,-1,
12,10,10,-1,
10,10,7,-1,
10,7,7,-1,
12,12,12,-1,
12,12,12,-1,
16,16,16,-1,
16,16,16,-1,
16,16,16,-1,
16,16,16,-1,
16,16,16,-1,
16,16,16,-1,
16,16,16,-1,
16,16,16,-1,
16,16,16,-1,
16,16,16,-1,
16,16,16,-1,
16,16,16,-1,
13,13,15,-1,
13,15,15,-1,
15,15,16,-1,
15,16,16,-1,
13,13,13,-1,
13,13,13,-1,
24,24,24,-1,
24,24,24,-1,
24,24,24,-1,
24,24,24,-1,
24,24,24,-1,
24,24,24,-1,
24,24,24,-1,
24,24,24,-1,
24,24,24,-1,
24,24,24,-1,
24,24,24,-1,
24,24,24,-1,
24,24,24,-1,
24,24,24,-1,
24,24,24,-1,
24,24,24,-1,
24,24,24,-1,
24,24,24,-1,
24,24,24,-1,
0,0,0,-1,
0,0,0,-1,
0,0,0,-1,
0,0,0,-1,
0,0,0,-1,
0,0,0,-1,
0,0,0,-1,
0,0,0,-1,
0,0,0,-1,
0,0,0,-1,
0,0,0,-1,
0,0,0,-1,
0,0,0,-1,
0,0,0,-1,
0,0,0,-1,
0,0,0,-1,
0,0,0,-1,
0,0,0,-1,
0,0,0,-1,
7,7,3,-1,
7,3,3,-1,
3,3,0,-1,
3,0,0,-1,
12,1,2,-1,
0,3,2,-1,
12,2,10,-1,
10,2,3,-1,
10,3,7,-1,
1,0,2,-1,
12,12,1,-1,
12,1,1,-1,
1,1,0,-1,
1,0,0,-1,
24,24,20,-1,
24,20,20,-1,
20,20,7,-1,
20,7,7,-1,
19,20,24,-1,
19,24,18,-1,
18,12,10,-1,
18,10,19,-1,
19,10,7,-1,
19,7,20,-1,
12,12,18,-1,
12,18,18,-1,
18,18,24,-1,
18,24,24,-1,
17,17,17,-1,
17,17,17,-1,
13,13,14,-1,
14,13,14,-1,
14,14,17,-1,
17,14,17,-1,
13,13,13,-1,
13,13,13,-1,
0,0,0,-1,
0,0,0,-1,
0,0,0,-1,
0,0,0,-1,
0,0,0,-1,
0,0,0,-1,
0,0,0,-1,
0,0,0,-1,
0,0,0,-1,
0,0,0,-1,
0,0,0,-1,
0,0,0,-1,
0,0,0,-1,
0,0,0,-1,
0,0,0,-1,
0,0,0,-1,
0,0,0,-1,
0,0,0,-1,
0,0,0,-1,
24,24,24,-1,
24,24,24,-1,
24,24,24,-1,
24,24,24,-1,
24,24,24,-1,
24,24,24,-1,
24,24,24,-1,
24,24,24,-1,
24,24,24,-1,
24,24,24,-1,
24,24,24,-1,
24,24,24,-1,
24,24,24,-1,
24,24,24,-1,
24,24,24,-1,
24,24,24,-1,
24,24,24,-1,
24,24,24,-1,
24,24,24,-1,
24,24,21,-1,
24,21,21,-1,
21,21,17,-1,
21,17,17,-1,
22,21,24,-1,
22,24,23,-1,
17,21,14,-1,
14,21,22,-1,
14,22,13,-1,
13,22,23,-1,
24,24,23,-1,
23,24,13,-1,
23,13,13,-1,
0,0,4,-1,
4,0,17,-1,
4,17,17,-1,
0,5,6,-1,
4,5,0,-1,
4,17,5,-1,
5,17,14,-1,
5,14,6,-1,
6,14,13,-1,
13,13,6,-1,
6,13,0,-1,
6,0,0,-1
]
}
}
Shape {
appearance Appearance {
material Material {
ambientIntensity 0
diffuseColor 1 1 1 
specularColor 0.098 0.098 0.098 
shininess 0.000781 
transparency 0
}
}
geometry IndexedFaceSet {
normalPerVertex TRUE
solid TRUE
convex TRUE
coord Coordinate { point [
-0.35211667 -0.010827124 0.27300987,
-0.35211667 0 0.27300987,
-0.35211667 -0.049917996 0.058009859,
-0.35211667 -0.041999996 0.058009859,
-0.35211667 -0.025999963 0.058009859,
-0.35211667 -0.011999965 0.058009859,
-0.35211667 -0.015999973 0.056009863,
-0.35211667 -0.011999965 0.056009863,
-0.35211667 -0.016707122 0.055716969,
-0.35211667 -0.01699996 0.055009861,
-0.35211667 -0.041999996 0.054009862,
-0.35211667 -0.025999963 0.054009862,
-0.35211667 -0.041707098 0.053302754,
-0.35211667 -0.041000009 0.05300986,
-0.35211667 -0.02700001 0.05300986,
-0.35211667 0 0.050009862,
-0.35211667 -0.0014644265 0.046474326,
-0.35211667 -0.01699996 0.046009861,
-0.35211667 -0.016707122 0.045302752,
-0.35211667 -0.015999973 0.045009863,
-0.35211667 -0.0049999952 0.045009863,
-0.35065222 -0.010827124 0.27654541,
-0.35065222 0 0.27654541,
-0.35065222 -0.013092518 0.27572426,
-0.35065222 -0.014305592 0.27364233,
-0.35065222 -0.0535115 0.058009859,
-0.3501167 -0.010827124 0.27300987,
-0.3501167 0 0.27300987,
-0.3501167 -0.049917996 0.058009859,
-0.3501167 -0.041999996 0.058009859,
-0.3501167 -0.025999963 0.058009859,
-0.3501167 -0.011999965 0.058009859,
-0.3501167 -0.015999973 0.056009863,
-0.3501167 -0.011999965 0.056009863,
-0.3501167 -0.016707122 0.055716969,
-0.3501167 -0.01699996 0.055009861,
-0.3501167 -0.041999996 0.054009862,
-0.3501167 -0.025999963 0.054009862,
-0.3501167 -0.041707098 0.053302754,
-0.3501167 -0.041000009 0.05300986,
-0.3501167 -0.02700001 0.05300986,
-0.3501167 0 0.050009862,
-0.3501167 -0.0014644265 0.046474326,
-0.3501167 -0.01699996 0.046009861,
-0.3501167 -0.016707122 0.045302752,
-0.3501167 -0.015999973 0.045009863,
-0.3501167 -0.0049999952 0.045009863,
-0.34923801 -0.010827124 0.2751312,
-0.34923801 -0.012186348 0.2746385,
-0.34923801 -0.012914181 0.27338934,
-0.34711668 -0.010827124 0.27800986,
-0.34711668 0 0.27800986,
-0.34711668 -0.014030814 0.27684861,
-0.34711668 -0.010827124 0.27600986,
-0.34711668 0 0.27600986,
-0.34711668 -0.012749374 0.27531311,
-0.34711668 -0.015746474 0.27390429,
-0.34711668 -0.013778687 0.27354652,
-0.34711668 -0.055000007 0.058009859,
-0.34711668 -0.052967191 0.058009859,
-0.34411669 -0.010827124 0.27800986,
-0.34411669 0 0.27800986,
-0.34411669 -0.014030814 0.27684861,
-0.34411669 -0.010827124 0.27600986,
-0.34411669 0 0.27600986,
-0.34411669 -0.012749374 0.27531311,
-0.34411669 -0.015746474 0.27390429,
-0.34411669 -0.013778687 0.27354652,
-0.34411669 -0.055000007 0.058009859,
-0.34411669 -0.052967191 0.058009859,
-0.34261668 -0.051442623 0.058009859,
-0.34199536 -0.010827124 0.2751312,
-0.34199536 -0.012186348 0.2746385,
-0.34199536 -0.012914181 0.27338934,
-0.3411167 -0.010827124 0.27300987,
-0.3411167 0 0.27300987,
-0.3411167 -0.049917996 0.058009859,
-0.3411167 -0.041999996 0.058009859,
-0.3411167 -0.025999963 0.058009859,
-0.3411167 -0.011999965 0.058009859,
-0.3411167 -0.015999973 0.056009863,
-0.3411167 -0.011999965 0.056009863,
-0.3411167 -0.016707122 0.055716969,
-0.3411167 -0.01699996 0.055009861,
-0.3411167 -0.041999996 0.054009862,
-0.3411167 -0.025999963 0.054009862,
-0.3411167 -0.026292861 0.053302754,
-0.3411167 -0.041000009 0.05300986,
-0.3411167 -0.02700001 0.05300986,
-0.3411167 0 0.050009862,
-0.3411167 -0.0014644265 0.046474326,
-0.3411167 -0.01699996 0.046009861,
-0.3411167 -0.016707122 0.045302752,
-0.3411167 -0.015999973 0.045009863,
-0.3411167 -0.0049999952 0.045009863,
-0.34058115 -0.010827124 0.27654541,
-0.34058115 0 0.27654541,
-0.34058115 -0.013092518 0.27572426,
-0.34058115 -0.014305592 0.27364233,
-0.34058115 -0.0535115 0.058009859,
-0.33911669 -0.010827124 0.27300987,
-0.33911669 0 0.27300987,
-0.33911669 -0.049917996 0.058009859,
-0.33911669 -0.041999996 0.058009859,
-0.33911669 -0.025999963 0.058009859,
-0.33911669 -0.011999965 0.058009859,
-0.33911669 -0.015999973 0.056009863,
-0.33911669 -0.011999965 0.056009863,
-0.33911669 -0.016707122 0.055716969,
-0.33911669 -0.01699996 0.055009861,
-0.33911669 -0.041999996 0.054009862,
-0.33911669 -0.025999963 0.054009862,
-0.33911669 -0.026292861 0.053302754,
-0.33911669 -0.041000009 0.05300986,
-0.33911669 -0.02700001 0.05300986,
-0.33911669 0 0.050009862,
-0.33911669 -0.0014644265 0.046474326,
-0.33911669 -0.01699996 0.046009861,
-0.33911669 -0.016707122 0.045302752,
-0.33911669 -0.015999973 0.045009863,
-0.33911669 -0.0049999952 0.045009863
] }
normal Normal { vector [
-1 0 0,
-0.707107 0 0.707107,
-0.707107 -0.453077 0.542882,
-0.707107 -0.695701 0.126491,
-0.707107 0.695701 -0.126491,
-0.707107 0.453077 -0.542882,
-0.707107 0 -0.707107,
0 -0.98387 0.178885,
0 -1 0,
0 -0.707107 0.707107,
0 -0.640747 0.767752,
0 -0.707107 -0.707107,
0 0 1,
0 0 -1,
0 0.640747 -0.767752,
0 0.707107 -0.707107,
0 1 0,
0 0.98387 -0.178885,
0.707107 0 0.707107,
0.707107 -0.453077 0.542882,
0.707107 -0.695701 0.126491,
0.707107 0.695701 -0.126491,
0.707107 0.453077 -0.542882,
0.707107 0 -0.707107,
1 0 0
] }
coordIndex [
46,20,16,-1,
46,16,42,-1,
42,16,15,-1,
42,15,41,-1,
45,19,46,-1,
46,19,20,-1,
43,17,18,-1,
43,18,44,-1,
44,18,19,-1,
44,19,45,-1,
35,9,43,-1,
43,9,17,-1,
32,6,8,-1,
32,8,34,-1,
34,8,9,-1,
34,9,35,-1,
33,7,32,-1,
32,7,6,-1,
31,5,33,-1,
33,5,7,-1,
30,4,31,-1,
31,4,5,-1,
37,11,30,-1,
30,11,4,-1,
14,11,40,-1,
40,11,37,-1,
39,13,40,-1,
40,13,14,-1,
36,10,12,-1,
36,12,38,-1,
38,12,13,-1,
38,13,39,-1,
29,3,36,-1,
36,3,10,-1,
117,91,92,-1,
117,92,118,-1,
118,92,93,-1,
118,93,119,-1,
117,109,91,-1,
91,109,83,-1,
106,80,82,-1,
106,82,108,-1,
108,82,83,-1,
108,83,109,-1,
106,107,80,-1,
80,107,81,-1,
107,105,81,-1,
81,105,79,-1,
105,104,79,-1,
79,104,78,-1,
104,111,78,-1,
78,111,85,-1,
114,88,86,-1,
114,86,112,-1,
112,86,85,-1,
112,85,111,-1,
114,113,88,-1,
88,113,87,-1,
84,87,110,-1,
110,87,113,-1,
110,103,84,-1,
84,103,77,-1,
59,69,68,-1,
3,29,2,-1,
2,29,28,-1,
2,28,25,-1,
25,28,59,-1,
25,59,58,-1,
58,59,68,-1,
77,103,76,-1,
76,103,102,-1,
76,102,69,-1,
69,102,99,-1,
69,99,68,-1,
66,56,68,-1,
68,56,58,-1,
60,50,52,-1,
60,52,62,-1,
62,52,56,-1,
62,56,66,-1,
61,51,60,-1,
60,51,50,-1,
27,41,15,-1,
115,89,101,-1,
101,89,75,-1,
15,1,27,-1,
27,1,22,-1,
27,22,54,-1,
54,22,51,-1,
54,51,64,-1,
64,51,61,-1,
64,61,75,-1,
75,61,96,-1,
75,96,101,-1,
120,94,90,-1,
120,90,116,-1,
116,90,89,-1,
116,89,115,-1,
120,119,94,-1,
94,119,93,-1,
105,107,116,-1,
110,113,114,-1,
120,116,119,-1,
119,116,107,-1,
119,107,106,-1,
106,108,109,-1,
103,110,104,-1,
104,110,114,-1,
104,114,111,-1,
111,114,112,-1,
116,115,105,-1,
105,115,101,-1,
105,101,104,-1,
104,101,100,-1,
104,100,103,-1,
103,100,102,-1,
106,109,119,-1,
119,109,117,-1,
119,117,118,-1,
2,0,3,-1,
3,0,1,-1,
9,8,6,-1,
12,10,13,-1,
13,10,3,-1,
14,13,11,-1,
11,13,3,-1,
11,3,4,-1,
4,3,1,-1,
4,1,5,-1,
5,1,15,-1,
5,15,7,-1,
7,15,16,-1,
19,18,17,-1,
16,20,7,-1,
7,20,19,-1,
7,19,6,-1,
6,19,17,-1,
6,17,9,-1,
58,56,24,-1,
58,24,25,-1,
25,24,0,-1,
25,0,2,-1,
50,21,23,-1,
0,24,23,-1,
50,23,52,-1,
52,23,24,-1,
52,24,56,-1,
21,0,23,-1,
50,51,22,-1,
50,22,21,-1,
21,22,1,-1,
21,1,0,-1,
102,100,98,-1,
102,98,99,-1,
99,98,66,-1,
99,66,68,-1,
97,98,100,-1,
97,100,95,-1,
95,60,62,-1,
95,62,97,-1,
97,62,66,-1,
97,66,98,-1,
61,60,95,-1,
61,95,96,-1,
96,95,100,-1,
96,100,101,-1,
57,67,59,-1,
59,67,69,-1,
53,63,55,-1,
55,63,65,-1,
55,65,57,-1,
57,65,67,-1,
54,64,53,-1,
53,64,63,-1,
76,74,77,-1,
77,74,75,-1,
85,86,88,-1,
90,94,91,-1,
91,94,93,-1,
91,93,92,-1,
85,77,78,-1,
78,77,75,-1,
78,75,79,-1,
79,75,89,-1,
79,89,81,-1,
81,89,90,-1,
81,90,80,-1,
80,90,91,-1,
80,91,82,-1,
82,91,83,-1,
85,88,77,-1,
77,88,87,-1,
77,87,84,-1,
45,46,42,-1,
30,29,36,-1,
36,38,39,-1,
36,39,30,-1,
30,39,40,-1,
30,40,37,-1,
28,29,26,-1,
26,29,30,-1,
26,30,27,-1,
27,30,31,-1,
27,31,41,-1,
32,34,33,-1,
33,34,35,-1,
33,35,43,-1,
41,31,42,-1,
42,31,33,-1,
42,33,45,-1,
45,33,43,-1,
45,43,44,-1,
57,59,49,-1,
49,59,28,-1,
49,28,26,-1,
48,49,26,-1,
48,26,47,-1,
57,49,55,-1,
55,49,48,-1,
55,48,53,-1,
53,48,47,-1,
26,27,47,-1,
47,27,54,-1,
47,54,53,-1,
69,67,73,-1,
69,73,70,-1,
70,73,74,-1,
70,74,76,-1,
74,72,71,-1,
73,72,74,-1,
73,67,72,-1,
72,67,65,-1,
72,65,71,-1,
71,65,63,-1,
63,64,71,-1,
71,64,75,-1,
71,75,74,-1
]
normalIndex [
13,13,15,-1,
13,15,15,-1,
15,15,16,-1,
15,16,16,-1,
13,13,13,-1,
13,13,13,-1,
8,8,11,-1,
8,11,11,-1,
11,11,13,-1,
11,13,13,-1,
8,8,8,-1,
8,8,8,-1,
12,12,9,-1,
12,9,9,-1,
9,9,8,-1,
9,8,8,-1,
12,12,12,-1,
12,12,12,-1,
8,8,8,-1,
8,8,8,-1,
13,13,13,-1,
13,13,13,-1,
16,16,16,-1,
16,16,16,-1,
13,16,13,-1,
13,16,16,-1,
13,13,13,-1,
13,13,13,-1,
8,8,11,-1,
8,11,11,-1,
11,11,13,-1,
11,13,13,-1,
8,8,8,-1,
8,8,8,-1,
8,8,11,-1,
8,11,11,-1,
11,11,13,-1,
11,13,13,-1,
8,8,8,-1,
8,8,8,-1,
12,12,9,-1,
12,9,9,-1,
9,9,8,-1,
9,8,8,-1,
12,12,12,-1,
12,12,12,-1,
8,8,8,-1,
8,8,8,-1,
13,13,13,-1,
13,13,13,-1,
16,16,16,-1,
16,16,16,-1,
13,13,15,-1,
13,15,15,-1,
15,15,16,-1,
15,16,16,-1,
13,13,13,-1,
13,13,13,-1,
8,13,8,-1,
8,13,13,-1,
8,8,8,-1,
8,8,8,-1,
13,13,13,-1,
13,13,13,-1,
13,13,13,-1,
13,13,13,-1,
13,13,13,-1,
13,13,13,-1,
13,13,13,-1,
13,13,13,-1,
13,13,13,-1,
13,13,13,-1,
13,13,13,-1,
13,13,13,-1,
7,7,7,-1,
7,7,7,-1,
12,12,10,-1,
12,10,10,-1,
10,10,7,-1,
10,7,7,-1,
12,12,12,-1,
12,12,12,-1,
16,16,16,-1,
16,16,16,-1,
16,16,16,-1,
16,16,16,-1,
16,16,16,-1,
16,16,16,-1,
16,16,16,-1,
16,16,16,-1,
16,16,16,-1,
16,16,16,-1,
16,16,16,-1,
16,16,16,-1,
13,13,15,-1,
13,15,15,-1,
15,15,16,-1,
15,16,16,-1,
13,13,13,-1,
13,13,13,-1,
24,24,24,-1,
24,24,24,-1,
24,24,24,-1,
24,24,24,-1,
24,24,24,-1,
24,24,24,-1,
24,24,24,-1,
24,24,24,-1,
24,24,24,-1,
24,24,24,-1,
24,24,24,-1,
24,24,24,-1,
24,24,24,-1,
24,24,24,-1,
24,24,24,-1,
24,24,24,-1,
24,24,24,-1,
24,24,24,-1,
24,24,24,-1,
0,0,0,-1,
0,0,0,-1,
0,0,0,-1,
0,0,0,-1,
0,0,0,-1,
0,0,0,-1,
0,0,0,-1,
0,0,0,-1,
0,0,0,-1,
0,0,0,-1,
0,0,0,-1,
0,0,0,-1,
0,0,0,-1,
0,0,0,-1,
0,0,0,-1,
0,0,0,-1,
0,0,0,-1,
0,0,0,-1,
0,0,0,-1,
7,7,3,-1,
7,3,3,-1,
3,3,0,-1,
3,0,0,-1,
12,1,2,-1,
0,3,2,-1,
12,2,10,-1,
10,2,3,-1,
10,3,7,-1,
1,0,2,-1,
12,12,1,-1,
12,1,1,-1,
1,1,0,-1,
1,0,0,-1,
24,24,20,-1,
24,20,20,-1,
20,20,7,-1,
20,7,7,-1,
19,20,24,-1,
19,24,18,-1,
18,12,10,-1,
18,10,19,-1,
19,10,7,-1,
19,7,20,-1,
12,12,18,-1,
12,18,18,-1,
18,18,24,-1,
18,24,24,-1,
17,17,17,-1,
17,17,17,-1,
13,13,14,-1,
14,13,14,-1,
14,14,17,-1,
17,14,17,-1,
13,13,13,-1,
13,13,13,-1,
0,0,0,-1,
0,0,0,-1,
0,0,0,-1,
0,0,0,-1,
0,0,0,-1,
0,0,0,-1,
0,0,0,-1,
0,0,0,-1,
0,0,0,-1,
0,0,0,-1,
0,0,0,-1,
0,0,0,-1,
0,0,0,-1,
0,0,0,-1,
0,0,0,-1,
0,0,0,-1,
0,0,0,-1,
0,0,0,-1,
0,0,0,-1,
24,24,24,-1,
24,24,24,-1,
24,24,24,-1,
24,24,24,-1,
24,24,24,-1,
24,24,24,-1,
24,24,24,-1,
24,24,24,-1,
24,24,24,-1,
24,24,24,-1,
24,24,24,-1,
24,24,24,-1,
24,24,24,-1,
24,24,24,-1,
24,24,24,-1,
24,24,24,-1,
24,24,24,-1,
24,24,24,-1,
24,24,24,-1,
17,17,21,-1,
21,17,24,-1,
21,24,24,-1,
22,21,24,-1,
22,24,23,-1,
17,21,14,-1,
14,21,22,-1,
14,22,13,-1,
13,22,23,-1,
24,24,23,-1,
23,24,13,-1,
23,13,13,-1,
17,17,4,-1,
17,4,4,-1,
4,4,0,-1,
4,0,0,-1,
0,5,6,-1,
4,5,0,-1,
4,17,5,-1,
5,17,14,-1,
5,14,6,-1,
6,14,13,-1,
13,13,6,-1,
6,13,0,-1,
6,0,0,-1
]
}
}
Shape {
appearance Appearance {
material Material {
ambientIntensity 0
diffuseColor 1 1 1 
specularColor 0.098 0.098 0.098 
shininess 0.000781 
transparency 0
}
}
geometry IndexedFaceSet {
normalPerVertex TRUE
solid TRUE
convex TRUE
coord Coordinate { point [
0.33921665 -0.010827124 0.27300987,
0.33921665 0 0.27300987,
0.33921665 -0.049917996 0.058009859,
0.33921665 -0.041999996 0.058009859,
0.33921665 -0.025999963 0.058009859,
0.33921665 -0.011999965 0.058009859,
0.33921665 -0.015999973 0.056009863,
0.33921665 -0.011999965 0.056009863,
0.33921665 -0.016707122 0.055716969,
0.33921665 -0.01699996 0.055009861,
0.33921665 -0.041999996 0.054009862,
0.33921665 -0.025999963 0.054009862,
0.33921665 -0.041707098 0.053302754,
0.33921665 -0.041000009 0.05300986,
0.33921665 -0.02700001 0.05300986,
0.33921665 0 0.050009862,
0.33921665 -0.0014644265 0.046474326,
0.33921665 -0.01699996 0.046009861,
0.33921665 -0.016707122 0.045302752,
0.33921665 -0.015999973 0.045009863,
0.33921665 -0.0049999952 0.045009863,
0.34068111 -0.010827124 0.27654541,
0.34068111 0 0.27654541,
0.34068111 -0.013092518 0.27572426,
0.34068111 -0.014305592 0.27364233,
0.34068111 -0.0535115 0.058009859,
0.34121665 -0.010827124 0.27300987,
0.34121665 0 0.27300987,
0.34121665 -0.049917996 0.058009859,
0.34121665 -0.041999996 0.058009859,
0.34121665 -0.025999963 0.058009859,
0.34121665 -0.011999965 0.058009859,
0.34121665 -0.015999973 0.056009863,
0.34121665 -0.011999965 0.056009863,
0.34121665 -0.016707122 0.055716969,
0.34121665 -0.01699996 0.055009861,
0.34121665 -0.041999996 0.054009862,
0.34121665 -0.025999963 0.054009862,
0.34121665 -0.041707098 0.053302754,
0.34121665 -0.041000009 0.05300986,
0.34121665 -0.02700001 0.05300986,
0.34121665 0 0.050009862,
0.34121665 -0.0014644265 0.046474326,
0.34121665 -0.01699996 0.046009861,
0.34121665 -0.016707122 0.045302752,
0.34121665 -0.015999973 0.045009863,
0.34121665 -0.0049999952 0.045009863,
0.34209532 -0.010827124 0.2751312,
0.34209532 -0.012186348 0.2746385,
0.34209532 -0.012914181 0.27338934,
0.34421664 -0.010827124 0.27800986,
0.34421664 0 0.27800986,
0.34421664 -0.014030814 0.27684861,
0.34421664 -0.010827124 0.27600986,
0.34421664 0 0.27600986,
0.34421664 -0.012749374 0.27531311,
0.34421664 -0.015746474 0.27390429,
0.34421664 -0.013778687 0.27354652,
0.34421664 -0.055000007 0.058009859,
0.34421664 -0.052967191 0.058009859,
0.34721664 -0.010827124 0.27800986,
0.34721664 0 0.27800986,
0.34721664 -0.014030814 0.27684861,
0.34721664 -0.010827124 0.27600986,
0.34721664 0 0.27600986,
0.34721664 -0.012749374 0.27531311,
0.34721664 -0.015746474 0.27390429,
0.34721664 -0.013778687 0.27354652,
0.34721664 -0.055000007 0.058009859,
0.34721664 -0.052967191 0.058009859,
0.34871665 -0.051442623 0.058009859,
0.34933797 -0.010827124 0.2751312,
0.34933797 -0.012186348 0.2746385,
0.34933797 -0.012914181 0.27338934,
0.35021666 -0.010827124 0.27300987,
0.35021666 0 0.27300987,
0.35021666 -0.049917996 0.058009859,
0.35021666 -0.041999996 0.058009859,
0.35021666 -0.025999963 0.058009859,
0.35021666 -0.011999965 0.058009859,
0.35021666 -0.015999973 0.056009863,
0.35021666 -0.011999965 0.056009863,
0.35021666 -0.016707122 0.055716969,
0.35021666 -0.01699996 0.055009861,
0.35021666 -0.041999996 0.054009862,
0.35021666 -0.025999963 0.054009862,
0.35021666 -0.026292861 0.053302754,
0.35021666 -0.041000009 0.05300986,
0.35021666 -0.02700001 0.05300986,
0.35021666 0 0.050009862,
0.35021666 -0.0014644265 0.046474326,
0.35021666 -0.01699996 0.046009861,
0.35021666 -0.016707122 0.045302752,
0.35021666 -0.015999973 0.045009863,
0.35021666 -0.0049999952 0.045009863,
0.35075217 -0.010827124 0.27654541,
0.35075217 0 0.27654541,
0.35075217 -0.013092518 0.27572426,
0.35075217 -0.014305592 0.27364233,
0.35075217 -0.0535115 0.058009859,
0.35221663 -0.010827124 0.27300987,
0.35221663 0 0.27300987,
0.35221663 -0.049917996 0.058009859,
0.35221663 -0.041999996 0.058009859,
0.35221663 -0.025999963 0.058009859,
0.35221663 -0.011999965 0.058009859,
0.35221663 -0.015999973 0.056009863,
0.35221663 -0.011999965 0.056009863,
0.35221663 -0.016707122 0.055716969,
0.35221663 -0.01699996 0.055009861,
0.35221663 -0.041999996 0.054009862,
0.35221663 -0.025999963 0.054009862,
0.35221663 -0.026292861 0.053302754,
0.35221663 -0.041000009 0.05300986,
0.35221663 -0.02700001 0.05300986,
0.35221663 0 0.050009862,
0.35221663 -0.0014644265 0.046474326,
0.35221663 -0.01699996 0.046009861,
0.35221663 -0.016707122 0.045302752,
0.35221663 -0.015999973 0.045009863,
0.35221663 -0.0049999952 0.045009863
] }
normal Normal { vector [
-1 0 0,
-0.707107 0 0.707107,
-0.707107 -0.453077 0.542882,
-0.707107 -0.695701 0.126491,
-0.707107 0.695701 -0.126491,
-0.707107 0.453077 -0.542882,
-0.707107 0 -0.707107,
0 -0.98387 0.178885,
0 -1 0,
0 -0.707107 0.707107,
0 -0.640747 0.767752,
0 -0.707107 -0.707107,
0 0 1,
0 0 -1,
0 0.640747 -0.767752,
0 0.707107 -0.707107,
0 1 0,
0 0.98387 -0.178885,
0.707107 0 0.707107,
0.707107 -0.453077 0.542882,
0.707107 -0.695701 0.126491,
0.707107 0.695701 -0.126491,
0.707107 0.453077 -0.542882,
0.707107 0 -0.707107,
1 0 0
] }
coordIndex [
46,20,16,-1,
46,16,42,-1,
42,16,15,-1,
42,15,41,-1,
45,19,46,-1,
46,19,20,-1,
43,17,18,-1,
43,18,44,-1,
44,18,19,-1,
44,19,45,-1,
35,9,43,-1,
43,9,17,-1,
32,6,8,-1,
32,8,34,-1,
34,8,9,-1,
34,9,35,-1,
33,7,32,-1,
32,7,6,-1,
31,5,33,-1,
33,5,7,-1,
30,4,31,-1,
31,4,5,-1,
37,11,30,-1,
30,11,4,-1,
14,11,40,-1,
40,11,37,-1,
39,13,40,-1,
40,13,14,-1,
36,10,12,-1,
36,12,38,-1,
38,12,13,-1,
38,13,39,-1,
29,3,36,-1,
36,3,10,-1,
117,91,92,-1,
117,92,118,-1,
118,92,93,-1,
118,93,119,-1,
117,109,91,-1,
91,109,83,-1,
106,80,82,-1,
106,82,108,-1,
108,82,83,-1,
108,83,109,-1,
106,107,80,-1,
80,107,81,-1,
107,105,81,-1,
81,105,79,-1,
105,104,79,-1,
79,104,78,-1,
104,111,78,-1,
78,111,85,-1,
114,88,86,-1,
114,86,112,-1,
112,86,85,-1,
112,85,111,-1,
114,113,88,-1,
88,113,87,-1,
84,87,110,-1,
110,87,113,-1,
110,103,84,-1,
84,103,77,-1,
59,69,68,-1,
3,29,2,-1,
2,29,28,-1,
2,28,25,-1,
25,28,59,-1,
25,59,58,-1,
58,59,68,-1,
77,103,76,-1,
76,103,102,-1,
76,102,69,-1,
69,102,99,-1,
69,99,68,-1,
66,56,68,-1,
68,56,58,-1,
60,50,52,-1,
60,52,62,-1,
62,52,56,-1,
62,56,66,-1,
61,51,60,-1,
60,51,50,-1,
27,41,15,-1,
115,89,101,-1,
101,89,75,-1,
15,1,27,-1,
27,1,22,-1,
27,22,54,-1,
54,22,51,-1,
54,51,64,-1,
64,51,61,-1,
64,61,75,-1,
75,61,96,-1,
75,96,101,-1,
120,94,90,-1,
120,90,116,-1,
116,90,89,-1,
116,89,115,-1,
120,119,94,-1,
94,119,93,-1,
105,107,116,-1,
110,113,114,-1,
120,116,119,-1,
119,116,107,-1,
119,107,106,-1,
106,108,109,-1,
103,110,104,-1,
104,110,114,-1,
104,114,111,-1,
111,114,112,-1,
116,115,105,-1,
105,115,101,-1,
105,101,104,-1,
104,101,100,-1,
104,100,103,-1,
103,100,102,-1,
106,109,119,-1,
119,109,117,-1,
119,117,118,-1,
2,0,3,-1,
3,0,1,-1,
9,8,6,-1,
12,10,13,-1,
13,10,3,-1,
14,13,11,-1,
11,13,3,-1,
11,3,4,-1,
4,3,1,-1,
4,1,5,-1,
5,1,15,-1,
5,15,7,-1,
7,15,16,-1,
19,18,17,-1,
16,20,7,-1,
7,20,19,-1,
7,19,6,-1,
6,19,17,-1,
6,17,9,-1,
58,56,24,-1,
58,24,25,-1,
25,24,0,-1,
25,0,2,-1,
50,21,23,-1,
0,24,23,-1,
50,23,52,-1,
52,23,24,-1,
52,24,56,-1,
21,0,23,-1,
50,51,22,-1,
50,22,21,-1,
21,22,1,-1,
21,1,0,-1,
102,100,98,-1,
102,98,99,-1,
99,98,66,-1,
99,66,68,-1,
97,98,100,-1,
97,100,95,-1,
95,60,62,-1,
95,62,97,-1,
97,62,66,-1,
97,66,98,-1,
61,60,95,-1,
61,95,96,-1,
96,95,100,-1,
96,100,101,-1,
57,67,59,-1,
59,67,69,-1,
53,63,55,-1,
55,63,65,-1,
55,65,57,-1,
57,65,67,-1,
54,64,53,-1,
53,64,63,-1,
76,74,77,-1,
77,74,75,-1,
85,86,88,-1,
90,94,91,-1,
91,94,93,-1,
91,93,92,-1,
85,77,78,-1,
78,77,75,-1,
78,75,79,-1,
79,75,89,-1,
79,89,81,-1,
81,89,90,-1,
81,90,80,-1,
80,90,91,-1,
80,91,82,-1,
82,91,83,-1,
85,88,77,-1,
77,88,87,-1,
77,87,84,-1,
45,46,42,-1,
30,29,36,-1,
36,38,39,-1,
36,39,30,-1,
30,39,40,-1,
30,40,37,-1,
28,29,26,-1,
26,29,30,-1,
26,30,27,-1,
27,30,31,-1,
27,31,41,-1,
32,34,33,-1,
33,34,35,-1,
33,35,43,-1,
41,31,42,-1,
42,31,33,-1,
42,33,45,-1,
45,33,43,-1,
45,43,44,-1,
57,59,49,-1,
49,59,28,-1,
49,28,26,-1,
48,49,26,-1,
48,26,47,-1,
57,49,55,-1,
55,49,48,-1,
55,48,53,-1,
53,48,47,-1,
26,27,47,-1,
47,27,54,-1,
47,54,53,-1,
69,67,73,-1,
69,73,70,-1,
70,73,74,-1,
70,74,76,-1,
74,72,71,-1,
73,72,74,-1,
73,67,72,-1,
72,67,65,-1,
72,65,71,-1,
71,65,63,-1,
63,64,71,-1,
71,64,75,-1,
71,75,74,-1
]
normalIndex [
13,13,15,-1,
13,15,15,-1,
15,15,16,-1,
15,16,16,-1,
13,13,13,-1,
13,13,13,-1,
8,8,11,-1,
8,11,11,-1,
11,11,13,-1,
11,13,13,-1,
8,8,8,-1,
8,8,8,-1,
12,12,9,-1,
12,9,9,-1,
9,9,8,-1,
9,8,8,-1,
12,12,12,-1,
12,12,12,-1,
8,8,8,-1,
8,8,8,-1,
13,13,13,-1,
13,13,13,-1,
16,16,16,-1,
16,16,16,-1,
13,16,13,-1,
13,16,16,-1,
13,13,13,-1,
13,13,13,-1,
8,8,11,-1,
8,11,11,-1,
11,11,13,-1,
11,13,13,-1,
8,8,8,-1,
8,8,8,-1,
8,8,11,-1,
8,11,11,-1,
11,11,13,-1,
11,13,13,-1,
8,8,8,-1,
8,8,8,-1,
12,12,9,-1,
12,9,9,-1,
9,9,8,-1,
9,8,8,-1,
12,12,12,-1,
12,12,12,-1,
8,8,8,-1,
8,8,8,-1,
13,13,13,-1,
13,13,13,-1,
16,16,16,-1,
16,16,16,-1,
13,13,15,-1,
13,15,15,-1,
15,15,16,-1,
15,16,16,-1,
13,13,13,-1,
13,13,13,-1,
8,13,8,-1,
8,13,13,-1,
8,8,8,-1,
8,8,8,-1,
13,13,13,-1,
13,13,13,-1,
13,13,13,-1,
13,13,13,-1,
13,13,13,-1,
13,13,13,-1,
13,13,13,-1,
13,13,13,-1,
13,13,13,-1,
13,13,13,-1,
13,13,13,-1,
13,13,13,-1,
7,7,7,-1,
7,7,7,-1,
12,12,10,-1,
12,10,10,-1,
10,10,7,-1,
10,7,7,-1,
12,12,12,-1,
12,12,12,-1,
16,16,16,-1,
16,16,16,-1,
16,16,16,-1,
16,16,16,-1,
16,16,16,-1,
16,16,16,-1,
16,16,16,-1,
16,16,16,-1,
16,16,16,-1,
16,16,16,-1,
16,16,16,-1,
16,16,16,-1,
13,13,15,-1,
13,15,15,-1,
15,15,16,-1,
15,16,16,-1,
13,13,13,-1,
13,13,13,-1,
24,24,24,-1,
24,24,24,-1,
24,24,24,-1,
24,24,24,-1,
24,24,24,-1,
24,24,24,-1,
24,24,24,-1,
24,24,24,-1,
24,24,24,-1,
24,24,24,-1,
24,24,24,-1,
24,24,24,-1,
24,24,24,-1,
24,24,24,-1,
24,24,24,-1,
24,24,24,-1,
24,24,24,-1,
24,24,24,-1,
24,24,24,-1,
0,0,0,-1,
0,0,0,-1,
0,0,0,-1,
0,0,0,-1,
0,0,0,-1,
0,0,0,-1,
0,0,0,-1,
0,0,0,-1,
0,0,0,-1,
0,0,0,-1,
0,0,0,-1,
0,0,0,-1,
0,0,0,-1,
0,0,0,-1,
0,0,0,-1,
0,0,0,-1,
0,0,0,-1,
0,0,0,-1,
0,0,0,-1,
7,7,3,-1,
7,3,3,-1,
3,3,0,-1,
3,0,0,-1,
12,1,2,-1,
0,3,2,-1,
12,2,10,-1,
10,2,3,-1,
10,3,7,-1,
1,0,2,-1,
12,12,1,-1,
12,1,1,-1,
1,1,0,-1,
1,0,0,-1,
24,24,20,-1,
24,20,20,-1,
20,20,7,-1,
20,7,7,-1,
19,20,24,-1,
19,24,18,-1,
18,12,10,-1,
18,10,19,-1,
19,10,7,-1,
19,7,20,-1,
12,12,18,-1,
12,18,18,-1,
18,18,24,-1,
18,24,24,-1,
17,17,17,-1,
17,17,17,-1,
13,13,14,-1,
14,13,14,-1,
14,14,17,-1,
17,14,17,-1,
13,13,13,-1,
13,13,13,-1,
0,0,0,-1,
0,0,0,-1,
0,0,0,-1,
0,0,0,-1,
0,0,0,-1,
0,0,0,-1,
0,0,0,-1,
0,0,0,-1,
0,0,0,-1,
0,0,0,-1,
0,0,0,-1,
0,0,0,-1,
0,0,0,-1,
0,0,0,-1,
0,0,0,-1,
0,0,0,-1,
0,0,0,-1,
0,0,0,-1,
0,0,0,-1,
24,24,24,-1,
24,24,24,-1,
24,24,24,-1,
24,24,24,-1,
24,24,24,-1,
24,24,24,-1,
24,24,24,-1,
24,24,24,-1,
24,24,24,-1,
24,24,24,-1,
24,24,24,-1,
24,24,24,-1,
24,24,24,-1,
24,24,24,-1,
24,24,24,-1,
24,24,24,-1,
24,24,24,-1,
24,24,24,-1,
24,24,24,-1,
17,17,21,-1,
21,17,24,-1,
21,24,24,-1,
22,21,24,-1,
22,24,23,-1,
17,21,14,-1,
14,21,22,-1,
14,22,13,-1,
13,22,23,-1,
24,24,23,-1,
23,24,13,-1,
23,13,13,-1,
17,17,4,-1,
17,4,4,-1,
4,4,0,-1,
4,0,0,-1,
0,5,6,-1,
4,5,0,-1,
4,17,5,-1,
5,17,14,-1,
5,14,6,-1,
6,14,13,-1,
13,13,6,-1,
6,13,0,-1,
6,0,0,-1
]
}
}
Shape {
appearance Appearance {
material Material {
ambientIntensity 0
diffuseColor 1 1 1 
specularColor 0.098 0.098 0.098 
shininess 0.000781 
transparency 0
}
}
geometry IndexedFaceSet {
normalPerVertex TRUE
solid TRUE
convex TRUE
coord Coordinate { point [
-1.04345 0.26417291 0.27300987,
-1.04345 0.27500004 0.27300987,
-1.04345 0.22508198 0.058009859,
-1.04345 0.23300004 0.058009859,
-1.04345 0.24900001 0.058009859,
-1.04345 0.26300001 0.058009859,
-1.04345 0.259 0.056009863,
-1.04345 0.26300001 0.056009863,
-1.04345 0.25829291 0.055716969,
-1.04345 0.25800002 0.055009861,
-1.04345 0.23300004 0.054009862,
-1.04345 0.24900001 0.054009862,
-1.04345 0.23329288 0.053302754,
-1.04345 0.23400003 0.05300986,
-1.04345 0.24800003 0.05300986,
-1.04345 0.27500004 0.050009862,
-1.04345 0.27353555 0.046474326,
-1.04345 0.25800002 0.046009861,
-1.04345 0.25829291 0.045302752,
-1.04345 0.259 0.045009863,
-1.04345 0.27000004 0.045009863,
-1.0419856 0.26417291 0.27654541,
-1.0419856 0.27500004 0.27654541,
-1.0419856 0.26190752 0.27572426,
-1.0419856 0.26069438 0.27364233,
-1.0419856 0.22148848 0.058009859,
-1.04145 0.26417291 0.27300987,
-1.04145 0.27500004 0.27300987,
-1.04145 0.22508198 0.058009859,
-1.04145 0.23300004 0.058009859,
-1.04145 0.24900001 0.058009859,
-1.04145 0.26300001 0.058009859,
-1.04145 0.259 0.056009863,
-1.04145 0.26300001 0.056009863,
-1.04145 0.25829291 0.055716969,
-1.04145 0.25800002 0.055009861,
-1.04145 0.23300004 0.054009862,
-1.04145 0.24900001 0.054009862,
-1.04145 0.23329288 0.053302754,
-1.04145 0.23400003 0.05300986,
-1.04145 0.24800003 0.05300986,
-1.04145 0.27500004 0.050009862,
-1.04145 0.27353555 0.046474326,
-1.04145 0.25800002 0.046009861,
-1.04145 0.25829291 0.045302752,
-1.04145 0.259 0.045009863,
-1.04145 0.27000004 0.045009863,
-1.0405713 0.26417291 0.2751312,
-1.0405713 0.26281369 0.2746385,
-1.0405713 0.2620858 0.27338934,
-1.03995 0.22355741 0.058009859,
-1.03845 0.26417291 0.27800986,
-1.03845 0.27500004 0.27800986,
-1.03845 0.26096916 0.27684861,
-1.03845 0.26417291 0.27600986,
-1.03845 0.27500004 0.27600986,
-1.03845 0.26225066 0.27531311,
-1.03845 0.25925356 0.27390429,
-1.03845 0.26122129 0.27354652,
-1.03845 0.22000003 0.058009859,
-1.03845 0.22203279 0.058009859,
-1.0354501 0.26417291 0.27800986,
-1.0354501 0.27500004 0.27800986,
-1.0354501 0.26096916 0.27684861,
-1.0354501 0.26417291 0.27600986,
-1.0354501 0.27500004 0.27600986,
-1.0354501 0.26225066 0.27531311,
-1.0354501 0.25925356 0.27390429,
-1.0354501 0.26122129 0.27354652,
-1.0354501 0.22000003 0.058009859,
-1.0354501 0.22203279 0.058009859,
-1.0333288 0.26417291 0.2751312,
-1.0333288 0.26281369 0.2746385,
-1.0333288 0.2620858 0.27338934,
-1.0324501 0.26417291 0.27300987,
-1.0324501 0.27500004 0.27300987,
-1.0324501 0.22508198 0.058009859,
-1.0324501 0.23300004 0.058009859,
-1.0324501 0.24900001 0.058009859,
-1.0324501 0.26300001 0.058009859,
-1.0324501 0.259 0.056009863,
-1.0324501 0.26300001 0.056009863,
-1.0324501 0.25829291 0.055716969,
-1.0324501 0.25800002 0.055009861,
-1.0324501 0.23300004 0.054009862,
-1.0324501 0.24900001 0.054009862,
-1.0324501 0.24870712 0.053302754,
-1.0324501 0.23400003 0.05300986,
-1.0324501 0.24800003 0.05300986,
-1.0324501 0.27500004 0.050009862,
-1.0324501 0.27353555 0.046474326,
-1.0324501 0.25800002 0.046009861,
-1.0324501 0.25829291 0.045302752,
-1.0324501 0.259 0.045009863,
-1.0324501 0.27000004 0.045009863,
-1.0319145 0.26417291 0.27654541,
-1.0319145 0.27500004 0.27654541,
-1.0319145 0.26190752 0.27572426,
-1.0319145 0.26069438 0.27364233,
-1.0319145 0.22148848 0.058009859,
-1.0304501 0.26417291 0.27300987,
-1.0304501 0.27500004 0.27300987,
-1.0304501 0.22508198 0.058009859,
-1.0304501 0.23300004 0.058009859,
-1.0304501 0.24900001 0.058009859,
-1.0304501 0.26300001 0.058009859,
-1.0304501 0.259 0.056009863,
-1.0304501 0.26300001 0.056009863,
-1.0304501 0.25829291 0.055716969,
-1.0304501 0.25800002 0.055009861,
-1.0304501 0.23300004 0.054009862,
-1.0304501 0.24900001 0.054009862,
-1.0304501 0.24870712 0.053302754,
-1.0304501 0.23400003 0.05300986,
-1.0304501 0.24800003 0.05300986,
-1.0304501 0.27500004 0.050009862,
-1.0304501 0.27353555 0.046474326,
-1.0304501 0.25800002 0.046009861,
-1.0304501 0.25829291 0.045302752,
-1.0304501 0.259 0.045009863,
-1.0304501 0.27000004 0.045009863
] }
normal Normal { vector [
-1 0 0,
-0.707107 0 0.707107,
-0.707107 -0.453077 0.542882,
-0.707107 -0.695701 0.126491,
-0.707107 0.695701 -0.126491,
-0.707107 0.453077 -0.542882,
-0.707107 0 -0.707107,
0 -0.98387 0.178885,
0 -1 0,
0 -0.707107 0.707107,
0 -0.640747 0.767752,
0 -0.707107 -0.707107,
0 0 1,
0 0 -1,
0 0.640747 -0.767752,
0 0.707107 -0.707107,
0 1 0,
0 0.98387 -0.178885,
0.707107 0 0.707107,
0.707107 -0.453077 0.542882,
0.707107 -0.695701 0.126491,
0.707107 0.695701 -0.126491,
0.707107 0.453077 -0.542882,
0.707107 0 -0.707107,
1 0 0
] }
coordIndex [
46,20,16,-1,
46,16,42,-1,
42,16,15,-1,
42,15,41,-1,
45,19,46,-1,
46,19,20,-1,
43,17,18,-1,
43,18,44,-1,
44,18,19,-1,
44,19,45,-1,
35,9,43,-1,
43,9,17,-1,
32,6,8,-1,
32,8,34,-1,
34,8,9,-1,
34,9,35,-1,
33,7,32,-1,
32,7,6,-1,
31,5,33,-1,
33,5,7,-1,
30,4,31,-1,
31,4,5,-1,
37,11,30,-1,
30,11,4,-1,
14,11,40,-1,
40,11,37,-1,
39,13,40,-1,
40,13,14,-1,
36,10,12,-1,
36,12,38,-1,
38,12,13,-1,
38,13,39,-1,
29,3,36,-1,
36,3,10,-1,
117,91,92,-1,
117,92,118,-1,
118,92,93,-1,
118,93,119,-1,
117,109,91,-1,
91,109,83,-1,
106,80,82,-1,
106,82,108,-1,
108,82,83,-1,
108,83,109,-1,
106,107,80,-1,
80,107,81,-1,
107,105,81,-1,
81,105,79,-1,
105,104,79,-1,
79,104,78,-1,
104,111,78,-1,
78,111,85,-1,
114,88,86,-1,
114,86,112,-1,
112,86,85,-1,
112,85,111,-1,
114,113,88,-1,
88,113,87,-1,
84,87,110,-1,
110,87,113,-1,
110,103,84,-1,
84,103,77,-1,
60,70,69,-1,
3,29,2,-1,
2,29,28,-1,
2,28,25,-1,
25,28,60,-1,
25,60,59,-1,
59,60,69,-1,
77,103,76,-1,
76,103,102,-1,
76,102,70,-1,
70,102,99,-1,
70,99,69,-1,
67,57,69,-1,
69,57,59,-1,
61,51,53,-1,
61,53,63,-1,
63,53,57,-1,
63,57,67,-1,
62,52,61,-1,
61,52,51,-1,
65,55,52,-1,
115,89,101,-1,
101,89,75,-1,
101,75,96,-1,
96,75,65,-1,
96,65,62,-1,
62,65,52,-1,
41,15,27,-1,
27,15,1,-1,
27,1,55,-1,
55,1,22,-1,
55,22,52,-1,
120,94,90,-1,
120,90,116,-1,
116,90,89,-1,
116,89,115,-1,
120,119,94,-1,
94,119,93,-1,
105,107,116,-1,
100,102,101,-1,
101,102,103,-1,
120,116,119,-1,
119,116,107,-1,
119,107,106,-1,
114,112,111,-1,
106,108,109,-1,
103,110,113,-1,
106,109,119,-1,
119,109,117,-1,
119,117,118,-1,
116,115,105,-1,
105,115,101,-1,
105,101,104,-1,
104,101,103,-1,
104,103,111,-1,
111,103,113,-1,
111,113,114,-1,
2,0,3,-1,
3,0,1,-1,
9,8,6,-1,
12,10,13,-1,
13,10,3,-1,
14,13,11,-1,
11,13,3,-1,
11,3,4,-1,
4,3,1,-1,
4,1,5,-1,
5,1,15,-1,
5,15,7,-1,
7,15,16,-1,
19,18,17,-1,
16,20,7,-1,
7,20,19,-1,
7,19,6,-1,
6,19,17,-1,
6,17,9,-1,
59,57,24,-1,
59,24,25,-1,
25,24,0,-1,
25,0,2,-1,
51,21,23,-1,
0,24,23,-1,
51,23,53,-1,
53,23,24,-1,
53,24,57,-1,
21,0,23,-1,
51,52,22,-1,
51,22,21,-1,
21,22,1,-1,
21,1,0,-1,
102,100,98,-1,
102,98,99,-1,
99,98,67,-1,
99,67,69,-1,
97,98,100,-1,
97,100,95,-1,
95,61,63,-1,
95,63,97,-1,
97,63,67,-1,
97,67,98,-1,
62,61,95,-1,
62,95,96,-1,
96,95,100,-1,
96,100,101,-1,
58,68,60,-1,
60,68,70,-1,
54,64,56,-1,
56,64,66,-1,
56,66,58,-1,
58,66,68,-1,
55,65,54,-1,
54,65,64,-1,
76,74,77,-1,
77,74,75,-1,
85,86,88,-1,
90,94,91,-1,
91,94,93,-1,
91,93,92,-1,
85,77,78,-1,
78,77,75,-1,
78,75,79,-1,
79,75,89,-1,
79,89,81,-1,
81,89,90,-1,
81,90,80,-1,
80,90,91,-1,
80,91,82,-1,
82,91,83,-1,
85,88,77,-1,
77,88,87,-1,
77,87,84,-1,
45,46,42,-1,
26,28,27,-1,
27,28,29,-1,
36,38,29,-1,
29,38,39,-1,
29,39,40,-1,
40,37,29,-1,
29,37,30,-1,
29,30,27,-1,
27,30,31,-1,
27,31,41,-1,
32,34,33,-1,
33,34,35,-1,
33,35,43,-1,
41,31,42,-1,
42,31,33,-1,
42,33,45,-1,
45,33,43,-1,
45,43,44,-1,
28,26,49,-1,
28,49,50,-1,
50,49,58,-1,
50,58,60,-1,
48,49,26,-1,
48,26,47,-1,
58,49,56,-1,
56,49,48,-1,
56,48,54,-1,
54,48,47,-1,
26,27,47,-1,
47,27,55,-1,
47,55,54,-1,
74,76,73,-1,
73,76,70,-1,
73,70,68,-1,
74,72,71,-1,
73,72,74,-1,
73,68,72,-1,
72,68,66,-1,
72,66,71,-1,
71,66,64,-1,
64,65,71,-1,
71,65,75,-1,
71,75,74,-1
]
normalIndex [
13,13,15,-1,
13,15,15,-1,
15,15,16,-1,
15,16,16,-1,
13,13,13,-1,
13,13,13,-1,
8,8,11,-1,
8,11,11,-1,
11,11,13,-1,
11,13,13,-1,
8,8,8,-1,
8,8,8,-1,
12,12,9,-1,
12,9,9,-1,
9,9,8,-1,
9,8,8,-1,
12,12,12,-1,
12,12,12,-1,
8,8,8,-1,
8,8,8,-1,
13,13,13,-1,
13,13,13,-1,
16,16,16,-1,
16,16,16,-1,
13,16,13,-1,
13,16,16,-1,
13,13,13,-1,
13,13,13,-1,
8,8,11,-1,
8,11,11,-1,
11,11,13,-1,
11,13,13,-1,
8,8,8,-1,
8,8,8,-1,
8,8,11,-1,
8,11,11,-1,
11,11,13,-1,
11,13,13,-1,
8,8,8,-1,
8,8,8,-1,
12,12,9,-1,
12,9,9,-1,
9,9,8,-1,
9,8,8,-1,
12,12,12,-1,
12,12,12,-1,
8,8,8,-1,
8,8,8,-1,
13,13,13,-1,
13,13,13,-1,
16,16,16,-1,
16,16,16,-1,
13,13,15,-1,
13,15,15,-1,
15,15,16,-1,
15,16,16,-1,
13,13,13,-1,
13,13,13,-1,
8,13,8,-1,
8,13,13,-1,
8,8,8,-1,
8,8,8,-1,
13,13,13,-1,
13,13,13,-1,
13,13,13,-1,
13,13,13,-1,
13,13,13,-1,
13,13,13,-1,
13,13,13,-1,
13,13,13,-1,
13,13,13,-1,
13,13,13,-1,
13,13,13,-1,
13,13,13,-1,
7,7,7,-1,
7,7,7,-1,
12,12,10,-1,
12,10,10,-1,
10,10,7,-1,
10,7,7,-1,
12,12,12,-1,
12,12,12,-1,
16,16,16,-1,
16,16,16,-1,
16,16,16,-1,
16,16,16,-1,
16,16,16,-1,
16,16,16,-1,
16,16,16,-1,
16,16,16,-1,
16,16,16,-1,
16,16,16,-1,
16,16,16,-1,
16,16,16,-1,
13,13,15,-1,
13,15,15,-1,
15,15,16,-1,
15,16,16,-1,
13,13,13,-1,
13,13,13,-1,
24,24,24,-1,
24,24,24,-1,
24,24,24,-1,
24,24,24,-1,
24,24,24,-1,
24,24,24,-1,
24,24,24,-1,
24,24,24,-1,
24,24,24,-1,
24,24,24,-1,
24,24,24,-1,
24,24,24,-1,
24,24,24,-1,
24,24,24,-1,
24,24,24,-1,
24,24,24,-1,
24,24,24,-1,
24,24,24,-1,
24,24,24,-1,
0,0,0,-1,
0,0,0,-1,
0,0,0,-1,
0,0,0,-1,
0,0,0,-1,
0,0,0,-1,
0,0,0,-1,
0,0,0,-1,
0,0,0,-1,
0,0,0,-1,
0,0,0,-1,
0,0,0,-1,
0,0,0,-1,
0,0,0,-1,
0,0,0,-1,
0,0,0,-1,
0,0,0,-1,
0,0,0,-1,
0,0,0,-1,
7,7,3,-1,
7,3,3,-1,
3,3,0,-1,
3,0,0,-1,
12,1,2,-1,
0,3,2,-1,
12,2,10,-1,
10,2,3,-1,
10,3,7,-1,
1,0,2,-1,
12,12,1,-1,
12,1,1,-1,
1,1,0,-1,
1,0,0,-1,
24,24,20,-1,
24,20,20,-1,
20,20,7,-1,
20,7,7,-1,
19,20,24,-1,
19,24,18,-1,
18,12,10,-1,
18,10,19,-1,
19,10,7,-1,
19,7,20,-1,
12,12,18,-1,
12,18,18,-1,
18,18,24,-1,
18,24,24,-1,
17,17,17,-1,
17,17,17,-1,
13,13,14,-1,
14,13,14,-1,
14,14,17,-1,
17,14,17,-1,
13,13,13,-1,
13,13,13,-1,
0,0,0,-1,
0,0,0,-1,
0,0,0,-1,
0,0,0,-1,
0,0,0,-1,
0,0,0,-1,
0,0,0,-1,
0,0,0,-1,
0,0,0,-1,
0,0,0,-1,
0,0,0,-1,
0,0,0,-1,
0,0,0,-1,
0,0,0,-1,
0,0,0,-1,
0,0,0,-1,
0,0,0,-1,
0,0,0,-1,
0,0,0,-1,
24,24,24,-1,
24,24,24,-1,
24,24,24,-1,
24,24,24,-1,
24,24,24,-1,
24,24,24,-1,
24,24,24,-1,
24,24,24,-1,
24,24,24,-1,
24,24,24,-1,
24,24,24,-1,
24,24,24,-1,
24,24,24,-1,
24,24,24,-1,
24,24,24,-1,
24,24,24,-1,
24,24,24,-1,
24,24,24,-1,
24,24,24,-1,
24,24,21,-1,
24,21,21,-1,
21,21,17,-1,
21,17,17,-1,
22,21,24,-1,
22,24,23,-1,
17,21,14,-1,
14,21,22,-1,
14,22,13,-1,
13,22,23,-1,
24,24,23,-1,
23,24,13,-1,
23,13,13,-1,
0,0,4,-1,
4,0,17,-1,
4,17,17,-1,
0,5,6,-1,
4,5,0,-1,
4,17,5,-1,
5,17,14,-1,
5,14,6,-1,
6,14,13,-1,
13,13,6,-1,
6,13,0,-1,
6,0,0,-1
]
}
}
Shape {
appearance Appearance {
material Material {
ambientIntensity 0
diffuseColor 1 1 1 
specularColor 0.098 0.098 0.098 
shininess 0.000781 
transparency 0
}
}
geometry IndexedFaceSet {
normalPerVertex TRUE
solid TRUE
convex TRUE
coord Coordinate { point [
-0.35211667 0.26417291 0.27300987,
-0.35211667 0.27500004 0.27300987,
-0.35211667 0.22508198 0.058009859,
-0.35211667 0.23300004 0.058009859,
-0.35211667 0.24900001 0.058009859,
-0.35211667 0.26300001 0.058009859,
-0.35211667 0.259 0.056009863,
-0.35211667 0.26300001 0.056009863,
-0.35211667 0.25829291 0.055716969,
-0.35211667 0.25800002 0.055009861,
-0.35211667 0.23300004 0.054009862,
-0.35211667 0.24900001 0.054009862,
-0.35211667 0.23329288 0.053302754,
-0.35211667 0.23400003 0.05300986,
-0.35211667 0.24800003 0.05300986,
-0.35211667 0.27500004 0.050009862,
-0.35211667 0.27353555 0.046474326,
-0.35211667 0.25800002 0.046009861,
-0.35211667 0.25829291 0.045302752,
-0.35211667 0.259 0.045009863,
-0.35211667 0.27000004 0.045009863,
-0.35065222 0.26417291 0.27654541,
-0.35065222 0.27500004 0.27654541,
-0.35065222 0.26190752 0.27572426,
-0.35065222 0.26069438 0.27364233,
-0.35065222 0.22148848 0.058009859,
-0.3501167 0.26417291 0.27300987,
-0.3501167 0.27500004 0.27300987,
-0.3501167 0.22508198 0.058009859,
-0.3501167 0.23300004 0.058009859,
-0.3501167 0.24900001 0.058009859,
-0.3501167 0.26300001 0.058009859,
-0.3501167 0.259 0.056009863,
-0.3501167 0.26300001 0.056009863,
-0.3501167 0.25829291 0.055716969,
-0.3501167 0.25800002 0.055009861,
-0.3501167 0.23300004 0.054009862,
-0.3501167 0.24900001 0.054009862,
-0.3501167 0.23329288 0.053302754,
-0.3501167 0.23400003 0.05300986,
-0.3501167 0.24800003 0.05300986,
-0.3501167 0.27500004 0.050009862,
-0.3501167 0.27353555 0.046474326,
-0.3501167 0.25800002 0.046009861,
-0.3501167 0.25829291 0.045302752,
-0.3501167 0.259 0.045009863,
-0.3501167 0.27000004 0.045009863,
-0.34923801 0.26417291 0.2751312,
-0.34923801 0.26281369 0.2746385,
-0.34923801 0.2620858 0.27338934,
-0.34711668 0.26417291 0.27800986,
-0.34711668 0.27500004 0.27800986,
-0.34711668 0.26096916 0.27684861,
-0.34711668 0.26417291 0.27600986,
-0.34711668 0.27500004 0.27600986,
-0.34711668 0.26225066 0.27531311,
-0.34711668 0.25925356 0.27390429,
-0.34711668 0.26122129 0.27354652,
-0.34711668 0.22000003 0.058009859,
-0.34711668 0.22203279 0.058009859,
-0.34411669 0.26417291 0.27800986,
-0.34411669 0.27500004 0.27800986,
-0.34411669 0.26096916 0.27684861,
-0.34411669 0.26417291 0.27600986,
-0.34411669 0.27500004 0.27600986,
-0.34411669 0.26225066 0.27531311,
-0.34411669 0.25925356 0.27390429,
-0.34411669 0.26122129 0.27354652,
-0.34411669 0.22000003 0.058009859,
-0.34411669 0.22203279 0.058009859,
-0.34261668 0.22355741 0.058009859,
-0.34199536 0.26417291 0.2751312,
-0.34199536 0.26281369 0.2746385,
-0.34199536 0.2620858 0.27338934,
-0.3411167 0.26417291 0.27300987,
-0.3411167 0.27500004 0.27300987,
-0.3411167 0.22508198 0.058009859,
-0.3411167 0.23300004 0.058009859,
-0.3411167 0.24900001 0.058009859,
-0.3411167 0.26300001 0.058009859,
-0.3411167 0.259 0.056009863,
-0.3411167 0.26300001 0.056009863,
-0.3411167 0.25829291 0.055716969,
-0.3411167 0.25800002 0.055009861,
-0.3411167 0.23300004 0.054009862,
-0.3411167 0.24900001 0.054009862,
-0.3411167 0.24870712 0.053302754,
-0.3411167 0.23400003 0.05300986,
-0.3411167 0.24800003 0.05300986,
-0.3411167 0.27500004 0.050009862,
-0.3411167 0.27353555 0.046474326,
-0.3411167 0.25800002 0.046009861,
-0.3411167 0.25829291 0.045302752,
-0.3411167 0.259 0.045009863,
-0.3411167 0.27000004 0.045009863,
-0.34058115 0.26417291 0.27654541,
-0.34058115 0.27500004 0.27654541,
-0.34058115 0.26190752 0.27572426,
-0.34058115 0.26069438 0.27364233,
-0.34058115 0.22148848 0.058009859,
-0.33911669 0.26417291 0.27300987,
-0.33911669 0.27500004 0.27300987,
-0.33911669 0.22508198 0.058009859,
-0.33911669 0.23300004 0.058009859,
-0.33911669 0.24900001 0.058009859,
-0.33911669 0.26300001 0.058009859,
-0.33911669 0.259 0.056009863,
-0.33911669 0.26300001 0.056009863,
-0.33911669 0.25829291 0.055716969,
-0.33911669 0.25800002 0.055009861,
-0.33911669 0.23300004 0.054009862,
-0.33911669 0.24900001 0.054009862,
-0.33911669 0.24870712 0.053302754,
-0.33911669 0.23400003 0.05300986,
-0.33911669 0.24800003 0.05300986,
-0.33911669 0.27500004 0.050009862,
-0.33911669 0.27353555 0.046474326,
-0.33911669 0.25800002 0.046009861,
-0.33911669 0.25829291 0.045302752,
-0.33911669 0.259 0.045009863,
-0.33911669 0.27000004 0.045009863
] }
normal Normal { vector [
-1 0 0,
-0.707107 0 0.707107,
-0.707107 -0.453077 0.542882,
-0.707107 -0.695701 0.126491,
-0.707107 0.695701 -0.126491,
-0.707107 0.453077 -0.542882,
-0.707107 0 -0.707107,
0 -0.98387 0.178885,
0 -1 0,
0 -0.707107 0.707107,
0 -0.640747 0.767752,
0 -0.707107 -0.707107,
0 0 1,
0 0 -1,
0 0.640747 -0.767752,
0 0.707107 -0.707107,
0 1 0,
0 0.98387 -0.178885,
0.707107 0 0.707107,
0.707107 -0.453077 0.542882,
0.707107 -0.695701 0.126491,
0.707107 0.695701 -0.126491,
0.707107 0.453077 -0.542882,
0.707107 0 -0.707107,
1 0 0
] }
coordIndex [
46,20,16,-1,
46,16,42,-1,
42,16,15,-1,
42,15,41,-1,
45,19,46,-1,
46,19,20,-1,
43,17,18,-1,
43,18,44,-1,
44,18,19,-1,
44,19,45,-1,
35,9,43,-1,
43,9,17,-1,
32,6,8,-1,
32,8,34,-1,
34,8,9,-1,
34,9,35,-1,
33,7,32,-1,
32,7,6,-1,
31,5,33,-1,
33,5,7,-1,
30,4,31,-1,
31,4,5,-1,
37,11,30,-1,
30,11,4,-1,
14,11,40,-1,
40,11,37,-1,
39,13,40,-1,
40,13,14,-1,
36,10,12,-1,
36,12,38,-1,
38,12,13,-1,
38,13,39,-1,
29,3,36,-1,
36,3,10,-1,
117,91,92,-1,
117,92,118,-1,
118,92,93,-1,
118,93,119,-1,
117,109,91,-1,
91,109,83,-1,
106,80,82,-1,
106,82,108,-1,
108,82,83,-1,
108,83,109,-1,
106,107,80,-1,
80,107,81,-1,
107,105,81,-1,
81,105,79,-1,
105,104,79,-1,
79,104,78,-1,
104,111,78,-1,
78,111,85,-1,
114,88,86,-1,
114,86,112,-1,
112,86,85,-1,
112,85,111,-1,
114,113,88,-1,
88,113,87,-1,
84,87,110,-1,
110,87,113,-1,
110,103,84,-1,
84,103,77,-1,
59,69,68,-1,
3,29,2,-1,
2,29,28,-1,
2,28,25,-1,
25,28,59,-1,
25,59,58,-1,
58,59,68,-1,
77,103,76,-1,
76,103,102,-1,
76,102,69,-1,
69,102,99,-1,
69,99,68,-1,
66,56,68,-1,
68,56,58,-1,
60,50,52,-1,
60,52,62,-1,
62,52,56,-1,
62,56,66,-1,
61,51,60,-1,
60,51,50,-1,
27,41,15,-1,
115,89,101,-1,
101,89,75,-1,
15,1,27,-1,
27,1,22,-1,
27,22,54,-1,
54,22,51,-1,
54,51,64,-1,
64,51,61,-1,
64,61,75,-1,
75,61,96,-1,
75,96,101,-1,
120,94,90,-1,
120,90,116,-1,
116,90,89,-1,
116,89,115,-1,
120,119,94,-1,
94,119,93,-1,
105,107,116,-1,
100,102,101,-1,
101,102,103,-1,
120,116,119,-1,
119,116,107,-1,
119,107,106,-1,
114,112,111,-1,
106,108,109,-1,
103,110,113,-1,
106,109,119,-1,
119,109,117,-1,
119,117,118,-1,
116,115,105,-1,
105,115,101,-1,
105,101,104,-1,
104,101,103,-1,
104,103,111,-1,
111,103,113,-1,
111,113,114,-1,
2,0,3,-1,
3,0,1,-1,
9,8,6,-1,
12,10,13,-1,
13,10,3,-1,
14,13,11,-1,
11,13,3,-1,
11,3,4,-1,
4,3,1,-1,
4,1,5,-1,
5,1,15,-1,
5,15,7,-1,
7,15,16,-1,
19,18,17,-1,
16,20,7,-1,
7,20,19,-1,
7,19,6,-1,
6,19,17,-1,
6,17,9,-1,
58,56,24,-1,
58,24,25,-1,
25,24,0,-1,
25,0,2,-1,
50,21,23,-1,
0,24,23,-1,
50,23,52,-1,
52,23,24,-1,
52,24,56,-1,
21,0,23,-1,
50,51,22,-1,
50,22,21,-1,
21,22,1,-1,
21,1,0,-1,
102,100,98,-1,
102,98,99,-1,
99,98,66,-1,
99,66,68,-1,
97,98,100,-1,
97,100,95,-1,
95,60,62,-1,
95,62,97,-1,
97,62,66,-1,
97,66,98,-1,
61,60,95,-1,
61,95,96,-1,
96,95,100,-1,
96,100,101,-1,
57,67,59,-1,
59,67,69,-1,
53,63,55,-1,
55,63,65,-1,
55,65,57,-1,
57,65,67,-1,
54,64,53,-1,
53,64,63,-1,
76,74,77,-1,
77,74,75,-1,
85,86,88,-1,
90,94,91,-1,
91,94,93,-1,
91,93,92,-1,
85,77,78,-1,
78,77,75,-1,
78,75,79,-1,
79,75,89,-1,
79,89,81,-1,
81,89,90,-1,
81,90,80,-1,
80,90,91,-1,
80,91,82,-1,
82,91,83,-1,
85,88,77,-1,
77,88,87,-1,
77,87,84,-1,
45,46,42,-1,
26,28,27,-1,
27,28,29,-1,
36,38,29,-1,
29,38,39,-1,
29,39,40,-1,
40,37,29,-1,
29,37,30,-1,
29,30,27,-1,
27,30,31,-1,
27,31,41,-1,
32,34,33,-1,
33,34,35,-1,
33,35,43,-1,
41,31,42,-1,
42,31,33,-1,
42,33,45,-1,
45,33,43,-1,
45,43,44,-1,
57,59,49,-1,
49,59,28,-1,
49,28,26,-1,
48,49,26,-1,
48,26,47,-1,
57,49,55,-1,
55,49,48,-1,
55,48,53,-1,
53,48,47,-1,
26,27,47,-1,
47,27,54,-1,
47,54,53,-1,
69,67,73,-1,
69,73,70,-1,
70,73,74,-1,
70,74,76,-1,
74,72,71,-1,
73,72,74,-1,
73,67,72,-1,
72,67,65,-1,
72,65,71,-1,
71,65,63,-1,
63,64,71,-1,
71,64,75,-1,
71,75,74,-1
]
normalIndex [
13,13,15,-1,
13,15,15,-1,
15,15,16,-1,
15,16,16,-1,
13,13,13,-1,
13,13,13,-1,
8,8,11,-1,
8,11,11,-1,
11,11,13,-1,
11,13,13,-1,
8,8,8,-1,
8,8,8,-1,
12,12,9,-1,
12,9,9,-1,
9,9,8,-1,
9,8,8,-1,
12,12,12,-1,
12,12,12,-1,
8,8,8,-1,
8,8,8,-1,
13,13,13,-1,
13,13,13,-1,
16,16,16,-1,
16,16,16,-1,
13,16,13,-1,
13,16,16,-1,
13,13,13,-1,
13,13,13,-1,
8,8,11,-1,
8,11,11,-1,
11,11,13,-1,
11,13,13,-1,
8,8,8,-1,
8,8,8,-1,
8,8,11,-1,
8,11,11,-1,
11,11,13,-1,
11,13,13,-1,
8,8,8,-1,
8,8,8,-1,
12,12,9,-1,
12,9,9,-1,
9,9,8,-1,
9,8,8,-1,
12,12,12,-1,
12,12,12,-1,
8,8,8,-1,
8,8,8,-1,
13,13,13,-1,
13,13,13,-1,
16,16,16,-1,
16,16,16,-1,
13,13,15,-1,
13,15,15,-1,
15,15,16,-1,
15,16,16,-1,
13,13,13,-1,
13,13,13,-1,
8,13,8,-1,
8,13,13,-1,
8,8,8,-1,
8,8,8,-1,
13,13,13,-1,
13,13,13,-1,
13,13,13,-1,
13,13,13,-1,
13,13,13,-1,
13,13,13,-1,
13,13,13,-1,
13,13,13,-1,
13,13,13,-1,
13,13,13,-1,
13,13,13,-1,
13,13,13,-1,
7,7,7,-1,
7,7,7,-1,
12,12,10,-1,
12,10,10,-1,
10,10,7,-1,
10,7,7,-1,
12,12,12,-1,
12,12,12,-1,
16,16,16,-1,
16,16,16,-1,
16,16,16,-1,
16,16,16,-1,
16,16,16,-1,
16,16,16,-1,
16,16,16,-1,
16,16,16,-1,
16,16,16,-1,
16,16,16,-1,
16,16,16,-1,
16,16,16,-1,
13,13,15,-1,
13,15,15,-1,
15,15,16,-1,
15,16,16,-1,
13,13,13,-1,
13,13,13,-1,
24,24,24,-1,
24,24,24,-1,
24,24,24,-1,
24,24,24,-1,
24,24,24,-1,
24,24,24,-1,
24,24,24,-1,
24,24,24,-1,
24,24,24,-1,
24,24,24,-1,
24,24,24,-1,
24,24,24,-1,
24,24,24,-1,
24,24,24,-1,
24,24,24,-1,
24,24,24,-1,
24,24,24,-1,
24,24,24,-1,
24,24,24,-1,
0,0,0,-1,
0,0,0,-1,
0,0,0,-1,
0,0,0,-1,
0,0,0,-1,
0,0,0,-1,
0,0,0,-1,
0,0,0,-1,
0,0,0,-1,
0,0,0,-1,
0,0,0,-1,
0,0,0,-1,
0,0,0,-1,
0,0,0,-1,
0,0,0,-1,
0,0,0,-1,
0,0,0,-1,
0,0,0,-1,
0,0,0,-1,
7,7,3,-1,
7,3,3,-1,
3,3,0,-1,
3,0,0,-1,
12,1,2,-1,
0,3,2,-1,
12,2,10,-1,
10,2,3,-1,
10,3,7,-1,
1,0,2,-1,
12,12,1,-1,
12,1,1,-1,
1,1,0,-1,
1,0,0,-1,
24,24,20,-1,
24,20,20,-1,
20,20,7,-1,
20,7,7,-1,
19,20,24,-1,
19,24,18,-1,
18,12,10,-1,
18,10,19,-1,
19,10,7,-1,
19,7,20,-1,
12,12,18,-1,
12,18,18,-1,
18,18,24,-1,
18,24,24,-1,
17,17,17,-1,
17,17,17,-1,
13,13,14,-1,
14,13,14,-1,
14,14,17,-1,
17,14,17,-1,
13,13,13,-1,
13,13,13,-1,
0,0,0,-1,
0,0,0,-1,
0,0,0,-1,
0,0,0,-1,
0,0,0,-1,
0,0,0,-1,
0,0,0,-1,
0,0,0,-1,
0,0,0,-1,
0,0,0,-1,
0,0,0,-1,
0,0,0,-1,
0,0,0,-1,
0,0,0,-1,
0,0,0,-1,
0,0,0,-1,
0,0,0,-1,
0,0,0,-1,
0,0,0,-1,
24,24,24,-1,
24,24,24,-1,
24,24,24,-1,
24,24,24,-1,
24,24,24,-1,
24,24,24,-1,
24,24,24,-1,
24,24,24,-1,
24,24,24,-1,
24,24,24,-1,
24,24,24,-1,
24,24,24,-1,
24,24,24,-1,
24,24,24,-1,
24,24,24,-1,
24,24,24,-1,
24,24,24,-1,
24,24,24,-1,
24,24,24,-1,
17,17,21,-1,
21,17,24,-1,
21,24,24,-1,
22,21,24,-1,
22,24,23,-1,
17,21,14,-1,
14,21,22,-1,
14,22,13,-1,
13,22,23,-1,
24,24,23,-1,
23,24,13,-1,
23,13,13,-1,
17,17,4,-1,
17,4,4,-1,
4,4,0,-1,
4,0,0,-1,
0,5,6,-1,
4,5,0,-1,
4,17,5,-1,
5,17,14,-1,
5,14,6,-1,
6,14,13,-1,
13,13,6,-1,
6,13,0,-1,
6,0,0,-1
]
}
}
Shape {
appearance Appearance {
material Material {
ambientIntensity 0
diffuseColor 1 1 1 
specularColor 0.098 0.098 0.098 
shininess 0.000781 
transparency 0
}
}
geometry IndexedFaceSet {
normalPerVertex TRUE
solid TRUE
convex TRUE
coord Coordinate { point [
0.33921665 0.26417291 0.27300987,
0.33921665 0.27500004 0.27300987,
0.33921665 0.22508198 0.058009859,
0.33921665 0.23300004 0.058009859,
0.33921665 0.24900001 0.058009859,
0.33921665 0.26300001 0.058009859,
0.33921665 0.259 0.056009863,
0.33921665 0.26300001 0.056009863,
0.33921665 0.25829291 0.055716969,
0.33921665 0.25800002 0.055009861,
0.33921665 0.23300004 0.054009862,
0.33921665 0.24900001 0.054009862,
0.33921665 0.23329288 0.053302754,
0.33921665 0.23400003 0.05300986,
0.33921665 0.24800003 0.05300986,
0.33921665 0.27500004 0.050009862,
0.33921665 0.27353555 0.046474326,
0.33921665 0.25800002 0.046009861,
0.33921665 0.25829291 0.045302752,
0.33921665 0.259 0.045009863,
0.33921665 0.27000004 0.045009863,
0.34068111 0.26417291 0.27654541,
0.34068111 0.27500004 0.27654541,
0.34068111 0.26190752 0.27572426,
0.34068111 0.26069438 0.27364233,
0.34068111 0.22148848 0.058009859,
0.34121665 0.26417291 0.27300987,
0.34121665 0.27500004 0.27300987,
0.34121665 0.22508198 0.058009859,
0.34121665 0.23300004 0.058009859,
0.34121665 0.24900001 0.058009859,
0.34121665 0.26300001 0.058009859,
0.34121665 0.259 0.056009863,
0.34121665 0.26300001 0.056009863,
0.34121665 0.25829291 0.055716969,
0.34121665 0.25800002 0.055009861,
0.34121665 0.23300004 0.054009862,
0.34121665 0.24900001 0.054009862,
0.34121665 0.23329288 0.053302754,
0.34121665 0.23400003 0.05300986,
0.34121665 0.24800003 0.05300986,
0.34121665 0.27500004 0.050009862,
0.34121665 0.27353555 0.046474326,
0.34121665 0.25800002 0.046009861,
0.34121665 0.25829291 0.045302752,
0.34121665 0.259 0.045009863,
0.34121665 0.27000004 0.045009863,
0.34209532 0.26417291 0.2751312,
0.34209532 0.26281369 0.2746385,
0.34209532 0.2620858 0.27338934,
0.34421664 0.26417291 0.27800986,
0.34421664 0.27500004 0.27800986,
0.34421664 0.26096916 0.27684861,
0.34421664 0.26417291 0.27600986,
0.34421664 0.27500004 0.27600986,
0.34421664 0.26225066 0.27531311,
0.34421664 0.25925356 0.27390429,
0.34421664 0.26122129 0.27354652,
0.34421664 0.22000003 0.058009859,
0.34421664 0.22203279 0.058009859,
0.34721664 0.26417291 0.27800986,
0.34721664 0.27500004 0.27800986,
0.34721664 0.26096916 0.27684861,
0.34721664 0.26417291 0.27600986,
0.34721664 0.27500004 0.27600986,
0.34721664 0.26225066 0.27531311,
0.34721664 0.25925356 0.27390429,
0.34721664 0.26122129 0.27354652,
0.34721664 0.22000003 0.058009859,
0.34721664 0.22203279 0.058009859,
0.34871665 0.22355741 0.058009859,
0.34933797 0.26417291 0.2751312,
0.34933797 0.26281369 0.2746385,
0.34933797 0.2620858 0.27338934,
0.35021666 0.26417291 0.27300987,
0.35021666 0.27500004 0.27300987,
0.35021666 0.22508198 0.058009859,
0.35021666 0.23300004 0.058009859,
0.35021666 0.24900001 0.058009859,
0.35021666 0.26300001 0.058009859,
0.35021666 0.259 0.056009863,
0.35021666 0.26300001 0.056009863,
0.35021666 0.25829291 0.055716969,
0.35021666 0.25800002 0.055009861,
0.35021666 0.23300004 0.054009862,
0.35021666 0.24900001 0.054009862,
0.35021666 0.24870712 0.053302754,
0.35021666 0.23400003 0.05300986,
0.35021666 0.24800003 0.05300986,
0.35021666 0.27500004 0.050009862,
0.35021666 0.27353555 0.046474326,
0.35021666 0.25800002 0.046009861,
0.35021666 0.25829291 0.045302752,
0.35021666 0.259 0.045009863,
0.35021666 0.27000004 0.045009863,
0.35075217 0.26417291 0.27654541,
0.35075217 0.27500004 0.27654541,
0.35075217 0.26190752 0.27572426,
0.35075217 0.26069438 0.27364233,
0.35075217 0.22148848 0.058009859,
0.35221663 0.26417291 0.27300987,
0.35221663 0.27500004 0.27300987,
0.35221663 0.22508198 0.058009859,
0.35221663 0.23300004 0.058009859,
0.35221663 0.24900001 0.058009859,
0.35221663 0.26300001 0.058009859,
0.35221663 0.259 0.056009863,
0.35221663 0.26300001 0.056009863,
0.35221663 0.25829291 0.055716969,
0.35221663 0.25800002 0.055009861,
0.35221663 0.23300004 0.054009862,
0.35221663 0.24900001 0.054009862,
0.35221663 0.24870712 0.053302754,
0.35221663 0.23400003 0.05300986,
0.35221663 0.24800003 0.05300986,
0.35221663 0.27500004 0.050009862,
0.35221663 0.27353555 0.046474326,
0.35221663 0.25800002 0.046009861,
0.35221663 0.25829291 0.045302752,
0.35221663 0.259 0.045009863,
0.35221663 0.27000004 0.045009863
] }
normal Normal { vector [
-1 0 0,
-0.707107 0 0.707107,
-0.707107 -0.453077 0.542882,
-0.707107 -0.695701 0.126491,
-0.707107 0.695701 -0.126491,
-0.707107 0.453077 -0.542882,
-0.707107 0 -0.707107,
0 -0.98387 0.178885,
0 -1 0,
0 -0.707107 0.707107,
0 -0.640747 0.767752,
0 -0.707107 -0.707107,
0 0 1,
0 0 -1,
0 0.640747 -0.767752,
0 0.707107 -0.707107,
0 1 0,
0 0.98387 -0.178885,
0.707107 0 0.707107,
0.707107 -0.453077 0.542882,
0.707107 -0.695701 0.126491,
0.707107 0.695701 -0.126491,
0.707107 0.453077 -0.542882,
0.707107 0 -0.707107,
1 0 0
] }
coordIndex [
46,20,16,-1,
46,16,42,-1,
42,16,15,-1,
42,15,41,-1,
45,19,46,-1,
46,19,20,-1,
43,17,18,-1,
43,18,44,-1,
44,18,19,-1,
44,19,45,-1,
35,9,43,-1,
43,9,17,-1,
32,6,8,-1,
32,8,34,-1,
34,8,9,-1,
34,9,35,-1,
33,7,32,-1,
32,7,6,-1,
31,5,33,-1,
33,5,7,-1,
30,4,31,-1,
31,4,5,-1,
37,11,30,-1,
30,11,4,-1,
14,11,40,-1,
40,11,37,-1,
39,13,40,-1,
40,13,14,-1,
36,10,12,-1,
36,12,38,-1,
38,12,13,-1,
38,13,39,-1,
29,3,36,-1,
36,3,10,-1,
117,91,92,-1,
117,92,118,-1,
118,92,93,-1,
118,93,119,-1,
117,109,91,-1,
91,109,83,-1,
106,80,82,-1,
106,82,108,-1,
108,82,83,-1,
108,83,109,-1,
106,107,80,-1,
80,107,81,-1,
107,105,81,-1,
81,105,79,-1,
105,104,79,-1,
79,104,78,-1,
104,111,78,-1,
78,111,85,-1,
114,88,86,-1,
114,86,112,-1,
112,86,85,-1,
112,85,111,-1,
114,113,88,-1,
88,113,87,-1,
84,87,110,-1,
110,87,113,-1,
110,103,84,-1,
84,103,77,-1,
59,69,68,-1,
3,29,2,-1,
2,29,28,-1,
2,28,25,-1,
25,28,59,-1,
25,59,58,-1,
58,59,68,-1,
77,103,76,-1,
76,103,102,-1,
76,102,69,-1,
69,102,99,-1,
69,99,68,-1,
66,56,68,-1,
68,56,58,-1,
60,50,52,-1,
60,52,62,-1,
62,52,56,-1,
62,56,66,-1,
61,51,60,-1,
60,51,50,-1,
27,41,15,-1,
115,89,101,-1,
101,89,75,-1,
15,1,27,-1,
27,1,22,-1,
27,22,54,-1,
54,22,51,-1,
54,51,64,-1,
64,51,61,-1,
64,61,75,-1,
75,61,96,-1,
75,96,101,-1,
120,94,90,-1,
120,90,116,-1,
116,90,89,-1,
116,89,115,-1,
120,119,94,-1,
94,119,93,-1,
105,107,116,-1,
100,102,101,-1,
101,102,103,-1,
120,116,119,-1,
119,116,107,-1,
119,107,106,-1,
114,112,111,-1,
106,108,109,-1,
103,110,113,-1,
106,109,119,-1,
119,109,117,-1,
119,117,118,-1,
116,115,105,-1,
105,115,101,-1,
105,101,104,-1,
104,101,103,-1,
104,103,111,-1,
111,103,113,-1,
111,113,114,-1,
2,0,3,-1,
3,0,1,-1,
9,8,6,-1,
12,10,13,-1,
13,10,3,-1,
14,13,11,-1,
11,13,3,-1,
11,3,4,-1,
4,3,1,-1,
4,1,5,-1,
5,1,15,-1,
5,15,7,-1,
7,15,16,-1,
19,18,17,-1,
16,20,7,-1,
7,20,19,-1,
7,19,6,-1,
6,19,17,-1,
6,17,9,-1,
58,56,24,-1,
58,24,25,-1,
25,24,0,-1,
25,0,2,-1,
50,21,23,-1,
0,24,23,-1,
50,23,52,-1,
52,23,24,-1,
52,24,56,-1,
21,0,23,-1,
50,51,22,-1,
50,22,21,-1,
21,22,1,-1,
21,1,0,-1,
102,100,98,-1,
102,98,99,-1,
99,98,66,-1,
99,66,68,-1,
97,98,100,-1,
97,100,95,-1,
95,60,62,-1,
95,62,97,-1,
97,62,66,-1,
97,66,98,-1,
61,60,95,-1,
61,95,96,-1,
96,95,100,-1,
96,100,101,-1,
57,67,59,-1,
59,67,69,-1,
53,63,55,-1,
55,63,65,-1,
55,65,57,-1,
57,65,67,-1,
54,64,53,-1,
53,64,63,-1,
76,74,77,-1,
77,74,75,-1,
85,86,88,-1,
90,94,91,-1,
91,94,93,-1,
91,93,92,-1,
85,77,78,-1,
78,77,75,-1,
78,75,79,-1,
79,75,89,-1,
79,89,81,-1,
81,89,90,-1,
81,90,80,-1,
80,90,91,-1,
80,91,82,-1,
82,91,83,-1,
85,88,77,-1,
77,88,87,-1,
77,87,84,-1,
45,46,42,-1,
26,28,27,-1,
27,28,29,-1,
36,38,29,-1,
29,38,39,-1,
29,39,40,-1,
40,37,29,-1,
29,37,30,-1,
29,30,27,-1,
27,30,31,-1,
27,31,41,-1,
32,34,33,-1,
33,34,35,-1,
33,35,43,-1,
41,31,42,-1,
42,31,33,-1,
42,33,45,-1,
45,33,43,-1,
45,43,44,-1,
57,59,49,-1,
49,59,28,-1,
49,28,26,-1,
48,49,26,-1,
48,26,47,-1,
57,49,55,-1,
55,49,48,-1,
55,48,53,-1,
53,48,47,-1,
26,27,47,-1,
47,27,54,-1,
47,54,53,-1,
69,67,73,-1,
69,73,70,-1,
70,73,74,-1,
70,74,76,-1,
74,72,71,-1,
73,72,74,-1,
73,67,72,-1,
72,67,65,-1,
72,65,71,-1,
71,65,63,-1,
63,64,71,-1,
71,64,75,-1,
71,75,74,-1
]
normalIndex [
13,13,15,-1,
13,15,15,-1,
15,15,16,-1,
15,16,16,-1,
13,13,13,-1,
13,13,13,-1,
8,8,11,-1,
8,11,11,-1,
11,11,13,-1,
11,13,13,-1,
8,8,8,-1,
8,8,8,-1,
12,12,9,-1,
12,9,9,-1,
9,9,8,-1,
9,8,8,-1,
12,12,12,-1,
12,12,12,-1,
8,8,8,-1,
8,8,8,-1,
13,13,13,-1,
13,13,13,-1,
16,16,16,-1,
16,16,16,-1,
13,16,13,-1,
13,16,16,-1,
13,13,13,-1,
13,13,13,-1,
8,8,11,-1,
8,11,11,-1,
11,11,13,-1,
11,13,13,-1,
8,8,8,-1,
8,8,8,-1,
8,8,11,-1,
8,11,11,-1,
11,11,13,-1,
11,13,13,-1,
8,8,8,-1,
8,8,8,-1,
12,12,9,-1,
12,9,9,-1,
9,9,8,-1,
9,8,8,-1,
12,12,12,-1,
12,12,12,-1,
8,8,8,-1,
8,8,8,-1,
13,13,13,-1,
13,13,13,-1,
16,16,16,-1,
16,16,16,-1,
13,13,15,-1,
13,15,15,-1,
15,15,16,-1,
15,16,16,-1,
13,13,13,-1,
13,13,13,-1,
8,13,8,-1,
8,13,13,-1,
8,8,8,-1,
8,8,8,-1,
13,13,13,-1,
13,13,13,-1,
13,13,13,-1,
13,13,13,-1,
13,13,13,-1,
13,13,13,-1,
13,13,13,-1,
13,13,13,-1,
13,13,13,-1,
13,13,13,-1,
13,13,13,-1,
13,13,13,-1,
7,7,7,-1,
7,7,7,-1,
12,12,10,-1,
12,10,10,-1,
10,10,7,-1,
10,7,7,-1,
12,12,12,-1,
12,12,12,-1,
16,16,16,-1,
16,16,16,-1,
16,16,16,-1,
16,16,16,-1,
16,16,16,-1,
16,16,16,-1,
16,16,16,-1,
16,16,16,-1,
16,16,16,-1,
16,16,16,-1,
16,16,16,-1,
16,16,16,-1,
13,13,15,-1,
13,15,15,-1,
15,15,16,-1,
15,16,16,-1,
13,13,13,-1,
13,13,13,-1,
24,24,24,-1,
24,24,24,-1,
24,24,24,-1,
24,24,24,-1,
24,24,24,-1,
24,24,24,-1,
24,24,24,-1,
24,24,24,-1,
24,24,24,-1,
24,24,24,-1,
24,24,24,-1,
24,24,24,-1,
24,24,24,-1,
24,24,24,-1,
24,24,24,-1,
24,24,24,-1,
24,24,24,-1,
24,24,24,-1,
24,24,24,-1,
0,0,0,-1,
0,0,0,-1,
0,0,0,-1,
0,0,0,-1,
0,0,0,-1,
0,0,0,-1,
0,0,0,-1,
0,0,0,-1,
0,0,0,-1,
0,0,0,-1,
0,0,0,-1,
0,0,0,-1,
0,0,0,-1,
0,0,0,-1,
0,0,0,-1,
0,0,0,-1,
0,0,0,-1,
0,0,0,-1,
0,0,0,-1,
7,7,3,-1,
7,3,3,-1,
3,3,0,-1,
3,0,0,-1,
12,1,2,-1,
0,3,2,-1,
12,2,10,-1,
10,2,3,-1,
10,3,7,-1,
1,0,2,-1,
12,12,1,-1,
12,1,1,-1,
1,1,0,-1,
1,0,0,-1,
24,24,20,-1,
24,20,20,-1,
20,20,7,-1,
20,7,7,-1,
19,20,24,-1,
19,24,18,-1,
18,12,10,-1,
18,10,19,-1,
19,10,7,-1,
19,7,20,-1,
12,12,18,-1,
12,18,18,-1,
18,18,24,-1,
18,24,24,-1,
17,17,17,-1,
17,17,17,-1,
13,13,14,-1,
14,13,14,-1,
14,14,17,-1,
17,14,17,-1,
13,13,13,-1,
13,13,13,-1,
0,0,0,-1,
0,0,0,-1,
0,0,0,-1,
0,0,0,-1,
0,0,0,-1,
0,0,0,-1,
0,0,0,-1,
0,0,0,-1,
0,0,0,-1,
0,0,0,-1,
0,0,0,-1,
0,0,0,-1,
0,0,0,-1,
0,0,0,-1,
0,0,0,-1,
0,0,0,-1,
0,0,0,-1,
0,0,0,-1,
0,0,0,-1,
24,24,24,-1,
24,24,24,-1,
24,24,24,-1,
24,24,24,-1,
24,24,24,-1,
24,24,24,-1,
24,24,24,-1,
24,24,24,-1,
24,24,24,-1,
24,24,24,-1,
24,24,24,-1,
24,24,24,-1,
24,24,24,-1,
24,24,24,-1,
24,24,24,-1,
24,24,24,-1,
24,24,24,-1,
24,24,24,-1,
24,24,24,-1,
17,17,21,-1,
21,17,24,-1,
21,24,24,-1,
22,21,24,-1,
22,24,23,-1,
17,21,14,-1,
14,21,22,-1,
14,22,13,-1,
13,22,23,-1,
24,24,23,-1,
23,24,13,-1,
23,13,13,-1,
17,17,4,-1,
17,4,4,-1,
4,4,0,-1,
4,0,0,-1,
0,5,6,-1,
4,5,0,-1,
4,17,5,-1,
5,17,14,-1,
5,14,6,-1,
6,14,13,-1,
13,13,6,-1,
6,13,0,-1,
6,0,0,-1
]
}
}
Shape {
appearance Appearance {
material Material {
ambientIntensity 0
diffuseColor 1 1 1 
specularColor 0.098 0.098 0.098 
shininess 0.000781 
transparency 0
}
}
geometry IndexedFaceSet {
normalPerVertex TRUE
solid TRUE
convex TRUE
coord Coordinate { point [
-1.04345 0.53917295 0.27300987,
-1.04345 0.55000001 0.27300987,
-1.04345 0.50008196 0.058009859,
-1.04345 0.50799996 0.058009859,
-1.04345 0.52399999 0.058009859,
-1.04345 0.53800005 0.058009859,
-1.04345 0.53399998 0.056009863,
-1.04345 0.53800005 0.056009863,
-1.04345 0.53329295 0.055716969,
-1.04345 0.53300005 0.055009861,
-1.04345 0.50799996 0.054009862,
-1.04345 0.52399999 0.054009862,
-1.04345 0.52370709 0.053302754,
-1.04345 0.509 0.05300986,
-1.04345 0.52300006 0.05300986,
-1.04345 0.55000001 0.050009862,
-1.04345 0.54853553 0.046474326,
-1.04345 0.53300005 0.046009861,
-1.04345 0.53399998 0.045009863,
-1.04345 0.54500002 0.045009863,
-1.0419856 0.53917295 0.27654541,
-1.0419856 0.55000001 0.27654541,
-1.0419856 0.53690749 0.27572426,
-1.0419856 0.53569442 0.27364233,
-1.0419856 0.49648851 0.058009859,
-1.04145 0.53917295 0.27300987,
-1.04145 0.55000001 0.27300987,
-1.04145 0.50008196 0.058009859,
-1.04145 0.50799996 0.058009859,
-1.04145 0.52399999 0.058009859,
-1.04145 0.53800005 0.058009859,
-1.04145 0.53399998 0.056009863,
-1.04145 0.53800005 0.056009863,
-1.04145 0.53329295 0.055716969,
-1.04145 0.53300005 0.055009861,
-1.04145 0.50799996 0.054009862,
-1.04145 0.52399999 0.054009862,
-1.04145 0.52370709 0.053302754,
-1.04145 0.509 0.05300986,
-1.04145 0.52300006 0.05300986,
-1.04145 0.55000001 0.050009862,
-1.04145 0.54853553 0.046474326,
-1.04145 0.53300005 0.046009861,
-1.04145 0.53399998 0.045009863,
-1.04145 0.54500002 0.045009863,
-1.0405713 0.53917295 0.2751312,
-1.0405713 0.5378136 0.2746385,
-1.0405713 0.53708583 0.27338934,
-1.03995 0.49855739 0.058009859,
-1.03845 0.53917295 0.27800986,
-1.03845 0.55000001 0.27800986,
-1.03845 0.5359692 0.27684861,
-1.03845 0.53917295 0.27600986,
-1.03845 0.55000001 0.27600986,
-1.03845 0.5372507 0.27531311,
-1.03845 0.53425354 0.27390429,
-1.03845 0.53622133 0.27354652,
-1.03845 0.49500006 0.058009859,
-1.03845 0.49703282 0.058009859,
-1.0354501 0.53917295 0.27800986,
-1.0354501 0.55000001 0.27800986,
-1.0354501 0.5359692 0.27684861,
-1.0354501 0.53917295 0.27600986,
-1.0354501 0.55000001 0.27600986,
-1.0354501 0.5372507 0.27531311,
-1.0354501 0.53425354 0.27390429,
-1.0354501 0.53622133 0.27354652,
-1.0354501 0.49500006 0.058009859,
-1.0354501 0.49703282 0.058009859,
-1.0333288 0.53917295 0.2751312,
-1.0333288 0.5378136 0.2746385,
-1.0333288 0.53708583 0.27338934,
-1.0324501 0.53917295 0.27300987,
-1.0324501 0.55000001 0.27300987,
-1.0324501 0.50008196 0.058009859,
-1.0324501 0.50799996 0.058009859,
-1.0324501 0.52399999 0.058009859,
-1.0324501 0.53800005 0.058009859,
-1.0324501 0.53399998 0.056009863,
-1.0324501 0.53800005 0.056009863,
-1.0324501 0.53329295 0.055716969,
-1.0324501 0.53300005 0.055009861,
-1.0324501 0.50799996 0.054009862,
-1.0324501 0.52399999 0.054009862,
-1.0324501 0.52370709 0.053302754,
-1.0324501 0.509 0.05300986,
-1.0324501 0.52300006 0.05300986,
-1.0324501 0.55000001 0.050009862,
-1.0324501 0.54853553 0.046474326,
-1.0324501 0.53300005 0.046009861,
-1.0324501 0.53399998 0.045009863,
-1.0324501 0.54500002 0.045009863,
-1.0319145 0.53917295 0.27654541,
-1.0319145 0.55000001 0.27654541,
-1.0319145 0.53690749 0.27572426,
-1.0319145 0.53569442 0.27364233,
-1.0319145 0.49648851 0.058009859,
-1.0304501 0.53917295 0.27300987,
-1.0304501 0.55000001 0.27300987,
-1.0304501 0.50008196 0.058009859,
-1.0304501 0.50799996 0.058009859,
-1.0304501 0.52399999 0.058009859,
-1.0304501 0.53800005 0.058009859,
-1.0304501 0.53399998 0.056009863,
-1.0304501 0.53800005 0.056009863,
-1.0304501 0.53329295 0.055716969,
-1.0304501 0.53300005 0.055009861,
-1.0304501 0.50799996 0.054009862,
-1.0304501 0.52399999 0.054009862,
-1.0304501 0.52370709 0.053302754,
-1.0304501 0.509 0.05300986,
-1.0304501 0.52300006 0.05300986,
-1.0304501 0.55000001 0.050009862,
-1.0304501 0.54853553 0.046474326,
-1.0304501 0.53300005 0.046009861,
-1.0304501 0.53399998 0.045009863,
-1.0304501 0.54500002 0.045009863
] }
normal Normal { vector [
-1 0 0,
-0.707107 0 0.707107,
-0.707107 -0.453077 0.542882,
-0.707107 -0.695701 0.126491,
-0.707107 0.695701 -0.126491,
-0.707107 0.453077 -0.542882,
-0.707107 0 -0.707107,
0 -0.98387 0.178885,
0 -1 0,
0 -0.707107 0.707107,
0 -0.640747 0.767752,
0 0 1,
0 0 -1,
0 0.640747 -0.767752,
0 0.707107 -0.707107,
0 1 0,
0 0.98387 -0.178885,
0.707107 0 0.707107,
0.707107 -0.453077 0.542882,
0.707107 -0.695701 0.126491,
0.707107 0.695701 -0.126491,
0.707107 0.453077 -0.542882,
0.707107 0 -0.707107,
1 0 0
] }
coordIndex [
44,19,16,-1,
44,16,41,-1,
41,16,15,-1,
41,15,40,-1,
43,18,44,-1,
44,18,19,-1,
17,18,42,-1,
42,18,43,-1,
34,9,42,-1,
42,9,17,-1,
31,6,8,-1,
31,8,33,-1,
33,8,9,-1,
33,9,34,-1,
32,7,31,-1,
31,7,6,-1,
30,5,32,-1,
32,5,7,-1,
29,4,30,-1,
30,4,5,-1,
36,11,29,-1,
29,11,4,-1,
39,14,12,-1,
39,12,37,-1,
37,12,11,-1,
37,11,36,-1,
38,13,39,-1,
39,13,14,-1,
10,13,35,-1,
35,13,38,-1,
28,3,35,-1,
35,3,10,-1,
89,90,114,-1,
114,90,115,-1,
114,106,89,-1,
89,106,81,-1,
103,78,80,-1,
103,80,105,-1,
105,80,81,-1,
105,81,106,-1,
103,104,78,-1,
78,104,79,-1,
104,102,79,-1,
79,102,77,-1,
102,101,77,-1,
77,101,76,-1,
101,108,76,-1,
76,108,83,-1,
111,86,84,-1,
111,84,109,-1,
109,84,83,-1,
109,83,108,-1,
111,110,86,-1,
86,110,85,-1,
82,85,107,-1,
107,85,110,-1,
107,100,82,-1,
82,100,75,-1,
58,68,67,-1,
3,28,2,-1,
2,28,27,-1,
2,27,24,-1,
24,27,58,-1,
24,58,57,-1,
57,58,67,-1,
75,100,74,-1,
74,100,99,-1,
74,99,68,-1,
68,99,96,-1,
68,96,67,-1,
65,55,67,-1,
67,55,57,-1,
59,49,51,-1,
59,51,61,-1,
61,51,55,-1,
61,55,65,-1,
60,50,59,-1,
59,50,49,-1,
63,53,50,-1,
112,87,98,-1,
98,87,73,-1,
98,73,93,-1,
93,73,63,-1,
93,63,60,-1,
60,63,50,-1,
40,15,26,-1,
26,15,1,-1,
26,1,53,-1,
53,1,21,-1,
53,21,50,-1,
116,91,88,-1,
116,88,113,-1,
113,88,87,-1,
113,87,112,-1,
116,115,91,-1,
91,115,90,-1,
102,104,113,-1,
103,105,106,-1,
111,109,108,-1,
106,114,115,-1,
104,103,113,-1,
113,103,106,-1,
113,106,116,-1,
116,106,115,-1,
110,111,107,-1,
107,111,108,-1,
107,108,100,-1,
100,108,101,-1,
113,112,102,-1,
102,112,98,-1,
102,98,101,-1,
101,98,97,-1,
101,97,100,-1,
100,97,99,-1,
2,0,3,-1,
3,0,1,-1,
11,3,4,-1,
4,3,1,-1,
4,1,5,-1,
5,1,15,-1,
5,15,7,-1,
15,16,7,-1,
7,16,19,-1,
7,19,6,-1,
6,19,18,-1,
11,12,14,-1,
18,17,6,-1,
6,17,9,-1,
6,9,8,-1,
11,14,3,-1,
3,14,13,-1,
3,13,10,-1,
57,55,23,-1,
57,23,24,-1,
24,23,0,-1,
24,0,2,-1,
49,20,22,-1,
0,23,22,-1,
49,22,51,-1,
51,22,23,-1,
51,23,55,-1,
20,0,22,-1,
49,50,21,-1,
49,21,20,-1,
20,21,1,-1,
20,1,0,-1,
99,97,95,-1,
99,95,96,-1,
96,95,65,-1,
96,65,67,-1,
94,95,97,-1,
94,97,92,-1,
92,59,61,-1,
92,61,94,-1,
94,61,65,-1,
94,65,95,-1,
60,59,92,-1,
60,92,93,-1,
93,92,97,-1,
93,97,98,-1,
56,66,58,-1,
58,66,68,-1,
52,62,54,-1,
54,62,64,-1,
54,64,56,-1,
56,64,66,-1,
53,63,52,-1,
52,63,62,-1,
81,80,78,-1,
74,72,75,-1,
75,72,73,-1,
83,75,76,-1,
76,75,73,-1,
76,73,77,-1,
77,73,87,-1,
77,87,79,-1,
81,78,89,-1,
87,88,79,-1,
79,88,91,-1,
79,91,78,-1,
78,91,90,-1,
78,90,89,-1,
83,84,86,-1,
83,86,75,-1,
75,86,85,-1,
75,85,82,-1,
34,42,43,-1,
30,32,41,-1,
39,37,36,-1,
33,34,31,-1,
31,34,43,-1,
31,43,32,-1,
32,43,44,-1,
32,44,41,-1,
38,39,35,-1,
35,39,36,-1,
35,36,28,-1,
28,36,29,-1,
41,40,30,-1,
30,40,26,-1,
30,26,29,-1,
29,26,25,-1,
29,25,28,-1,
28,25,27,-1,
27,25,47,-1,
27,47,48,-1,
48,47,56,-1,
48,56,58,-1,
46,47,25,-1,
46,25,45,-1,
56,47,54,-1,
54,47,46,-1,
54,46,52,-1,
52,46,45,-1,
25,26,45,-1,
45,26,53,-1,
45,53,52,-1,
72,74,71,-1,
71,74,68,-1,
71,68,66,-1,
72,70,69,-1,
71,70,72,-1,
71,66,70,-1,
70,66,64,-1,
70,64,69,-1,
69,64,62,-1,
62,63,69,-1,
69,63,73,-1,
69,73,72,-1
]
normalIndex [
12,12,14,-1,
12,14,14,-1,
14,14,15,-1,
14,15,15,-1,
12,12,12,-1,
12,12,12,-1,
8,12,8,-1,
8,12,12,-1,
8,8,8,-1,
8,8,8,-1,
11,11,9,-1,
11,9,9,-1,
9,9,8,-1,
9,8,8,-1,
11,11,11,-1,
11,11,11,-1,
8,8,8,-1,
8,8,8,-1,
12,12,12,-1,
12,12,12,-1,
15,15,15,-1,
15,15,15,-1,
12,12,14,-1,
12,14,14,-1,
14,14,15,-1,
14,15,15,-1,
12,12,12,-1,
12,12,12,-1,
8,12,8,-1,
8,12,12,-1,
8,8,8,-1,
8,8,8,-1,
8,12,8,-1,
8,12,12,-1,
8,8,8,-1,
8,8,8,-1,
11,11,9,-1,
11,9,9,-1,
9,9,8,-1,
9,8,8,-1,
11,11,11,-1,
11,11,11,-1,
8,8,8,-1,
8,8,8,-1,
12,12,12,-1,
12,12,12,-1,
15,15,15,-1,
15,15,15,-1,
12,12,14,-1,
12,14,14,-1,
14,14,15,-1,
14,15,15,-1,
12,12,12,-1,
12,12,12,-1,
8,12,8,-1,
8,12,12,-1,
8,8,8,-1,
8,8,8,-1,
12,12,12,-1,
12,12,12,-1,
12,12,12,-1,
12,12,12,-1,
12,12,12,-1,
12,12,12,-1,
12,12,12,-1,
12,12,12,-1,
12,12,12,-1,
12,12,12,-1,
12,12,12,-1,
12,12,12,-1,
7,7,7,-1,
7,7,7,-1,
11,11,10,-1,
11,10,10,-1,
10,10,7,-1,
10,7,7,-1,
11,11,11,-1,
11,11,11,-1,
15,15,15,-1,
15,15,15,-1,
15,15,15,-1,
15,15,15,-1,
15,15,15,-1,
15,15,15,-1,
15,15,15,-1,
15,15,15,-1,
15,15,15,-1,
15,15,15,-1,
15,15,15,-1,
15,15,15,-1,
12,12,14,-1,
12,14,14,-1,
14,14,15,-1,
14,15,15,-1,
12,12,12,-1,
12,12,12,-1,
23,23,23,-1,
23,23,23,-1,
23,23,23,-1,
23,23,23,-1,
23,23,23,-1,
23,23,23,-1,
23,23,23,-1,
23,23,23,-1,
23,23,23,-1,
23,23,23,-1,
23,23,23,-1,
23,23,23,-1,
23,23,23,-1,
23,23,23,-1,
23,23,23,-1,
23,23,23,-1,
23,23,23,-1,
23,23,23,-1,
0,0,0,-1,
0,0,0,-1,
0,0,0,-1,
0,0,0,-1,
0,0,0,-1,
0,0,0,-1,
0,0,0,-1,
0,0,0,-1,
0,0,0,-1,
0,0,0,-1,
0,0,0,-1,
0,0,0,-1,
0,0,0,-1,
0,0,0,-1,
0,0,0,-1,
0,0,0,-1,
0,0,0,-1,
0,0,0,-1,
7,7,3,-1,
7,3,3,-1,
3,3,0,-1,
3,0,0,-1,
11,1,2,-1,
0,3,2,-1,
11,2,10,-1,
10,2,3,-1,
10,3,7,-1,
1,0,2,-1,
11,11,1,-1,
11,1,1,-1,
1,1,0,-1,
1,0,0,-1,
23,23,19,-1,
23,19,19,-1,
19,19,7,-1,
19,7,7,-1,
18,19,23,-1,
18,23,17,-1,
17,11,10,-1,
17,10,18,-1,
18,10,7,-1,
18,7,19,-1,
11,11,17,-1,
11,17,17,-1,
17,17,23,-1,
17,23,23,-1,
16,16,16,-1,
16,16,16,-1,
12,12,13,-1,
13,12,13,-1,
13,13,16,-1,
16,13,16,-1,
12,12,12,-1,
12,12,12,-1,
0,0,0,-1,
0,0,0,-1,
0,0,0,-1,
0,0,0,-1,
0,0,0,-1,
0,0,0,-1,
0,0,0,-1,
0,0,0,-1,
0,0,0,-1,
0,0,0,-1,
0,0,0,-1,
0,0,0,-1,
0,0,0,-1,
0,0,0,-1,
0,0,0,-1,
0,0,0,-1,
0,0,0,-1,
0,0,0,-1,
23,23,23,-1,
23,23,23,-1,
23,23,23,-1,
23,23,23,-1,
23,23,23,-1,
23,23,23,-1,
23,23,23,-1,
23,23,23,-1,
23,23,23,-1,
23,23,23,-1,
23,23,23,-1,
23,23,23,-1,
23,23,23,-1,
23,23,23,-1,
23,23,23,-1,
23,23,23,-1,
23,23,23,-1,
23,23,23,-1,
23,23,20,-1,
23,20,20,-1,
20,20,16,-1,
20,16,16,-1,
21,20,23,-1,
21,23,22,-1,
16,20,13,-1,
13,20,21,-1,
13,21,12,-1,
12,21,22,-1,
23,23,22,-1,
22,23,12,-1,
22,12,12,-1,
0,0,4,-1,
4,0,16,-1,
4,16,16,-1,
0,5,6,-1,
4,5,0,-1,
4,16,5,-1,
5,16,13,-1,
5,13,6,-1,
6,13,12,-1,
12,12,6,-1,
6,12,0,-1,
6,0,0,-1
]
}
}
Shape {
appearance Appearance {
material Material {
ambientIntensity 0
diffuseColor 1 1 1 
specularColor 0.098 0.098 0.098 
shininess 0.000781 
transparency 0
}
}
geometry IndexedFaceSet {
normalPerVertex TRUE
solid TRUE
convex TRUE
coord Coordinate { point [
-0.35211667 0.53917295 0.27300987,
-0.35211667 0.55000001 0.27300987,
-0.35211667 0.50008196 0.058009859,
-0.35211667 0.50799996 0.058009859,
-0.35211667 0.52399999 0.058009859,
-0.35211667 0.53800005 0.058009859,
-0.35211667 0.53399998 0.056009863,
-0.35211667 0.53800005 0.056009863,
-0.35211667 0.53329295 0.055716969,
-0.35211667 0.53300005 0.055009861,
-0.35211667 0.50799996 0.054009862,
-0.35211667 0.52399999 0.054009862,
-0.35211667 0.52370709 0.053302754,
-0.35211667 0.509 0.05300986,
-0.35211667 0.52300006 0.05300986,
-0.35211667 0.55000001 0.050009862,
-0.35211667 0.54853553 0.046474326,
-0.35211667 0.53300005 0.046009861,
-0.35211667 0.53399998 0.045009863,
-0.35211667 0.54500002 0.045009863,
-0.35065222 0.53917295 0.27654541,
-0.35065222 0.55000001 0.27654541,
-0.35065222 0.53690749 0.27572426,
-0.35065222 0.53569442 0.27364233,
-0.35065222 0.49648851 0.058009859,
-0.3501167 0.53917295 0.27300987,
-0.3501167 0.55000001 0.27300987,
-0.3501167 0.50008196 0.058009859,
-0.3501167 0.50799996 0.058009859,
-0.3501167 0.52399999 0.058009859,
-0.3501167 0.53800005 0.058009859,
-0.3501167 0.53399998 0.056009863,
-0.3501167 0.53800005 0.056009863,
-0.3501167 0.53329295 0.055716969,
-0.3501167 0.53300005 0.055009861,
-0.3501167 0.50799996 0.054009862,
-0.3501167 0.52399999 0.054009862,
-0.3501167 0.52370709 0.053302754,
-0.3501167 0.509 0.05300986,
-0.3501167 0.52300006 0.05300986,
-0.3501167 0.55000001 0.050009862,
-0.3501167 0.54853553 0.046474326,
-0.3501167 0.53300005 0.046009861,
-0.3501167 0.53399998 0.045009863,
-0.3501167 0.54500002 0.045009863,
-0.34923801 0.53917295 0.2751312,
-0.34923801 0.5378136 0.2746385,
-0.34923801 0.53708583 0.27338934,
-0.34711668 0.53917295 0.27800986,
-0.34711668 0.55000001 0.27800986,
-0.34711668 0.5359692 0.27684861,
-0.34711668 0.53917295 0.27600986,
-0.34711668 0.55000001 0.27600986,
-0.34711668 0.5372507 0.27531311,
-0.34711668 0.53425354 0.27390429,
-0.34711668 0.53622133 0.27354652,
-0.34711668 0.49500006 0.058009859,
-0.34711668 0.49703282 0.058009859,
-0.34411669 0.53917295 0.27800986,
-0.34411669 0.55000001 0.27800986,
-0.34411669 0.5359692 0.27684861,
-0.34411669 0.53917295 0.27600986,
-0.34411669 0.55000001 0.27600986,
-0.34411669 0.5372507 0.27531311,
-0.34411669 0.53425354 0.27390429,
-0.34411669 0.53622133 0.27354652,
-0.34411669 0.49500006 0.058009859,
-0.34411669 0.49703282 0.058009859,
-0.34261668 0.49855739 0.058009859,
-0.34199536 0.53917295 0.2751312,
-0.34199536 0.5378136 0.2746385,
-0.34199536 0.53708583 0.27338934,
-0.3411167 0.53917295 0.27300987,
-0.3411167 0.55000001 0.27300987,
-0.3411167 0.50008196 0.058009859,
-0.3411167 0.50799996 0.058009859,
-0.3411167 0.52399999 0.058009859,
-0.3411167 0.53800005 0.058009859,
-0.3411167 0.53399998 0.056009863,
-0.3411167 0.53800005 0.056009863,
-0.3411167 0.53329295 0.055716969,
-0.3411167 0.53300005 0.055009861,
-0.3411167 0.50799996 0.054009862,
-0.3411167 0.52399999 0.054009862,
-0.3411167 0.52370709 0.053302754,
-0.3411167 0.509 0.05300986,
-0.3411167 0.52300006 0.05300986,
-0.3411167 0.55000001 0.050009862,
-0.3411167 0.54853553 0.046474326,
-0.3411167 0.53300005 0.046009861,
-0.3411167 0.53399998 0.045009863,
-0.3411167 0.54500002 0.045009863,
-0.34058115 0.53917295 0.27654541,
-0.34058115 0.55000001 0.27654541,
-0.34058115 0.53690749 0.27572426,
-0.34058115 0.53569442 0.27364233,
-0.34058115 0.49648851 0.058009859,
-0.33911669 0.53917295 0.27300987,
-0.33911669 0.55000001 0.27300987,
-0.33911669 0.50008196 0.058009859,
-0.33911669 0.50799996 0.058009859,
-0.33911669 0.52399999 0.058009859,
-0.33911669 0.53800005 0.058009859,
-0.33911669 0.53399998 0.056009863,
-0.33911669 0.53800005 0.056009863,
-0.33911669 0.53329295 0.055716969,
-0.33911669 0.53300005 0.055009861,
-0.33911669 0.50799996 0.054009862,
-0.33911669 0.52399999 0.054009862,
-0.33911669 0.52370709 0.053302754,
-0.33911669 0.509 0.05300986,
-0.33911669 0.52300006 0.05300986,
-0.33911669 0.55000001 0.050009862,
-0.33911669 0.54853553 0.046474326,
-0.33911669 0.53300005 0.046009861,
-0.33911669 0.53399998 0.045009863,
-0.33911669 0.54500002 0.045009863
] }
normal Normal { vector [
-1 0 0,
-0.707107 0 0.707107,
-0.707107 -0.453077 0.542882,
-0.707107 -0.695701 0.126491,
-0.707107 0.695701 -0.126491,
-0.707107 0.453077 -0.542882,
-0.707107 0 -0.707107,
0 -0.98387 0.178885,
0 -1 0,
0 -0.707107 0.707107,
0 -0.640747 0.767752,
0 0 1,
0 0 -1,
0 0.640747 -0.767752,
0 0.707107 -0.707107,
0 1 0,
0 0.98387 -0.178885,
0.707107 0 0.707107,
0.707107 -0.453077 0.542882,
0.707107 -0.695701 0.126491,
0.707107 0.695701 -0.126491,
0.707107 0.453077 -0.542882,
0.707107 0 -0.707107,
1 0 0
] }
coordIndex [
44,19,16,-1,
44,16,41,-1,
41,16,15,-1,
41,15,40,-1,
43,18,44,-1,
44,18,19,-1,
17,18,42,-1,
42,18,43,-1,
34,9,42,-1,
42,9,17,-1,
31,6,8,-1,
31,8,33,-1,
33,8,9,-1,
33,9,34,-1,
32,7,31,-1,
31,7,6,-1,
30,5,32,-1,
32,5,7,-1,
29,4,30,-1,
30,4,5,-1,
36,11,29,-1,
29,11,4,-1,
39,14,12,-1,
39,12,37,-1,
37,12,11,-1,
37,11,36,-1,
38,13,39,-1,
39,13,14,-1,
10,13,35,-1,
35,13,38,-1,
28,3,35,-1,
35,3,10,-1,
89,90,114,-1,
114,90,115,-1,
114,106,89,-1,
89,106,81,-1,
103,78,80,-1,
103,80,105,-1,
105,80,81,-1,
105,81,106,-1,
103,104,78,-1,
78,104,79,-1,
104,102,79,-1,
79,102,77,-1,
102,101,77,-1,
77,101,76,-1,
101,108,76,-1,
76,108,83,-1,
111,86,84,-1,
111,84,109,-1,
109,84,83,-1,
109,83,108,-1,
111,110,86,-1,
86,110,85,-1,
82,85,107,-1,
107,85,110,-1,
107,100,82,-1,
82,100,75,-1,
57,67,66,-1,
3,28,2,-1,
2,28,27,-1,
2,27,24,-1,
24,27,57,-1,
24,57,56,-1,
56,57,66,-1,
75,100,74,-1,
74,100,99,-1,
74,99,67,-1,
67,99,96,-1,
67,96,66,-1,
64,54,66,-1,
66,54,56,-1,
58,48,50,-1,
58,50,60,-1,
60,50,54,-1,
60,54,64,-1,
59,49,58,-1,
58,49,48,-1,
26,40,15,-1,
112,87,98,-1,
98,87,73,-1,
15,1,26,-1,
26,1,21,-1,
26,21,52,-1,
52,21,49,-1,
52,49,62,-1,
62,49,59,-1,
62,59,73,-1,
73,59,93,-1,
73,93,98,-1,
116,91,88,-1,
116,88,113,-1,
113,88,87,-1,
113,87,112,-1,
116,115,91,-1,
91,115,90,-1,
102,104,113,-1,
103,105,106,-1,
111,109,108,-1,
106,114,115,-1,
104,103,113,-1,
113,103,106,-1,
113,106,116,-1,
116,106,115,-1,
110,111,107,-1,
107,111,108,-1,
107,108,100,-1,
100,108,101,-1,
113,112,102,-1,
102,112,98,-1,
102,98,101,-1,
101,98,97,-1,
101,97,100,-1,
100,97,99,-1,
2,0,3,-1,
3,0,1,-1,
11,3,4,-1,
4,3,1,-1,
4,1,5,-1,
5,1,15,-1,
5,15,7,-1,
15,16,7,-1,
7,16,19,-1,
7,19,6,-1,
6,19,18,-1,
11,12,14,-1,
18,17,6,-1,
6,17,9,-1,
6,9,8,-1,
11,14,3,-1,
3,14,13,-1,
3,13,10,-1,
56,54,23,-1,
56,23,24,-1,
24,23,0,-1,
24,0,2,-1,
48,20,22,-1,
0,23,22,-1,
48,22,50,-1,
50,22,23,-1,
50,23,54,-1,
20,0,22,-1,
48,49,21,-1,
48,21,20,-1,
20,21,1,-1,
20,1,0,-1,
99,97,95,-1,
99,95,96,-1,
96,95,64,-1,
96,64,66,-1,
94,95,97,-1,
94,97,92,-1,
92,58,60,-1,
92,60,94,-1,
94,60,64,-1,
94,64,95,-1,
59,58,92,-1,
59,92,93,-1,
93,92,97,-1,
93,97,98,-1,
55,65,57,-1,
57,65,67,-1,
51,61,53,-1,
53,61,63,-1,
53,63,55,-1,
55,63,65,-1,
52,62,51,-1,
51,62,61,-1,
81,80,78,-1,
74,72,75,-1,
75,72,73,-1,
83,75,76,-1,
76,75,73,-1,
76,73,77,-1,
77,73,87,-1,
77,87,79,-1,
81,78,89,-1,
87,88,79,-1,
79,88,91,-1,
79,91,78,-1,
78,91,90,-1,
78,90,89,-1,
83,84,86,-1,
83,86,75,-1,
75,86,85,-1,
75,85,82,-1,
34,42,43,-1,
30,32,41,-1,
39,37,36,-1,
33,34,31,-1,
31,34,43,-1,
31,43,32,-1,
32,43,44,-1,
32,44,41,-1,
38,39,35,-1,
35,39,36,-1,
35,36,28,-1,
28,36,29,-1,
41,40,30,-1,
30,40,26,-1,
30,26,29,-1,
29,26,25,-1,
29,25,28,-1,
28,25,27,-1,
55,57,47,-1,
47,57,27,-1,
47,27,25,-1,
46,47,25,-1,
46,25,45,-1,
55,47,53,-1,
53,47,46,-1,
53,46,51,-1,
51,46,45,-1,
25,26,45,-1,
45,26,52,-1,
45,52,51,-1,
67,65,71,-1,
67,71,68,-1,
68,71,72,-1,
68,72,74,-1,
72,70,69,-1,
71,70,72,-1,
71,65,70,-1,
70,65,63,-1,
70,63,69,-1,
69,63,61,-1,
61,62,69,-1,
69,62,73,-1,
69,73,72,-1
]
normalIndex [
12,12,14,-1,
12,14,14,-1,
14,14,15,-1,
14,15,15,-1,
12,12,12,-1,
12,12,12,-1,
8,12,8,-1,
8,12,12,-1,
8,8,8,-1,
8,8,8,-1,
11,11,9,-1,
11,9,9,-1,
9,9,8,-1,
9,8,8,-1,
11,11,11,-1,
11,11,11,-1,
8,8,8,-1,
8,8,8,-1,
12,12,12,-1,
12,12,12,-1,
15,15,15,-1,
15,15,15,-1,
12,12,14,-1,
12,14,14,-1,
14,14,15,-1,
14,15,15,-1,
12,12,12,-1,
12,12,12,-1,
8,12,8,-1,
8,12,12,-1,
8,8,8,-1,
8,8,8,-1,
8,12,8,-1,
8,12,12,-1,
8,8,8,-1,
8,8,8,-1,
11,11,9,-1,
11,9,9,-1,
9,9,8,-1,
9,8,8,-1,
11,11,11,-1,
11,11,11,-1,
8,8,8,-1,
8,8,8,-1,
12,12,12,-1,
12,12,12,-1,
15,15,15,-1,
15,15,15,-1,
12,12,14,-1,
12,14,14,-1,
14,14,15,-1,
14,15,15,-1,
12,12,12,-1,
12,12,12,-1,
8,12,8,-1,
8,12,12,-1,
8,8,8,-1,
8,8,8,-1,
12,12,12,-1,
12,12,12,-1,
12,12,12,-1,
12,12,12,-1,
12,12,12,-1,
12,12,12,-1,
12,12,12,-1,
12,12,12,-1,
12,12,12,-1,
12,12,12,-1,
12,12,12,-1,
12,12,12,-1,
7,7,7,-1,
7,7,7,-1,
11,11,10,-1,
11,10,10,-1,
10,10,7,-1,
10,7,7,-1,
11,11,11,-1,
11,11,11,-1,
15,15,15,-1,
15,15,15,-1,
15,15,15,-1,
15,15,15,-1,
15,15,15,-1,
15,15,15,-1,
15,15,15,-1,
15,15,15,-1,
15,15,15,-1,
15,15,15,-1,
15,15,15,-1,
15,15,15,-1,
12,12,14,-1,
12,14,14,-1,
14,14,15,-1,
14,15,15,-1,
12,12,12,-1,
12,12,12,-1,
23,23,23,-1,
23,23,23,-1,
23,23,23,-1,
23,23,23,-1,
23,23,23,-1,
23,23,23,-1,
23,23,23,-1,
23,23,23,-1,
23,23,23,-1,
23,23,23,-1,
23,23,23,-1,
23,23,23,-1,
23,23,23,-1,
23,23,23,-1,
23,23,23,-1,
23,23,23,-1,
23,23,23,-1,
23,23,23,-1,
0,0,0,-1,
0,0,0,-1,
0,0,0,-1,
0,0,0,-1,
0,0,0,-1,
0,0,0,-1,
0,0,0,-1,
0,0,0,-1,
0,0,0,-1,
0,0,0,-1,
0,0,0,-1,
0,0,0,-1,
0,0,0,-1,
0,0,0,-1,
0,0,0,-1,
0,0,0,-1,
0,0,0,-1,
0,0,0,-1,
7,7,3,-1,
7,3,3,-1,
3,3,0,-1,
3,0,0,-1,
11,1,2,-1,
0,3,2,-1,
11,2,10,-1,
10,2,3,-1,
10,3,7,-1,
1,0,2,-1,
11,11,1,-1,
11,1,1,-1,
1,1,0,-1,
1,0,0,-1,
23,23,19,-1,
23,19,19,-1,
19,19,7,-1,
19,7,7,-1,
18,19,23,-1,
18,23,17,-1,
17,11,10,-1,
17,10,18,-1,
18,10,7,-1,
18,7,19,-1,
11,11,17,-1,
11,17,17,-1,
17,17,23,-1,
17,23,23,-1,
16,16,16,-1,
16,16,16,-1,
12,12,13,-1,
13,12,13,-1,
13,13,16,-1,
16,13,16,-1,
12,12,12,-1,
12,12,12,-1,
0,0,0,-1,
0,0,0,-1,
0,0,0,-1,
0,0,0,-1,
0,0,0,-1,
0,0,0,-1,
0,0,0,-1,
0,0,0,-1,
0,0,0,-1,
0,0,0,-1,
0,0,0,-1,
0,0,0,-1,
0,0,0,-1,
0,0,0,-1,
0,0,0,-1,
0,0,0,-1,
0,0,0,-1,
0,0,0,-1,
23,23,23,-1,
23,23,23,-1,
23,23,23,-1,
23,23,23,-1,
23,23,23,-1,
23,23,23,-1,
23,23,23,-1,
23,23,23,-1,
23,23,23,-1,
23,23,23,-1,
23,23,23,-1,
23,23,23,-1,
23,23,23,-1,
23,23,23,-1,
23,23,23,-1,
23,23,23,-1,
23,23,23,-1,
23,23,23,-1,
16,16,20,-1,
20,16,23,-1,
20,23,23,-1,
21,20,23,-1,
21,23,22,-1,
16,20,13,-1,
13,20,21,-1,
13,21,12,-1,
12,21,22,-1,
23,23,22,-1,
22,23,12,-1,
22,12,12,-1,
16,16,4,-1,
16,4,4,-1,
4,4,0,-1,
4,0,0,-1,
0,5,6,-1,
4,5,0,-1,
4,16,5,-1,
5,16,13,-1,
5,13,6,-1,
6,13,12,-1,
12,12,6,-1,
6,12,0,-1,
6,0,0,-1
]
}
}
Shape {
appearance Appearance {
material Material {
ambientIntensity 0
diffuseColor 1 1 1 
specularColor 0.098 0.098 0.098 
shininess 0.000781 
transparency 0
}
}
geometry IndexedFaceSet {
normalPerVertex TRUE
solid TRUE
convex TRUE
coord Coordinate { point [
0.33921665 0.53917295 0.27300987,
0.33921665 0.55000001 0.27300987,
0.33921665 0.50008196 0.058009859,
0.33921665 0.50799996 0.058009859,
0.33921665 0.52399999 0.058009859,
0.33921665 0.53800005 0.058009859,
0.33921665 0.53399998 0.056009863,
0.33921665 0.53800005 0.056009863,
0.33921665 0.53329295 0.055716969,
0.33921665 0.53300005 0.055009861,
0.33921665 0.50799996 0.054009862,
0.33921665 0.52399999 0.054009862,
0.33921665 0.52370709 0.053302754,
0.33921665 0.509 0.05300986,
0.33921665 0.52300006 0.05300986,
0.33921665 0.55000001 0.050009862,
0.33921665 0.54853553 0.046474326,
0.33921665 0.53300005 0.046009861,
0.33921665 0.53399998 0.045009863,
0.33921665 0.54500002 0.045009863,
0.34068111 0.53917295 0.27654541,
0.34068111 0.55000001 0.27654541,
0.34068111 0.53690749 0.27572426,
0.34068111 0.53569442 0.27364233,
0.34068111 0.49648851 0.058009859,
0.34121665 0.53917295 0.27300987,
0.34121665 0.55000001 0.27300987,
0.34121665 0.50008196 0.058009859,
0.34121665 0.50799996 0.058009859,
0.34121665 0.52399999 0.058009859,
0.34121665 0.53800005 0.058009859,
0.34121665 0.53399998 0.056009863,
0.34121665 0.53800005 0.056009863,
0.34121665 0.53329295 0.055716969,
0.34121665 0.53300005 0.055009861,
0.34121665 0.50799996 0.054009862,
0.34121665 0.52399999 0.054009862,
0.34121665 0.52370709 0.053302754,
0.34121665 0.509 0.05300986,
0.34121665 0.52300006 0.05300986,
0.34121665 0.55000001 0.050009862,
0.34121665 0.54853553 0.046474326,
0.34121665 0.53300005 0.046009861,
0.34121665 0.53399998 0.045009863,
0.34121665 0.54500002 0.045009863,
0.34209532 0.53917295 0.2751312,
0.34209532 0.5378136 0.2746385,
0.34209532 0.53708583 0.27338934,
0.34421664 0.53917295 0.27800986,
0.34421664 0.55000001 0.27800986,
0.34421664 0.5359692 0.27684861,
0.34421664 0.53917295 0.27600986,
0.34421664 0.55000001 0.27600986,
0.34421664 0.5372507 0.27531311,
0.34421664 0.53425354 0.27390429,
0.34421664 0.53622133 0.27354652,
0.34421664 0.49500006 0.058009859,
0.34421664 0.49703282 0.058009859,
0.34721664 0.53917295 0.27800986,
0.34721664 0.55000001 0.27800986,
0.34721664 0.5359692 0.27684861,
0.34721664 0.53917295 0.27600986,
0.34721664 0.55000001 0.27600986,
0.34721664 0.5372507 0.27531311,
0.34721664 0.53425354 0.27390429,
0.34721664 0.53622133 0.27354652,
0.34721664 0.49500006 0.058009859,
0.34721664 0.49703282 0.058009859,
0.34871665 0.49855739 0.058009859,
0.34933797 0.53917295 0.2751312,
0.34933797 0.5378136 0.2746385,
0.34933797 0.53708583 0.27338934,
0.35021666 0.53917295 0.27300987,
0.35021666 0.55000001 0.27300987,
0.35021666 0.50008196 0.058009859,
0.35021666 0.50799996 0.058009859,
0.35021666 0.52399999 0.058009859,
0.35021666 0.53800005 0.058009859,
0.35021666 0.53399998 0.056009863,
0.35021666 0.53800005 0.056009863,
0.35021666 0.53329295 0.055716969,
0.35021666 0.53300005 0.055009861,
0.35021666 0.50799996 0.054009862,
0.35021666 0.52399999 0.054009862,
0.35021666 0.52370709 0.053302754,
0.35021666 0.509 0.05300986,
0.35021666 0.52300006 0.05300986,
0.35021666 0.55000001 0.050009862,
0.35021666 0.54853553 0.046474326,
0.35021666 0.53300005 0.046009861,
0.35021666 0.53399998 0.045009863,
0.35021666 0.54500002 0.045009863,
0.35075217 0.53917295 0.27654541,
0.35075217 0.55000001 0.27654541,
0.35075217 0.53690749 0.27572426,
0.35075217 0.53569442 0.27364233,
0.35075217 0.49648851 0.058009859,
0.35221663 0.53917295 0.27300987,
0.35221663 0.55000001 0.27300987,
0.35221663 0.50008196 0.058009859,
0.35221663 0.50799996 0.058009859,
0.35221663 0.52399999 0.058009859,
0.35221663 0.53800005 0.058009859,
0.35221663 0.53399998 0.056009863,
0.35221663 0.53800005 0.056009863,
0.35221663 0.53329295 0.055716969,
0.35221663 0.53300005 0.055009861,
0.35221663 0.50799996 0.054009862,
0.35221663 0.52399999 0.054009862,
0.35221663 0.52370709 0.053302754,
0.35221663 0.509 0.05300986,
0.35221663 0.52300006 0.05300986,
0.35221663 0.55000001 0.050009862,
0.35221663 0.54853553 0.046474326,
0.35221663 0.53300005 0.046009861,
0.35221663 0.53399998 0.045009863,
0.35221663 0.54500002 0.045009863
] }
normal Normal { vector [
-1 0 0,
-0.707107 0 0.707107,
-0.707107 -0.453077 0.542882,
-0.707107 -0.695701 0.126491,
-0.707107 0.695701 -0.126491,
-0.707107 0.453077 -0.542882,
-0.707107 0 -0.707107,
0 -0.98387 0.178885,
0 -1 0,
0 -0.707107 0.707107,
0 -0.640747 0.767752,
0 0 1,
0 0 -1,
0 0.640747 -0.767752,
0 0.707107 -0.707107,
0 1 0,
0 0.98387 -0.178885,
0.707107 0 0.707107,
0.707107 -0.453077 0.542882,
0.707107 -0.695701 0.126491,
0.707107 0.695701 -0.126491,
0.707107 0.453077 -0.542882,
0.707107 0 -0.707107,
1 0 0
] }
coordIndex [
44,19,16,-1,
44,16,41,-1,
41,16,15,-1,
41,15,40,-1,
43,18,44,-1,
44,18,19,-1,
17,18,42,-1,
42,18,43,-1,
34,9,42,-1,
42,9,17,-1,
31,6,8,-1,
31,8,33,-1,
33,8,9,-1,
33,9,34,-1,
32,7,31,-1,
31,7,6,-1,
30,5,32,-1,
32,5,7,-1,
29,4,30,-1,
30,4,5,-1,
36,11,29,-1,
29,11,4,-1,
39,14,12,-1,
39,12,37,-1,
37,12,11,-1,
37,11,36,-1,
38,13,39,-1,
39,13,14,-1,
10,13,35,-1,
35,13,38,-1,
28,3,35,-1,
35,3,10,-1,
89,90,114,-1,
114,90,115,-1,
114,106,89,-1,
89,106,81,-1,
103,78,80,-1,
103,80,105,-1,
105,80,81,-1,
105,81,106,-1,
103,104,78,-1,
78,104,79,-1,
104,102,79,-1,
79,102,77,-1,
102,101,77,-1,
77,101,76,-1,
101,108,76,-1,
76,108,83,-1,
111,86,84,-1,
111,84,109,-1,
109,84,83,-1,
109,83,108,-1,
111,110,86,-1,
86,110,85,-1,
82,85,107,-1,
107,85,110,-1,
107,100,82,-1,
82,100,75,-1,
57,67,66,-1,
3,28,2,-1,
2,28,27,-1,
2,27,24,-1,
24,27,57,-1,
24,57,56,-1,
56,57,66,-1,
75,100,74,-1,
74,100,99,-1,
74,99,67,-1,
67,99,96,-1,
67,96,66,-1,
64,54,66,-1,
66,54,56,-1,
58,48,50,-1,
58,50,60,-1,
60,50,54,-1,
60,54,64,-1,
59,49,58,-1,
58,49,48,-1,
26,40,15,-1,
112,87,98,-1,
98,87,73,-1,
15,1,26,-1,
26,1,21,-1,
26,21,52,-1,
52,21,49,-1,
52,49,62,-1,
62,49,59,-1,
62,59,73,-1,
73,59,93,-1,
73,93,98,-1,
116,91,88,-1,
116,88,113,-1,
113,88,87,-1,
113,87,112,-1,
116,115,91,-1,
91,115,90,-1,
102,104,113,-1,
103,105,106,-1,
111,109,108,-1,
106,114,115,-1,
104,103,113,-1,
113,103,106,-1,
113,106,116,-1,
116,106,115,-1,
110,111,107,-1,
107,111,108,-1,
107,108,100,-1,
100,108,101,-1,
113,112,102,-1,
102,112,98,-1,
102,98,101,-1,
101,98,97,-1,
101,97,100,-1,
100,97,99,-1,
2,0,3,-1,
3,0,1,-1,
11,3,4,-1,
4,3,1,-1,
4,1,5,-1,
5,1,15,-1,
5,15,7,-1,
15,16,7,-1,
7,16,19,-1,
7,19,6,-1,
6,19,18,-1,
11,12,14,-1,
18,17,6,-1,
6,17,9,-1,
6,9,8,-1,
11,14,3,-1,
3,14,13,-1,
3,13,10,-1,
56,54,23,-1,
56,23,24,-1,
24,23,0,-1,
24,0,2,-1,
48,20,22,-1,
0,23,22,-1,
48,22,50,-1,
50,22,23,-1,
50,23,54,-1,
20,0,22,-1,
48,49,21,-1,
48,21,20,-1,
20,21,1,-1,
20,1,0,-1,
99,97,95,-1,
99,95,96,-1,
96,95,64,-1,
96,64,66,-1,
94,95,97,-1,
94,97,92,-1,
92,58,60,-1,
92,60,94,-1,
94,60,64,-1,
94,64,95,-1,
59,58,92,-1,
59,92,93,-1,
93,92,97,-1,
93,97,98,-1,
55,65,57,-1,
57,65,67,-1,
51,61,53,-1,
53,61,63,-1,
53,63,55,-1,
55,63,65,-1,
52,62,51,-1,
51,62,61,-1,
81,80,78,-1,
74,72,75,-1,
75,72,73,-1,
83,75,76,-1,
76,75,73,-1,
76,73,77,-1,
77,73,87,-1,
77,87,79,-1,
81,78,89,-1,
87,88,79,-1,
79,88,91,-1,
79,91,78,-1,
78,91,90,-1,
78,90,89,-1,
83,84,86,-1,
83,86,75,-1,
75,86,85,-1,
75,85,82,-1,
34,42,43,-1,
30,32,41,-1,
39,37,36,-1,
33,34,31,-1,
31,34,43,-1,
31,43,32,-1,
32,43,44,-1,
32,44,41,-1,
38,39,35,-1,
35,39,36,-1,
35,36,28,-1,
28,36,29,-1,
41,40,30,-1,
30,40,26,-1,
30,26,29,-1,
29,26,25,-1,
29,25,28,-1,
28,25,27,-1,
55,57,47,-1,
47,57,27,-1,
47,27,25,-1,
46,47,25,-1,
46,25,45,-1,
55,47,53,-1,
53,47,46,-1,
53,46,51,-1,
51,46,45,-1,
25,26,45,-1,
45,26,52,-1,
45,52,51,-1,
67,65,71,-1,
67,71,68,-1,
68,71,72,-1,
68,72,74,-1,
72,70,69,-1,
71,70,72,-1,
71,65,70,-1,
70,65,63,-1,
70,63,69,-1,
69,63,61,-1,
61,62,69,-1,
69,62,73,-1,
69,73,72,-1
]
normalIndex [
12,12,14,-1,
12,14,14,-1,
14,14,15,-1,
14,15,15,-1,
12,12,12,-1,
12,12,12,-1,
8,12,8,-1,
8,12,12,-1,
8,8,8,-1,
8,8,8,-1,
11,11,9,-1,
11,9,9,-1,
9,9,8,-1,
9,8,8,-1,
11,11,11,-1,
11,11,11,-1,
8,8,8,-1,
8,8,8,-1,
12,12,12,-1,
12,12,12,-1,
15,15,15,-1,
15,15,15,-1,
12,12,14,-1,
12,14,14,-1,
14,14,15,-1,
14,15,15,-1,
12,12,12,-1,
12,12,12,-1,
8,12,8,-1,
8,12,12,-1,
8,8,8,-1,
8,8,8,-1,
8,12,8,-1,
8,12,12,-1,
8,8,8,-1,
8,8,8,-1,
11,11,9,-1,
11,9,9,-1,
9,9,8,-1,
9,8,8,-1,
11,11,11,-1,
11,11,11,-1,
8,8,8,-1,
8,8,8,-1,
12,12,12,-1,
12,12,12,-1,
15,15,15,-1,
15,15,15,-1,
12,12,14,-1,
12,14,14,-1,
14,14,15,-1,
14,15,15,-1,
12,12,12,-1,
12,12,12,-1,
8,12,8,-1,
8,12,12,-1,
8,8,8,-1,
8,8,8,-1,
12,12,12,-1,
12,12,12,-1,
12,12,12,-1,
12,12,12,-1,
12,12,12,-1,
12,12,12,-1,
12,12,12,-1,
12,12,12,-1,
12,12,12,-1,
12,12,12,-1,
12,12,12,-1,
12,12,12,-1,
7,7,7,-1,
7,7,7,-1,
11,11,10,-1,
11,10,10,-1,
10,10,7,-1,
10,7,7,-1,
11,11,11,-1,
11,11,11,-1,
15,15,15,-1,
15,15,15,-1,
15,15,15,-1,
15,15,15,-1,
15,15,15,-1,
15,15,15,-1,
15,15,15,-1,
15,15,15,-1,
15,15,15,-1,
15,15,15,-1,
15,15,15,-1,
15,15,15,-1,
12,12,14,-1,
12,14,14,-1,
14,14,15,-1,
14,15,15,-1,
12,12,12,-1,
12,12,12,-1,
23,23,23,-1,
23,23,23,-1,
23,23,23,-1,
23,23,23,-1,
23,23,23,-1,
23,23,23,-1,
23,23,23,-1,
23,23,23,-1,
23,23,23,-1,
23,23,23,-1,
23,23,23,-1,
23,23,23,-1,
23,23,23,-1,
23,23,23,-1,
23,23,23,-1,
23,23,23,-1,
23,23,23,-1,
23,23,23,-1,
0,0,0,-1,
0,0,0,-1,
0,0,0,-1,
0,0,0,-1,
0,0,0,-1,
0,0,0,-1,
0,0,0,-1,
0,0,0,-1,
0,0,0,-1,
0,0,0,-1,
0,0,0,-1,
0,0,0,-1,
0,0,0,-1,
0,0,0,-1,
0,0,0,-1,
0,0,0,-1,
0,0,0,-1,
0,0,0,-1,
7,7,3,-1,
7,3,3,-1,
3,3,0,-1,
3,0,0,-1,
11,1,2,-1,
0,3,2,-1,
11,2,10,-1,
10,2,3,-1,
10,3,7,-1,
1,0,2,-1,
11,11,1,-1,
11,1,1,-1,
1,1,0,-1,
1,0,0,-1,
23,23,19,-1,
23,19,19,-1,
19,19,7,-1,
19,7,7,-1,
18,19,23,-1,
18,23,17,-1,
17,11,10,-1,
17,10,18,-1,
18,10,7,-1,
18,7,19,-1,
11,11,17,-1,
11,17,17,-1,
17,17,23,-1,
17,23,23,-1,
16,16,16,-1,
16,16,16,-1,
12,12,13,-1,
13,12,13,-1,
13,13,16,-1,
16,13,16,-1,
12,12,12,-1,
12,12,12,-1,
0,0,0,-1,
0,0,0,-1,
0,0,0,-1,
0,0,0,-1,
0,0,0,-1,
0,0,0,-1,
0,0,0,-1,
0,0,0,-1,
0,0,0,-1,
0,0,0,-1,
0,0,0,-1,
0,0,0,-1,
0,0,0,-1,
0,0,0,-1,
0,0,0,-1,
0,0,0,-1,
0,0,0,-1,
0,0,0,-1,
23,23,23,-1,
23,23,23,-1,
23,23,23,-1,
23,23,23,-1,
23,23,23,-1,
23,23,23,-1,
23,23,23,-1,
23,23,23,-1,
23,23,23,-1,
23,23,23,-1,
23,23,23,-1,
23,23,23,-1,
23,23,23,-1,
23,23,23,-1,
23,23,23,-1,
23,23,23,-1,
23,23,23,-1,
23,23,23,-1,
16,16,20,-1,
20,16,23,-1,
20,23,23,-1,
21,20,23,-1,
21,23,22,-1,
16,20,13,-1,
13,20,21,-1,
13,21,12,-1,
12,21,22,-1,
23,23,22,-1,
22,23,12,-1,
22,12,12,-1,
16,16,4,-1,
16,4,4,-1,
4,4,0,-1,
4,0,0,-1,
0,5,6,-1,
4,5,0,-1,
4,16,5,-1,
5,16,13,-1,
5,13,6,-1,
6,13,12,-1,
12,12,6,-1,
6,12,0,-1,
6,0,0,-1
]
}
}
Shape {
appearance Appearance {
material Material {
ambientIntensity 0
diffuseColor 0.792 0.984 1 
specularColor 0.0392 0.0392 0.0392 
shininess 0.00234 
transparency 0.9
}
}
geometry IndexedFaceSet {
normalPerVertex TRUE
solid TRUE
convex TRUE
coord Coordinate { point [
-1.04445 -0.54999995 0.30000988,
-1.04445 -0.54399997 0.30000988,
-1.04445 -0.54999995 0.058009859,
-1.04445 -0.54399997 0.058009859,
1.0445499 -0.54999995 0.30000988,
1.0445499 -0.54399997 0.30000988,
1.0445499 -0.54999995 0.058009859,
1.0445499 -0.54399997 0.058009859
] }
normal Normal { vector [
-1 0 0,
0 0 1,
0 -1 0,
0 1 0,
0 0 -1,
1 0 0
] }
coordIndex [
7,3,5,-1,
5,3,1,-1,
1,0,5,-1,
5,0,4,-1,
3,2,1,-1,
1,2,0,-1,
7,6,3,-1,
3,6,2,-1,
0,2,4,-1,
4,2,6,-1,
7,5,6,-1,
6,5,4,-1
]
normalIndex [
3,3,3,-1,
3,3,3,-1,
1,1,1,-1,
1,1,1,-1,
0,0,0,-1,
0,0,0,-1,
4,4,4,-1,
4,4,4,-1,
2,2,2,-1,
2,2,2,-1,
5,5,5,-1,
5,5,5,-1
]
}
}
Shape {
appearance Appearance {
material Material {
ambientIntensity 0
diffuseColor 0.792 0.984 1 
specularColor 0.0392 0.0392 0.0392 
shininess 0.00234 
transparency 0.9
}
}
geometry IndexedFaceSet {
normalPerVertex TRUE
solid TRUE
convex TRUE
coord Coordinate { point [
-1.04445 -0.27499998 0.30000988,
-1.04445 -0.26899999 0.30000988,
-1.04445 -0.27499998 0.058009859,
-1.04445 -0.26899999 0.058009859,
1.0445499 -0.27499998 0.30000988,
1.0445499 -0.26899999 0.30000988,
1.0445499 -0.27499998 0.058009859,
1.0445499 -0.26899999 0.058009859
] }
normal Normal { vector [
-1 0 0,
0 0 1,
0 -1 0,
0 1 0,
0 0 -1,
1 0 0
] }
coordIndex [
7,3,5,-1,
5,3,1,-1,
1,0,5,-1,
5,0,4,-1,
3,2,1,-1,
1,2,0,-1,
7,6,3,-1,
3,6,2,-1,
0,2,4,-1,
4,2,6,-1,
7,5,6,-1,
6,5,4,-1
]
normalIndex [
3,3,3,-1,
3,3,3,-1,
1,1,1,-1,
1,1,1,-1,
0,0,0,-1,
0,0,0,-1,
4,4,4,-1,
4,4,4,-1,
2,2,2,-1,
2,2,2,-1,
5,5,5,-1,
5,5,5,-1
]
}
}
Shape {
appearance Appearance {
material Material {
ambientIntensity 0
diffuseColor 0.792 0.984 1 
specularColor 0.0392 0.0392 0.0392 
shininess 0.00234 
transparency 0.9
}
}
geometry IndexedFaceSet {
normalPerVertex TRUE
solid TRUE
convex TRUE
coord Coordinate { point [
-1.04445 0 0.30000988,
-1.04445 0.0059999824 0.30000988,
-1.04445 0 0.058009859,
-1.04445 0.0059999824 0.058009859,
1.0445499 0 0.30000988,
1.0445499 0.0059999824 0.30000988,
1.0445499 0 0.058009859,
1.0445499 0.0059999824 0.058009859
] }
normal Normal { vector [
-1 0 0,
0 0 1,
0 -1 0,
0 1 0,
0 0 -1,
1 0 0
] }
coordIndex [
7,3,5,-1,
5,3,1,-1,
1,0,5,-1,
5,0,4,-1,
3,2,1,-1,
1,2,0,-1,
7,6,3,-1,
3,6,2,-1,
0,2,4,-1,
4,2,6,-1,
7,5,6,-1,
6,5,4,-1
]
normalIndex [
3,3,3,-1,
3,3,3,-1,
1,1,1,-1,
1,1,1,-1,
0,0,0,-1,
0,0,0,-1,
4,4,4,-1,
4,4,4,-1,
2,2,2,-1,
2,2,2,-1,
5,5,5,-1,
5,5,5,-1
]
}
}
Shape {
appearance Appearance {
material Material {
ambientIntensity 0
diffuseColor 0.792 0.984 1 
specularColor 0.0392 0.0392 0.0392 
shininess 0.00234 
transparency 0.9
}
}
geometry IndexedFaceSet {
normalPerVertex TRUE
solid TRUE
convex TRUE
coord Coordinate { point [
-1.04445 0.27500004 0.30000988,
-1.04445 0.28100002 0.30000988,
-1.04445 0.27500004 0.058009859,
-1.04445 0.28100002 0.058009859,
1.0445499 0.27500004 0.30000988,
1.0445499 0.28100002 0.30000988,
1.0445499 0.27500004 0.058009859,
1.0445499 0.28100002 0.058009859
] }
normal Normal { vector [
-1 0 0,
0 0 1,
0 -1 0,
0 1 0,
0 0 -1,
1 0 0
] }
coordIndex [
7,3,5,-1,
5,3,1,-1,
1,0,5,-1,
5,0,4,-1,
3,2,1,-1,
1,2,0,-1,
7,6,3,-1,
3,6,2,-1,
0,2,4,-1,
4,2,6,-1,
7,5,6,-1,
6,5,4,-1
]
normalIndex [
3,3,3,-1,
3,3,3,-1,
1,1,1,-1,
1,1,1,-1,
0,0,0,-1,
0,0,0,-1,
4,4,4,-1,
4,4,4,-1,
2,2,2,-1,
2,2,2,-1,
5,5,5,-1,
5,5,5,-1
]
}
}
Shape {
appearance Appearance {
material Material {
ambientIntensity 0
diffuseColor 0.792 0.984 1 
specularColor 0.0392 0.0392 0.0392 
shininess 0.00234 
transparency 0.9
}
}
geometry IndexedFaceSet {
normalPerVertex TRUE
solid TRUE
convex TRUE
coord Coordinate { point [
-1.04445 0.55000001 0.30000988,
-1.04445 0.55600005 0.30000988,
-1.04445 0.55000001 0.058009859,
-1.04445 0.55600005 0.058009859,
1.0445499 0.55000001 0.30000988,
1.0445499 0.55600005 0.30000988,
1.0445499 0.55000001 0.058009859,
1.0445499 0.55600005 0.058009859
] }
normal Normal { vector [
-1 0 0,
0 0 1,
0 -1 0,
0 1 0,
0 0 -1,
1 0 0
] }
coordIndex [
7,3,5,-1,
5,3,1,-1,
1,0,5,-1,
5,0,4,-1,
3,2,1,-1,
1,2,0,-1,
7,6,3,-1,
3,6,2,-1,
0,2,4,-1,
4,2,6,-1,
7,5,6,-1,
6,5,4,-1
]
normalIndex [
3,3,3,-1,
3,3,3,-1,
1,1,1,-1,
1,1,1,-1,
0,0,0,-1,
0,0,0,-1,
4,4,4,-1,
4,4,4,-1,
2,2,2,-1,
2,2,2,-1,
5,5,5,-1,
5,5,5,-1
]
}
}
Shape {
appearance Appearance {
material Material {
ambientIntensity 0
diffuseColor 1 1 1 
specularColor 0.098 0.098 0.098 
shininess 0.000781 
transparency 0
}
}
geometry IndexedFaceSet {
normalPerVertex TRUE
solid TRUE
convex TRUE
coord Coordinate { point [
-1.04945 -0.69999999 0.056009863,
-1.04945 0.69999999 0.056009863,
-1.04945 -0.69999999 0.04000986,
-1.04945 0.69999999 0.04000986,
-1.0474501 -0.69999999 0.058009859,
-1.0474501 -0.69849998 0.058009859,
-1.0474501 -0.671 0.058009859,
-1.0474501 -0.639 0.058009859,
-1.0474501 -0.60699999 0.058009859,
-1.0474501 -0.54299998 0.058009859,
-1.0474501 -0.51099998 0.058009859,
-1.0474501 -0.47899997 0.058009859,
-1.0474501 -0.447 0.058009859,
-1.0474501 -0.41499999 0.058009859,
-1.0474501 -0.35099998 0.058009859,
-1.0474501 -0.31899998 0.058009859,
-1.0474501 -0.287 0.058009859,
-1.0474501 -0.255 0.058009859,
-1.0474501 -0.19099998 0.058009859,
-1.0474501 -0.15899998 0.058009859,
-1.0474501 -0.12699997 0.058009859,
-1.0474501 -0.094999969 0.058009859,
-1.0474501 0.00099998713 0.058009859,
-1.0474501 0.032999992 0.058009859,
-1.0474501 0.064999998 0.058009859,
-1.0474501 0.097000003 0.058009859,
-1.0474501 0.16100001 0.058009859,
-1.0474501 0.19300002 0.058009859,
-1.0474501 0.22500002 0.058009859,
-1.0474501 0.25700003 0.058009859,
-1.0474501 0.28900003 0.058009859,
-1.0474501 0.35299999 0.058009859,
-1.0474501 0.38500005 0.058009859,
-1.0474501 0.417 0.058009859,
-1.0474501 0.44900006 0.058009859,
-1.0474501 0.51300007 0.058009859,
-1.0474501 0.54500002 0.058009859,
-1.0474501 0.57699996 0.058009859,
-1.0474501 0.60900003 0.058009859,
-1.0474501 0.64099997 0.058009859,
-1.0474501 0.69999999 0.058009859,
-1.0474501 -0.69999999 0.056009863,
-1.0474501 -0.69849998 0.056009863,
-1.0474501 -0.671 0.056009863,
-1.0474501 -0.639 0.056009863,
-1.0474501 -0.60699999 0.056009863,
-1.0474501 -0.54299998 0.056009863,
-1.0474501 -0.51099998 0.056009863,
-1.0474501 -0.47899997 0.056009863,
-1.0474501 -0.447 0.056009863,
-1.0474501 -0.41499999 0.056009863,
-1.0474501 -0.35099998 0.056009863,
-1.0474501 -0.31899998 0.056009863,
-1.0474501 -0.287 0.056009863,
-1.0474501 -0.255 0.056009863,
-1.0474501 -0.19099998 0.056009863,
-1.0474501 -0.15899998 0.056009863,
-1.0474501 -0.12699997 0.056009863,
-1.0474501 -0.094999969 0.056009863,
-1.0474501 0.00099998713 0.056009863,
-1.0474501 0.032999992 0.056009863,
-1.0474501 0.064999998 0.056009863,
-1.0474501 0.097000003 0.056009863,
-1.0474501 0.16100001 0.056009863,
-1.0474501 0.19300002 0.056009863,
-1.0474501 0.22500002 0.056009863,
-1.0474501 0.25700003 0.056009863,
-1.0474501 0.28900003 0.056009863,
-1.0474501 0.35299999 0.056009863,
-1.0474501 0.38500005 0.056009863,
-1.0474501 0.417 0.056009863,
-1.0474501 0.44900006 0.056009863,
-1.0474501 0.51300007 0.056009863,
-1.0474501 0.54500002 0.056009863,
-1.0474501 0.57699996 0.056009863,
-1.0474501 0.60900003 0.056009863,
-1.0474501 0.64099997 0.056009863,
-1.0474501 0.69999999 0.056009863,
-1.0474501 -0.69999999 0.04000986,
-1.0474501 0.69999999 0.04000986,
-1.0459501 -0.69999999 0.058009859,
-1.0459501 -0.69849998 0.058009859,
-1.0459501 -0.671 0.058009859,
-1.0459501 -0.639 0.058009859,
-1.0459501 -0.60699999 0.058009859,
-1.0459501 -0.54299998 0.058009859,
-1.0459501 -0.51099998 0.058009859,
-1.0459501 -0.47899997 0.058009859,
-1.0459501 -0.447 0.058009859,
-1.0459501 -0.41499999 0.058009859,
-1.0459501 -0.35099998 0.058009859,
-1.0459501 -0.31899998 0.058009859,
-1.0459501 -0.287 0.058009859,
-1.0459501 -0.255 0.058009859,
-1.0459501 -0.19099998 0.058009859,
-1.0459501 -0.15899998 0.058009859,
-1.0459501 -0.12699997 0.058009859,
-1.0459501 -0.094999969 0.058009859,
-1.0459501 0.00099998713 0.058009859,
-1.0459501 0.032999992 0.058009859,
-1.0459501 0.064999998 0.058009859,
-1.0459501 0.097000003 0.058009859,
-1.0459501 0.16100001 0.058009859,
-1.0459501 0.19300002 0.058009859,
-1.0459501 0.22500002 0.058009859,
-1.0459501 0.25700003 0.058009859,
-1.0459501 0.28900003 0.058009859,
-1.0459501 0.35299999 0.058009859,
-1.0459501 0.38500005 0.058009859,
-1.0459501 0.417 0.058009859,
-1.0459501 0.44900006 0.058009859,
-1.0459501 0.51300007 0.058009859,
-1.0459501 0.54500002 0.058009859,
-1.0459501 0.57699996 0.058009859,
-1.0459501 0.60900003 0.058009859,
-1.0459501 0.64099997 0.058009859,
-1.0459501 0.69999999 0.058009859,
-1.04445 -0.69550002 0.058009859,
-1.04445 -0.6785 0.058009859,
-1.04445 -0.66350001 0.058009859,
-1.04445 -0.64649999 0.058009859,
-1.04445 -0.63150001 0.058009859,
-1.04445 -0.61449999 0.058009859,
-1.04445 -0.5995 0.058009859,
-1.04445 -0.58249998 0.058009859,
-1.04445 -0.5675 0.058009859,
-1.04445 -0.55049998 0.058009859,
-1.04445 -0.53549999 0.058009859,
-1.04445 -0.51849997 0.058009859,
-1.04445 -0.50349998 0.058009859,
-1.04445 -0.48649999 0.058009859,
-1.04445 -0.47149998 0.058009859,
-1.04445 -0.45449999 0.058009859,
-1.04445 -0.43949997 0.058009859,
-1.04445 -0.42249998 0.058009859,
-1.04445 -0.4075 0.058009859,
-1.04445 -0.39049998 0.058009859,
-1.04445 -0.37549999 0.058009859,
-1.04445 -0.35849997 0.058009859,
-1.04445 -0.34349999 0.058009859,
-1.04445 -0.3265 0.058009859,
-1.04445 -0.31149998 0.058009859,
-1.04445 -0.29449999 0.058009859,
-1.04445 -0.27949998 0.058009859,
-1.04445 -0.26249999 0.058009859,
-1.04445 -0.2475 0.058009859,
-1.04445 -0.23049998 0.058009859,
-1.04445 -0.2155 0.058009859,
-1.04445 -0.19849998 0.058009859,
-1.04445 -0.18349999 0.058009859,
-1.04445 -0.16649997 0.058009859,
-1.04445 -0.15149999 0.058009859,
-1.04445 -0.13449997 0.058009859,
-1.04445 -0.11949998 0.058009859,
-1.04445 -0.10249996 0.058009859,
-1.04445 -0.087499976 0.058009859,
-1.04445 -0.070500016 0.058009859,
-1.04445 -0.055499971 0.058009859,
-1.04445 -0.038500011 0.058009859,
-1.04445 -0.023499966 0.058009859,
-1.04445 -0.0065000057 0.058009859,
-1.04445 0.0085000396 0.058009859,
-1.04445 0.0255 0.058009859,
-1.04445 0.040499985 0.058009859,
-1.04445 0.057500005 0.058009859,
-1.04445 0.07249999 0.058009859,
-1.04445 0.08950001 0.058009859,
-1.04445 0.1045 0.058009859,
-1.04445 0.12150002 0.058009859,
-1.04445 0.1365 0.058009859,
-1.04445 0.15350002 0.058009859,
-1.04445 0.16850001 0.058009859,
-1.04445 0.18550003 0.058009859,
-1.04445 0.20050001 0.058009859,
-1.04445 0.21750003 0.058009859,
-1.04445 0.23250002 0.058009859,
-1.04445 0.24950004 0.058009859,
-1.04445 0.26450002 0.058009859,
-1.04445 0.28150004 0.058009859,
-1.04445 0.29650003 0.058009859,
-1.04445 0.31349999 0.058009859,
-1.04445 0.32849997 0.058009859,
-1.04445 0.34550005 0.058009859,
-1.04445 0.36050004 0.058009859,
-1.04445 0.3775 0.058009859,
-1.04445 0.39249998 0.058009859,
-1.04445 0.40950006 0.058009859,
-1.04445 0.42450005 0.058009859,
-1.04445 0.44150001 0.058009859,
-1.04445 0.45649999 0.058009859,
-1.04445 0.47349995 0.058009859,
-1.04445 0.48850006 0.058009859,
-1.04445 0.50550002 0.058009859,
-1.04445 0.5205 0.058009859,
-1.04445 0.53749996 0.058009859,
-1.04445 0.55250007 0.058009859,
-1.04445 0.56950003 0.058009859,
-1.04445 0.58450001 0.058009859,
-1.04445 0.60149997 0.058009859,
-1.04445 0.61649996 0.058009859,
-1.04445 0.63350004 0.058009859,
-1.04445 0.64850003 0.058009859,
-1.04445 0.66549999 0.058009859,
-1.04445 0.68049997 0.058009859,
-1.04445 0.69750005 0.058009859,
-1.04445 -0.69550002 0.056009863,
-1.04445 -0.6785 0.056009863,
-1.04445 -0.66350001 0.056009863,
-1.04445 -0.64649999 0.056009863,
-1.04445 -0.63150001 0.056009863,
-1.04445 -0.61449999 0.056009863,
-1.04445 -0.5995 0.056009863,
-1.04445 -0.58249998 0.056009863,
-1.04445 -0.5675 0.056009863,
-1.04445 -0.55049998 0.056009863,
-1.04445 -0.53549999 0.056009863,
-1.04445 -0.51849997 0.056009863,
-1.04445 -0.50349998 0.056009863,
-1.04445 -0.48649999 0.056009863,
-1.04445 -0.47149998 0.056009863,
-1.04445 -0.45449999 0.056009863,
-1.04445 -0.43949997 0.056009863,
-1.04445 -0.42249998 0.056009863,
-1.04445 -0.4075 0.056009863,
-1.04445 -0.39049998 0.056009863,
-1.04445 -0.37549999 0.056009863,
-1.04445 -0.35849997 0.056009863,
-1.04445 -0.34349999 0.056009863,
-1.04445 -0.3265 0.056009863,
-1.04445 -0.31149998 0.056009863,
-1.04445 -0.29449999 0.056009863,
-1.04445 -0.27949998 0.056009863,
-1.04445 -0.26249999 0.056009863,
-1.04445 -0.2475 0.056009863,
-1.04445 -0.23049998 0.056009863,
-1.04445 -0.2155 0.056009863,
-1.04445 -0.19849998 0.056009863,
-1.04445 -0.18349999 0.056009863,
-1.04445 -0.16649997 0.056009863,
-1.04445 -0.15149999 0.056009863,
-1.04445 -0.13449997 0.056009863,
-1.04445 -0.11949998 0.056009863,
-1.04445 -0.10249996 0.056009863,
-1.04445 -0.087499976 0.056009863,
-1.04445 -0.070500016 0.056009863,
-1.04445 -0.055499971 0.056009863,
-1.04445 -0.038500011 0.056009863,
-1.04445 -0.023499966 0.056009863,
-1.04445 -0.0065000057 0.056009863,
-1.04445 0.0085000396 0.056009863,
-1.04445 0.0255 0.056009863,
-1.04445 0.040499985 0.056009863,
-1.04445 0.057500005 0.056009863,
-1.04445 0.07249999 0.056009863,
-1.04445 0.08950001 0.056009863,
-1.04445 0.1045 0.056009863,
-1.04445 0.12150002 0.056009863,
-1.04445 0.1365 0.056009863,
-1.04445 0.15350002 0.056009863,
-1.04445 0.16850001 0.056009863,
-1.04445 0.18550003 0.056009863,
-1.04445 0.20050001 0.056009863,
-1.04445 0.21750003 0.056009863,
-1.04445 0.23250002 0.056009863,
-1.04445 0.24950004 0.056009863,
-1.04445 0.26450002 0.056009863,
-1.04445 0.28150004 0.056009863,
-1.04445 0.29650003 0.056009863,
-1.04445 0.31349999 0.056009863,
-1.04445 0.32849997 0.056009863,
-1.04445 0.34550005 0.056009863,
-1.04445 0.36050004 0.056009863,
-1.04445 0.3775 0.056009863,
-1.04445 0.39249998 0.056009863,
-1.04445 0.40950006 0.056009863,
-1.04445 0.42450005 0.056009863,
-1.04445 0.44150001 0.056009863,
-1.04445 0.45649999 0.056009863,
-1.04445 0.47349995 0.056009863,
-1.04445 0.48850006 0.056009863,
-1.04445 0.50550002 0.056009863,
-1.04445 0.5205 0.056009863,
-1.04445 0.53749996 0.056009863,
-1.04445 0.55250007 0.056009863,
-1.04445 0.56950003 0.056009863,
-1.04445 0.58450001 0.056009863,
-1.04445 0.60149997 0.056009863,
-1.04445 0.61649996 0.056009863,
-1.04445 0.63350004 0.056009863,
-1.04445 0.64850003 0.056009863,
-1.04445 0.66549999 0.056009863,
-1.04445 0.68049997 0.056009863,
-1.04445 0.69750005 0.056009863,
-1.04295 -0.69699997 0.058009859,
-1.04295 -0.67699999 0.058009859,
-1.04295 -0.66499996 0.058009859,
-1.04295 -0.64499998 0.058009859,
-1.04295 -0.63300002 0.058009859,
-1.04295 -0.61299998 0.058009859,
-1.04295 -0.60100001 0.058009859,
-1.04295 -0.58099997 0.058009859,
-1.04295 -0.56900001 0.058009859,
-1.04295 -0.54900002 0.058009859,
-1.04295 -0.537 0.058009859,
-1.04295 -0.51699996 0.058009859,
-1.04295 -0.505 0.058009859,
-1.04295 -0.48499998 0.058009859,
-1.04295 -0.47299999 0.058009859,
-1.04295 -0.45300001 0.058009859,
-1.04295 -0.44099998 0.058009859,
-1.04295 -0.42099997 0.058009859,
-1.04295 -0.40899998 0.058009859,
-1.04295 -0.389 0.058009859,
-1.04295 -0.37699997 0.058009859,
-1.04295 -0.35699999 0.058009859,
-1.04295 -0.345 0.058009859,
-1.04295 -0.32499999 0.058009859,
-1.04295 -0.31299999 0.058009859,
-1.04295 -0.29299998 0.058009859,
-1.04295 -0.28099999 0.058009859,
-1.04295 -0.26099998 0.058009859,
-1.04295 -0.24899998 0.058009859,
-1.04295 -0.229 0.058009859,
-1.04295 -0.21699998 0.058009859,
-1.04295 -0.19699997 0.058009859,
-1.04295 -0.185 0.058009859,
-1.04295 -0.16499996 0.058009859,
-1.04295 -0.153 0.058009859,
-1.04295 -0.13300002 0.058009859,
-1.04295 -0.12099999 0.058009859,
-1.04295 -0.10100001 0.058009859,
-1.04295 -0.088999987 0.058009859,
-1.04295 -0.069000006 0.058009859,
-1.04295 -0.056999981 0.058009859,
-1.04295 -0.037 0.058009859,
-1.04295 -0.024999976 0.058009859,
-1.04295 -0.0049999952 0.058009859,
-1.04295 0.0070000291 0.058009859,
-1.04295 0.02700001 0.058009859,
-1.04295 0.039000034 0.058009859,
-1.04295 0.059000015 0.058009859,
-1.04295 0.07100004 0.058009859,
-1.04295 0.091000021 0.058009859,
-1.04295 0.10299999 0.058009859,
-1.04295 0.12300003 0.058009859,
-1.04295 0.13499999 0.058009859,
-1.04295 0.15500003 0.058009859,
-1.04295 0.167 0.058009859,
-1.04295 0.18700004 0.058009859,
-1.04295 0.199 0.058009859,
-1.04295 0.21900004 0.058009859,
-1.04295 0.23100001 0.058009859,
-1.04295 0.25099999 0.058009859,
-1.04295 0.26300001 0.058009859,
-1.04295 0.28299999 0.058009859,
-1.04295 0.29500002 0.058009859,
-1.04295 0.315 0.058009859,
-1.04295 0.32699996 0.058009859,
-1.04295 0.34700006 0.058009859,
-1.04295 0.35900003 0.058009859,
-1.04295 0.37900001 0.058009859,
-1.04295 0.39099997 0.058009859,
-1.04295 0.41099995 0.058009859,
-1.04295 0.42300004 0.058009859,
-1.04295 0.44300002 0.058009859,
-1.04295 0.45499998 0.058009859,
-1.04295 0.47499996 0.058009859,
-1.04295 0.48700005 0.058009859,
-1.04295 0.50700003 0.058009859,
-1.04295 0.51899999 0.058009859,
-1.04295 0.53899997 0.058009859,
-1.04295 0.55100006 0.058009859,
-1.04295 0.57100004 0.058009859,
-1.04295 0.583 0.058009859,
-1.04295 0.60299999 0.058009859,
-1.04295 0.61500007 0.058009859,
-1.04295 0.63500005 0.058009859,
-1.04295 0.64700001 0.058009859,
-1.04295 0.667 0.058009859,
-1.04295 0.67899996 0.058009859,
-1.04295 0.69900006 0.058009859,
-1.04295 -0.69699997 0.056009863,
-1.04295 -0.67699999 0.056009863,
-1.04295 -0.66499996 0.056009863,
-1.04295 -0.64499998 0.056009863,
-1.04295 -0.63300002 0.056009863,
-1.04295 -0.61299998 0.056009863,
-1.04295 -0.60100001 0.056009863,
-1.04295 -0.58099997 0.056009863,
-1.04295 -0.56900001 0.056009863,
-1.04295 -0.54900002 0.056009863,
-1.04295 -0.537 0.056009863,
-1.04295 -0.51699996 0.056009863,
-1.04295 -0.505 0.056009863,
-1.04295 -0.48499998 0.056009863,
-1.04295 -0.47299999 0.056009863,
-1.04295 -0.45300001 0.056009863,
-1.04295 -0.44099998 0.056009863,
-1.04295 -0.42099997 0.056009863,
-1.04295 -0.40899998 0.056009863,
-1.04295 -0.389 0.056009863,
-1.04295 -0.37699997 0.056009863,
-1.04295 -0.35699999 0.056009863,
-1.04295 -0.345 0.056009863,
-1.04295 -0.32499999 0.056009863,
-1.04295 -0.31299999 0.056009863,
-1.04295 -0.29299998 0.056009863,
-1.04295 -0.28099999 0.056009863,
-1.04295 -0.26099998 0.056009863,
-1.04295 -0.24899998 0.056009863,
-1.04295 -0.229 0.056009863,
-1.04295 -0.21699998 0.056009863,
-1.04295 -0.19699997 0.056009863,
-1.04295 -0.185 0.056009863,
-1.04295 -0.16499996 0.056009863,
-1.04295 -0.153 0.056009863,
-1.04295 -0.13300002 0.056009863,
-1.04295 -0.12099999 0.056009863,
-1.04295 -0.10100001 0.056009863,
-1.04295 -0.088999987 0.056009863,
-1.04295 -0.069000006 0.056009863,
-1.04295 -0.056999981 0.056009863,
-1.04295 -0.037 0.056009863,
-1.04295 -0.024999976 0.056009863,
-1.04295 -0.0049999952 0.056009863,
-1.04295 0.0070000291 0.056009863,
-1.04295 0.02700001 0.056009863,
-1.04295 0.039000034 0.056009863,
-1.04295 0.059000015 0.056009863,
-1.04295 0.07100004 0.056009863,
-1.04295 0.091000021 0.056009863,
-1.04295 0.10299999 0.056009863,
-1.04295 0.12300003 0.056009863,
-1.04295 0.13499999 0.056009863,
-1.04295 0.15500003 0.056009863,
-1.04295 0.167 0.056009863,
-1.04295 0.18700004 0.056009863,
-1.04295 0.199 0.056009863,
-1.04295 0.21900004 0.056009863,
-1.04295 0.23100001 0.056009863,
-1.04295 0.25099999 0.056009863,
-1.04295 0.26300001 0.056009863,
-1.04295 0.28299999 0.056009863,
-1.04295 0.29500002 0.056009863,
-1.04295 0.315 0.056009863,
-1.04295 0.32699996 0.056009863,
-1.04295 0.34700006 0.056009863,
-1.04295 0.35900003 0.056009863,
-1.04295 0.37900001 0.056009863,
-1.04295 0.39099997 0.056009863,
-1.04295 0.41099995 0.056009863,
-1.04295 0.42300004 0.056009863,
-1.04295 0.44300002 0.056009863,
-1.04295 0.45499998 0.056009863,
-1.04295 0.47499996 0.056009863,
-1.04295 0.48700005 0.056009863,
-1.04295 0.50700003 0.056009863,
-1.04295 0.51899999 0.056009863,
-1.04295 0.53899997 0.056009863,
-1.04295 0.55100006 0.056009863,
-1.04295 0.57100004 0.056009863,
-1.04295 0.583 0.056009863,
-1.04295 0.60299999 0.056009863,
-1.04295 0.61500007 0.056009863,
-1.04295 0.63500005 0.056009863,
-1.04295 0.64700001 0.056009863,
-1.04295 0.667 0.056009863,
-1.04295 0.67899996 0.056009863,
-1.04295 0.69900006 0.056009863,
-1.04145 -0.69550002 0.058009859,
-1.04145 -0.6785 0.058009859,
-1.04145 -0.66350001 0.058009859,
-1.04145 -0.64649999 0.058009859,
-1.04145 -0.63150001 0.058009859,
-1.04145 -0.61449999 0.058009859,
-1.04145 -0.5995 0.058009859,
-1.04145 -0.58249998 0.058009859,
-1.04145 -0.5675 0.058009859,
-1.04145 -0.55049998 0.058009859,
-1.04145 -0.53549999 0.058009859,
-1.04145 -0.51849997 0.058009859,
-1.04145 -0.50349998 0.058009859,
-1.04145 -0.48649999 0.058009859,
-1.04145 -0.47149998 0.058009859,
-1.04145 -0.45449999 0.058009859,
-1.04145 -0.43949997 0.058009859,
-1.04145 -0.42249998 0.058009859,
-1.04145 -0.4075 0.058009859,
-1.04145 -0.39049998 0.058009859,
-1.04145 -0.37549999 0.058009859,
-1.04145 -0.35849997 0.058009859,
-1.04145 -0.34349999 0.058009859,
-1.04145 -0.3265 0.058009859,
-1.04145 -0.31149998 0.058009859,
-1.04145 -0.29449999 0.058009859,
-1.04145 -0.27949998 0.058009859,
-1.04145 -0.26249999 0.058009859,
-1.04145 -0.2475 0.058009859,
-1.04145 -0.23049998 0.058009859,
-1.04145 -0.2155 0.058009859,
-1.04145 -0.19849998 0.058009859,
-1.04145 -0.18349999 0.058009859,
-1.04145 -0.16649997 0.058009859,
-1.04145 -0.15149999 0.058009859,
-1.04145 -0.13449997 0.058009859,
-1.04145 -0.11949998 0.058009859,
-1.04145 -0.10249996 0.058009859,
-1.04145 -0.087499976 0.058009859,
-1.04145 -0.070500016 0.058009859,
-1.04145 -0.055499971 0.058009859,
-1.04145 -0.038500011 0.058009859,
-1.04145 -0.023499966 0.058009859,
-1.04145 -0.0065000057 0.058009859,
-1.04145 0.0085000396 0.058009859,
-1.04145 0.0255 0.058009859,
-1.04145 0.040499985 0.058009859,
-1.04145 0.057500005 0.058009859,
-1.04145 0.07249999 0.058009859,
-1.04145 0.08950001 0.058009859,
-1.04145 0.1045 0.058009859,
-1.04145 0.12150002 0.058009859,
-1.04145 0.1365 0.058009859,
-1.04145 0.15350002 0.058009859,
-1.04145 0.16850001 0.058009859,
-1.04145 0.18550003 0.058009859,
-1.04145 0.20050001 0.058009859,
-1.04145 0.21750003 0.058009859,
-1.04145 0.23250002 0.058009859,
-1.04145 0.24950004 0.058009859,
-1.04145 0.26450002 0.058009859,
-1.04145 0.28150004 0.058009859,
-1.04145 0.29650003 0.058009859,
-1.04145 0.31349999 0.058009859,
-1.04145 0.32849997 0.058009859,
-1.04145 0.34550005 0.058009859,
-1.04145 0.36050004 0.058009859,
-1.04145 0.3775 0.058009859,
-1.04145 0.39249998 0.058009859,
-1.04145 0.40950006 0.058009859,
-1.04145 0.42450005 0.058009859,
-1.04145 0.44150001 0.058009859,
-1.04145 0.45649999 0.058009859,
-1.04145 0.47349995 0.058009859,
-1.04145 0.48850006 0.058009859,
-1.04145 0.50550002 0.058009859,
-1.04145 0.5205 0.058009859,
-1.04145 0.53749996 0.058009859,
-1.04145 0.55250007 0.058009859,
-1.04145 0.56950003 0.058009859,
-1.04145 0.58450001 0.058009859,
-1.04145 0.60149997 0.058009859,
-1.04145 0.61649996 0.058009859,
-1.04145 0.63350004 0.058009859,
-1.04145 0.64850003 0.058009859,
-1.04145 0.66549999 0.058009859,
-1.04145 0.68049997 0.058009859,
-1.04145 0.69750005 0.058009859,
-1.04145 -0.69550002 0.056009863,
-1.04145 -0.6785 0.056009863,
-1.04145 -0.66350001 0.056009863,
-1.04145 -0.64649999 0.056009863,
-1.04145 -0.63150001 0.056009863,
-1.04145 -0.61449999 0.056009863,
-1.04145 -0.5995 0.056009863,
-1.04145 -0.58249998 0.056009863,
-1.04145 -0.5675 0.056009863,
-1.04145 -0.55049998 0.056009863,
-1.04145 -0.53549999 0.056009863,
-1.04145 -0.51849997 0.056009863,
-1.04145 -0.50349998 0.056009863,
-1.04145 -0.48649999 0.056009863,
-1.04145 -0.47149998 0.056009863,
-1.04145 -0.45449999 0.056009863,
-1.04145 -0.43949997 0.056009863,
-1.04145 -0.42249998 0.056009863,
-1.04145 -0.4075 0.056009863,
-1.04145 -0.39049998 0.056009863,
-1.04145 -0.37549999 0.056009863,
-1.04145 -0.35849997 0.056009863,
-1.04145 -0.34349999 0.056009863,
-1.04145 -0.3265 0.056009863,
-1.04145 -0.31149998 0.056009863,
-1.04145 -0.29449999 0.056009863,
-1.04145 -0.27949998 0.056009863,
-1.04145 -0.26249999 0.056009863,
-1.04145 -0.2475 0.056009863,
-1.04145 -0.23049998 0.056009863,
-1.04145 -0.2155 0.056009863,
-1.04145 -0.19849998 0.056009863,
-1.04145 -0.18349999 0.056009863,
-1.04145 -0.16649997 0.056009863,
-1.04145 -0.15149999 0.056009863,
-1.04145 -0.13449997 0.056009863,
-1.04145 -0.11949998 0.056009863,
-1.04145 -0.10249996 0.056009863,
-1.04145 -0.087499976 0.056009863,
-1.04145 -0.070500016 0.056009863,
-1.04145 -0.055499971 0.056009863,
-1.04145 -0.038500011 0.056009863,
-1.04145 -0.023499966 0.056009863,
-1.04145 -0.0065000057 0.056009863,
-1.04145 0.0085000396 0.056009863,
-1.04145 0.0255 0.056009863,
-1.04145 0.040499985 0.056009863,
-1.04145 0.057500005 0.056009863,
-1.04145 0.07249999 0.056009863,
-1.04145 0.08950001 0.056009863,
-1.04145 0.1045 0.056009863,
-1.04145 0.12150002 0.056009863,
-1.04145 0.1365 0.056009863,
-1.04145 0.15350002 0.056009863,
-1.04145 0.16850001 0.056009863,
-1.04145 0.18550003 0.056009863,
-1.04145 0.20050001 0.056009863,
-1.04145 0.21750003 0.056009863,
-1.04145 0.23250002 0.056009863,
-1.04145 0.24950004 0.056009863,
-1.04145 0.26450002 0.056009863,
-1.04145 0.28150004 0.056009863,
-1.04145 0.29650003 0.056009863,
-1.04145 0.31349999 0.056009863,
-1.04145 0.32849997 0.056009863,
-1.04145 0.34550005 0.056009863,
-1.04145 0.36050004 0.056009863,
-1.04145 0.3775 0.056009863,
-1.04145 0.39249998 0.056009863,
-1.04145 0.40950006 0.056009863,
-1.04145 0.42450005 0.056009863,
-1.04145 0.44150001 0.056009863,
-1.04145 0.45649999 0.056009863,
-1.04145 0.47349995 0.056009863,
-1.04145 0.48850006 0.056009863,
-1.04145 0.50550002 0.056009863,
-1.04145 0.5205 0.056009863,
-1.04145 0.53749996 0.056009863,
-1.04145 0.55250007 0.056009863,
-1.04145 0.56950003 0.056009863,
-1.04145 0.58450001 0.056009863,
-1.04145 0.60149997 0.056009863,
-1.04145 0.61649996 0.056009863,
-1.04145 0.63350004 0.056009863,
-1.04145 0.64850003 0.056009863,
-1.04145 0.66549999 0.056009863,
-1.04145 0.68049997 0.056009863,
-1.04145 0.69750005 0.056009863,
-1.03695 -0.69999999 0.058009859,
-1.03695 -0.69849998 0.058009859,
-1.03695 -0.671 0.058009859,
-1.03695 -0.639 0.058009859,
-1.03695 -0.60699999 0.058009859,
-1.03695 -0.54299998 0.058009859,
-1.03695 -0.51099998 0.058009859,
-1.03695 -0.47899997 0.058009859,
-1.03695 -0.447 0.058009859,
-1.03695 -0.41499999 0.058009859,
-1.03695 -0.35099998 0.058009859,
-1.03695 -0.31899998 0.058009859,
-1.03695 -0.287 0.058009859,
-1.03695 -0.255 0.058009859,
-1.03695 -0.19099998 0.058009859,
-1.03695 -0.15899998 0.058009859,
-1.03695 -0.12699997 0.058009859,
-1.03695 -0.094999969 0.058009859,
-1.03695 0.00099998713 0.058009859,
-1.03695 0.032999992 0.058009859,
-1.03695 0.064999998 0.058009859,
-1.03695 0.097000003 0.058009859,
-1.03695 0.16100001 0.058009859,
-1.03695 0.19300002 0.058009859,
-1.03695 0.22500002 0.058009859,
-1.03695 0.25700003 0.058009859,
-1.03695 0.28900003 0.058009859,
-1.03695 0.35299999 0.058009859,
-1.03695 0.38500005 0.058009859,
-1.03695 0.417 0.058009859,
-1.03695 0.44900006 0.058009859,
-1.03695 0.51300007 0.058009859,
-1.03695 0.54500002 0.058009859,
-1.03695 0.57699996 0.058009859,
-1.03695 0.60900003 0.058009859,
-1.03695 0.64099997 0.058009859,
-1.03695 0.69999999 0.058009859,
-1.03695 -0.69999999 0.056009863,
-1.03695 -0.69849998 0.056009863,
-1.03695 -0.671 0.056009863,
-1.03695 -0.639 0.056009863,
-1.03695 -0.60699999 0.056009863,
-1.03695 -0.54299998 0.056009863,
-1.03695 -0.51099998 0.056009863,
-1.03695 -0.47899997 0.056009863,
-1.03695 -0.447 0.056009863,
-1.03695 -0.41499999 0.056009863,
-1.03695 -0.35099998 0.056009863,
-1.03695 -0.31899998 0.056009863,
-1.03695 -0.287 0.056009863,
-1.03695 -0.255 0.056009863,
-1.03695 -0.19099998 0.056009863,
-1.03695 -0.15899998 0.056009863,
-1.03695 -0.12699997 0.056009863,
-1.03695 -0.094999969 0.056009863,
-1.03695 0.00099998713 0.056009863,
-1.03695 0.032999992 0.056009863,
-1.03695 0.064999998 0.056009863,
-1.03695 0.097000003 0.056009863,
-1.03695 0.16100001 0.056009863,
-1.03695 0.19300002 0.056009863,
-1.03695 0.22500002 0.056009863,
-1.03695 0.25700003 0.056009863,
-1.03695 0.28900003 0.056009863,
-1.03695 0.35299999 0.056009863,
-1.03695 0.38500005 0.056009863,
-1.03695 0.417 0.056009863,
-1.03695 0.44900006 0.056009863,
-1.03695 0.51300007 0.056009863,
-1.03695 0.54500002 0.056009863,
-1.03695 0.57699996 0.056009863,
-1.03695 0.60900003 0.056009863,
-1.03695 0.64099997 0.056009863,
-1.03695 0.69999999 0.056009863,
-1.0324501 -0.69550002 0.058009859,
-1.0324501 -0.6785 0.058009859,
-1.0324501 -0.66350001 0.058009859,
-1.0324501 -0.64649999 0.058009859,
-1.0324501 -0.63150001 0.058009859,
-1.0324501 -0.61449999 0.058009859,
-1.0324501 -0.5995 0.058009859,
-1.0324501 -0.58249998 0.058009859,
-1.0324501 -0.5675 0.058009859,
-1.0324501 -0.55049998 0.058009859,
-1.0324501 -0.53549999 0.058009859,
-1.0324501 -0.51849997 0.058009859,
-1.0324501 -0.50349998 0.058009859,
-1.0324501 -0.48649999 0.058009859,
-1.0324501 -0.47149998 0.058009859,
-1.0324501 -0.45449999 0.058009859,
-1.0324501 -0.43949997 0.058009859,
-1.0324501 -0.42249998 0.058009859,
-1.0324501 -0.4075 0.058009859,
-1.0324501 -0.39049998 0.058009859,
-1.0324501 -0.37549999 0.058009859,
-1.0324501 -0.35849997 0.058009859,
-1.0324501 -0.34349999 0.058009859,
-1.0324501 -0.3265 0.058009859,
-1.0324501 -0.31149998 0.058009859,
-1.0324501 -0.29449999 0.058009859,
-1.0324501 -0.27949998 0.058009859,
-1.0324501 -0.26249999 0.058009859,
-1.0324501 -0.2475 0.058009859,
-1.0324501 -0.23049998 0.058009859,
-1.0324501 -0.2155 0.058009859,
-1.0324501 -0.19849998 0.058009859,
-1.0324501 -0.18349999 0.058009859,
-1.0324501 -0.16649997 0.058009859,
-1.0324501 -0.15149999 0.058009859,
-1.0324501 -0.13449997 0.058009859,
-1.0324501 -0.11949998 0.058009859,
-1.0324501 -0.10249996 0.058009859,
-1.0324501 -0.087499976 0.058009859,
-1.0324501 -0.070500016 0.058009859,
-1.0324501 -0.055499971 0.058009859,
-1.0324501 -0.038500011 0.058009859,
-1.0324501 -0.023499966 0.058009859,
-1.0324501 -0.0065000057 0.058009859,
-1.0324501 0.0085000396 0.058009859,
-1.0324501 0.0255 0.058009859,
-1.0324501 0.040499985 0.058009859,
-1.0324501 0.057500005 0.058009859,
-1.0324501 0.07249999 0.058009859,
-1.0324501 0.08950001 0.058009859,
-1.0324501 0.1045 0.058009859,
-1.0324501 0.12150002 0.058009859,
-1.0324501 0.1365 0.058009859,
-1.0324501 0.15350002 0.058009859,
-1.0324501 0.16850001 0.058009859,
-1.0324501 0.18550003 0.058009859,
-1.0324501 0.20050001 0.058009859,
-1.0324501 0.21750003 0.058009859,
-1.0324501 0.23250002 0.058009859,
-1.0324501 0.24950004 0.058009859,
-1.0324501 0.26450002 0.058009859,
-1.0324501 0.28150004 0.058009859,
-1.0324501 0.29650003 0.058009859,
-1.0324501 0.31349999 0.058009859,
-1.0324501 0.32849997 0.058009859,
-1.0324501 0.34550005 0.058009859,
-1.0324501 0.36050004 0.058009859,
-1.0324501 0.3775 0.058009859,
-1.0324501 0.39249998 0.058009859,
-1.0324501 0.40950006 0.058009859,
-1.0324501 0.42450005 0.058009859,
-1.0324501 0.44150001 0.058009859,
-1.0324501 0.45649999 0.058009859,
-1.0324501 0.47349995 0.058009859,
-1.0324501 0.48850006 0.058009859,
-1.0324501 0.50550002 0.058009859,
-1.0324501 0.5205 0.058009859,
-1.0324501 0.53749996 0.058009859,
-1.0324501 0.55250007 0.058009859,
-1.0324501 0.56950003 0.058009859,
-1.0324501 0.58450001 0.058009859,
-1.0324501 0.60149997 0.058009859,
-1.0324501 0.61649996 0.058009859,
-1.0324501 0.63350004 0.058009859,
-1.0324501 0.64850003 0.058009859,
-1.0324501 0.66549999 0.058009859,
-1.0324501 0.68049997 0.058009859,
-1.0324501 0.69750005 0.058009859,
-1.0324501 -0.69550002 0.056009863,
-1.0324501 -0.6785 0.056009863,
-1.0324501 -0.66350001 0.056009863,
-1.0324501 -0.64649999 0.056009863,
-1.0324501 -0.63150001 0.056009863,
-1.0324501 -0.61449999 0.056009863,
-1.0324501 -0.5995 0.056009863,
-1.0324501 -0.58249998 0.056009863,
-1.0324501 -0.5675 0.056009863,
-1.0324501 -0.55049998 0.056009863,
-1.0324501 -0.53549999 0.056009863,
-1.0324501 -0.51849997 0.056009863,
-1.0324501 -0.50349998 0.056009863,
-1.0324501 -0.48649999 0.056009863,
-1.0324501 -0.47149998 0.056009863,
-1.0324501 -0.45449999 0.056009863,
-1.0324501 -0.43949997 0.056009863,
-1.0324501 -0.42249998 0.056009863,
-1.0324501 -0.4075 0.056009863,
-1.0324501 -0.39049998 0.056009863,
-1.0324501 -0.37549999 0.056009863,
-1.0324501 -0.35849997 0.056009863,
-1.0324501 -0.34349999 0.056009863,
-1.0324501 -0.3265 0.056009863,
-1.0324501 -0.31149998 0.056009863,
-1.0324501 -0.29449999 0.056009863,
-1.0324501 -0.27949998 0.056009863,
-1.0324501 -0.26249999 0.056009863,
-1.0324501 -0.2475 0.056009863,
-1.0324501 -0.23049998 0.056009863,
-1.0324501 -0.2155 0.056009863,
-1.0324501 -0.19849998 0.056009863,
-1.0324501 -0.18349999 0.056009863,
-1.0324501 -0.16649997 0.056009863,
-1.0324501 -0.15149999 0.056009863,
-1.0324501 -0.13449997 0.056009863,
-1.0324501 -0.11949998 0.056009863,
-1.0324501 -0.10249996 0.056009863,
-1.0324501 -0.087499976 0.056009863,
-1.0324501 -0.070500016 0.056009863,
-1.0324501 -0.055499971 0.056009863,
-1.0324501 -0.038500011 0.056009863,
-1.0324501 -0.023499966 0.056009863,
-1.0324501 -0.0065000057 0.056009863,
-1.0324501 0.0085000396 0.056009863,
-1.0324501 0.0255 0.056009863,
-1.0324501 0.040499985 0.056009863,
-1.0324501 0.057500005 0.056009863,
-1.0324501 0.07249999 0.056009863,
-1.0324501 0.08950001 0.056009863,
-1.0324501 0.1045 0.056009863,
-1.0324501 0.12150002 0.056009863,
-1.0324501 0.1365 0.056009863,
-1.0324501 0.15350002 0.056009863,
-1.0324501 0.16850001 0.056009863,
-1.0324501 0.18550003 0.056009863,
-1.0324501 0.20050001 0.056009863,
-1.0324501 0.21750003 0.056009863,
-1.0324501 0.23250002 0.056009863,
-1.0324501 0.24950004 0.056009863,
-1.0324501 0.26450002 0.056009863,
-1.0324501 0.28150004 0.056009863,
-1.0324501 0.29650003 0.056009863,
-1.0324501 0.31349999 0.056009863,
-1.0324501 0.32849997 0.056009863,
-1.0324501 0.34550005 0.056009863,
-1.0324501 0.36050004 0.056009863,
-1.0324501 0.3775 0.056009863,
-1.0324501 0.39249998 0.056009863,
-1.0324501 0.40950006 0.056009863,
-1.0324501 0.42450005 0.056009863,
-1.0324501 0.44150001 0.056009863,
-1.0324501 0.45649999 0.056009863,
-1.0324501 0.47349995 0.056009863,
-1.0324501 0.48850006 0.056009863,
-1.0324501 0.50550002 0.056009863,
-1.0324501 0.5205 0.056009863,
-1.0324501 0.53749996 0.056009863,
-1.0324501 0.55250007 0.056009863,
-1.0324501 0.56950003 0.056009863,
-1.0324501 0.58450001 0.056009863,
-1.0324501 0.60149997 0.056009863,
-1.0324501 0.61649996 0.056009863,
-1.0324501 0.63350004 0.056009863,
-1.0324501 0.64850003 0.056009863,
-1.0324501 0.66549999 0.056009863,
-1.0324501 0.68049997 0.056009863,
-1.0324501 0.69750005 0.056009863,
-1.0309501 -0.69699997 0.058009859,
-1.0309501 -0.67699999 0.058009859,
-1.0309501 -0.66499996 0.058009859,
-1.0309501 -0.64499998 0.058009859,
-1.0309501 -0.63300002 0.058009859,
-1.0309501 -0.61299998 0.058009859,
-1.0309501 -0.60100001 0.058009859,
-1.0309501 -0.58099997 0.058009859,
-1.0309501 -0.56900001 0.058009859,
-1.0309501 -0.54900002 0.058009859,
-1.0309501 -0.537 0.058009859,
-1.0309501 -0.51699996 0.058009859,
-1.0309501 -0.505 0.058009859,
-1.0309501 -0.48499998 0.058009859,
-1.0309501 -0.47299999 0.058009859,
-1.0309501 -0.45300001 0.058009859,
-1.0309501 -0.44099998 0.058009859,
-1.0309501 -0.42099997 0.058009859,
-1.0309501 -0.40899998 0.058009859,
-1.0309501 -0.389 0.058009859,
-1.0309501 -0.37699997 0.058009859,
-1.0309501 -0.35699999 0.058009859,
-1.0309501 -0.345 0.058009859,
-1.0309501 -0.32499999 0.058009859,
-1.0309501 -0.31299999 0.058009859,
-1.0309501 -0.29299998 0.058009859,
-1.0309501 -0.28099999 0.058009859,
-1.0309501 -0.26099998 0.058009859,
-1.0309501 -0.24899998 0.058009859,
-1.0309501 -0.229 0.058009859,
-1.0309501 -0.21699998 0.058009859,
-1.0309501 -0.19699997 0.058009859,
-1.0309501 -0.185 0.058009859,
-1.0309501 -0.16499996 0.058009859,
-1.0309501 -0.153 0.058009859,
-1.0309501 -0.13300002 0.058009859,
-1.0309501 -0.12099999 0.058009859,
-1.0309501 -0.10100001 0.058009859,
-1.0309501 -0.088999987 0.058009859,
-1.0309501 -0.069000006 0.058009859,
-1.0309501 -0.056999981 0.058009859,
-1.0309501 -0.037 0.058009859,
-1.0309501 -0.024999976 0.058009859,
-1.0309501 -0.0049999952 0.058009859,
-1.0309501 0.0070000291 0.058009859,
-1.0309501 0.02700001 0.058009859,
-1.0309501 0.039000034 0.058009859,
-1.0309501 0.059000015 0.058009859,
-1.0309501 0.07100004 0.058009859,
-1.0309501 0.091000021 0.058009859,
-1.0309501 0.10299999 0.058009859,
-1.0309501 0.12300003 0.058009859,
-1.0309501 0.13499999 0.058009859,
-1.0309501 0.15500003 0.058009859,
-1.0309501 0.167 0.058009859,
-1.0309501 0.18700004 0.058009859,
-1.0309501 0.199 0.058009859,
-1.0309501 0.21900004 0.058009859,
-1.0309501 0.23100001 0.058009859,
-1.0309501 0.25099999 0.058009859,
-1.0309501 0.26300001 0.058009859,
-1.0309501 0.28299999 0.058009859,
-1.0309501 0.29500002 0.058009859,
-1.0309501 0.315 0.058009859,
-1.0309501 0.32699996 0.058009859,
-1.0309501 0.34700006 0.058009859,
-1.0309501 0.35900003 0.058009859,
-1.0309501 0.37900001 0.058009859,
-1.0309501 0.39099997 0.058009859,
-1.0309501 0.41099995 0.058009859,
-1.0309501 0.42300004 0.058009859,
-1.0309501 0.44300002 0.058009859,
-1.0309501 0.45499998 0.058009859,
-1.0309501 0.47499996 0.058009859,
-1.0309501 0.48700005 0.058009859,
-1.0309501 0.50700003 0.058009859,
-1.0309501 0.51899999 0.058009859,
-1.0309501 0.53899997 0.058009859,
-1.0309501 0.55100006 0.058009859,
-1.0309501 0.57100004 0.058009859,
-1.0309501 0.583 0.058009859,
-1.0309501 0.60299999 0.058009859,
-1.0309501 0.61500007 0.058009859,
-1.0309501 0.63500005 0.058009859,
-1.0309501 0.64700001 0.058009859,
-1.0309501 0.667 0.058009859,
-1.0309501 0.67899996 0.058009859,
-1.0309501 0.69900006 0.058009859,
-1.0309501 -0.69699997 0.056009863,
-1.0309501 -0.67699999 0.056009863,
-1.0309501 -0.66499996 0.056009863,
-1.0309501 -0.64499998 0.056009863,
-1.0309501 -0.63300002 0.056009863,
-1.0309501 -0.61299998 0.056009863,
-1.0309501 -0.60100001 0.056009863,
-1.0309501 -0.58099997 0.056009863,
-1.0309501 -0.56900001 0.056009863,
-1.0309501 -0.54900002 0.056009863,
-1.0309501 -0.537 0.056009863,
-1.0309501 -0.51699996 0.056009863,
-1.0309501 -0.505 0.056009863,
-1.0309501 -0.48499998 0.056009863,
-1.0309501 -0.47299999 0.056009863,
-1.0309501 -0.45300001 0.056009863,
-1.0309501 -0.44099998 0.056009863,
-1.0309501 -0.42099997 0.056009863,
-1.0309501 -0.40899998 0.056009863,
-1.0309501 -0.389 0.056009863,
-1.0309501 -0.37699997 0.056009863,
-1.0309501 -0.35699999 0.056009863,
-1.0309501 -0.345 0.056009863,
-1.0309501 -0.32499999 0.056009863,
-1.0309501 -0.31299999 0.056009863,
-1.0309501 -0.29299998 0.056009863,
-1.0309501 -0.28099999 0.056009863,
-1.0309501 -0.26099998 0.056009863,
-1.0309501 -0.24899998 0.056009863,
-1.0309501 -0.229 0.056009863,
-1.0309501 -0.21699998 0.056009863,
-1.0309501 -0.19699997 0.056009863,
-1.0309501 -0.185 0.056009863,
-1.0309501 -0.16499996 0.056009863,
-1.0309501 -0.153 0.056009863,
-1.0309501 -0.13300002 0.056009863,
-1.0309501 -0.12099999 0.056009863,
-1.0309501 -0.10100001 0.056009863,
-1.0309501 -0.088999987 0.056009863,
-1.0309501 -0.069000006 0.056009863,
-1.0309501 -0.056999981 0.056009863,
-1.0309501 -0.037 0.056009863,
-1.0309501 -0.024999976 0.056009863,
-1.0309501 -0.0049999952 0.056009863,
-1.0309501 0.0070000291 0.056009863,
-1.0309501 0.02700001 0.056009863,
-1.0309501 0.039000034 0.056009863,
-1.0309501 0.059000015 0.056009863,
-1.0309501 0.07100004 0.056009863,
-1.0309501 0.091000021 0.056009863,
-1.0309501 0.10299999 0.056009863,
-1.0309501 0.12300003 0.056009863,
-1.0309501 0.13499999 0.056009863,
-1.0309501 0.15500003 0.056009863,
-1.0309501 0.167 0.056009863,
-1.0309501 0.18700004 0.056009863,
-1.0309501 0.199 0.056009863,
-1.0309501 0.21900004 0.056009863,
-1.0309501 0.23100001 0.056009863,
-1.0309501 0.25099999 0.056009863,
-1.0309501 0.26300001 0.056009863,
-1.0309501 0.28299999 0.056009863,
-1.0309501 0.29500002 0.056009863,
-1.0309501 0.315 0.056009863,
-1.0309501 0.32699996 0.056009863,
-1.0309501 0.34700006 0.056009863,
-1.0309501 0.35900003 0.056009863,
-1.0309501 0.37900001 0.056009863,
-1.0309501 0.39099997 0.056009863,
-1.0309501 0.41099995 0.056009863,
-1.0309501 0.42300004 0.056009863,
-1.0309501 0.44300002 0.056009863,
-1.0309501 0.45499998 0.056009863,
-1.0309501 0.47499996 0.056009863,
-1.0309501 0.48700005 0.056009863,
-1.0309501 0.50700003 0.056009863,
-1.0309501 0.51899999 0.056009863,
-1.0309501 0.53899997 0.056009863,
-1.0309501 0.55100006 0.056009863,
-1.0309501 0.57100004 0.056009863,
-1.0309501 0.583 0.056009863,
-1.0309501 0.60299999 0.056009863,
-1.0309501 0.61500007 0.056009863,
-1.0309501 0.63500005 0.056009863,
-1.0309501 0.64700001 0.056009863,
-1.0309501 0.667 0.056009863,
-1.0309501 0.67899996 0.056009863,
-1.0309501 0.69900006 0.056009863,
-1.0294501 -0.69550002 0.058009859,
-1.0294501 -0.6785 0.058009859,
-1.0294501 -0.66350001 0.058009859,
-1.0294501 -0.64649999 0.058009859,
-1.0294501 -0.63150001 0.058009859,
-1.0294501 -0.61449999 0.058009859,
-1.0294501 -0.5995 0.058009859,
-1.0294501 -0.58249998 0.058009859,
-1.0294501 -0.5675 0.058009859,
-1.0294501 -0.55049998 0.058009859,
-1.0294501 -0.53549999 0.058009859,
-1.0294501 -0.51849997 0.058009859,
-1.0294501 -0.50349998 0.058009859,
-1.0294501 -0.48649999 0.058009859,
-1.0294501 -0.47149998 0.058009859,
-1.0294501 -0.45449999 0.058009859,
-1.0294501 -0.43949997 0.058009859,
-1.0294501 -0.42249998 0.058009859,
-1.0294501 -0.4075 0.058009859,
-1.0294501 -0.39049998 0.058009859,
-1.0294501 -0.37549999 0.058009859,
-1.0294501 -0.35849997 0.058009859,
-1.0294501 -0.34349999 0.058009859,
-1.0294501 -0.3265 0.058009859,
-1.0294501 -0.31149998 0.058009859,
-1.0294501 -0.29449999 0.058009859,
-1.0294501 -0.27949998 0.058009859,
-1.0294501 -0.26249999 0.058009859,
-1.0294501 -0.2475 0.058009859,
-1.0294501 -0.23049998 0.058009859,
-1.0294501 -0.2155 0.058009859,
-1.0294501 -0.19849998 0.058009859,
-1.0294501 -0.18349999 0.058009859,
-1.0294501 -0.16649997 0.058009859,
-1.0294501 -0.15149999 0.058009859,
-1.0294501 -0.13449997 0.058009859,
-1.0294501 -0.11949998 0.058009859,
-1.0294501 -0.10249996 0.058009859,
-1.0294501 -0.087499976 0.058009859,
-1.0294501 -0.070500016 0.058009859,
-1.0294501 -0.055499971 0.058009859,
-1.0294501 -0.038500011 0.058009859,
-1.0294501 -0.023499966 0.058009859,
-1.0294501 -0.0065000057 0.058009859,
-1.0294501 0.0085000396 0.058009859,
-1.0294501 0.0255 0.058009859,
-1.0294501 0.040499985 0.058009859,
-1.0294501 0.057500005 0.058009859,
-1.0294501 0.07249999 0.058009859,
-1.0294501 0.08950001 0.058009859,
-1.0294501 0.1045 0.058009859,
-1.0294501 0.12150002 0.058009859,
-1.0294501 0.1365 0.058009859,
-1.0294501 0.15350002 0.058009859,
-1.0294501 0.16850001 0.058009859,
-1.0294501 0.18550003 0.058009859,
-1.0294501 0.20050001 0.058009859,
-1.0294501 0.21750003 0.058009859,
-1.0294501 0.23250002 0.058009859,
-1.0294501 0.24950004 0.058009859,
-1.0294501 0.26450002 0.058009859,
-1.0294501 0.28150004 0.058009859,
-1.0294501 0.29650003 0.058009859,
-1.0294501 0.31349999 0.058009859,
-1.0294501 0.32849997 0.058009859,
-1.0294501 0.34550005 0.058009859,
-1.0294501 0.36050004 0.058009859,
-1.0294501 0.3775 0.058009859,
-1.0294501 0.39249998 0.058009859,
-1.0294501 0.40950006 0.058009859,
-1.0294501 0.42450005 0.058009859,
-1.0294501 0.44150001 0.058009859,
-1.0294501 0.45649999 0.058009859,
-1.0294501 0.47349995 0.058009859,
-1.0294501 0.48850006 0.058009859,
-1.0294501 0.50550002 0.058009859,
-1.0294501 0.5205 0.058009859,
-1.0294501 0.53749996 0.058009859,
-1.0294501 0.55250007 0.058009859,
-1.0294501 0.56950003 0.058009859,
-1.0294501 0.58450001 0.058009859,
-1.0294501 0.60149997 0.058009859,
-1.0294501 0.61649996 0.058009859,
-1.0294501 0.63350004 0.058009859,
-1.0294501 0.64850003 0.058009859,
-1.0294501 0.66549999 0.058009859,
-1.0294501 0.68049997 0.058009859,
-1.0294501 0.69750005 0.058009859,
-1.0294501 -0.69550002 0.056009863,
-1.0294501 -0.6785 0.056009863,
-1.0294501 -0.66350001 0.056009863,
-1.0294501 -0.64649999 0.056009863,
-1.0294501 -0.63150001 0.056009863,
-1.0294501 -0.61449999 0.056009863,
-1.0294501 -0.5995 0.056009863,
-1.0294501 -0.58249998 0.056009863,
-1.0294501 -0.5675 0.056009863,
-1.0294501 -0.55049998 0.056009863,
-1.0294501 -0.53549999 0.056009863,
-1.0294501 -0.51849997 0.056009863,
-1.0294501 -0.50349998 0.056009863,
-1.0294501 -0.48649999 0.056009863,
-1.0294501 -0.47149998 0.056009863,
-1.0294501 -0.45449999 0.056009863,
-1.0294501 -0.43949997 0.056009863,
-1.0294501 -0.42249998 0.056009863,
-1.0294501 -0.4075 0.056009863,
-1.0294501 -0.39049998 0.056009863,
-1.0294501 -0.37549999 0.056009863,
-1.0294501 -0.35849997 0.056009863,
-1.0294501 -0.34349999 0.056009863,
-1.0294501 -0.3265 0.056009863,
-1.0294501 -0.31149998 0.056009863,
-1.0294501 -0.29449999 0.056009863,
-1.0294501 -0.27949998 0.056009863,
-1.0294501 -0.26249999 0.056009863,
-1.0294501 -0.2475 0.056009863,
-1.0294501 -0.23049998 0.056009863,
-1.0294501 -0.2155 0.056009863,
-1.0294501 -0.19849998 0.056009863,
-1.0294501 -0.18349999 0.056009863,
-1.0294501 -0.16649997 0.056009863,
-1.0294501 -0.15149999 0.056009863,
-1.0294501 -0.13449997 0.056009863,
-1.0294501 -0.11949998 0.056009863,
-1.0294501 -0.10249996 0.056009863,
-1.0294501 -0.087499976 0.056009863,
-1.0294501 -0.070500016 0.056009863,
-1.0294501 -0.055499971 0.056009863,
-1.0294501 -0.038500011 0.056009863,
-1.0294501 -0.023499966 0.056009863,
-1.0294501 -0.0065000057 0.056009863,
-1.0294501 0.0085000396 0.056009863,
-1.0294501 0.0255 0.056009863,
-1.0294501 0.040499985 0.056009863,
-1.0294501 0.057500005 0.056009863,
-1.0294501 0.07249999 0.056009863,
-1.0294501 0.08950001 0.056009863,
-1.0294501 0.1045 0.056009863,
-1.0294501 0.12150002 0.056009863,
-1.0294501 0.1365 0.056009863,
-1.0294501 0.15350002 0.056009863,
-1.0294501 0.16850001 0.056009863,
-1.0294501 0.18550003 0.056009863,
-1.0294501 0.20050001 0.056009863,
-1.0294501 0.21750003 0.056009863,
-1.0294501 0.23250002 0.056009863,
-1.0294501 0.24950004 0.056009863,
-1.0294501 0.26450002 0.056009863,
-1.0294501 0.28150004 0.056009863,
-1.0294501 0.29650003 0.056009863,
-1.0294501 0.31349999 0.056009863,
-1.0294501 0.32849997 0.056009863,
-1.0294501 0.34550005 0.056009863,
-1.0294501 0.36050004 0.056009863,
-1.0294501 0.3775 0.056009863,
-1.0294501 0.39249998 0.056009863,
-1.0294501 0.40950006 0.056009863,
-1.0294501 0.42450005 0.056009863,
-1.0294501 0.44150001 0.056009863,
-1.0294501 0.45649999 0.056009863,
-1.0294501 0.47349995 0.056009863,
-1.0294501 0.48850006 0.056009863,
-1.0294501 0.50550002 0.056009863,
-1.0294501 0.5205 0.056009863,
-1.0294501 0.53749996 0.056009863,
-1.0294501 0.55250007 0.056009863,
-1.0294501 0.56950003 0.056009863,
-1.0294501 0.58450001 0.056009863,
-1.0294501 0.60149997 0.056009863,
-1.0294501 0.61649996 0.056009863,
-1.0294501 0.63350004 0.056009863,
-1.0294501 0.64850003 0.056009863,
-1.0294501 0.66549999 0.056009863,
-1.0294501 0.68049997 0.056009863,
-1.0294501 0.69750005 0.056009863,
-1.02795 -0.69999999 0.056009863,
-1.02795 -0.69849998 0.056009863,
-1.02795 -0.671 0.056009863,
-1.02795 -0.639 0.056009863,
-1.02795 -0.60699999 0.056009863,
-1.02795 -0.54299998 0.056009863,
-1.02795 -0.51099998 0.056009863,
-1.02795 -0.47899997 0.056009863,
-1.02795 -0.447 0.056009863,
-1.02795 -0.41499999 0.056009863,
-1.02795 -0.35099998 0.056009863,
-1.02795 -0.31899998 0.056009863,
-1.02795 -0.287 0.056009863,
-1.02795 -0.255 0.056009863,
-1.02795 -0.19099998 0.056009863,
-1.02795 -0.15899998 0.056009863,
-1.02795 -0.12699997 0.056009863,
-1.02795 -0.094999969 0.056009863,
-1.02795 0.00099998713 0.056009863,
-1.02795 0.032999992 0.056009863,
-1.02795 0.064999998 0.056009863,
-1.02795 0.097000003 0.056009863,
-1.02795 0.16100001 0.056009863,
-1.02795 0.19300002 0.056009863,
-1.02795 0.22500002 0.056009863,
-1.02795 0.25700003 0.056009863,
-1.02795 0.28900003 0.056009863,
-1.02795 0.35299999 0.056009863,
-1.02795 0.38500005 0.056009863,
-1.02795 0.417 0.056009863,
-1.02795 0.44900006 0.056009863,
-1.02795 0.51300007 0.056009863,
-1.02795 0.54500002 0.056009863,
-1.02795 0.57699996 0.056009863,
-1.02795 0.60900003 0.056009863,
-1.02795 0.64099997 0.056009863,
-1.02795 0.69999999 0.056009863,
-1.02645 -0.69999999 0.058009859,
-1.02645 -0.69849998 0.058009859,
-1.02645 -0.671 0.058009859,
-1.02645 -0.639 0.058009859,
-1.02645 -0.60699999 0.058009859,
-1.02645 -0.54299998 0.058009859,
-1.02645 -0.51099998 0.058009859,
-1.02645 -0.47899997 0.058009859,
-1.02645 -0.447 0.058009859,
-1.02645 -0.41499999 0.058009859,
-1.02645 -0.35099998 0.058009859,
-1.02645 -0.31899998 0.058009859,
-1.02645 -0.287 0.058009859,
-1.02645 -0.255 0.058009859,
-1.02645 -0.19099998 0.058009859,
-1.02645 -0.15899998 0.058009859,
-1.02645 -0.12699997 0.058009859,
-1.02645 -0.094999969 0.058009859,
-1.02645 0.00099998713 0.058009859,
-1.02645 0.032999992 0.058009859,
-1.02645 0.064999998 0.058009859,
-1.02645 0.097000003 0.058009859,
-1.02645 0.16100001 0.058009859,
-1.02645 0.19300002 0.058009859,
-1.02645 0.22500002 0.058009859,
-1.02645 0.25700003 0.058009859,
-1.02645 0.28900003 0.058009859,
-1.02645 0.35299999 0.058009859,
-1.02645 0.38500005 0.058009859,
-1.02645 0.417 0.058009859,
-1.02645 0.44900006 0.058009859,
-1.02645 0.51300007 0.058009859,
-1.02645 0.54500002 0.058009859,
-1.02645 0.57699996 0.058009859,
-1.02645 0.60900003 0.058009859,
-1.02645 0.64099997 0.058009859,
-1.02645 0.69999999 0.058009859,
-1.02645 -0.69999999 0.056009863,
-1.02645 -0.69849998 0.056009863,
-1.02645 -0.671 0.056009863,
-1.02645 -0.639 0.056009863,
-1.02645 -0.60699999 0.056009863,
-1.02645 -0.54299998 0.056009863,
-1.02645 -0.51099998 0.056009863,
-1.02645 -0.47899997 0.056009863,
-1.02645 -0.447 0.056009863,
-1.02645 -0.41499999 0.056009863,
-1.02645 -0.35099998 0.056009863,
-1.02645 -0.31899998 0.056009863,
-1.02645 -0.287 0.056009863,
-1.02645 -0.255 0.056009863,
-1.02645 -0.19099998 0.056009863,
-1.02645 -0.15899998 0.056009863,
-1.02645 -0.12699997 0.056009863,
-1.02645 -0.094999969 0.056009863,
-1.02645 0.00099998713 0.056009863,
-1.02645 0.032999992 0.056009863,
-1.02645 0.064999998 0.056009863,
-1.02645 0.097000003 0.056009863,
-1.02645 0.16100001 0.056009863,
-1.02645 0.19300002 0.056009863,
-1.02645 0.22500002 0.056009863,
-1.02645 0.25700003 0.056009863,
-1.02645 0.28900003 0.056009863,
-1.02645 0.35299999 0.056009863,
-1.02645 0.38500005 0.056009863,
-1.02645 0.417 0.056009863,
-1.02645 0.44900006 0.056009863,
-1.02645 0.51300007 0.056009863,
-1.02645 0.54500002 0.056009863,
-1.02645 0.57699996 0.056009863,
-1.02645 0.60900003 0.056009863,
-1.02645 0.64099997 0.056009863,
-1.02645 0.69999999 0.056009863,
-1.02645 -0.69999999 0.04000986,
-1.02645 0.69999999 0.04000986,
-1.0244501 -0.69999999 0.056009863,
-1.0244501 0.69999999 0.056009863,
-1.0244501 -0.69999999 0.04000986,
-1.0244501 0.69999999 0.04000986
] }
normal Normal { vector [
-1 0 0,
0 0 -1,
0 -1 0,
0 1 0,
0 0 1,
0 -1 0,
0 1 0,
0 0 -1,
0 1 0,
0 0 1,
0 -1 0,
1 0 0
] }
coordIndex [
1363,1359,1357,-1,
79,3,77,-1,
77,3,1,-1,
1,40,77,-1,
77,40,116,-1,
77,116,718,-1,
718,116,681,-1,
718,681,1283,-1,
1283,681,1320,-1,
1283,1320,1357,-1,
1357,1320,1361,-1,
1357,1361,1363,-1,
79,78,3,-1,
3,78,2,-1,
79,77,76,-1,
76,75,79,-1,
79,75,74,-1,
79,74,73,-1,
73,72,79,-1,
79,72,71,-1,
79,71,70,-1,
70,69,79,-1,
79,69,68,-1,
79,68,78,-1,
78,68,67,-1,
78,67,66,-1,
78,60,59,-1,
59,58,78,-1,
78,58,57,-1,
78,57,56,-1,
66,65,78,-1,
78,65,64,-1,
78,64,63,-1,
56,55,78,-1,
78,55,54,-1,
78,54,53,-1,
53,52,78,-1,
78,52,51,-1,
78,51,50,-1,
63,62,78,-1,
78,62,61,-1,
78,61,60,-1,
50,49,78,-1,
78,49,48,-1,
78,48,47,-1,
47,46,78,-1,
78,46,45,-1,
78,45,44,-1,
44,43,78,-1,
78,43,42,-1,
78,42,41,-1,
289,465,76,-1,
642,466,291,-1,
291,466,290,-1,
76,465,717,-1,
717,465,641,-1,
717,641,642,-1,
289,76,290,-1,
290,76,77,-1,
290,77,291,-1,
291,467,642,-1,
642,467,643,-1,
642,643,717,-1,
717,643,718,-1,
643,644,718,-1,
718,644,468,-1,
718,468,77,-1,
77,468,292,-1,
77,292,291,-1,
894,718,1070,-1,
1070,718,1283,-1,
893,1068,892,-1,
1068,893,1244,-1,
1244,893,1069,-1,
1244,1069,1245,-1,
894,893,718,-1,
718,893,892,-1,
718,892,717,-1,
717,892,891,-1,
717,891,1282,-1,
1282,891,1067,-1,
1282,1067,1243,-1,
1243,1244,1282,-1,
1282,1244,1245,-1,
1282,1245,1283,-1,
1283,1245,1246,-1,
1283,1246,1070,-1,
75,463,716,-1,
716,463,639,-1,
716,639,717,-1,
639,640,717,-1,
717,640,464,-1,
717,464,76,-1,
76,464,288,-1,
76,288,75,-1,
75,288,287,-1,
75,287,463,-1,
1065,1241,1281,-1,
1281,1241,1242,-1,
1281,1242,1282,-1,
1282,1242,1066,-1,
1282,1066,717,-1,
717,1066,890,-1,
717,890,716,-1,
716,890,889,-1,
716,889,1281,-1,
1281,889,1065,-1,
74,461,715,-1,
715,461,637,-1,
715,637,716,-1,
637,638,716,-1,
716,638,462,-1,
716,462,75,-1,
75,462,286,-1,
75,286,74,-1,
74,286,285,-1,
74,285,461,-1,
1063,1239,1280,-1,
1280,1239,1240,-1,
1280,1240,1281,-1,
1281,1240,1064,-1,
1281,1064,716,-1,
716,1064,888,-1,
716,888,715,-1,
715,888,887,-1,
715,887,1280,-1,
1280,887,1063,-1,
73,459,714,-1,
714,459,635,-1,
714,635,715,-1,
635,636,715,-1,
715,636,460,-1,
715,460,74,-1,
74,460,284,-1,
74,284,73,-1,
73,284,283,-1,
73,283,459,-1,
1061,1237,1279,-1,
1279,1237,1238,-1,
1279,1238,1280,-1,
1280,1238,1062,-1,
1280,1062,715,-1,
715,1062,886,-1,
715,886,714,-1,
714,886,885,-1,
714,885,1279,-1,
1279,885,1061,-1,
72,457,713,-1,
713,457,633,-1,
713,633,714,-1,
633,634,714,-1,
714,634,458,-1,
714,458,73,-1,
73,458,282,-1,
73,282,72,-1,
72,282,281,-1,
72,281,457,-1,
883,1059,1278,-1,
1059,1235,1278,-1,
1278,1235,1236,-1,
1278,1236,1279,-1,
1279,1236,1060,-1,
1279,1060,714,-1,
714,1060,884,-1,
714,884,713,-1,
713,884,883,-1,
277,453,71,-1,
630,454,279,-1,
279,454,278,-1,
71,453,712,-1,
712,453,629,-1,
712,629,630,-1,
277,71,278,-1,
278,71,72,-1,
278,72,279,-1,
279,455,630,-1,
630,455,631,-1,
630,631,712,-1,
712,631,713,-1,
631,632,713,-1,
713,632,456,-1,
713,456,72,-1,
72,456,280,-1,
72,280,279,-1,
883,1278,713,-1,
713,1278,1058,-1,
713,1058,882,-1,
881,1056,880,-1,
1056,881,1232,-1,
1232,881,1057,-1,
1232,1057,1233,-1,
882,881,713,-1,
713,881,880,-1,
713,880,712,-1,
712,880,879,-1,
712,879,1277,-1,
1277,879,1055,-1,
1277,1055,1231,-1,
1231,1232,1277,-1,
1277,1232,1233,-1,
1277,1233,1278,-1,
1278,1233,1234,-1,
1278,1234,1058,-1,
70,451,711,-1,
711,451,627,-1,
711,627,712,-1,
627,628,712,-1,
712,628,452,-1,
712,452,71,-1,
71,452,276,-1,
71,276,70,-1,
70,276,275,-1,
70,275,451,-1,
1277,1054,712,-1,
712,1054,878,-1,
712,878,711,-1,
711,878,877,-1,
711,877,1276,-1,
877,1053,1276,-1,
1276,1053,1229,-1,
1276,1229,1277,-1,
1277,1229,1230,-1,
1277,1230,1054,-1,
69,449,710,-1,
710,449,625,-1,
710,625,711,-1,
625,626,711,-1,
711,626,450,-1,
711,450,70,-1,
70,450,274,-1,
70,274,69,-1,
69,274,273,-1,
69,273,449,-1,
1276,1052,711,-1,
711,1052,876,-1,
711,876,710,-1,
710,876,875,-1,
710,875,1275,-1,
875,1051,1275,-1,
1275,1051,1227,-1,
1275,1227,1276,-1,
1276,1227,1228,-1,
1276,1228,1052,-1,
447,623,709,-1,
709,623,710,-1,
623,624,710,-1,
710,624,448,-1,
710,448,69,-1,
69,448,272,-1,
69,272,68,-1,
68,272,271,-1,
1275,1050,710,-1,
710,1050,874,-1,
710,874,709,-1,
709,874,873,-1,
709,873,1274,-1,
873,1049,1274,-1,
1274,1049,1225,-1,
1274,1225,1275,-1,
1275,1225,1226,-1,
1275,1226,1050,-1,
68,446,270,-1,
620,444,269,-1,
269,444,268,-1,
67,443,708,-1,
708,443,619,-1,
708,619,620,-1,
621,622,709,-1,
271,447,68,-1,
68,447,709,-1,
68,709,446,-1,
446,709,622,-1,
270,269,68,-1,
68,269,268,-1,
68,268,67,-1,
67,268,267,-1,
67,267,443,-1,
1273,1045,1221,-1,
1045,1273,869,-1,
869,1273,708,-1,
869,708,870,-1,
871,1047,1222,-1,
1222,1047,1223,-1,
1274,1048,709,-1,
709,1048,872,-1,
709,872,871,-1,
1221,1222,1273,-1,
1273,1222,1223,-1,
1273,1223,1274,-1,
1274,1223,1224,-1,
1274,1224,1048,-1,
269,445,620,-1,
620,445,621,-1,
620,621,708,-1,
708,621,709,-1,
708,709,870,-1,
870,709,871,-1,
870,871,1046,-1,
1046,871,1222,-1,
66,441,707,-1,
707,441,617,-1,
707,617,708,-1,
617,618,708,-1,
708,618,442,-1,
708,442,67,-1,
67,442,266,-1,
67,266,66,-1,
66,266,265,-1,
66,265,441,-1,
1043,1219,1272,-1,
1272,1219,1220,-1,
1272,1220,1273,-1,
1273,1220,1044,-1,
1273,1044,708,-1,
708,1044,868,-1,
708,868,707,-1,
707,868,867,-1,
707,867,1272,-1,
1272,867,1043,-1,
65,439,706,-1,
706,439,615,-1,
706,615,707,-1,
615,616,707,-1,
707,616,440,-1,
707,440,66,-1,
66,440,264,-1,
66,264,65,-1,
65,264,263,-1,
65,263,439,-1,
1041,1217,1271,-1,
1271,1217,1218,-1,
1271,1218,1272,-1,
1272,1218,1042,-1,
1272,1042,707,-1,
707,1042,866,-1,
707,866,706,-1,
706,866,865,-1,
706,865,1271,-1,
1271,865,1041,-1,
706,438,65,-1,
65,438,262,-1,
65,262,64,-1,
262,261,64,-1,
64,261,437,-1,
64,437,705,-1,
705,437,613,-1,
705,613,706,-1,
706,613,614,-1,
706,614,438,-1,
1271,1040,706,-1,
706,1040,864,-1,
706,864,705,-1,
705,864,863,-1,
705,863,1270,-1,
863,1039,1270,-1,
1270,1039,1215,-1,
1270,1215,1271,-1,
1271,1215,1216,-1,
1271,1216,1040,-1,
705,436,64,-1,
64,436,260,-1,
64,260,63,-1,
260,259,63,-1,
63,259,435,-1,
63,435,704,-1,
704,435,611,-1,
704,611,705,-1,
705,611,612,-1,
705,612,436,-1,
1270,1038,705,-1,
705,1038,862,-1,
705,862,704,-1,
704,862,861,-1,
861,1037,1269,-1,
1269,1037,1213,-1,
1269,1213,1270,-1,
1270,1213,1214,-1,
1270,1214,1038,-1,
255,431,62,-1,
608,432,257,-1,
257,432,256,-1,
62,431,703,-1,
703,431,607,-1,
703,607,608,-1,
255,62,256,-1,
256,62,63,-1,
256,63,257,-1,
257,433,608,-1,
608,433,609,-1,
608,609,703,-1,
703,609,704,-1,
609,610,704,-1,
704,610,434,-1,
704,434,63,-1,
63,434,258,-1,
63,258,257,-1,
861,1269,704,-1,
704,1269,1036,-1,
704,1036,860,-1,
859,1034,858,-1,
1034,859,1210,-1,
1210,859,1035,-1,
1210,1035,1211,-1,
860,859,704,-1,
704,859,858,-1,
704,858,703,-1,
703,858,857,-1,
703,857,1268,-1,
1268,857,1033,-1,
1268,1033,1209,-1,
1209,1210,1268,-1,
1268,1210,1211,-1,
1268,1211,1269,-1,
1269,1211,1212,-1,
1269,1212,1036,-1,
61,429,702,-1,
702,429,605,-1,
702,605,703,-1,
605,606,703,-1,
703,606,430,-1,
703,430,62,-1,
62,430,254,-1,
62,254,61,-1,
61,254,253,-1,
61,253,429,-1,
1031,1207,1267,-1,
1267,1207,1208,-1,
1267,1208,1268,-1,
1268,1208,1032,-1,
1268,1032,703,-1,
703,1032,856,-1,
703,856,702,-1,
702,856,855,-1,
702,855,1267,-1,
1267,855,1031,-1,
60,427,701,-1,
701,427,603,-1,
701,603,702,-1,
603,604,702,-1,
702,604,428,-1,
702,428,61,-1,
61,428,252,-1,
61,252,60,-1,
60,252,251,-1,
60,251,427,-1,
1029,1205,1266,-1,
1266,1205,1206,-1,
1266,1206,1267,-1,
1267,1206,1030,-1,
1267,1030,702,-1,
702,1030,854,-1,
702,854,701,-1,
701,854,853,-1,
701,853,1266,-1,
1266,853,1029,-1,
59,425,700,-1,
700,425,601,-1,
700,601,701,-1,
601,602,701,-1,
701,602,426,-1,
701,426,60,-1,
60,426,250,-1,
60,250,59,-1,
59,250,249,-1,
59,249,425,-1,
1027,1203,1265,-1,
1265,1203,1204,-1,
1265,1204,1266,-1,
1266,1204,1028,-1,
1266,1028,701,-1,
701,1028,852,-1,
701,852,700,-1,
700,852,851,-1,
596,420,245,-1,
247,423,598,-1,
58,59,244,-1,
700,699,599,-1,
599,600,700,-1,
700,600,424,-1,
700,424,59,-1,
59,424,248,-1,
59,248,247,-1,
598,422,247,-1,
247,422,246,-1,
247,246,59,-1,
59,246,245,-1,
59,245,244,-1,
244,245,420,-1,
244,243,58,-1,
58,243,419,-1,
58,419,699,-1,
699,419,595,-1,
699,595,596,-1,
245,421,596,-1,
596,421,597,-1,
596,597,699,-1,
699,597,598,-1,
699,598,599,-1,
599,598,423,-1,
1026,700,1265,-1,
1265,700,851,-1,
1265,851,1027,-1,
1198,1022,847,-1,
847,1022,846,-1,
1024,849,1200,-1,
1200,849,1025,-1,
1024,848,849,-1,
849,848,700,-1,
849,700,850,-1,
850,700,1026,-1,
848,847,700,-1,
700,847,846,-1,
700,846,699,-1,
699,846,845,-1,
699,845,1264,-1,
1264,1201,1265,-1,
1265,1201,1202,-1,
1265,1202,1026,-1,
845,1021,1264,-1,
1264,1021,1197,-1,
1264,1197,1198,-1,
847,1023,1198,-1,
1198,1023,1199,-1,
1198,1199,1264,-1,
1264,1199,1200,-1,
1264,1200,1201,-1,
1201,1200,1025,-1,
57,417,698,-1,
698,417,593,-1,
698,593,699,-1,
593,594,699,-1,
699,594,418,-1,
699,418,58,-1,
58,418,242,-1,
58,242,57,-1,
57,242,241,-1,
57,241,417,-1,
1264,1020,699,-1,
699,1020,844,-1,
699,844,698,-1,
698,844,843,-1,
698,843,1263,-1,
843,1019,1263,-1,
1263,1019,1195,-1,
1263,1195,1264,-1,
1264,1195,1196,-1,
1264,1196,1020,-1,
56,415,697,-1,
697,415,591,-1,
697,591,698,-1,
591,592,698,-1,
698,592,416,-1,
698,416,57,-1,
57,416,240,-1,
57,240,56,-1,
56,240,239,-1,
56,239,415,-1,
1263,1018,698,-1,
698,1018,842,-1,
698,842,697,-1,
697,842,841,-1,
697,841,1262,-1,
841,1017,1262,-1,
1262,1017,1193,-1,
1262,1193,1263,-1,
1263,1193,1194,-1,
1263,1194,1018,-1,
55,413,696,-1,
696,413,589,-1,
696,589,697,-1,
589,590,697,-1,
697,590,414,-1,
697,414,56,-1,
56,414,238,-1,
56,238,55,-1,
55,238,237,-1,
55,237,413,-1,
1262,1016,697,-1,
697,1016,840,-1,
697,840,696,-1,
696,840,839,-1,
839,1015,1261,-1,
1261,1015,1191,-1,
1261,1191,1262,-1,
1262,1191,1192,-1,
1262,1192,1016,-1,
235,411,586,-1,
586,411,587,-1,
696,412,55,-1,
55,412,236,-1,
55,236,235,-1,
586,410,235,-1,
235,410,234,-1,
235,234,55,-1,
55,234,54,-1,
585,695,409,-1,
409,695,54,-1,
409,54,233,-1,
233,54,234,-1,
585,586,695,-1,
695,586,587,-1,
695,587,696,-1,
696,587,588,-1,
696,588,412,-1,
839,1261,696,-1,
696,1261,1014,-1,
696,1014,838,-1,
837,1012,836,-1,
1012,837,1188,-1,
1188,837,1013,-1,
1188,1013,1189,-1,
838,837,696,-1,
696,837,836,-1,
696,836,695,-1,
695,836,835,-1,
695,835,1260,-1,
1260,835,1011,-1,
1260,1011,1187,-1,
1187,1188,1260,-1,
1260,1188,1189,-1,
1260,1189,1261,-1,
1261,1189,1190,-1,
1261,1190,1014,-1,
695,408,54,-1,
54,408,232,-1,
54,232,53,-1,
232,231,53,-1,
53,231,407,-1,
53,407,694,-1,
694,407,583,-1,
694,583,695,-1,
695,583,584,-1,
695,584,408,-1,
1260,1010,695,-1,
695,1010,834,-1,
695,834,694,-1,
694,834,833,-1,
694,833,1259,-1,
833,1009,1259,-1,
1259,1009,1185,-1,
1259,1185,1260,-1,
1260,1185,1186,-1,
1260,1186,1010,-1,
694,406,53,-1,
53,406,230,-1,
53,230,52,-1,
230,229,52,-1,
52,229,405,-1,
52,405,693,-1,
693,405,581,-1,
693,581,694,-1,
694,581,582,-1,
694,582,406,-1,
1259,1008,694,-1,
694,1008,832,-1,
694,832,693,-1,
693,832,831,-1,
693,831,1258,-1,
831,1007,1258,-1,
1258,1007,1183,-1,
1258,1183,1259,-1,
1259,1183,1184,-1,
1259,1184,1008,-1,
693,404,52,-1,
52,404,228,-1,
52,228,51,-1,
228,227,51,-1,
51,227,403,-1,
51,403,692,-1,
692,403,579,-1,
692,579,693,-1,
693,579,580,-1,
693,580,404,-1,
1258,1006,693,-1,
693,1006,830,-1,
693,830,692,-1,
692,830,829,-1,
829,1005,1257,-1,
1257,1005,1181,-1,
1257,1181,1258,-1,
1258,1181,1182,-1,
1258,1182,1006,-1,
223,399,50,-1,
576,400,225,-1,
225,400,224,-1,
50,399,691,-1,
691,399,575,-1,
691,575,576,-1,
223,50,224,-1,
224,50,51,-1,
224,51,225,-1,
225,401,576,-1,
576,401,577,-1,
576,577,691,-1,
691,577,692,-1,
577,578,692,-1,
692,578,402,-1,
692,402,51,-1,
51,402,226,-1,
51,226,225,-1,
829,1257,692,-1,
692,1257,1004,-1,
692,1004,828,-1,
827,1002,826,-1,
1002,827,1178,-1,
1178,827,1003,-1,
1178,1003,1179,-1,
828,827,692,-1,
692,827,826,-1,
692,826,691,-1,
691,826,825,-1,
691,825,1256,-1,
1256,825,1001,-1,
1256,1001,1177,-1,
1177,1178,1256,-1,
1256,1178,1179,-1,
1256,1179,1257,-1,
1257,1179,1180,-1,
1257,1180,1004,-1,
49,397,690,-1,
690,397,573,-1,
690,573,691,-1,
573,574,691,-1,
691,574,398,-1,
691,398,50,-1,
50,398,222,-1,
50,222,49,-1,
49,222,221,-1,
49,221,397,-1,
1256,1000,691,-1,
691,1000,824,-1,
691,824,690,-1,
690,824,823,-1,
690,823,1255,-1,
823,999,1255,-1,
1255,999,1175,-1,
1255,1175,1256,-1,
1256,1175,1176,-1,
1256,1176,1000,-1,
48,395,689,-1,
689,395,571,-1,
689,571,690,-1,
571,572,690,-1,
690,572,396,-1,
690,396,49,-1,
49,396,220,-1,
49,220,48,-1,
48,220,219,-1,
48,219,395,-1,
997,1173,1254,-1,
1254,1173,1174,-1,
1254,1174,1255,-1,
1255,1174,998,-1,
1255,998,690,-1,
690,998,822,-1,
690,822,689,-1,
689,822,821,-1,
689,821,1254,-1,
1254,821,997,-1,
47,393,688,-1,
688,393,569,-1,
688,569,689,-1,
569,570,689,-1,
689,570,394,-1,
689,394,48,-1,
48,394,218,-1,
48,218,47,-1,
47,218,217,-1,
47,217,393,-1,
995,1171,1253,-1,
1253,1171,1172,-1,
1253,1172,1254,-1,
1254,1172,996,-1,
1254,996,689,-1,
689,996,820,-1,
689,820,688,-1,
688,820,819,-1,
688,819,1253,-1,
1253,819,995,-1,
688,392,47,-1,
47,392,216,-1,
47,216,46,-1,
216,215,46,-1,
46,215,391,-1,
46,391,687,-1,
687,391,567,-1,
687,567,688,-1,
688,567,568,-1,
688,568,392,-1,
1253,994,688,-1,
688,994,818,-1,
688,818,687,-1,
687,818,817,-1,
817,993,1252,-1,
1252,993,1169,-1,
1252,1169,1253,-1,
1253,1169,1170,-1,
1253,1170,994,-1,
211,387,45,-1,
564,388,213,-1,
213,388,212,-1,
45,387,686,-1,
686,387,563,-1,
686,563,564,-1,
211,45,212,-1,
212,45,46,-1,
212,46,213,-1,
213,389,564,-1,
564,389,565,-1,
564,565,686,-1,
686,565,687,-1,
565,566,687,-1,
687,566,390,-1,
687,390,46,-1,
46,390,214,-1,
46,214,213,-1,
817,1252,687,-1,
687,1252,992,-1,
687,992,816,-1,
815,990,814,-1,
990,815,1166,-1,
1166,815,991,-1,
1166,991,1167,-1,
816,815,687,-1,
687,815,814,-1,
687,814,686,-1,
686,814,813,-1,
686,813,1251,-1,
1251,813,989,-1,
1251,989,1165,-1,
1165,1166,1251,-1,
1251,1166,1167,-1,
1251,1167,1252,-1,
1252,1167,1168,-1,
1252,1168,992,-1,
44,385,685,-1,
685,385,561,-1,
685,561,686,-1,
561,562,686,-1,
686,562,386,-1,
686,386,45,-1,
45,386,210,-1,
45,210,44,-1,
44,210,209,-1,
44,209,385,-1,
1251,988,686,-1,
686,988,812,-1,
686,812,685,-1,
685,812,811,-1,
685,811,1250,-1,
811,987,1250,-1,
1250,987,1163,-1,
1250,1163,1251,-1,
1251,1163,1164,-1,
1251,1164,988,-1,
43,383,684,-1,
684,383,559,-1,
684,559,685,-1,
559,560,685,-1,
685,560,384,-1,
685,384,44,-1,
44,384,208,-1,
44,208,43,-1,
43,208,207,-1,
43,207,383,-1,
1250,986,685,-1,
685,986,810,-1,
685,810,684,-1,
684,810,809,-1,
684,809,1249,-1,
809,985,1249,-1,
1249,985,1161,-1,
1249,1161,1250,-1,
1250,1161,1162,-1,
1250,1162,986,-1,
381,557,683,-1,
683,557,684,-1,
557,558,684,-1,
684,558,382,-1,
684,382,43,-1,
43,382,206,-1,
43,206,42,-1,
42,206,205,-1,
983,1159,1248,-1,
1248,1159,1160,-1,
1248,1160,1249,-1,
1249,1160,984,-1,
1249,984,684,-1,
684,984,808,-1,
684,808,683,-1,
683,808,807,-1,
205,381,42,-1,
42,381,683,-1,
42,683,41,-1,
41,683,682,-1,
807,983,683,-1,
683,983,1248,-1,
683,1248,682,-1,
682,1248,1247,-1,
1283,1357,1282,-1,
1282,1357,1356,-1,
1282,1356,1281,-1,
1281,1356,1355,-1,
1281,1355,1280,-1,
1280,1355,1354,-1,
1280,1354,1279,-1,
1279,1354,1353,-1,
1279,1353,1278,-1,
1278,1353,1352,-1,
1278,1352,1277,-1,
1277,1352,1351,-1,
1277,1351,1276,-1,
1276,1351,1350,-1,
1276,1350,1275,-1,
1275,1350,1349,-1,
1275,1349,1274,-1,
1274,1349,1348,-1,
1274,1348,1273,-1,
1273,1348,1347,-1,
1273,1347,1272,-1,
1272,1347,1346,-1,
1272,1346,1271,-1,
1271,1346,1345,-1,
1271,1345,1270,-1,
1270,1345,1344,-1,
1270,1344,1269,-1,
1269,1344,1343,-1,
1269,1343,1268,-1,
1268,1343,1342,-1,
1268,1342,1267,-1,
1267,1342,1341,-1,
1267,1341,1266,-1,
1266,1341,1340,-1,
1266,1340,1265,-1,
1265,1340,1339,-1,
1265,1339,1264,-1,
1264,1339,1338,-1,
1264,1338,1263,-1,
1263,1338,1337,-1,
1263,1337,1262,-1,
1262,1337,1336,-1,
1262,1336,1261,-1,
1261,1336,1335,-1,
1261,1335,1260,-1,
1260,1335,1334,-1,
1260,1334,1259,-1,
1259,1334,1333,-1,
1259,1333,1258,-1,
1258,1333,1332,-1,
1258,1332,1257,-1,
1257,1332,1331,-1,
1257,1331,1256,-1,
1256,1331,1330,-1,
1256,1330,1255,-1,
1255,1330,1329,-1,
1255,1329,1254,-1,
1254,1329,1328,-1,
1254,1328,1253,-1,
1253,1328,1327,-1,
1253,1327,1252,-1,
1252,1327,1326,-1,
1252,1326,1251,-1,
1251,1326,1325,-1,
1251,1325,1250,-1,
1250,1325,1324,-1,
1250,1324,1249,-1,
1249,1324,1323,-1,
1249,1323,1248,-1,
1248,1323,1322,-1,
1248,1322,1247,-1,
1247,1322,1321,-1,
1321,1322,1358,-1,
1358,1322,1323,-1,
1358,1323,1324,-1,
1324,1325,1358,-1,
1358,1325,1326,-1,
1358,1326,1327,-1,
1327,1328,1358,-1,
1358,1328,1329,-1,
1358,1329,1330,-1,
1330,1331,1358,-1,
1358,1331,1332,-1,
1358,1332,1359,-1,
1359,1332,1333,-1,
1359,1333,1334,-1,
1340,1341,1359,-1,
1359,1341,1342,-1,
1342,1343,1359,-1,
1359,1343,1344,-1,
1359,1344,1345,-1,
1345,1346,1359,-1,
1359,1346,1347,-1,
1359,1347,1348,-1,
1334,1335,1359,-1,
1359,1335,1336,-1,
1359,1336,1337,-1,
1348,1349,1359,-1,
1359,1349,1350,-1,
1359,1350,1351,-1,
1337,1338,1359,-1,
1359,1338,1339,-1,
1359,1339,1340,-1,
1351,1352,1359,-1,
1359,1352,1353,-1,
1359,1353,1354,-1,
1354,1355,1359,-1,
1359,1355,1356,-1,
1359,1356,1357,-1,
1363,1362,1359,-1,
1359,1362,1358,-1,
1361,1360,1363,-1,
1363,1360,1362,-1,
1284,1360,1320,-1,
1320,1360,1361,-1,
1077,901,1288,-1,
1089,913,1293,-1,
1121,945,1305,-1,
1133,957,1310,-1,
1143,967,1314,-1,
1155,979,1319,-1,
982,1320,681,-1,
804,681,680,-1,
1319,979,680,-1,
680,979,803,-1,
680,803,804,-1,
982,1158,1320,-1,
1320,1158,1157,-1,
1320,1157,1319,-1,
1155,1319,1156,-1,
1156,1319,1157,-1,
1156,1157,980,-1,
980,1157,981,-1,
980,981,804,-1,
804,981,805,-1,
804,805,681,-1,
681,805,806,-1,
681,806,982,-1,
202,378,555,-1,
555,378,554,-1,
115,201,202,-1,
555,379,202,-1,
202,379,203,-1,
202,203,115,-1,
115,203,116,-1,
556,681,380,-1,
380,681,116,-1,
380,116,204,-1,
204,116,203,-1,
556,555,681,-1,
681,555,554,-1,
681,554,680,-1,
680,554,553,-1,
680,553,115,-1,
115,553,377,-1,
115,377,201,-1,
1318,977,679,-1,
679,977,801,-1,
679,801,680,-1,
801,802,680,-1,
680,802,978,-1,
680,978,1319,-1,
1319,978,1154,-1,
1319,1154,1318,-1,
1318,1154,1153,-1,
1318,1153,977,-1,
375,199,114,-1,
114,199,200,-1,
114,200,115,-1,
115,200,376,-1,
115,376,680,-1,
680,376,552,-1,
680,552,679,-1,
679,552,551,-1,
679,551,114,-1,
114,551,375,-1,
1317,975,678,-1,
678,975,799,-1,
678,799,679,-1,
799,800,679,-1,
679,800,976,-1,
679,976,1318,-1,
1318,976,1152,-1,
1318,1152,1317,-1,
1317,1152,1151,-1,
1317,1151,975,-1,
114,113,197,-1,
197,198,114,-1,
114,198,374,-1,
114,374,679,-1,
679,374,550,-1,
679,550,678,-1,
678,550,549,-1,
678,549,113,-1,
113,549,373,-1,
113,373,197,-1,
1316,973,677,-1,
677,973,797,-1,
677,797,678,-1,
797,798,678,-1,
678,798,974,-1,
678,974,1317,-1,
1317,974,1150,-1,
1317,1150,1316,-1,
1316,1150,1149,-1,
1316,1149,973,-1,
113,112,195,-1,
195,196,113,-1,
113,196,372,-1,
113,372,678,-1,
678,372,548,-1,
678,548,677,-1,
677,548,547,-1,
677,547,112,-1,
112,547,371,-1,
112,371,195,-1,
971,795,676,-1,
676,795,677,-1,
795,796,677,-1,
677,796,972,-1,
677,972,1316,-1,
1316,972,1148,-1,
1316,1148,1315,-1,
1315,1148,1147,-1,
369,193,111,-1,
111,193,194,-1,
111,194,112,-1,
112,194,370,-1,
112,370,677,-1,
677,370,546,-1,
677,546,676,-1,
676,546,545,-1,
676,545,111,-1,
111,545,369,-1,
1147,971,1315,-1,
1315,971,676,-1,
1315,676,970,-1,
792,676,675,-1,
1314,967,675,-1,
675,967,791,-1,
675,791,792,-1,
970,1146,1315,-1,
1315,1146,1145,-1,
1315,1145,1314,-1,
1143,1314,1144,-1,
1144,1314,1145,-1,
1144,1145,968,-1,
968,1145,969,-1,
968,969,792,-1,
792,969,793,-1,
792,793,676,-1,
676,793,794,-1,
676,794,970,-1,
190,366,543,-1,
543,366,542,-1,
110,189,190,-1,
543,367,190,-1,
190,367,191,-1,
190,191,110,-1,
110,191,111,-1,
191,192,111,-1,
111,192,368,-1,
111,368,676,-1,
676,368,544,-1,
544,543,676,-1,
676,543,542,-1,
676,542,675,-1,
675,542,541,-1,
675,541,110,-1,
110,541,365,-1,
110,365,189,-1,
1313,965,674,-1,
674,965,789,-1,
674,789,675,-1,
789,790,675,-1,
675,790,966,-1,
675,966,1314,-1,
1314,966,1142,-1,
1314,1142,1313,-1,
1313,1142,1141,-1,
1313,1141,965,-1,
110,109,187,-1,
187,188,110,-1,
110,188,364,-1,
110,364,675,-1,
675,364,540,-1,
675,540,674,-1,
674,540,539,-1,
674,539,109,-1,
109,539,363,-1,
109,363,187,-1,
1312,963,673,-1,
673,963,787,-1,
673,787,674,-1,
787,788,674,-1,
674,788,964,-1,
674,964,1313,-1,
1313,964,1140,-1,
1313,1140,1312,-1,
1312,1140,1139,-1,
1312,1139,963,-1,
109,108,185,-1,
185,186,109,-1,
109,186,362,-1,
109,362,674,-1,
674,362,538,-1,
674,538,673,-1,
673,538,537,-1,
673,537,108,-1,
108,537,361,-1,
108,361,185,-1,
961,785,672,-1,
672,785,673,-1,
785,786,673,-1,
673,786,962,-1,
673,962,1312,-1,
1312,962,1138,-1,
1312,1138,1311,-1,
1311,1138,1137,-1,
108,107,183,-1,
183,184,108,-1,
108,184,360,-1,
108,360,673,-1,
673,360,536,-1,
673,536,672,-1,
672,536,535,-1,
672,535,107,-1,
107,535,359,-1,
107,359,183,-1,
1137,961,1311,-1,
1311,961,672,-1,
1311,672,960,-1,
782,672,671,-1,
1310,957,671,-1,
671,957,781,-1,
671,781,782,-1,
960,1136,1311,-1,
1311,1136,1135,-1,
1311,1135,1310,-1,
1133,1310,1134,-1,
1134,1310,1135,-1,
1134,1135,958,-1,
958,1135,959,-1,
958,959,782,-1,
782,959,783,-1,
782,783,672,-1,
672,783,784,-1,
672,784,960,-1,
180,357,181,-1,
179,180,106,-1,
106,180,181,-1,
106,181,107,-1,
181,182,107,-1,
107,182,358,-1,
107,358,672,-1,
672,358,534,-1,
357,180,533,-1,
533,180,356,-1,
533,356,532,-1,
534,533,672,-1,
672,533,532,-1,
672,532,671,-1,
671,532,531,-1,
671,531,106,-1,
106,531,355,-1,
106,355,179,-1,
1309,955,670,-1,
670,955,779,-1,
670,779,671,-1,
779,780,671,-1,
671,780,956,-1,
671,956,1310,-1,
1310,956,1132,-1,
1310,1132,1309,-1,
1309,1132,1131,-1,
1309,1131,955,-1,
106,105,177,-1,
177,178,106,-1,
106,178,354,-1,
106,354,671,-1,
671,354,530,-1,
671,530,670,-1,
670,530,529,-1,
670,529,105,-1,
105,529,353,-1,
105,353,177,-1,
1308,953,669,-1,
669,953,777,-1,
669,777,670,-1,
777,778,670,-1,
670,778,954,-1,
670,954,1309,-1,
1309,954,1130,-1,
1309,1130,1308,-1,
1308,1130,1129,-1,
1308,1129,953,-1,
105,104,175,-1,
175,176,105,-1,
105,176,352,-1,
105,352,670,-1,
670,352,528,-1,
670,528,669,-1,
669,528,527,-1,
669,527,104,-1,
104,527,351,-1,
104,351,175,-1,
1307,951,668,-1,
668,951,775,-1,
668,775,669,-1,
775,776,669,-1,
669,776,952,-1,
669,952,1308,-1,
1308,952,1128,-1,
1308,1128,1307,-1,
1307,1128,1127,-1,
1307,1127,951,-1,
104,103,173,-1,
173,174,104,-1,
104,174,350,-1,
104,350,669,-1,
669,350,526,-1,
669,526,668,-1,
668,526,525,-1,
668,525,103,-1,
103,525,349,-1,
103,349,173,-1,
949,773,667,-1,
667,773,668,-1,
773,774,668,-1,
668,774,950,-1,
668,950,1307,-1,
1307,950,1126,-1,
1307,1126,1306,-1,
1306,1126,1125,-1,
103,102,171,-1,
171,172,103,-1,
103,172,348,-1,
103,348,668,-1,
668,348,524,-1,
668,524,667,-1,
667,524,523,-1,
667,523,102,-1,
102,523,347,-1,
102,347,171,-1,
1125,949,1306,-1,
1306,949,667,-1,
1306,667,948,-1,
770,667,666,-1,
1305,945,666,-1,
666,945,769,-1,
666,769,770,-1,
948,1124,1306,-1,
1306,1124,1123,-1,
1306,1123,1305,-1,
1121,1305,1122,-1,
1122,1305,1123,-1,
1122,1123,946,-1,
946,1123,947,-1,
946,947,770,-1,
770,947,771,-1,
770,771,667,-1,
667,771,772,-1,
667,772,948,-1,
168,344,521,-1,
521,344,520,-1,
101,167,168,-1,
521,345,168,-1,
168,345,169,-1,
168,169,101,-1,
101,169,102,-1,
169,170,102,-1,
102,170,346,-1,
102,346,667,-1,
667,346,522,-1,
522,521,667,-1,
667,521,520,-1,
667,520,666,-1,
666,520,519,-1,
666,519,101,-1,
101,519,343,-1,
101,343,167,-1,
1304,943,665,-1,
665,943,767,-1,
665,767,666,-1,
767,768,666,-1,
666,768,944,-1,
666,944,1305,-1,
1305,944,1120,-1,
1305,1120,1304,-1,
1304,1120,1119,-1,
1304,1119,943,-1,
101,100,165,-1,
165,166,101,-1,
101,166,342,-1,
101,342,666,-1,
666,342,518,-1,
666,518,665,-1,
665,518,517,-1,
665,517,100,-1,
100,517,341,-1,
100,341,165,-1,
1303,941,664,-1,
664,941,765,-1,
664,765,665,-1,
765,766,665,-1,
665,766,942,-1,
665,942,1304,-1,
1304,942,1118,-1,
1304,1118,1303,-1,
1303,1118,1117,-1,
1303,1117,941,-1,
100,99,163,-1,
163,164,100,-1,
100,164,340,-1,
100,340,665,-1,
665,340,516,-1,
665,516,664,-1,
664,516,515,-1,
664,515,99,-1,
99,515,339,-1,
99,339,163,-1,
939,763,663,-1,
663,763,664,-1,
763,764,664,-1,
664,764,940,-1,
664,940,1303,-1,
1303,940,1116,-1,
1303,1116,1302,-1,
1302,1116,1115,-1,
98,337,161,-1,
98,161,99,-1,
161,162,99,-1,
99,162,338,-1,
99,338,664,-1,
664,338,514,-1,
664,514,663,-1,
663,514,513,-1,
1115,939,1302,-1,
1302,939,663,-1,
1302,663,938,-1,
758,663,662,-1,
938,1114,1302,-1,
1302,1114,1113,-1,
1302,1113,1301,-1,
1110,1109,1301,-1,
1301,1109,933,-1,
1301,933,662,-1,
662,933,757,-1,
662,757,758,-1,
760,663,759,-1,
759,663,758,-1,
759,758,935,-1,
935,758,934,-1,
935,934,1111,-1,
934,1110,1111,-1,
1111,1110,1301,-1,
1111,1301,1112,-1,
1112,1301,1113,-1,
1112,1113,936,-1,
936,1113,937,-1,
936,937,760,-1,
760,937,761,-1,
760,761,663,-1,
663,761,762,-1,
663,762,938,-1,
334,511,158,-1,
158,511,335,-1,
158,335,159,-1,
333,157,156,-1,
156,157,97,-1,
156,97,155,-1,
336,663,98,-1,
98,663,513,-1,
98,513,337,-1,
157,158,97,-1,
97,158,159,-1,
97,159,98,-1,
98,159,160,-1,
98,160,336,-1,
333,156,509,-1,
509,156,332,-1,
509,332,508,-1,
334,510,511,-1,
511,510,663,-1,
511,663,512,-1,
512,663,336,-1,
510,509,663,-1,
663,509,508,-1,
663,508,662,-1,
662,508,507,-1,
662,507,97,-1,
97,507,331,-1,
97,331,155,-1,
1300,931,661,-1,
661,931,755,-1,
661,755,662,-1,
755,756,662,-1,
662,756,932,-1,
662,932,1301,-1,
1301,932,1108,-1,
1301,1108,1300,-1,
1300,1108,1107,-1,
1300,1107,931,-1,
97,96,153,-1,
153,154,97,-1,
97,154,330,-1,
97,330,662,-1,
662,330,506,-1,
662,506,661,-1,
661,506,505,-1,
661,505,96,-1,
96,505,329,-1,
96,329,153,-1,
1299,929,660,-1,
660,929,753,-1,
660,753,661,-1,
753,754,661,-1,
661,754,930,-1,
661,930,1300,-1,
1300,930,1106,-1,
1300,1106,1299,-1,
1299,1106,1105,-1,
1299,1105,929,-1,
96,95,151,-1,
151,152,96,-1,
96,152,328,-1,
96,328,661,-1,
661,328,504,-1,
661,504,660,-1,
660,504,503,-1,
660,503,95,-1,
95,503,327,-1,
95,327,151,-1,
1298,927,659,-1,
659,927,751,-1,
659,751,660,-1,
751,752,660,-1,
660,752,928,-1,
660,928,1299,-1,
1299,928,1104,-1,
1299,1104,1298,-1,
1298,1104,1103,-1,
1298,1103,927,-1,
95,94,149,-1,
149,150,95,-1,
95,150,326,-1,
95,326,660,-1,
660,326,502,-1,
660,502,659,-1,
659,502,501,-1,
659,501,94,-1,
94,501,325,-1,
94,325,149,-1,
748,924,1101,-1,
1101,924,1100,-1,
1297,923,658,-1,
658,923,747,-1,
658,747,748,-1,
749,750,659,-1,
659,750,926,-1,
659,926,1298,-1,
1298,926,1102,-1,
1102,1101,1298,-1,
1298,1101,1100,-1,
1298,1100,1297,-1,
1297,1100,1099,-1,
1297,1099,923,-1,
499,323,146,-1,
94,93,147,-1,
321,145,93,-1,
93,145,146,-1,
93,146,147,-1,
147,146,323,-1,
147,148,94,-1,
94,148,324,-1,
94,324,659,-1,
659,324,500,-1,
659,500,499,-1,
321,93,497,-1,
497,93,658,-1,
497,658,498,-1,
1101,925,748,-1,
748,925,749,-1,
748,749,658,-1,
658,749,659,-1,
658,659,498,-1,
498,659,499,-1,
498,499,322,-1,
322,499,146,-1,
1296,921,657,-1,
657,921,745,-1,
657,745,658,-1,
745,746,658,-1,
658,746,922,-1,
658,922,1297,-1,
1297,922,1098,-1,
1297,1098,1296,-1,
1296,1098,1097,-1,
1296,1097,921,-1,
93,92,143,-1,
143,144,93,-1,
93,144,320,-1,
93,320,658,-1,
658,320,496,-1,
658,496,657,-1,
657,496,495,-1,
657,495,92,-1,
92,495,319,-1,
92,319,143,-1,
1295,919,656,-1,
656,919,743,-1,
656,743,657,-1,
743,744,657,-1,
657,744,920,-1,
657,920,1296,-1,
1296,920,1096,-1,
1296,1096,1295,-1,
1295,1096,1095,-1,
1295,1095,919,-1,
92,91,141,-1,
141,142,92,-1,
92,142,318,-1,
92,318,657,-1,
657,318,494,-1,
657,494,656,-1,
656,494,493,-1,
656,493,91,-1,
91,493,317,-1,
91,317,141,-1,
917,741,655,-1,
655,741,656,-1,
741,742,656,-1,
656,742,918,-1,
656,918,1295,-1,
1295,918,1094,-1,
1295,1094,1294,-1,
1294,1094,1093,-1,
91,90,139,-1,
139,140,91,-1,
91,140,316,-1,
91,316,656,-1,
656,316,492,-1,
656,492,655,-1,
655,492,491,-1,
655,491,90,-1,
90,491,315,-1,
90,315,139,-1,
1093,917,1294,-1,
1294,917,655,-1,
1294,655,916,-1,
738,655,654,-1,
1293,913,654,-1,
654,913,737,-1,
654,737,738,-1,
916,1092,1294,-1,
1294,1092,1091,-1,
1294,1091,1293,-1,
1089,1293,1090,-1,
1090,1293,1091,-1,
1090,1091,914,-1,
914,1091,915,-1,
914,915,738,-1,
738,915,739,-1,
738,739,655,-1,
655,739,740,-1,
655,740,916,-1,
136,312,489,-1,
489,312,488,-1,
89,135,136,-1,
489,313,136,-1,
136,313,137,-1,
136,137,89,-1,
89,137,90,-1,
137,138,90,-1,
90,138,314,-1,
90,314,655,-1,
655,314,490,-1,
490,489,655,-1,
655,489,488,-1,
655,488,654,-1,
654,488,487,-1,
654,487,89,-1,
89,487,311,-1,
89,311,135,-1,
1292,911,653,-1,
653,911,735,-1,
653,735,654,-1,
735,736,654,-1,
654,736,912,-1,
654,912,1293,-1,
1293,912,1088,-1,
1293,1088,1292,-1,
1292,1088,1087,-1,
1292,1087,911,-1,
89,88,133,-1,
133,134,89,-1,
89,134,310,-1,
89,310,654,-1,
654,310,486,-1,
654,486,653,-1,
653,486,485,-1,
653,485,88,-1,
88,485,309,-1,
88,309,133,-1,
1291,909,652,-1,
652,909,733,-1,
652,733,653,-1,
733,734,653,-1,
653,734,910,-1,
653,910,1292,-1,
1292,910,1086,-1,
1292,1086,1291,-1,
1291,1086,1085,-1,
1291,1085,909,-1,
88,87,131,-1,
131,132,88,-1,
88,132,308,-1,
88,308,653,-1,
653,308,484,-1,
653,484,652,-1,
652,484,483,-1,
652,483,87,-1,
87,483,307,-1,
87,307,131,-1,
1290,907,651,-1,
651,907,731,-1,
651,731,652,-1,
731,732,652,-1,
652,732,908,-1,
652,908,1291,-1,
1291,908,1084,-1,
1291,1084,1290,-1,
1290,1084,1083,-1,
1290,1083,907,-1,
87,86,129,-1,
129,130,87,-1,
87,130,306,-1,
87,306,652,-1,
652,306,482,-1,
652,482,651,-1,
651,482,481,-1,
651,481,86,-1,
86,481,305,-1,
86,305,129,-1,
905,729,650,-1,
650,729,651,-1,
729,730,651,-1,
651,730,906,-1,
651,906,1290,-1,
1290,906,1082,-1,
1290,1082,1289,-1,
1289,1082,1081,-1,
86,85,127,-1,
127,128,86,-1,
86,128,304,-1,
86,304,651,-1,
651,304,480,-1,
651,480,650,-1,
650,480,479,-1,
650,479,85,-1,
85,479,303,-1,
85,303,127,-1,
1081,905,1289,-1,
1289,905,650,-1,
1289,650,904,-1,
726,650,649,-1,
904,1080,1289,-1,
1289,1080,1079,-1,
1289,1079,1288,-1,
1288,901,649,-1,
649,901,725,-1,
649,725,726,-1,
1077,1288,1078,-1,
1078,1288,1079,-1,
1078,1079,902,-1,
902,1079,903,-1,
902,903,726,-1,
726,903,727,-1,
726,727,650,-1,
650,727,728,-1,
650,728,904,-1,
124,300,477,-1,
477,300,476,-1,
84,123,124,-1,
477,301,124,-1,
124,301,125,-1,
124,125,84,-1,
84,125,85,-1,
125,126,85,-1,
85,126,302,-1,
85,302,650,-1,
650,302,478,-1,
478,477,650,-1,
650,477,476,-1,
650,476,649,-1,
649,476,475,-1,
649,475,84,-1,
84,475,299,-1,
84,299,123,-1,
1287,899,648,-1,
648,899,723,-1,
648,723,649,-1,
723,724,649,-1,
649,724,900,-1,
649,900,1288,-1,
1288,900,1076,-1,
1288,1076,1287,-1,
1287,1076,1075,-1,
1287,1075,899,-1,
84,83,121,-1,
121,122,84,-1,
84,122,298,-1,
84,298,649,-1,
649,298,474,-1,
649,474,648,-1,
648,474,473,-1,
648,473,83,-1,
83,473,297,-1,
83,297,121,-1,
1286,897,647,-1,
647,897,721,-1,
647,721,648,-1,
721,722,648,-1,
648,722,898,-1,
648,898,1287,-1,
1287,898,1074,-1,
1287,1074,1286,-1,
1286,1074,1073,-1,
1286,1073,897,-1,
83,82,119,-1,
119,120,83,-1,
83,120,296,-1,
83,296,648,-1,
648,296,472,-1,
648,472,647,-1,
647,472,471,-1,
647,471,82,-1,
82,471,295,-1,
82,295,119,-1,
895,719,646,-1,
646,719,647,-1,
1071,1285,1072,-1,
1072,1285,1286,-1,
1072,1286,896,-1,
896,1286,647,-1,
896,647,720,-1,
720,647,719,-1,
469,646,470,-1,
470,646,647,-1,
470,647,294,-1,
294,647,82,-1,
294,82,118,-1,
118,82,81,-1,
118,81,117,-1,
117,81,293,-1,
1071,895,1285,-1,
1285,895,646,-1,
1285,646,1284,-1,
1284,646,645,-1,
469,293,646,-1,
646,293,81,-1,
646,81,645,-1,
645,81,80,-1,
116,40,115,-1,
115,40,39,-1,
115,39,114,-1,
114,39,38,-1,
114,38,113,-1,
113,38,37,-1,
113,37,112,-1,
112,37,36,-1,
112,36,111,-1,
111,36,35,-1,
111,35,110,-1,
110,35,34,-1,
110,34,109,-1,
109,34,33,-1,
109,33,108,-1,
108,33,32,-1,
108,32,107,-1,
107,32,31,-1,
107,31,106,-1,
106,31,30,-1,
106,30,105,-1,
105,30,29,-1,
105,29,104,-1,
104,29,28,-1,
104,28,103,-1,
103,28,27,-1,
103,27,102,-1,
102,27,26,-1,
102,26,101,-1,
101,26,25,-1,
101,25,100,-1,
100,25,24,-1,
100,24,99,-1,
99,24,23,-1,
99,23,98,-1,
98,23,22,-1,
98,22,97,-1,
97,22,21,-1,
97,21,96,-1,
96,21,20,-1,
96,20,95,-1,
95,20,19,-1,
95,19,94,-1,
94,19,18,-1,
94,18,93,-1,
93,18,17,-1,
93,17,92,-1,
92,17,16,-1,
92,16,91,-1,
91,16,15,-1,
91,15,90,-1,
90,15,14,-1,
90,14,89,-1,
89,14,13,-1,
89,13,88,-1,
88,13,12,-1,
88,12,87,-1,
87,12,11,-1,
87,11,86,-1,
86,11,10,-1,
86,10,85,-1,
85,10,9,-1,
85,9,84,-1,
84,9,8,-1,
84,8,83,-1,
83,8,7,-1,
83,7,82,-1,
82,7,6,-1,
82,6,81,-1,
81,6,5,-1,
81,5,80,-1,
80,5,4,-1,
0,4,1,-1,
1,4,40,-1,
3,2,1,-1,
1,2,0,-1,
1321,1358,1362,-1,
4,0,41,-1,
41,0,2,-1,
41,2,78,-1,
1362,1360,1321,-1,
1321,1360,1284,-1,
1321,1284,1247,-1,
1247,1284,682,-1,
682,1284,645,-1,
682,645,41,-1,
41,645,80,-1,
41,80,4,-1,
1071,1072,1159,-1,
1159,1072,1160,-1,
983,895,1159,-1,
1159,895,1071,-1,
807,719,983,-1,
983,719,895,-1,
720,719,808,-1,
808,719,807,-1,
984,896,808,-1,
808,896,720,-1,
1160,1072,984,-1,
984,1072,896,-1,
1073,1074,1161,-1,
1161,1074,1162,-1,
985,897,1161,-1,
1161,897,1073,-1,
809,721,985,-1,
985,721,897,-1,
722,721,810,-1,
810,721,809,-1,
986,898,810,-1,
810,898,722,-1,
1162,1074,986,-1,
986,1074,898,-1,
1075,1076,1163,-1,
1163,1076,1164,-1,
987,899,1163,-1,
1163,899,1075,-1,
811,723,987,-1,
987,723,899,-1,
724,723,812,-1,
812,723,811,-1,
988,900,812,-1,
812,900,724,-1,
1164,1076,988,-1,
988,1076,900,-1,
1077,1078,1165,-1,
1165,1078,1166,-1,
989,901,1165,-1,
1165,901,1077,-1,
813,725,989,-1,
989,725,901,-1,
726,725,814,-1,
814,725,813,-1,
990,902,814,-1,
814,902,726,-1,
1166,1078,990,-1,
990,1078,902,-1,
1079,1080,1167,-1,
1167,1080,1168,-1,
991,903,1167,-1,
1167,903,1079,-1,
815,727,991,-1,
991,727,903,-1,
728,727,816,-1,
816,727,815,-1,
992,904,816,-1,
816,904,728,-1,
1168,1080,992,-1,
992,1080,904,-1,
1081,1082,1169,-1,
1169,1082,1170,-1,
993,905,1169,-1,
1169,905,1081,-1,
817,729,993,-1,
993,729,905,-1,
730,729,818,-1,
818,729,817,-1,
994,906,818,-1,
818,906,730,-1,
1170,1082,994,-1,
994,1082,906,-1,
1083,1084,1171,-1,
1171,1084,1172,-1,
995,907,1171,-1,
1171,907,1083,-1,
819,731,995,-1,
995,731,907,-1,
732,731,820,-1,
820,731,819,-1,
996,908,820,-1,
820,908,732,-1,
1172,1084,996,-1,
996,1084,908,-1,
1085,1086,1173,-1,
1173,1086,1174,-1,
997,909,1173,-1,
1173,909,1085,-1,
821,733,997,-1,
997,733,909,-1,
734,733,822,-1,
822,733,821,-1,
998,910,822,-1,
822,910,734,-1,
1174,1086,998,-1,
998,1086,910,-1,
1087,1088,1175,-1,
1175,1088,1176,-1,
999,911,1175,-1,
1175,911,1087,-1,
823,735,999,-1,
999,735,911,-1,
736,735,824,-1,
824,735,823,-1,
1000,912,824,-1,
824,912,736,-1,
1176,1088,1000,-1,
1000,1088,912,-1,
1089,1090,1177,-1,
1177,1090,1178,-1,
1001,913,1177,-1,
1177,913,1089,-1,
825,737,1001,-1,
1001,737,913,-1,
738,737,826,-1,
826,737,825,-1,
1002,914,826,-1,
826,914,738,-1,
1178,1090,1002,-1,
1002,1090,914,-1,
1091,1092,1179,-1,
1179,1092,1180,-1,
1003,915,1179,-1,
1179,915,1091,-1,
827,739,1003,-1,
1003,739,915,-1,
740,739,828,-1,
828,739,827,-1,
1004,916,828,-1,
828,916,740,-1,
1180,1092,1004,-1,
1004,1092,916,-1,
1093,1094,1181,-1,
1181,1094,1182,-1,
1005,917,1181,-1,
1181,917,1093,-1,
829,741,1005,-1,
1005,741,917,-1,
742,741,830,-1,
830,741,829,-1,
1006,918,830,-1,
830,918,742,-1,
1182,1094,1006,-1,
1006,1094,918,-1,
1095,1096,1183,-1,
1183,1096,1184,-1,
1007,919,1183,-1,
1183,919,1095,-1,
831,743,1007,-1,
1007,743,919,-1,
744,743,832,-1,
832,743,831,-1,
1008,920,832,-1,
832,920,744,-1,
1184,1096,1008,-1,
1008,1096,920,-1,
1097,1098,1185,-1,
1185,1098,1186,-1,
1009,921,1185,-1,
1185,921,1097,-1,
833,745,1009,-1,
1009,745,921,-1,
746,745,834,-1,
834,745,833,-1,
1010,922,834,-1,
834,922,746,-1,
1186,1098,1010,-1,
1010,1098,922,-1,
1099,1100,1187,-1,
1187,1100,1188,-1,
1011,923,1187,-1,
1187,923,1099,-1,
835,747,1011,-1,
1011,747,923,-1,
748,747,836,-1,
836,747,835,-1,
1012,924,836,-1,
836,924,748,-1,
1188,1100,1012,-1,
1012,1100,924,-1,
1101,1102,1189,-1,
1189,1102,1190,-1,
1013,925,1189,-1,
1189,925,1101,-1,
837,749,1013,-1,
1013,749,925,-1,
750,749,838,-1,
838,749,837,-1,
1014,926,838,-1,
838,926,750,-1,
1190,1102,1014,-1,
1014,1102,926,-1,
1103,1104,1191,-1,
1191,1104,1192,-1,
1015,927,1191,-1,
1191,927,1103,-1,
839,751,1015,-1,
1015,751,927,-1,
752,751,840,-1,
840,751,839,-1,
1016,928,840,-1,
840,928,752,-1,
1192,1104,1016,-1,
1016,1104,928,-1,
1105,1106,1193,-1,
1193,1106,1194,-1,
1017,929,1193,-1,
1193,929,1105,-1,
841,753,1017,-1,
1017,753,929,-1,
754,753,842,-1,
842,753,841,-1,
1018,930,842,-1,
842,930,754,-1,
1194,1106,1018,-1,
1018,1106,930,-1,
1107,1108,1195,-1,
1195,1108,1196,-1,
1019,931,1195,-1,
1195,931,1107,-1,
843,755,1019,-1,
1019,755,931,-1,
756,755,844,-1,
844,755,843,-1,
1020,932,844,-1,
844,932,756,-1,
1196,1108,1020,-1,
1020,1108,932,-1,
1109,1110,1197,-1,
1197,1110,1198,-1,
1021,933,1197,-1,
1197,933,1109,-1,
845,757,1021,-1,
1021,757,933,-1,
758,757,846,-1,
846,757,845,-1,
1022,934,846,-1,
846,934,758,-1,
1198,1110,1022,-1,
1022,1110,934,-1,
1111,1112,1199,-1,
1199,1112,1200,-1,
1023,935,1199,-1,
1199,935,1111,-1,
847,759,1023,-1,
1023,759,935,-1,
760,759,848,-1,
848,759,847,-1,
1024,936,848,-1,
848,936,760,-1,
1200,1112,1024,-1,
1024,1112,936,-1,
1113,1114,1201,-1,
1201,1114,1202,-1,
1025,937,1201,-1,
1201,937,1113,-1,
849,761,1025,-1,
1025,761,937,-1,
762,761,850,-1,
850,761,849,-1,
1026,938,850,-1,
850,938,762,-1,
1202,1114,1026,-1,
1026,1114,938,-1,
1115,1116,1203,-1,
1203,1116,1204,-1,
1027,939,1203,-1,
1203,939,1115,-1,
851,763,1027,-1,
1027,763,939,-1,
764,763,852,-1,
852,763,851,-1,
1028,940,852,-1,
852,940,764,-1,
1204,1116,1028,-1,
1028,1116,940,-1,
1117,1118,1205,-1,
1205,1118,1206,-1,
1029,941,1205,-1,
1205,941,1117,-1,
853,765,1029,-1,
1029,765,941,-1,
766,765,854,-1,
854,765,853,-1,
1030,942,854,-1,
854,942,766,-1,
1206,1118,1030,-1,
1030,1118,942,-1,
1119,1120,1207,-1,
1207,1120,1208,-1,
1031,943,1207,-1,
1207,943,1119,-1,
855,767,1031,-1,
1031,767,943,-1,
768,767,856,-1,
856,767,855,-1,
1032,944,856,-1,
856,944,768,-1,
1208,1120,1032,-1,
1032,1120,944,-1,
1121,1122,1209,-1,
1209,1122,1210,-1,
1033,945,1209,-1,
1209,945,1121,-1,
857,769,1033,-1,
1033,769,945,-1,
770,769,858,-1,
858,769,857,-1,
1034,946,858,-1,
858,946,770,-1,
1210,1122,1034,-1,
1034,1122,946,-1,
1123,1124,1211,-1,
1211,1124,1212,-1,
1035,947,1211,-1,
1211,947,1123,-1,
859,771,1035,-1,
1035,771,947,-1,
772,771,860,-1,
860,771,859,-1,
1036,948,860,-1,
860,948,772,-1,
1212,1124,1036,-1,
1036,1124,948,-1,
1125,1126,1213,-1,
1213,1126,1214,-1,
1037,949,1213,-1,
1213,949,1125,-1,
861,773,1037,-1,
1037,773,949,-1,
774,773,862,-1,
862,773,861,-1,
1038,950,862,-1,
862,950,774,-1,
1214,1126,1038,-1,
1038,1126,950,-1,
1127,1128,1215,-1,
1215,1128,1216,-1,
1039,951,1215,-1,
1215,951,1127,-1,
863,775,1039,-1,
1039,775,951,-1,
776,775,864,-1,
864,775,863,-1,
1040,952,864,-1,
864,952,776,-1,
1216,1128,1040,-1,
1040,1128,952,-1,
1129,1130,1217,-1,
1217,1130,1218,-1,
1041,953,1217,-1,
1217,953,1129,-1,
865,777,1041,-1,
1041,777,953,-1,
778,777,866,-1,
866,777,865,-1,
1042,954,866,-1,
866,954,778,-1,
1218,1130,1042,-1,
1042,1130,954,-1,
1131,1132,1219,-1,
1219,1132,1220,-1,
1043,955,1219,-1,
1219,955,1131,-1,
867,779,1043,-1,
1043,779,955,-1,
780,779,868,-1,
868,779,867,-1,
1044,956,868,-1,
868,956,780,-1,
1220,1132,1044,-1,
1044,1132,956,-1,
1133,1134,1221,-1,
1221,1134,1222,-1,
1045,957,1221,-1,
1221,957,1133,-1,
869,781,1045,-1,
1045,781,957,-1,
782,781,870,-1,
870,781,869,-1,
1046,958,870,-1,
870,958,782,-1,
1222,1134,1046,-1,
1046,1134,958,-1,
1135,1136,1223,-1,
1223,1136,1224,-1,
1047,959,1223,-1,
1223,959,1135,-1,
871,783,1047,-1,
1047,783,959,-1,
784,783,872,-1,
872,783,871,-1,
1048,960,872,-1,
872,960,784,-1,
1224,1136,1048,-1,
1048,1136,960,-1,
1137,1138,1225,-1,
1225,1138,1226,-1,
1049,961,1225,-1,
1225,961,1137,-1,
873,785,1049,-1,
1049,785,961,-1,
786,785,874,-1,
874,785,873,-1,
1050,962,874,-1,
874,962,786,-1,
1226,1138,1050,-1,
1050,1138,962,-1,
1139,1140,1227,-1,
1227,1140,1228,-1,
1051,963,1227,-1,
1227,963,1139,-1,
875,787,1051,-1,
1051,787,963,-1,
788,787,876,-1,
876,787,875,-1,
1052,964,876,-1,
876,964,788,-1,
1228,1140,1052,-1,
1052,1140,964,-1,
1141,1142,1229,-1,
1229,1142,1230,-1,
1053,965,1229,-1,
1229,965,1141,-1,
877,789,1053,-1,
1053,789,965,-1,
790,789,878,-1,
878,789,877,-1,
1054,966,878,-1,
878,966,790,-1,
1230,1142,1054,-1,
1054,1142,966,-1,
1143,1144,1231,-1,
1231,1144,1232,-1,
1055,967,1231,-1,
1231,967,1143,-1,
879,791,1055,-1,
1055,791,967,-1,
792,791,880,-1,
880,791,879,-1,
1056,968,880,-1,
880,968,792,-1,
1232,1144,1056,-1,
1056,1144,968,-1,
1145,1146,1233,-1,
1233,1146,1234,-1,
1057,969,1233,-1,
1233,969,1145,-1,
881,793,1057,-1,
1057,793,969,-1,
794,793,882,-1,
882,793,881,-1,
1058,970,882,-1,
882,970,794,-1,
1234,1146,1058,-1,
1058,1146,970,-1,
1147,1148,1235,-1,
1235,1148,1236,-1,
1059,971,1235,-1,
1235,971,1147,-1,
883,795,1059,-1,
1059,795,971,-1,
796,795,884,-1,
884,795,883,-1,
1060,972,884,-1,
884,972,796,-1,
1236,1148,1060,-1,
1060,1148,972,-1,
1149,1150,1237,-1,
1237,1150,1238,-1,
1061,973,1237,-1,
1237,973,1149,-1,
885,797,1061,-1,
1061,797,973,-1,
798,797,886,-1,
886,797,885,-1,
1062,974,886,-1,
886,974,798,-1,
1238,1150,1062,-1,
1062,1150,974,-1,
1151,1152,1239,-1,
1239,1152,1240,-1,
1063,975,1239,-1,
1239,975,1151,-1,
887,799,1063,-1,
1063,799,975,-1,
800,799,888,-1,
888,799,887,-1,
1064,976,888,-1,
888,976,800,-1,
1240,1152,1064,-1,
1064,1152,976,-1,
1153,1154,1241,-1,
1241,1154,1242,-1,
1065,977,1241,-1,
1241,977,1153,-1,
889,801,1065,-1,
1065,801,977,-1,
802,801,890,-1,
890,801,889,-1,
1066,978,890,-1,
890,978,802,-1,
1242,1154,1066,-1,
1066,1154,978,-1,
1155,1156,1243,-1,
1243,1156,1244,-1,
1067,979,1243,-1,
1243,979,1155,-1,
891,803,1067,-1,
1067,803,979,-1,
804,803,892,-1,
892,803,891,-1,
1068,980,892,-1,
892,980,804,-1,
1244,1156,1068,-1,
1068,1156,980,-1,
1157,1158,1245,-1,
1245,1158,1246,-1,
1069,981,1245,-1,
1245,981,1157,-1,
893,805,1069,-1,
1069,805,981,-1,
806,805,894,-1,
894,805,893,-1,
1070,982,894,-1,
894,982,806,-1,
1246,1158,1070,-1,
1070,1158,982,-1,
118,117,206,-1,
206,117,205,-1,
293,381,117,-1,
117,381,205,-1,
469,557,293,-1,
293,557,381,-1,
469,470,557,-1,
557,470,558,-1,
294,382,470,-1,
470,382,558,-1,
118,206,294,-1,
294,206,382,-1,
120,119,208,-1,
208,119,207,-1,
295,383,119,-1,
119,383,207,-1,
471,559,295,-1,
295,559,383,-1,
471,472,559,-1,
559,472,560,-1,
296,384,472,-1,
472,384,560,-1,
120,208,296,-1,
296,208,384,-1,
122,121,210,-1,
210,121,209,-1,
297,385,121,-1,
121,385,209,-1,
473,561,297,-1,
297,561,385,-1,
473,474,561,-1,
561,474,562,-1,
298,386,474,-1,
474,386,562,-1,
122,210,298,-1,
298,210,386,-1,
124,123,212,-1,
212,123,211,-1,
299,387,123,-1,
123,387,211,-1,
475,563,299,-1,
299,563,387,-1,
475,476,563,-1,
563,476,564,-1,
300,388,476,-1,
476,388,564,-1,
124,212,300,-1,
300,212,388,-1,
126,125,214,-1,
214,125,213,-1,
301,389,125,-1,
125,389,213,-1,
477,565,301,-1,
301,565,389,-1,
477,478,565,-1,
565,478,566,-1,
302,390,478,-1,
478,390,566,-1,
126,214,302,-1,
302,214,390,-1,
128,127,216,-1,
216,127,215,-1,
303,391,127,-1,
127,391,215,-1,
479,567,303,-1,
303,567,391,-1,
479,480,567,-1,
567,480,568,-1,
304,392,480,-1,
480,392,568,-1,
128,216,304,-1,
304,216,392,-1,
130,129,218,-1,
218,129,217,-1,
305,393,129,-1,
129,393,217,-1,
481,569,305,-1,
305,569,393,-1,
481,482,569,-1,
569,482,570,-1,
306,394,482,-1,
482,394,570,-1,
130,218,306,-1,
306,218,394,-1,
132,131,220,-1,
220,131,219,-1,
307,395,131,-1,
131,395,219,-1,
483,571,307,-1,
307,571,395,-1,
483,484,571,-1,
571,484,572,-1,
308,396,484,-1,
484,396,572,-1,
132,220,308,-1,
308,220,396,-1,
134,133,222,-1,
222,133,221,-1,
309,397,133,-1,
133,397,221,-1,
485,573,309,-1,
309,573,397,-1,
485,486,573,-1,
573,486,574,-1,
310,398,486,-1,
486,398,574,-1,
134,222,310,-1,
310,222,398,-1,
136,135,224,-1,
224,135,223,-1,
311,399,135,-1,
135,399,223,-1,
487,575,311,-1,
311,575,399,-1,
487,488,575,-1,
575,488,576,-1,
312,400,488,-1,
488,400,576,-1,
136,224,312,-1,
312,224,400,-1,
138,137,226,-1,
226,137,225,-1,
313,401,137,-1,
137,401,225,-1,
489,577,313,-1,
313,577,401,-1,
489,490,577,-1,
577,490,578,-1,
314,402,490,-1,
490,402,578,-1,
138,226,314,-1,
314,226,402,-1,
140,139,228,-1,
228,139,227,-1,
315,403,139,-1,
139,403,227,-1,
491,579,315,-1,
315,579,403,-1,
491,492,579,-1,
579,492,580,-1,
316,404,492,-1,
492,404,580,-1,
140,228,316,-1,
316,228,404,-1,
142,141,230,-1,
230,141,229,-1,
317,405,141,-1,
141,405,229,-1,
493,581,317,-1,
317,581,405,-1,
493,494,581,-1,
581,494,582,-1,
318,406,494,-1,
494,406,582,-1,
142,230,318,-1,
318,230,406,-1,
144,143,232,-1,
232,143,231,-1,
319,407,143,-1,
143,407,231,-1,
495,583,319,-1,
319,583,407,-1,
495,496,583,-1,
583,496,584,-1,
320,408,496,-1,
496,408,584,-1,
144,232,320,-1,
320,232,408,-1,
146,145,234,-1,
234,145,233,-1,
321,409,145,-1,
145,409,233,-1,
497,585,321,-1,
321,585,409,-1,
497,498,585,-1,
585,498,586,-1,
322,410,498,-1,
498,410,586,-1,
146,234,322,-1,
322,234,410,-1,
148,147,236,-1,
236,147,235,-1,
323,411,147,-1,
147,411,235,-1,
499,587,323,-1,
323,587,411,-1,
499,500,587,-1,
587,500,588,-1,
324,412,500,-1,
500,412,588,-1,
148,236,324,-1,
324,236,412,-1,
150,149,238,-1,
238,149,237,-1,
325,413,149,-1,
149,413,237,-1,
501,589,325,-1,
325,589,413,-1,
501,502,589,-1,
589,502,590,-1,
326,414,502,-1,
502,414,590,-1,
150,238,326,-1,
326,238,414,-1,
152,151,240,-1,
240,151,239,-1,
327,415,151,-1,
151,415,239,-1,
503,591,327,-1,
327,591,415,-1,
503,504,591,-1,
591,504,592,-1,
328,416,504,-1,
504,416,592,-1,
152,240,328,-1,
328,240,416,-1,
154,153,242,-1,
242,153,241,-1,
329,417,153,-1,
153,417,241,-1,
505,593,329,-1,
329,593,417,-1,
505,506,593,-1,
593,506,594,-1,
330,418,506,-1,
506,418,594,-1,
154,242,330,-1,
330,242,418,-1,
156,155,244,-1,
244,155,243,-1,
331,419,155,-1,
155,419,243,-1,
507,595,331,-1,
331,595,419,-1,
507,508,595,-1,
595,508,596,-1,
332,420,508,-1,
508,420,596,-1,
156,244,332,-1,
332,244,420,-1,
158,157,246,-1,
246,157,245,-1,
333,421,157,-1,
157,421,245,-1,
509,597,333,-1,
333,597,421,-1,
509,510,597,-1,
597,510,598,-1,
334,422,510,-1,
510,422,598,-1,
158,246,334,-1,
334,246,422,-1,
160,159,248,-1,
248,159,247,-1,
335,423,159,-1,
159,423,247,-1,
511,599,335,-1,
335,599,423,-1,
511,512,599,-1,
599,512,600,-1,
336,424,512,-1,
512,424,600,-1,
160,248,336,-1,
336,248,424,-1,
162,161,250,-1,
250,161,249,-1,
337,425,161,-1,
161,425,249,-1,
513,601,337,-1,
337,601,425,-1,
513,514,601,-1,
601,514,602,-1,
338,426,514,-1,
514,426,602,-1,
162,250,338,-1,
338,250,426,-1,
164,163,252,-1,
252,163,251,-1,
339,427,163,-1,
163,427,251,-1,
515,603,339,-1,
339,603,427,-1,
515,516,603,-1,
603,516,604,-1,
340,428,516,-1,
516,428,604,-1,
164,252,340,-1,
340,252,428,-1,
166,165,254,-1,
254,165,253,-1,
341,429,165,-1,
165,429,253,-1,
517,605,341,-1,
341,605,429,-1,
517,518,605,-1,
605,518,606,-1,
342,430,518,-1,
518,430,606,-1,
166,254,342,-1,
342,254,430,-1,
168,167,256,-1,
256,167,255,-1,
343,431,167,-1,
167,431,255,-1,
519,607,343,-1,
343,607,431,-1,
519,520,607,-1,
607,520,608,-1,
344,432,520,-1,
520,432,608,-1,
168,256,344,-1,
344,256,432,-1,
170,169,258,-1,
258,169,257,-1,
345,433,169,-1,
169,433,257,-1,
521,609,345,-1,
345,609,433,-1,
521,522,609,-1,
609,522,610,-1,
346,434,522,-1,
522,434,610,-1,
170,258,346,-1,
346,258,434,-1,
172,171,260,-1,
260,171,259,-1,
347,435,171,-1,
171,435,259,-1,
523,611,347,-1,
347,611,435,-1,
523,524,611,-1,
611,524,612,-1,
348,436,524,-1,
524,436,612,-1,
172,260,348,-1,
348,260,436,-1,
174,173,262,-1,
262,173,261,-1,
349,437,173,-1,
173,437,261,-1,
525,613,349,-1,
349,613,437,-1,
525,526,613,-1,
613,526,614,-1,
350,438,526,-1,
526,438,614,-1,
174,262,350,-1,
350,262,438,-1,
176,175,264,-1,
264,175,263,-1,
351,439,175,-1,
175,439,263,-1,
527,615,351,-1,
351,615,439,-1,
527,528,615,-1,
615,528,616,-1,
352,440,528,-1,
528,440,616,-1,
176,264,352,-1,
352,264,440,-1,
178,177,266,-1,
266,177,265,-1,
353,441,177,-1,
177,441,265,-1,
529,617,353,-1,
353,617,441,-1,
529,530,617,-1,
617,530,618,-1,
354,442,530,-1,
530,442,618,-1,
178,266,354,-1,
354,266,442,-1,
180,179,268,-1,
268,179,267,-1,
355,443,179,-1,
179,443,267,-1,
531,619,355,-1,
355,619,443,-1,
531,532,619,-1,
619,532,620,-1,
356,444,532,-1,
532,444,620,-1,
180,268,356,-1,
356,268,444,-1,
182,181,270,-1,
270,181,269,-1,
357,445,181,-1,
181,445,269,-1,
533,621,357,-1,
357,621,445,-1,
533,534,621,-1,
621,534,622,-1,
358,446,534,-1,
534,446,622,-1,
182,270,358,-1,
358,270,446,-1,
184,183,272,-1,
272,183,271,-1,
359,447,183,-1,
183,447,271,-1,
535,623,359,-1,
359,623,447,-1,
535,536,623,-1,
623,536,624,-1,
360,448,536,-1,
536,448,624,-1,
184,272,360,-1,
360,272,448,-1,
186,185,274,-1,
274,185,273,-1,
361,449,185,-1,
185,449,273,-1,
537,625,361,-1,
361,625,449,-1,
537,538,625,-1,
625,538,626,-1,
362,450,538,-1,
538,450,626,-1,
186,274,362,-1,
362,274,450,-1,
188,187,276,-1,
276,187,275,-1,
363,451,187,-1,
187,451,275,-1,
539,627,363,-1,
363,627,451,-1,
539,540,627,-1,
627,540,628,-1,
364,452,540,-1,
540,452,628,-1,
188,276,364,-1,
364,276,452,-1,
190,189,278,-1,
278,189,277,-1,
365,453,189,-1,
189,453,277,-1,
541,629,365,-1,
365,629,453,-1,
541,542,629,-1,
629,542,630,-1,
366,454,542,-1,
542,454,630,-1,
190,278,366,-1,
366,278,454,-1,
192,191,280,-1,
280,191,279,-1,
367,455,191,-1,
191,455,279,-1,
543,631,367,-1,
367,631,455,-1,
543,544,631,-1,
631,544,632,-1,
368,456,544,-1,
544,456,632,-1,
192,280,368,-1,
368,280,456,-1,
194,193,282,-1,
282,193,281,-1,
369,457,193,-1,
193,457,281,-1,
545,633,369,-1,
369,633,457,-1,
545,546,633,-1,
633,546,634,-1,
370,458,546,-1,
546,458,634,-1,
194,282,370,-1,
370,282,458,-1,
196,195,284,-1,
284,195,283,-1,
371,459,195,-1,
195,459,283,-1,
547,635,371,-1,
371,635,459,-1,
547,548,635,-1,
635,548,636,-1,
372,460,548,-1,
548,460,636,-1,
196,284,372,-1,
372,284,460,-1,
198,197,286,-1,
286,197,285,-1,
373,461,197,-1,
197,461,285,-1,
549,637,373,-1,
373,637,461,-1,
549,550,637,-1,
637,550,638,-1,
374,462,550,-1,
550,462,638,-1,
198,286,374,-1,
374,286,462,-1,
200,199,288,-1,
288,199,287,-1,
375,463,199,-1,
199,463,287,-1,
551,639,375,-1,
375,639,463,-1,
551,552,639,-1,
639,552,640,-1,
376,464,552,-1,
552,464,640,-1,
200,288,376,-1,
376,288,464,-1,
202,201,290,-1,
290,201,289,-1,
377,465,201,-1,
201,465,289,-1,
553,641,377,-1,
377,641,465,-1,
553,554,641,-1,
641,554,642,-1,
378,466,554,-1,
554,466,642,-1,
202,290,378,-1,
378,290,466,-1,
204,203,292,-1,
292,203,291,-1,
379,467,203,-1,
203,467,291,-1,
555,643,379,-1,
379,643,467,-1,
555,556,643,-1,
643,556,644,-1,
380,468,556,-1,
556,468,644,-1,
204,292,380,-1,
380,292,468,-1
]
normalIndex [
6,6,6,-1,
6,6,6,-1,
6,6,6,-1,
6,6,6,-1,
6,6,6,-1,
6,6,6,-1,
6,6,6,-1,
6,6,6,-1,
6,6,6,-1,
6,6,6,-1,
6,6,6,-1,
6,6,6,-1,
1,1,1,-1,
1,1,1,-1,
11,11,11,-1,
11,11,11,-1,
11,11,11,-1,
11,11,11,-1,
11,11,11,-1,
11,11,11,-1,
11,11,11,-1,
11,11,11,-1,
11,11,11,-1,
11,11,11,-1,
11,11,11,-1,
11,11,11,-1,
11,11,11,-1,
11,11,11,-1,
11,11,11,-1,
11,11,11,-1,
11,11,11,-1,
11,11,11,-1,
11,11,11,-1,
11,11,11,-1,
11,11,11,-1,
11,11,11,-1,
11,11,11,-1,
11,11,11,-1,
11,11,11,-1,
11,11,11,-1,
11,11,11,-1,
11,11,11,-1,
11,11,11,-1,
11,11,11,-1,
11,11,11,-1,
11,11,11,-1,
11,11,11,-1,
11,11,11,-1,
11,11,11,-1,
11,11,11,-1,
11,11,11,-1,
7,7,7,-1,
7,7,7,-1,
7,7,7,-1,
7,7,7,-1,
7,7,7,-1,
7,7,7,-1,
7,7,7,-1,
7,7,7,-1,
7,7,7,-1,
7,7,7,-1,
7,7,7,-1,
7,7,7,-1,
7,7,7,-1,
7,7,7,-1,
7,7,7,-1,
7,7,7,-1,
7,7,7,-1,
7,7,7,-1,
7,7,7,-1,
7,7,7,-1,
7,7,7,-1,
7,7,7,-1,
7,7,7,-1,
7,7,7,-1,
7,7,7,-1,
7,7,7,-1,
7,7,7,-1,
7,7,7,-1,
7,7,7,-1,
7,7,7,-1,
7,7,7,-1,
7,7,7,-1,
7,7,7,-1,
7,7,7,-1,
7,7,7,-1,
7,7,7,-1,
7,7,7,-1,
7,7,7,-1,
7,7,7,-1,
7,7,7,-1,
7,7,7,-1,
7,7,7,-1,
7,7,7,-1,
7,7,7,-1,
7,7,7,-1,
7,7,7,-1,
7,7,7,-1,
7,7,7,-1,
7,7,7,-1,
7,7,7,-1,
7,7,7,-1,
7,7,7,-1,
7,7,7,-1,
7,7,7,-1,
7,7,7,-1,
7,7,7,-1,
7,7,7,-1,
7,7,7,-1,
7,7,7,-1,
7,7,7,-1,
7,7,7,-1,
7,7,7,-1,
7,7,7,-1,
7,7,7,-1,
7,7,7,-1,
7,7,7,-1,
7,7,7,-1,
7,7,7,-1,
7,7,7,-1,
7,7,7,-1,
7,7,7,-1,
7,7,7,-1,
7,7,7,-1,
7,7,7,-1,
7,7,7,-1,
7,7,7,-1,
7,7,7,-1,
7,7,7,-1,
7,7,7,-1,
7,7,7,-1,
7,7,7,-1,
7,7,7,-1,
7,7,7,-1,
7,7,7,-1,
7,7,7,-1,
7,7,7,-1,
7,7,7,-1,
7,7,7,-1,
7,7,7,-1,
7,7,7,-1,
7,7,7,-1,
7,7,7,-1,
7,7,7,-1,
7,7,7,-1,
7,7,7,-1,
7,7,7,-1,
7,7,7,-1,
7,7,7,-1,
7,7,7,-1,
7,7,7,-1,
7,7,7,-1,
7,7,7,-1,
7,7,7,-1,
7,7,7,-1,
7,7,7,-1,
7,7,7,-1,
7,7,7,-1,
7,7,7,-1,
7,7,7,-1,
7,7,7,-1,
7,7,7,-1,
7,7,7,-1,
7,7,7,-1,
7,7,7,-1,
7,7,7,-1,
7,7,7,-1,
7,7,7,-1,
7,7,7,-1,
7,7,7,-1,
7,7,7,-1,
7,7,7,-1,
7,7,7,-1,
7,7,7,-1,
7,7,7,-1,
7,7,7,-1,
7,7,7,-1,
7,7,7,-1,
7,7,7,-1,
7,7,7,-1,
7,7,7,-1,
7,7,7,-1,
7,7,7,-1,
7,7,7,-1,
7,7,7,-1,
7,7,7,-1,
7,7,7,-1,
7,7,7,-1,
7,7,7,-1,
7,7,7,-1,
7,7,7,-1,
7,7,7,-1,
7,7,7,-1,
7,7,7,-1,
7,7,7,-1,
7,7,7,-1,
7,7,7,-1,
7,7,7,-1,
7,7,7,-1,
7,7,7,-1,
7,7,7,-1,
7,7,7,-1,
7,7,7,-1,
7,7,7,-1,
7,7,7,-1,
7,7,7,-1,
7,7,7,-1,
7,7,7,-1,
7,7,7,-1,
7,7,7,-1,
7,7,7,-1,
7,7,7,-1,
7,7,7,-1,
7,7,7,-1,
7,7,7,-1,
7,7,7,-1,
7,7,7,-1,
7,7,7,-1,
7,7,7,-1,
7,7,7,-1,
7,7,7,-1,
7,7,7,-1,
7,7,7,-1,
7,7,7,-1,
7,7,7,-1,
7,7,7,-1,
7,7,7,-1,
7,7,7,-1,
7,7,7,-1,
7,7,7,-1,
7,7,7,-1,
7,7,7,-1,
7,7,7,-1,
7,7,7,-1,
7,7,7,-1,
7,7,7,-1,
7,7,7,-1,
7,7,7,-1,
7,7,7,-1,
7,7,7,-1,
7,7,7,-1,
7,7,7,-1,
7,7,7,-1,
7,7,7,-1,
7,7,7,-1,
7,7,7,-1,
7,7,7,-1,
7,7,7,-1,
7,7,7,-1,
7,7,7,-1,
7,7,7,-1,
7,7,7,-1,
7,7,7,-1,
7,7,7,-1,
7,7,7,-1,
7,7,7,-1,
7,7,7,-1,
7,7,7,-1,
7,7,7,-1,
7,7,7,-1,
7,7,7,-1,
7,7,7,-1,
7,7,7,-1,
7,7,7,-1,
7,7,7,-1,
7,7,7,-1,
7,7,7,-1,
7,7,7,-1,
7,7,7,-1,
7,7,7,-1,
7,7,7,-1,
7,7,7,-1,
7,7,7,-1,
7,7,7,-1,
7,7,7,-1,
7,7,7,-1,
7,7,7,-1,
7,7,7,-1,
7,7,7,-1,
7,7,7,-1,
7,7,7,-1,
7,7,7,-1,
7,7,7,-1,
7,7,7,-1,
7,7,7,-1,
7,7,7,-1,
7,7,7,-1,
7,7,7,-1,
7,7,7,-1,
7,7,7,-1,
7,7,7,-1,
7,7,7,-1,
7,7,7,-1,
7,7,7,-1,
7,7,7,-1,
7,7,7,-1,
7,7,7,-1,
7,7,7,-1,
7,7,7,-1,
7,7,7,-1,
7,7,7,-1,
7,7,7,-1,
7,7,7,-1,
7,7,7,-1,
7,7,7,-1,
7,7,7,-1,
7,7,7,-1,
7,7,7,-1,
7,7,7,-1,
7,7,7,-1,
7,7,7,-1,
7,7,7,-1,
7,7,7,-1,
7,7,7,-1,
7,7,7,-1,
7,7,7,-1,
7,7,7,-1,
7,7,7,-1,
7,7,7,-1,
7,7,7,-1,
7,7,7,-1,
7,7,7,-1,
7,7,7,-1,
7,7,7,-1,
7,7,7,-1,
7,7,7,-1,
7,7,7,-1,
7,7,7,-1,
7,7,7,-1,
7,7,7,-1,
7,7,7,-1,
7,7,7,-1,
7,7,7,-1,
7,7,7,-1,
7,7,7,-1,
7,7,7,-1,
7,7,7,-1,
7,7,7,-1,
7,7,7,-1,
7,7,7,-1,
7,7,7,-1,
7,7,7,-1,
7,7,7,-1,
7,7,7,-1,
7,7,7,-1,
7,7,7,-1,
7,7,7,-1,
7,7,7,-1,
7,7,7,-1,
7,7,7,-1,
7,7,7,-1,
7,7,7,-1,
7,7,7,-1,
7,7,7,-1,
7,7,7,-1,
7,7,7,-1,
7,7,7,-1,
7,7,7,-1,
7,7,7,-1,
7,7,7,-1,
7,7,7,-1,
7,7,7,-1,
7,7,7,-1,
7,7,7,-1,
7,7,7,-1,
7,7,7,-1,
7,7,7,-1,
7,7,7,-1,
7,7,7,-1,
7,7,7,-1,
7,7,7,-1,
7,7,7,-1,
7,7,7,-1,
7,7,7,-1,
7,7,7,-1,
7,7,7,-1,
7,7,7,-1,
7,7,7,-1,
7,7,7,-1,
7,7,7,-1,
7,7,7,-1,
7,7,7,-1,
7,7,7,-1,
7,7,7,-1,
7,7,7,-1,
7,7,7,-1,
7,7,7,-1,
7,7,7,-1,
7,7,7,-1,
7,7,7,-1,
7,7,7,-1,
7,7,7,-1,
7,7,7,-1,
7,7,7,-1,
7,7,7,-1,
7,7,7,-1,
7,7,7,-1,
7,7,7,-1,
7,7,7,-1,
7,7,7,-1,
7,7,7,-1,
7,7,7,-1,
7,7,7,-1,
7,7,7,-1,
7,7,7,-1,
7,7,7,-1,
7,7,7,-1,
7,7,7,-1,
7,7,7,-1,
7,7,7,-1,
7,7,7,-1,
7,7,7,-1,
7,7,7,-1,
7,7,7,-1,
7,7,7,-1,
7,7,7,-1,
7,7,7,-1,
7,7,7,-1,
7,7,7,-1,
7,7,7,-1,
7,7,7,-1,
7,7,7,-1,
7,7,7,-1,
7,7,7,-1,
7,7,7,-1,
7,7,7,-1,
7,7,7,-1,
7,7,7,-1,
7,7,7,-1,
7,7,7,-1,
7,7,7,-1,
7,7,7,-1,
7,7,7,-1,
7,7,7,-1,
7,7,7,-1,
7,7,7,-1,
7,7,7,-1,
7,7,7,-1,
7,7,7,-1,
7,7,7,-1,
7,7,7,-1,
7,7,7,-1,
7,7,7,-1,
7,7,7,-1,
7,7,7,-1,
7,7,7,-1,
7,7,7,-1,
7,7,7,-1,
7,7,7,-1,
7,7,7,-1,
7,7,7,-1,
7,7,7,-1,
7,7,7,-1,
7,7,7,-1,
7,7,7,-1,
7,7,7,-1,
7,7,7,-1,
7,7,7,-1,
7,7,7,-1,
7,7,7,-1,
7,7,7,-1,
7,7,7,-1,
7,7,7,-1,
7,7,7,-1,
7,7,7,-1,
7,7,7,-1,
7,7,7,-1,
7,7,7,-1,
7,7,7,-1,
7,7,7,-1,
7,7,7,-1,
7,7,7,-1,
7,7,7,-1,
7,7,7,-1,
7,7,7,-1,
7,7,7,-1,
7,7,7,-1,
7,7,7,-1,
7,7,7,-1,
7,7,7,-1,
7,7,7,-1,
7,7,7,-1,
7,7,7,-1,
7,7,7,-1,
7,7,7,-1,
7,7,7,-1,
7,7,7,-1,
7,7,7,-1,
7,7,7,-1,
7,7,7,-1,
7,7,7,-1,
7,7,7,-1,
7,7,7,-1,
7,7,7,-1,
7,7,7,-1,
7,7,7,-1,
7,7,7,-1,
7,7,7,-1,
7,7,7,-1,
7,7,7,-1,
7,7,7,-1,
7,7,7,-1,
7,7,7,-1,
7,7,7,-1,
7,7,7,-1,
7,7,7,-1,
7,7,7,-1,
7,7,7,-1,
7,7,7,-1,
7,7,7,-1,
7,7,7,-1,
7,7,7,-1,
7,7,7,-1,
7,7,7,-1,
7,7,7,-1,
7,7,7,-1,
7,7,7,-1,
7,7,7,-1,
7,7,7,-1,
7,7,7,-1,
7,7,7,-1,
7,7,7,-1,
7,7,7,-1,
7,7,7,-1,
7,7,7,-1,
7,7,7,-1,
7,7,7,-1,
7,7,7,-1,
7,7,7,-1,
7,7,7,-1,
7,7,7,-1,
7,7,7,-1,
7,7,7,-1,
7,7,7,-1,
7,7,7,-1,
7,7,7,-1,
7,7,7,-1,
7,7,7,-1,
7,7,7,-1,
7,7,7,-1,
7,7,7,-1,
7,7,7,-1,
7,7,7,-1,
7,7,7,-1,
7,7,7,-1,
7,7,7,-1,
7,7,7,-1,
7,7,7,-1,
7,7,7,-1,
7,7,7,-1,
7,7,7,-1,
7,7,7,-1,
7,7,7,-1,
7,7,7,-1,
7,7,7,-1,
7,7,7,-1,
7,7,7,-1,
7,7,7,-1,
7,7,7,-1,
7,7,7,-1,
7,7,7,-1,
7,7,7,-1,
7,7,7,-1,
7,7,7,-1,
7,7,7,-1,
7,7,7,-1,
7,7,7,-1,
7,7,7,-1,
7,7,7,-1,
7,7,7,-1,
7,7,7,-1,
7,7,7,-1,
7,7,7,-1,
7,7,7,-1,
7,7,7,-1,
7,7,7,-1,
7,7,7,-1,
7,7,7,-1,
7,7,7,-1,
7,7,7,-1,
7,7,7,-1,
7,7,7,-1,
7,7,7,-1,
7,7,7,-1,
7,7,7,-1,
7,7,7,-1,
7,7,7,-1,
7,7,7,-1,
7,7,7,-1,
7,7,7,-1,
7,7,7,-1,
7,7,7,-1,
7,7,7,-1,
7,7,7,-1,
7,7,7,-1,
7,7,7,-1,
7,7,7,-1,
7,7,7,-1,
7,7,7,-1,
7,7,7,-1,
7,7,7,-1,
7,7,7,-1,
7,7,7,-1,
7,7,7,-1,
7,7,7,-1,
7,7,7,-1,
7,7,7,-1,
7,7,7,-1,
7,7,7,-1,
7,7,7,-1,
7,7,7,-1,
7,7,7,-1,
7,7,7,-1,
7,7,7,-1,
7,7,7,-1,
7,7,7,-1,
7,7,7,-1,
7,7,7,-1,
7,7,7,-1,
7,7,7,-1,
7,7,7,-1,
7,7,7,-1,
7,7,7,-1,
7,7,7,-1,
7,7,7,-1,
7,7,7,-1,
7,7,7,-1,
7,7,7,-1,
7,7,7,-1,
7,7,7,-1,
7,7,7,-1,
7,7,7,-1,
7,7,7,-1,
7,7,7,-1,
7,7,7,-1,
7,7,7,-1,
7,7,7,-1,
7,7,7,-1,
7,7,7,-1,
7,7,7,-1,
7,7,7,-1,
7,7,7,-1,
7,7,7,-1,
7,7,7,-1,
7,7,7,-1,
7,7,7,-1,
7,7,7,-1,
7,7,7,-1,
7,7,7,-1,
7,7,7,-1,
7,7,7,-1,
7,7,7,-1,
7,7,7,-1,
7,7,7,-1,
7,7,7,-1,
7,7,7,-1,
7,7,7,-1,
7,7,7,-1,
7,7,7,-1,
7,7,7,-1,
7,7,7,-1,
7,7,7,-1,
7,7,7,-1,
7,7,7,-1,
7,7,7,-1,
7,7,7,-1,
7,7,7,-1,
7,7,7,-1,
7,7,7,-1,
7,7,7,-1,
7,7,7,-1,
7,7,7,-1,
7,7,7,-1,
7,7,7,-1,
7,7,7,-1,
7,7,7,-1,
7,7,7,-1,
7,7,7,-1,
7,7,7,-1,
7,7,7,-1,
7,7,7,-1,
7,7,7,-1,
7,7,7,-1,
7,7,7,-1,
7,7,7,-1,
7,7,7,-1,
7,7,7,-1,
7,7,7,-1,
7,7,7,-1,
7,7,7,-1,
7,7,7,-1,
7,7,7,-1,
7,7,7,-1,
7,7,7,-1,
7,7,7,-1,
7,7,7,-1,
7,7,7,-1,
7,7,7,-1,
7,7,7,-1,
7,7,7,-1,
7,7,7,-1,
7,7,7,-1,
7,7,7,-1,
7,7,7,-1,
7,7,7,-1,
7,7,7,-1,
7,7,7,-1,
7,7,7,-1,
7,7,7,-1,
7,7,7,-1,
7,7,7,-1,
7,7,7,-1,
7,7,7,-1,
7,7,7,-1,
7,7,7,-1,
7,7,7,-1,
7,7,7,-1,
7,7,7,-1,
7,7,7,-1,
7,7,7,-1,
7,7,7,-1,
7,7,7,-1,
7,7,7,-1,
7,7,7,-1,
7,7,7,-1,
7,7,7,-1,
7,7,7,-1,
7,7,7,-1,
7,7,7,-1,
7,7,7,-1,
7,7,7,-1,
7,7,7,-1,
7,7,7,-1,
7,7,7,-1,
7,7,7,-1,
7,7,7,-1,
7,7,7,-1,
7,7,7,-1,
7,7,7,-1,
7,7,7,-1,
7,7,7,-1,
7,7,7,-1,
7,7,7,-1,
7,7,7,-1,
7,7,7,-1,
7,7,7,-1,
7,7,7,-1,
7,7,7,-1,
7,7,7,-1,
7,7,7,-1,
7,7,7,-1,
7,7,7,-1,
7,7,7,-1,
7,7,7,-1,
7,7,7,-1,
7,7,7,-1,
7,7,7,-1,
7,7,7,-1,
7,7,7,-1,
7,7,7,-1,
7,7,7,-1,
7,7,7,-1,
7,7,7,-1,
7,7,7,-1,
7,7,7,-1,
7,7,7,-1,
7,7,7,-1,
7,7,7,-1,
7,7,7,-1,
7,7,7,-1,
7,7,7,-1,
7,7,7,-1,
7,7,7,-1,
7,7,7,-1,
7,7,7,-1,
7,7,7,-1,
7,7,7,-1,
7,7,7,-1,
7,7,7,-1,
7,7,7,-1,
7,7,7,-1,
7,7,7,-1,
7,7,7,-1,
7,7,7,-1,
7,7,7,-1,
7,7,7,-1,
7,7,7,-1,
7,7,7,-1,
7,7,7,-1,
7,7,7,-1,
7,7,7,-1,
7,7,7,-1,
7,7,7,-1,
7,7,7,-1,
7,7,7,-1,
7,7,7,-1,
7,7,7,-1,
7,7,7,-1,
7,7,7,-1,
7,7,7,-1,
7,7,7,-1,
7,7,7,-1,
7,7,7,-1,
7,7,7,-1,
7,7,7,-1,
7,7,7,-1,
7,7,7,-1,
7,7,7,-1,
7,7,7,-1,
7,7,7,-1,
7,7,7,-1,
7,7,7,-1,
7,7,7,-1,
7,7,7,-1,
7,7,7,-1,
7,7,7,-1,
7,7,7,-1,
7,7,7,-1,
7,7,7,-1,
7,7,7,-1,
7,7,7,-1,
7,7,7,-1,
7,7,7,-1,
7,7,7,-1,
7,7,7,-1,
7,7,7,-1,
7,7,7,-1,
7,7,7,-1,
7,7,7,-1,
7,7,7,-1,
7,7,7,-1,
7,7,7,-1,
7,7,7,-1,
7,7,7,-1,
7,7,7,-1,
7,7,7,-1,
7,7,7,-1,
7,7,7,-1,
7,7,7,-1,
7,7,7,-1,
7,7,7,-1,
7,7,7,-1,
7,7,7,-1,
7,7,7,-1,
7,7,7,-1,
7,7,7,-1,
7,7,7,-1,
7,7,7,-1,
7,7,7,-1,
7,7,7,-1,
7,7,7,-1,
7,7,7,-1,
7,7,7,-1,
7,7,7,-1,
7,7,7,-1,
7,7,7,-1,
7,7,7,-1,
7,7,7,-1,
7,7,7,-1,
7,7,7,-1,
7,7,7,-1,
7,7,7,-1,
7,7,7,-1,
7,7,7,-1,
7,7,7,-1,
7,7,7,-1,
7,7,7,-1,
7,7,7,-1,
7,7,7,-1,
7,7,7,-1,
7,7,7,-1,
7,7,7,-1,
7,7,7,-1,
7,7,7,-1,
7,7,7,-1,
7,7,7,-1,
7,7,7,-1,
7,7,7,-1,
7,7,7,-1,
7,7,7,-1,
7,7,7,-1,
7,7,7,-1,
7,7,7,-1,
7,7,7,-1,
7,7,7,-1,
7,7,7,-1,
7,7,7,-1,
7,7,7,-1,
7,7,7,-1,
7,7,7,-1,
7,7,7,-1,
7,7,7,-1,
7,7,7,-1,
7,7,7,-1,
7,7,7,-1,
7,7,7,-1,
7,7,7,-1,
7,7,7,-1,
7,7,7,-1,
7,7,7,-1,
7,7,7,-1,
7,7,7,-1,
7,7,7,-1,
7,7,7,-1,
7,7,7,-1,
7,7,7,-1,
7,7,7,-1,
7,7,7,-1,
7,7,7,-1,
7,7,7,-1,
7,7,7,-1,
7,7,7,-1,
7,7,7,-1,
7,7,7,-1,
7,7,7,-1,
7,7,7,-1,
7,7,7,-1,
7,7,7,-1,
7,7,7,-1,
7,7,7,-1,
7,7,7,-1,
7,7,7,-1,
7,7,7,-1,
7,7,7,-1,
7,7,7,-1,
7,7,7,-1,
7,7,7,-1,
7,7,7,-1,
7,7,7,-1,
7,7,7,-1,
7,7,7,-1,
7,7,7,-1,
7,7,7,-1,
7,7,7,-1,
7,7,7,-1,
7,7,7,-1,
7,7,7,-1,
7,7,7,-1,
7,7,7,-1,
7,7,7,-1,
7,7,7,-1,
7,7,7,-1,
7,7,7,-1,
7,7,7,-1,
7,7,7,-1,
7,7,7,-1,
7,7,7,-1,
7,7,7,-1,
7,7,7,-1,
7,7,7,-1,
7,7,7,-1,
7,7,7,-1,
7,7,7,-1,
7,7,7,-1,
7,7,7,-1,
7,7,7,-1,
7,7,7,-1,
7,7,7,-1,
7,7,7,-1,
7,7,7,-1,
7,7,7,-1,
7,7,7,-1,
7,7,7,-1,
7,7,7,-1,
7,7,7,-1,
7,7,7,-1,
7,7,7,-1,
7,7,7,-1,
7,7,7,-1,
7,7,7,-1,
7,7,7,-1,
0,0,0,-1,
0,0,0,-1,
0,0,0,-1,
0,0,0,-1,
0,0,0,-1,
0,0,0,-1,
0,0,0,-1,
0,0,0,-1,
0,0,0,-1,
0,0,0,-1,
0,0,0,-1,
0,0,0,-1,
0,0,0,-1,
0,0,0,-1,
0,0,0,-1,
0,0,0,-1,
0,0,0,-1,
0,0,0,-1,
0,0,0,-1,
0,0,0,-1,
0,0,0,-1,
0,0,0,-1,
0,0,0,-1,
0,0,0,-1,
0,0,0,-1,
0,0,0,-1,
0,0,0,-1,
0,0,0,-1,
0,0,0,-1,
0,0,0,-1,
0,0,0,-1,
0,0,0,-1,
0,0,0,-1,
0,0,0,-1,
0,0,0,-1,
0,0,0,-1,
0,0,0,-1,
1,1,1,-1,
1,1,1,-1,
11,11,11,-1,
11,11,11,-1,
9,11,9,-1,
9,11,11,-1,
4,4,4,-1,
4,4,4,-1,
4,4,4,-1,
4,4,4,-1,
4,4,4,-1,
4,4,4,-1,
4,4,4,-1,
4,4,4,-1,
4,4,4,-1,
4,4,4,-1,
4,4,4,-1,
4,4,4,-1,
4,4,4,-1,
4,4,4,-1,
4,4,4,-1,
4,4,4,-1,
4,4,4,-1,
4,4,4,-1,
4,4,4,-1,
4,4,4,-1,
4,4,4,-1,
4,4,4,-1,
4,4,4,-1,
4,4,4,-1,
4,4,4,-1,
4,4,4,-1,
4,4,4,-1,
4,4,4,-1,
4,4,4,-1,
4,4,4,-1,
4,4,4,-1,
4,4,4,-1,
4,4,4,-1,
4,4,4,-1,
4,4,4,-1,
4,4,4,-1,
4,4,4,-1,
4,4,4,-1,
4,4,4,-1,
4,4,4,-1,
4,4,4,-1,
4,4,4,-1,
4,4,4,-1,
4,4,4,-1,
4,4,4,-1,
4,4,4,-1,
4,4,4,-1,
4,4,4,-1,
4,4,4,-1,
4,4,4,-1,
4,4,4,-1,
4,4,4,-1,
4,4,4,-1,
4,4,4,-1,
4,4,4,-1,
4,4,4,-1,
4,4,4,-1,
4,4,4,-1,
4,4,4,-1,
4,4,4,-1,
4,4,4,-1,
4,4,4,-1,
4,4,4,-1,
4,4,4,-1,
4,4,4,-1,
4,4,4,-1,
4,4,4,-1,
4,4,4,-1,
4,4,4,-1,
4,4,4,-1,
4,4,4,-1,
4,4,4,-1,
4,4,4,-1,
4,4,4,-1,
4,4,4,-1,
4,4,4,-1,
4,4,4,-1,
4,4,4,-1,
4,4,4,-1,
4,4,4,-1,
4,4,4,-1,
4,4,4,-1,
4,4,4,-1,
4,4,4,-1,
4,4,4,-1,
4,4,4,-1,
4,4,4,-1,
4,4,4,-1,
4,4,4,-1,
4,4,4,-1,
4,4,4,-1,
4,4,4,-1,
4,4,4,-1,
4,4,4,-1,
4,4,4,-1,
4,4,4,-1,
4,4,4,-1,
4,4,4,-1,
4,4,4,-1,
4,4,4,-1,
4,4,4,-1,
4,4,4,-1,
4,4,4,-1,
4,4,4,-1,
4,4,4,-1,
4,4,4,-1,
4,4,4,-1,
4,4,4,-1,
4,4,4,-1,
4,4,4,-1,
4,4,4,-1,
4,4,4,-1,
4,4,4,-1,
4,4,4,-1,
4,4,4,-1,
4,4,4,-1,
4,4,4,-1,
4,4,4,-1,
4,4,4,-1,
4,4,4,-1,
4,4,4,-1,
4,4,4,-1,
4,4,4,-1,
4,4,4,-1,
4,4,4,-1,
4,4,4,-1,
4,4,4,-1,
4,4,4,-1,
4,4,4,-1,
4,4,4,-1,
4,4,4,-1,
4,4,4,-1,
4,4,4,-1,
4,4,4,-1,
4,4,4,-1,
4,4,4,-1,
4,4,4,-1,
4,4,4,-1,
4,4,4,-1,
4,4,4,-1,
4,4,4,-1,
4,4,4,-1,
4,4,4,-1,
4,4,4,-1,
4,4,4,-1,
4,4,4,-1,
4,4,4,-1,
4,4,4,-1,
4,4,4,-1,
4,4,4,-1,
4,4,4,-1,
4,4,4,-1,
4,4,4,-1,
4,4,4,-1,
4,4,4,-1,
4,4,4,-1,
4,4,4,-1,
4,4,4,-1,
4,4,4,-1,
4,4,4,-1,
4,4,4,-1,
4,4,4,-1,
4,4,4,-1,
4,4,4,-1,
4,4,4,-1,
4,4,4,-1,
4,4,4,-1,
4,4,4,-1,
4,4,4,-1,
4,4,4,-1,
4,4,4,-1,
4,4,4,-1,
4,4,4,-1,
4,4,4,-1,
4,4,4,-1,
4,4,4,-1,
4,4,4,-1,
4,4,4,-1,
4,4,4,-1,
4,4,4,-1,
4,4,4,-1,
4,4,4,-1,
4,4,4,-1,
4,4,4,-1,
4,4,4,-1,
4,4,4,-1,
4,4,4,-1,
4,4,4,-1,
4,4,4,-1,
4,4,4,-1,
4,4,4,-1,
4,4,4,-1,
4,4,4,-1,
4,4,4,-1,
4,4,4,-1,
4,4,4,-1,
4,4,4,-1,
4,4,4,-1,
4,4,4,-1,
4,4,4,-1,
4,4,4,-1,
4,4,4,-1,
4,4,4,-1,
4,4,4,-1,
4,4,4,-1,
4,4,4,-1,
4,4,4,-1,
4,4,4,-1,
4,4,4,-1,
4,4,4,-1,
4,4,4,-1,
4,4,4,-1,
4,4,4,-1,
4,4,4,-1,
4,4,4,-1,
4,4,4,-1,
4,4,4,-1,
4,4,4,-1,
4,4,4,-1,
4,4,4,-1,
4,4,4,-1,
4,4,4,-1,
4,4,4,-1,
4,4,4,-1,
4,4,4,-1,
4,4,4,-1,
4,4,4,-1,
4,4,4,-1,
4,4,4,-1,
4,4,4,-1,
4,4,4,-1,
4,4,4,-1,
4,4,4,-1,
4,4,4,-1,
4,4,4,-1,
4,4,4,-1,
4,4,4,-1,
4,4,4,-1,
4,4,4,-1,
4,4,4,-1,
4,4,4,-1,
4,4,4,-1,
4,4,4,-1,
4,4,4,-1,
4,4,4,-1,
4,4,4,-1,
4,4,4,-1,
4,4,4,-1,
4,4,4,-1,
4,4,4,-1,
4,4,4,-1,
4,4,4,-1,
4,4,4,-1,
4,4,4,-1,
4,4,4,-1,
4,4,4,-1,
4,4,4,-1,
4,4,4,-1,
4,4,4,-1,
4,4,4,-1,
4,4,4,-1,
4,4,4,-1,
4,4,4,-1,
4,4,4,-1,
4,4,4,-1,
4,4,4,-1,
4,4,4,-1,
4,4,4,-1,
4,4,4,-1,
4,4,4,-1,
4,4,4,-1,
4,4,4,-1,
4,4,4,-1,
4,4,4,-1,
4,4,4,-1,
4,4,4,-1,
4,4,4,-1,
4,4,4,-1,
4,4,4,-1,
4,4,4,-1,
4,4,4,-1,
4,4,4,-1,
4,4,4,-1,
4,4,4,-1,
4,4,4,-1,
4,4,4,-1,
4,4,4,-1,
4,4,4,-1,
4,4,4,-1,
4,4,4,-1,
4,4,4,-1,
4,4,4,-1,
4,4,4,-1,
4,4,4,-1,
4,4,4,-1,
4,4,4,-1,
4,4,4,-1,
4,4,4,-1,
4,4,4,-1,
4,4,4,-1,
4,4,4,-1,
4,4,4,-1,
4,4,4,-1,
4,4,4,-1,
4,4,4,-1,
4,4,4,-1,
4,4,4,-1,
4,4,4,-1,
4,4,4,-1,
4,4,4,-1,
4,4,4,-1,
4,4,4,-1,
4,4,4,-1,
4,4,4,-1,
4,4,4,-1,
4,4,4,-1,
4,4,4,-1,
4,4,4,-1,
4,4,4,-1,
4,4,4,-1,
4,4,4,-1,
4,4,4,-1,
4,4,4,-1,
4,4,4,-1,
4,4,4,-1,
4,4,4,-1,
4,4,4,-1,
4,4,4,-1,
4,4,4,-1,
4,4,4,-1,
4,4,4,-1,
4,4,4,-1,
4,4,4,-1,
4,4,4,-1,
4,4,4,-1,
4,4,4,-1,
4,4,4,-1,
4,4,4,-1,
4,4,4,-1,
4,4,4,-1,
4,4,4,-1,
4,4,4,-1,
4,4,4,-1,
4,4,4,-1,
4,4,4,-1,
4,4,4,-1,
4,4,4,-1,
4,4,4,-1,
4,4,4,-1,
4,4,4,-1,
4,4,4,-1,
4,4,4,-1,
4,4,4,-1,
4,4,4,-1,
4,4,4,-1,
4,4,4,-1,
4,4,4,-1,
4,4,4,-1,
4,4,4,-1,
4,4,4,-1,
4,4,4,-1,
4,4,4,-1,
4,4,4,-1,
4,4,4,-1,
4,4,4,-1,
4,4,4,-1,
4,4,4,-1,
4,4,4,-1,
4,4,4,-1,
4,4,4,-1,
4,4,4,-1,
4,4,4,-1,
4,4,4,-1,
4,4,4,-1,
4,4,4,-1,
4,4,4,-1,
4,4,4,-1,
4,4,4,-1,
4,4,4,-1,
4,4,4,-1,
4,4,4,-1,
4,4,4,-1,
4,4,4,-1,
4,4,4,-1,
4,4,4,-1,
4,4,4,-1,
4,4,4,-1,
4,4,4,-1,
4,4,4,-1,
4,4,4,-1,
4,4,4,-1,
4,4,4,-1,
4,4,4,-1,
4,4,4,-1,
4,4,4,-1,
4,4,4,-1,
4,4,4,-1,
4,4,4,-1,
4,4,4,-1,
4,4,4,-1,
4,4,4,-1,
4,4,4,-1,
4,4,4,-1,
4,4,4,-1,
4,4,4,-1,
4,4,4,-1,
4,4,4,-1,
4,4,4,-1,
4,4,4,-1,
4,4,4,-1,
4,4,4,-1,
4,4,4,-1,
4,4,4,-1,
4,4,4,-1,
4,4,4,-1,
4,4,4,-1,
4,4,4,-1,
4,4,4,-1,
4,4,4,-1,
4,4,4,-1,
4,4,4,-1,
4,4,4,-1,
4,4,4,-1,
4,4,4,-1,
4,4,4,-1,
4,4,4,-1,
4,4,4,-1,
4,4,4,-1,
4,4,4,-1,
4,4,4,-1,
4,4,4,-1,
4,4,4,-1,
4,4,4,-1,
4,4,4,-1,
4,4,4,-1,
4,4,4,-1,
4,4,4,-1,
4,4,4,-1,
4,4,4,-1,
4,4,4,-1,
4,4,4,-1,
4,4,4,-1,
4,4,4,-1,
4,4,4,-1,
4,4,4,-1,
4,4,4,-1,
4,4,4,-1,
4,4,4,-1,
4,4,4,-1,
4,4,4,-1,
4,4,4,-1,
4,4,4,-1,
4,4,4,-1,
4,4,4,-1,
4,4,4,-1,
4,4,4,-1,
4,4,4,-1,
4,4,4,-1,
4,4,4,-1,
4,4,4,-1,
4,4,4,-1,
4,4,4,-1,
4,4,4,-1,
4,4,4,-1,
4,4,4,-1,
4,4,4,-1,
4,4,4,-1,
4,4,4,-1,
4,4,4,-1,
4,4,4,-1,
4,4,4,-1,
4,4,4,-1,
4,4,4,-1,
4,4,4,-1,
4,4,4,-1,
4,4,4,-1,
4,4,4,-1,
4,4,4,-1,
4,4,4,-1,
4,4,4,-1,
4,4,4,-1,
4,4,4,-1,
4,4,4,-1,
4,4,4,-1,
4,4,4,-1,
4,4,4,-1,
4,4,4,-1,
4,4,4,-1,
4,4,4,-1,
4,4,4,-1,
4,4,4,-1,
4,4,4,-1,
4,4,4,-1,
4,4,4,-1,
4,4,4,-1,
4,4,4,-1,
4,4,4,-1,
4,4,4,-1,
4,4,4,-1,
4,4,4,-1,
4,4,4,-1,
4,4,4,-1,
4,4,4,-1,
4,4,4,-1,
4,4,4,-1,
4,4,4,-1,
4,4,4,-1,
4,4,4,-1,
4,4,4,-1,
4,4,4,-1,
4,4,4,-1,
4,4,4,-1,
4,4,4,-1,
4,4,4,-1,
4,4,4,-1,
4,4,4,-1,
4,4,4,-1,
4,4,4,-1,
4,4,4,-1,
4,4,4,-1,
4,4,4,-1,
4,4,4,-1,
4,4,4,-1,
4,4,4,-1,
4,4,4,-1,
4,4,4,-1,
4,4,4,-1,
4,4,4,-1,
4,4,4,-1,
4,4,4,-1,
4,4,4,-1,
4,4,4,-1,
4,4,4,-1,
4,4,4,-1,
4,4,4,-1,
4,4,4,-1,
4,4,4,-1,
4,4,4,-1,
4,4,4,-1,
4,4,4,-1,
4,4,4,-1,
4,4,4,-1,
4,4,4,-1,
4,4,4,-1,
4,4,4,-1,
4,4,4,-1,
4,4,4,-1,
4,4,4,-1,
4,4,4,-1,
4,4,4,-1,
4,4,4,-1,
4,4,4,-1,
4,4,4,-1,
4,4,4,-1,
4,4,4,-1,
4,4,4,-1,
4,4,4,-1,
4,4,4,-1,
4,4,4,-1,
4,4,4,-1,
4,4,4,-1,
4,4,4,-1,
4,4,4,-1,
4,4,4,-1,
4,4,4,-1,
4,4,4,-1,
4,4,4,-1,
4,4,4,-1,
4,4,4,-1,
4,4,4,-1,
4,4,4,-1,
4,4,4,-1,
4,4,4,-1,
4,4,4,-1,
4,4,4,-1,
4,4,4,-1,
4,4,4,-1,
4,4,4,-1,
4,4,4,-1,
4,4,4,-1,
4,4,4,-1,
4,4,4,-1,
4,4,4,-1,
4,4,4,-1,
4,4,4,-1,
4,4,4,-1,
4,4,4,-1,
4,4,4,-1,
4,4,4,-1,
4,4,4,-1,
4,4,4,-1,
4,4,4,-1,
4,4,4,-1,
4,4,4,-1,
4,4,4,-1,
4,4,4,-1,
4,4,4,-1,
4,4,4,-1,
4,4,4,-1,
4,4,4,-1,
4,4,4,-1,
4,4,4,-1,
4,4,4,-1,
4,4,4,-1,
4,4,4,-1,
4,4,4,-1,
4,4,4,-1,
4,4,4,-1,
4,4,4,-1,
4,4,4,-1,
4,4,4,-1,
4,4,4,-1,
4,4,4,-1,
4,4,4,-1,
4,4,4,-1,
4,4,4,-1,
4,4,4,-1,
4,4,4,-1,
4,4,4,-1,
4,4,4,-1,
4,4,4,-1,
4,4,4,-1,
4,4,4,-1,
4,4,4,-1,
4,4,4,-1,
4,4,4,-1,
4,4,4,-1,
4,4,4,-1,
4,4,4,-1,
4,4,4,-1,
4,4,4,-1,
4,4,4,-1,
4,4,4,-1,
4,4,4,-1,
4,4,4,-1,
4,4,4,-1,
4,4,4,-1,
4,4,4,-1,
4,4,4,-1,
4,4,4,-1,
4,4,4,-1,
4,4,4,-1,
4,4,4,-1,
4,4,4,-1,
4,4,4,-1,
4,4,4,-1,
4,4,4,-1,
4,4,4,-1,
4,4,4,-1,
4,4,4,-1,
4,4,4,-1,
4,4,4,-1,
4,4,4,-1,
4,4,4,-1,
4,4,4,-1,
4,4,4,-1,
4,4,4,-1,
4,4,4,-1,
4,4,4,-1,
4,4,4,-1,
4,4,4,-1,
4,4,4,-1,
4,4,4,-1,
4,4,4,-1,
4,4,4,-1,
4,4,4,-1,
4,4,4,-1,
4,4,4,-1,
4,4,4,-1,
4,4,4,-1,
4,4,4,-1,
4,4,4,-1,
4,4,4,-1,
4,4,4,-1,
4,4,4,-1,
4,4,4,-1,
4,4,4,-1,
4,4,4,-1,
4,4,4,-1,
4,4,4,-1,
4,4,4,-1,
4,4,4,-1,
4,4,4,-1,
4,4,4,-1,
4,4,4,-1,
4,4,4,-1,
4,4,4,-1,
4,4,4,-1,
4,4,4,-1,
4,4,4,-1,
4,4,4,-1,
4,4,4,-1,
4,4,4,-1,
4,4,4,-1,
4,4,4,-1,
4,4,4,-1,
4,4,4,-1,
4,4,4,-1,
4,4,4,-1,
4,4,4,-1,
4,4,4,-1,
4,4,4,-1,
4,4,4,-1,
4,4,4,-1,
4,4,4,-1,
4,4,4,-1,
4,4,4,-1,
4,4,4,-1,
4,4,4,-1,
4,4,4,-1,
4,4,4,-1,
4,4,4,-1,
4,4,4,-1,
4,4,4,-1,
4,4,4,-1,
4,4,4,-1,
4,4,4,-1,
4,4,4,-1,
4,4,4,-1,
4,4,4,-1,
4,4,4,-1,
4,4,4,-1,
4,4,4,-1,
4,4,4,-1,
4,4,4,-1,
4,4,4,-1,
4,4,4,-1,
4,4,4,-1,
4,4,4,-1,
4,4,4,-1,
4,4,4,-1,
4,4,4,-1,
4,4,4,-1,
4,4,4,-1,
4,4,4,-1,
4,4,4,-1,
4,4,4,-1,
4,4,4,-1,
4,4,4,-1,
4,4,4,-1,
4,4,4,-1,
4,4,4,-1,
4,4,4,-1,
4,4,4,-1,
4,4,4,-1,
4,4,4,-1,
4,4,4,-1,
4,4,4,-1,
4,4,4,-1,
4,4,4,-1,
4,4,4,-1,
4,4,4,-1,
4,4,4,-1,
4,4,4,-1,
4,4,4,-1,
4,4,4,-1,
4,4,4,-1,
4,4,4,-1,
4,4,4,-1,
4,4,4,-1,
4,4,4,-1,
4,4,4,-1,
4,4,4,-1,
4,4,4,-1,
4,4,4,-1,
4,4,4,-1,
4,4,4,-1,
4,4,4,-1,
4,4,4,-1,
4,4,4,-1,
4,4,4,-1,
4,4,4,-1,
4,4,4,-1,
4,4,4,-1,
4,4,4,-1,
4,4,4,-1,
4,4,4,-1,
4,4,4,-1,
4,4,4,-1,
4,4,4,-1,
4,4,4,-1,
4,4,4,-1,
4,4,4,-1,
4,4,4,-1,
4,4,4,-1,
4,4,4,-1,
4,4,4,-1,
4,4,4,-1,
4,4,4,-1,
4,4,4,-1,
4,4,4,-1,
4,4,4,-1,
4,4,4,-1,
4,4,4,-1,
4,4,4,-1,
4,4,4,-1,
4,4,4,-1,
4,4,4,-1,
4,4,4,-1,
4,4,4,-1,
4,4,4,-1,
4,4,4,-1,
4,4,4,-1,
4,4,4,-1,
4,4,4,-1,
4,4,4,-1,
4,4,4,-1,
4,4,4,-1,
4,4,4,-1,
4,4,4,-1,
4,4,4,-1,
4,4,4,-1,
4,4,4,-1,
4,4,4,-1,
4,4,4,-1,
4,4,4,-1,
4,4,4,-1,
4,4,4,-1,
4,4,4,-1,
4,4,4,-1,
4,4,4,-1,
4,4,4,-1,
4,4,4,-1,
4,4,4,-1,
4,4,4,-1,
4,4,4,-1,
4,4,4,-1,
4,4,4,-1,
4,4,4,-1,
4,4,4,-1,
4,4,4,-1,
4,4,4,-1,
4,4,4,-1,
4,4,4,-1,
4,4,4,-1,
4,4,4,-1,
4,4,4,-1,
4,4,4,-1,
4,4,4,-1,
4,4,4,-1,
4,4,4,-1,
4,4,4,-1,
4,4,4,-1,
4,4,4,-1,
4,4,4,-1,
4,4,4,-1,
4,4,4,-1,
4,4,4,-1,
4,4,4,-1,
4,4,4,-1,
4,4,4,-1,
4,4,4,-1,
4,4,4,-1,
4,4,4,-1,
4,4,4,-1,
4,4,4,-1,
4,4,4,-1,
4,4,4,-1,
4,4,4,-1,
4,4,4,-1,
4,4,4,-1,
4,4,4,-1,
4,4,4,-1,
4,4,4,-1,
4,4,4,-1,
4,4,4,-1,
4,4,4,-1,
4,4,4,-1,
4,4,4,-1,
4,4,4,-1,
4,4,4,-1,
4,4,4,-1,
4,4,4,-1,
4,4,4,-1,
4,4,4,-1,
4,4,4,-1,
4,4,4,-1,
4,4,4,-1,
4,4,4,-1,
4,4,4,-1,
4,4,4,-1,
4,4,4,-1,
4,4,4,-1,
4,4,4,-1,
4,4,4,-1,
4,4,4,-1,
4,4,4,-1,
4,4,4,-1,
4,4,4,-1,
4,4,4,-1,
4,4,4,-1,
4,4,4,-1,
4,4,4,-1,
4,4,4,-1,
4,4,4,-1,
4,4,4,-1,
4,4,4,-1,
4,4,4,-1,
4,4,4,-1,
4,4,4,-1,
4,4,4,-1,
4,4,4,-1,
4,4,4,-1,
4,4,4,-1,
4,4,4,-1,
4,4,4,-1,
4,4,4,-1,
4,4,4,-1,
4,4,4,-1,
4,4,4,-1,
4,4,4,-1,
4,4,4,-1,
4,4,4,-1,
4,4,4,-1,
4,4,4,-1,
4,4,4,-1,
4,4,4,-1,
4,4,4,-1,
4,4,4,-1,
4,4,4,-1,
0,9,0,-1,
0,9,9,-1,
0,0,0,-1,
0,0,0,-1,
5,5,5,-1,
5,5,5,-1,
5,5,5,-1,
5,5,5,-1,
5,5,5,-1,
5,5,5,-1,
5,5,5,-1,
5,5,5,-1,
5,5,5,-1,
5,5,5,-1,
5,5,5,-1,
5,5,5,-1,
0,0,0,-1,
0,0,0,-1,
8,8,0,-1,
0,8,0,-1,
11,11,8,-1,
8,11,8,-1,
11,11,11,-1,
11,11,11,-1,
2,2,11,-1,
11,2,11,-1,
0,0,2,-1,
2,0,2,-1,
0,0,0,-1,
0,0,0,-1,
8,8,0,-1,
0,8,0,-1,
11,11,8,-1,
8,11,8,-1,
11,11,11,-1,
11,11,11,-1,
2,2,11,-1,
11,2,11,-1,
0,0,2,-1,
2,0,2,-1,
0,0,0,-1,
0,0,0,-1,
8,8,0,-1,
0,8,0,-1,
11,11,8,-1,
8,11,8,-1,
11,11,11,-1,
11,11,11,-1,
2,2,11,-1,
11,2,11,-1,
0,0,2,-1,
2,0,2,-1,
0,0,0,-1,
0,0,0,-1,
8,8,0,-1,
0,8,0,-1,
11,11,8,-1,
8,11,8,-1,
11,11,11,-1,
11,11,11,-1,
2,2,11,-1,
11,2,11,-1,
0,0,2,-1,
2,0,2,-1,
0,0,0,-1,
0,0,0,-1,
8,8,0,-1,
0,8,0,-1,
11,11,8,-1,
8,11,8,-1,
11,11,11,-1,
11,11,11,-1,
2,2,11,-1,
11,2,11,-1,
0,0,2,-1,
2,0,2,-1,
0,0,0,-1,
0,0,0,-1,
8,8,0,-1,
0,8,0,-1,
11,11,8,-1,
8,11,8,-1,
11,11,11,-1,
11,11,11,-1,
2,2,11,-1,
11,2,11,-1,
0,0,2,-1,
2,0,2,-1,
0,0,0,-1,
0,0,0,-1,
8,8,0,-1,
0,8,0,-1,
11,11,8,-1,
8,11,8,-1,
11,11,11,-1,
11,11,11,-1,
2,2,11,-1,
11,2,11,-1,
0,0,2,-1,
2,0,2,-1,
0,0,0,-1,
0,0,0,-1,
8,8,0,-1,
0,8,0,-1,
11,11,8,-1,
8,11,8,-1,
11,11,11,-1,
11,11,11,-1,
2,2,11,-1,
11,2,11,-1,
0,0,2,-1,
2,0,2,-1,
0,0,0,-1,
0,0,0,-1,
8,8,0,-1,
0,8,0,-1,
11,11,8,-1,
8,11,8,-1,
11,11,11,-1,
11,11,11,-1,
2,2,11,-1,
11,2,11,-1,
0,0,2,-1,
2,0,2,-1,
0,0,0,-1,
0,0,0,-1,
8,8,0,-1,
0,8,0,-1,
11,11,8,-1,
8,11,8,-1,
11,11,11,-1,
11,11,11,-1,
2,2,11,-1,
11,2,11,-1,
0,0,2,-1,
2,0,2,-1,
0,0,0,-1,
0,0,0,-1,
8,8,0,-1,
0,8,0,-1,
11,11,8,-1,
8,11,8,-1,
11,11,11,-1,
11,11,11,-1,
2,2,11,-1,
11,2,11,-1,
0,0,2,-1,
2,0,2,-1,
0,0,0,-1,
0,0,0,-1,
8,8,0,-1,
0,8,0,-1,
11,11,8,-1,
8,11,8,-1,
11,11,11,-1,
11,11,11,-1,
2,2,11,-1,
11,2,11,-1,
0,0,2,-1,
2,0,2,-1,
0,0,0,-1,
0,0,0,-1,
8,8,0,-1,
0,8,0,-1,
11,11,8,-1,
8,11,8,-1,
11,11,11,-1,
11,11,11,-1,
2,2,11,-1,
11,2,11,-1,
0,0,2,-1,
2,0,2,-1,
0,0,0,-1,
0,0,0,-1,
8,8,0,-1,
0,8,0,-1,
11,11,8,-1,
8,11,8,-1,
11,11,11,-1,
11,11,11,-1,
2,2,11,-1,
11,2,11,-1,
0,0,2,-1,
2,0,2,-1,
0,0,0,-1,
0,0,0,-1,
8,8,0,-1,
0,8,0,-1,
11,11,8,-1,
8,11,8,-1,
11,11,11,-1,
11,11,11,-1,
2,2,11,-1,
11,2,11,-1,
0,0,2,-1,
2,0,2,-1,
0,0,0,-1,
0,0,0,-1,
8,8,0,-1,
0,8,0,-1,
11,11,8,-1,
8,11,8,-1,
11,11,11,-1,
11,11,11,-1,
2,2,11,-1,
11,2,11,-1,
0,0,2,-1,
2,0,2,-1,
0,0,0,-1,
0,0,0,-1,
8,8,0,-1,
0,8,0,-1,
11,11,8,-1,
8,11,8,-1,
11,11,11,-1,
11,11,11,-1,
2,2,11,-1,
11,2,11,-1,
0,0,2,-1,
2,0,2,-1,
0,0,0,-1,
0,0,0,-1,
8,8,0,-1,
0,8,0,-1,
11,11,8,-1,
8,11,8,-1,
11,11,11,-1,
11,11,11,-1,
2,2,11,-1,
11,2,11,-1,
0,0,2,-1,
2,0,2,-1,
0,0,0,-1,
0,0,0,-1,
8,8,0,-1,
0,8,0,-1,
11,11,8,-1,
8,11,8,-1,
11,11,11,-1,
11,11,11,-1,
2,2,11,-1,
11,2,11,-1,
0,0,2,-1,
2,0,2,-1,
0,0,0,-1,
0,0,0,-1,
8,8,0,-1,
0,8,0,-1,
11,11,8,-1,
8,11,8,-1,
11,11,11,-1,
11,11,11,-1,
2,2,11,-1,
11,2,11,-1,
0,0,2,-1,
2,0,2,-1,
0,0,0,-1,
0,0,0,-1,
8,8,0,-1,
0,8,0,-1,
11,11,8,-1,
8,11,8,-1,
11,11,11,-1,
11,11,11,-1,
2,2,11,-1,
11,2,11,-1,
0,0,2,-1,
2,0,2,-1,
0,0,0,-1,
0,0,0,-1,
8,8,0,-1,
0,8,0,-1,
11,11,8,-1,
8,11,8,-1,
11,11,11,-1,
11,11,11,-1,
2,2,11,-1,
11,2,11,-1,
0,0,2,-1,
2,0,2,-1,
0,0,0,-1,
0,0,0,-1,
8,8,0,-1,
0,8,0,-1,
11,11,8,-1,
8,11,8,-1,
11,11,11,-1,
11,11,11,-1,
2,2,11,-1,
11,2,11,-1,
0,0,2,-1,
2,0,2,-1,
0,0,0,-1,
0,0,0,-1,
8,8,0,-1,
0,8,0,-1,
11,11,8,-1,
8,11,8,-1,
11,11,11,-1,
11,11,11,-1,
2,2,11,-1,
11,2,11,-1,
0,0,2,-1,
2,0,2,-1,
0,0,0,-1,
0,0,0,-1,
8,8,0,-1,
0,8,0,-1,
11,11,8,-1,
8,11,8,-1,
11,11,11,-1,
11,11,11,-1,
2,2,11,-1,
11,2,11,-1,
0,0,2,-1,
2,0,2,-1,
0,0,0,-1,
0,0,0,-1,
8,8,0,-1,
0,8,0,-1,
11,11,8,-1,
8,11,8,-1,
11,11,11,-1,
11,11,11,-1,
2,2,11,-1,
11,2,11,-1,
0,0,2,-1,
2,0,2,-1,
0,0,0,-1,
0,0,0,-1,
8,8,0,-1,
0,8,0,-1,
11,11,8,-1,
8,11,8,-1,
11,11,11,-1,
11,11,11,-1,
2,2,11,-1,
11,2,11,-1,
0,0,2,-1,
2,0,2,-1,
0,0,0,-1,
0,0,0,-1,
8,8,0,-1,
0,8,0,-1,
11,11,8,-1,
8,11,8,-1,
11,11,11,-1,
11,11,11,-1,
2,2,11,-1,
11,2,11,-1,
0,0,2,-1,
2,0,2,-1,
0,0,0,-1,
0,0,0,-1,
8,8,0,-1,
0,8,0,-1,
11,11,8,-1,
8,11,8,-1,
11,11,11,-1,
11,11,11,-1,
2,2,11,-1,
11,2,11,-1,
0,0,2,-1,
2,0,2,-1,
0,0,0,-1,
0,0,0,-1,
8,8,0,-1,
0,8,0,-1,
11,11,8,-1,
8,11,8,-1,
11,11,11,-1,
11,11,11,-1,
2,2,11,-1,
11,2,11,-1,
0,0,2,-1,
2,0,2,-1,
0,0,0,-1,
0,0,0,-1,
8,8,0,-1,
0,8,0,-1,
11,11,8,-1,
8,11,8,-1,
11,11,11,-1,
11,11,11,-1,
2,2,11,-1,
11,2,11,-1,
0,0,2,-1,
2,0,2,-1,
0,0,0,-1,
0,0,0,-1,
8,8,0,-1,
0,8,0,-1,
11,11,8,-1,
8,11,8,-1,
11,11,11,-1,
11,11,11,-1,
2,2,11,-1,
11,2,11,-1,
0,0,2,-1,
2,0,2,-1,
0,0,0,-1,
0,0,0,-1,
8,8,0,-1,
0,8,0,-1,
11,11,8,-1,
8,11,8,-1,
11,11,11,-1,
11,11,11,-1,
2,2,11,-1,
11,2,11,-1,
0,0,2,-1,
2,0,2,-1,
0,0,0,-1,
0,0,0,-1,
8,8,0,-1,
0,8,0,-1,
11,11,8,-1,
8,11,8,-1,
11,11,11,-1,
11,11,11,-1,
2,2,11,-1,
11,2,11,-1,
0,0,2,-1,
2,0,2,-1,
0,0,0,-1,
0,0,0,-1,
8,8,0,-1,
0,8,0,-1,
11,11,8,-1,
8,11,8,-1,
11,11,11,-1,
11,11,11,-1,
2,2,11,-1,
11,2,11,-1,
0,0,2,-1,
2,0,2,-1,
0,0,0,-1,
0,0,0,-1,
8,8,0,-1,
0,8,0,-1,
11,11,8,-1,
8,11,8,-1,
11,11,11,-1,
11,11,11,-1,
2,2,11,-1,
11,2,11,-1,
0,0,2,-1,
2,0,2,-1,
0,0,0,-1,
0,0,0,-1,
8,8,0,-1,
0,8,0,-1,
11,11,8,-1,
8,11,8,-1,
11,11,11,-1,
11,11,11,-1,
2,2,11,-1,
11,2,11,-1,
0,0,2,-1,
2,0,2,-1,
0,0,0,-1,
0,0,0,-1,
8,8,0,-1,
0,8,0,-1,
11,11,8,-1,
8,11,8,-1,
11,11,11,-1,
11,11,11,-1,
2,2,11,-1,
11,2,11,-1,
0,0,2,-1,
2,0,2,-1,
0,0,0,-1,
0,0,0,-1,
8,8,0,-1,
0,8,0,-1,
11,11,8,-1,
8,11,8,-1,
11,11,11,-1,
11,11,11,-1,
2,2,11,-1,
11,2,11,-1,
0,0,2,-1,
2,0,2,-1,
0,0,0,-1,
0,0,0,-1,
8,8,0,-1,
0,8,0,-1,
11,11,8,-1,
8,11,8,-1,
11,11,11,-1,
11,11,11,-1,
2,2,11,-1,
11,2,11,-1,
0,0,2,-1,
2,0,2,-1,
0,0,0,-1,
0,0,0,-1,
8,8,0,-1,
0,8,0,-1,
11,11,8,-1,
8,11,8,-1,
11,11,11,-1,
11,11,11,-1,
2,2,11,-1,
11,2,11,-1,
0,0,2,-1,
2,0,2,-1,
0,0,0,-1,
0,0,0,-1,
8,8,0,-1,
0,8,0,-1,
11,11,8,-1,
8,11,8,-1,
11,11,11,-1,
11,11,11,-1,
2,2,11,-1,
11,2,11,-1,
0,0,2,-1,
2,0,2,-1,
0,0,0,-1,
0,0,0,-1,
8,8,0,-1,
0,8,0,-1,
11,11,8,-1,
8,11,8,-1,
11,11,11,-1,
11,11,11,-1,
2,2,11,-1,
11,2,11,-1,
0,0,2,-1,
2,0,2,-1,
0,0,0,-1,
0,0,0,-1,
8,8,0,-1,
0,8,0,-1,
11,11,8,-1,
8,11,8,-1,
11,11,11,-1,
11,11,11,-1,
2,2,11,-1,
11,2,11,-1,
0,0,2,-1,
2,0,2,-1,
11,11,11,-1,
11,11,11,-1,
3,3,11,-1,
11,3,11,-1,
0,0,3,-1,
3,0,3,-1,
0,0,0,-1,
0,0,0,-1,
10,10,0,-1,
0,10,0,-1,
11,11,10,-1,
10,11,10,-1,
11,11,11,-1,
11,11,11,-1,
3,3,11,-1,
11,3,11,-1,
0,0,3,-1,
3,0,3,-1,
0,0,0,-1,
0,0,0,-1,
10,10,0,-1,
0,10,0,-1,
11,11,10,-1,
10,11,10,-1,
11,11,11,-1,
11,11,11,-1,
3,3,11,-1,
11,3,11,-1,
0,0,3,-1,
3,0,3,-1,
0,0,0,-1,
0,0,0,-1,
10,10,0,-1,
0,10,0,-1,
11,11,10,-1,
10,11,10,-1,
11,11,11,-1,
11,11,11,-1,
3,3,11,-1,
11,3,11,-1,
0,0,3,-1,
3,0,3,-1,
0,0,0,-1,
0,0,0,-1,
10,10,0,-1,
0,10,0,-1,
11,11,10,-1,
10,11,10,-1,
11,11,11,-1,
11,11,11,-1,
3,3,11,-1,
11,3,11,-1,
0,0,3,-1,
3,0,3,-1,
0,0,0,-1,
0,0,0,-1,
10,10,0,-1,
0,10,0,-1,
11,11,10,-1,
10,11,10,-1,
11,11,11,-1,
11,11,11,-1,
3,3,11,-1,
11,3,11,-1,
0,0,3,-1,
3,0,3,-1,
0,0,0,-1,
0,0,0,-1,
10,10,0,-1,
0,10,0,-1,
11,11,10,-1,
10,11,10,-1,
11,11,11,-1,
11,11,11,-1,
3,3,11,-1,
11,3,11,-1,
0,0,3,-1,
3,0,3,-1,
0,0,0,-1,
0,0,0,-1,
10,10,0,-1,
0,10,0,-1,
11,11,10,-1,
10,11,10,-1,
11,11,11,-1,
11,11,11,-1,
3,3,11,-1,
11,3,11,-1,
0,0,3,-1,
3,0,3,-1,
0,0,0,-1,
0,0,0,-1,
10,10,0,-1,
0,10,0,-1,
11,11,10,-1,
10,11,10,-1,
11,11,11,-1,
11,11,11,-1,
3,3,11,-1,
11,3,11,-1,
0,0,3,-1,
3,0,3,-1,
0,0,0,-1,
0,0,0,-1,
10,10,0,-1,
0,10,0,-1,
11,11,10,-1,
10,11,10,-1,
11,11,11,-1,
11,11,11,-1,
3,3,11,-1,
11,3,11,-1,
0,0,3,-1,
3,0,3,-1,
0,0,0,-1,
0,0,0,-1,
10,10,0,-1,
0,10,0,-1,
11,11,10,-1,
10,11,10,-1,
11,11,11,-1,
11,11,11,-1,
3,3,11,-1,
11,3,11,-1,
0,0,3,-1,
3,0,3,-1,
0,0,0,-1,
0,0,0,-1,
10,10,0,-1,
0,10,0,-1,
11,11,10,-1,
10,11,10,-1,
11,11,11,-1,
11,11,11,-1,
3,3,11,-1,
11,3,11,-1,
0,0,3,-1,
3,0,3,-1,
0,0,0,-1,
0,0,0,-1,
10,10,0,-1,
0,10,0,-1,
11,11,10,-1,
10,11,10,-1,
11,11,11,-1,
11,11,11,-1,
3,3,11,-1,
11,3,11,-1,
0,0,3,-1,
3,0,3,-1,
0,0,0,-1,
0,0,0,-1,
10,10,0,-1,
0,10,0,-1,
11,11,10,-1,
10,11,10,-1,
11,11,11,-1,
11,11,11,-1,
3,3,11,-1,
11,3,11,-1,
0,0,3,-1,
3,0,3,-1,
0,0,0,-1,
0,0,0,-1,
10,10,0,-1,
0,10,0,-1,
11,11,10,-1,
10,11,10,-1,
11,11,11,-1,
11,11,11,-1,
3,3,11,-1,
11,3,11,-1,
0,0,3,-1,
3,0,3,-1,
0,0,0,-1,
0,0,0,-1,
10,10,0,-1,
0,10,0,-1,
11,11,10,-1,
10,11,10,-1,
11,11,11,-1,
11,11,11,-1,
3,3,11,-1,
11,3,11,-1,
0,0,3,-1,
3,0,3,-1,
0,0,0,-1,
0,0,0,-1,
10,10,0,-1,
0,10,0,-1,
11,11,10,-1,
10,11,10,-1,
11,11,11,-1,
11,11,11,-1,
3,3,11,-1,
11,3,11,-1,
0,0,3,-1,
3,0,3,-1,
0,0,0,-1,
0,0,0,-1,
10,10,0,-1,
0,10,0,-1,
11,11,10,-1,
10,11,10,-1,
11,11,11,-1,
11,11,11,-1,
3,3,11,-1,
11,3,11,-1,
0,0,3,-1,
3,0,3,-1,
0,0,0,-1,
0,0,0,-1,
10,10,0,-1,
0,10,0,-1,
11,11,10,-1,
10,11,10,-1,
11,11,11,-1,
11,11,11,-1,
3,3,11,-1,
11,3,11,-1,
0,0,3,-1,
3,0,3,-1,
0,0,0,-1,
0,0,0,-1,
10,10,0,-1,
0,10,0,-1,
11,11,10,-1,
10,11,10,-1,
11,11,11,-1,
11,11,11,-1,
3,3,11,-1,
11,3,11,-1,
0,0,3,-1,
3,0,3,-1,
0,0,0,-1,
0,0,0,-1,
10,10,0,-1,
0,10,0,-1,
11,11,10,-1,
10,11,10,-1,
11,11,11,-1,
11,11,11,-1,
3,3,11,-1,
11,3,11,-1,
0,0,3,-1,
3,0,3,-1,
0,0,0,-1,
0,0,0,-1,
10,10,0,-1,
0,10,0,-1,
11,11,10,-1,
10,11,10,-1,
11,11,11,-1,
11,11,11,-1,
3,3,11,-1,
11,3,11,-1,
0,0,3,-1,
3,0,3,-1,
0,0,0,-1,
0,0,0,-1,
10,10,0,-1,
0,10,0,-1,
11,11,10,-1,
10,11,10,-1,
11,11,11,-1,
11,11,11,-1,
3,3,11,-1,
11,3,11,-1,
0,0,3,-1,
3,0,3,-1,
0,0,0,-1,
0,0,0,-1,
10,10,0,-1,
0,10,0,-1,
11,11,10,-1,
10,11,10,-1,
11,11,11,-1,
11,11,11,-1,
3,3,11,-1,
11,3,11,-1,
0,0,3,-1,
3,0,3,-1,
0,0,0,-1,
0,0,0,-1,
10,10,0,-1,
0,10,0,-1,
11,11,10,-1,
10,11,10,-1,
11,11,11,-1,
11,11,11,-1,
3,3,11,-1,
11,3,11,-1,
0,0,3,-1,
3,0,3,-1,
0,0,0,-1,
0,0,0,-1,
10,10,0,-1,
0,10,0,-1,
11,11,10,-1,
10,11,10,-1,
11,11,11,-1,
11,11,11,-1,
3,3,11,-1,
11,3,11,-1,
0,0,3,-1,
3,0,3,-1,
0,0,0,-1,
0,0,0,-1,
10,10,0,-1,
0,10,0,-1,
11,11,10,-1,
10,11,10,-1,
11,11,11,-1,
11,11,11,-1,
3,3,11,-1,
11,3,11,-1,
0,0,3,-1,
3,0,3,-1,
0,0,0,-1,
0,0,0,-1,
10,10,0,-1,
0,10,0,-1,
11,11,10,-1,
10,11,10,-1,
11,11,11,-1,
11,11,11,-1,
3,3,11,-1,
11,3,11,-1,
0,0,3,-1,
3,0,3,-1,
0,0,0,-1,
0,0,0,-1,
10,10,0,-1,
0,10,0,-1,
11,11,10,-1,
10,11,10,-1,
11,11,11,-1,
11,11,11,-1,
3,3,11,-1,
11,3,11,-1,
0,0,3,-1,
3,0,3,-1,
0,0,0,-1,
0,0,0,-1,
10,10,0,-1,
0,10,0,-1,
11,11,10,-1,
10,11,10,-1,
11,11,11,-1,
11,11,11,-1,
3,3,11,-1,
11,3,11,-1,
0,0,3,-1,
3,0,3,-1,
0,0,0,-1,
0,0,0,-1,
10,10,0,-1,
0,10,0,-1,
11,11,10,-1,
10,11,10,-1,
11,11,11,-1,
11,11,11,-1,
3,3,11,-1,
11,3,11,-1,
0,0,3,-1,
3,0,3,-1,
0,0,0,-1,
0,0,0,-1,
10,10,0,-1,
0,10,0,-1,
11,11,10,-1,
10,11,10,-1,
11,11,11,-1,
11,11,11,-1,
3,3,11,-1,
11,3,11,-1,
0,0,3,-1,
3,0,3,-1,
0,0,0,-1,
0,0,0,-1,
10,10,0,-1,
0,10,0,-1,
11,11,10,-1,
10,11,10,-1,
11,11,11,-1,
11,11,11,-1,
3,3,11,-1,
11,3,11,-1,
0,0,3,-1,
3,0,3,-1,
0,0,0,-1,
0,0,0,-1,
10,10,0,-1,
0,10,0,-1,
11,11,10,-1,
10,11,10,-1,
11,11,11,-1,
11,11,11,-1,
3,3,11,-1,
11,3,11,-1,
0,0,3,-1,
3,0,3,-1,
0,0,0,-1,
0,0,0,-1,
10,10,0,-1,
0,10,0,-1,
11,11,10,-1,
10,11,10,-1,
11,11,11,-1,
11,11,11,-1,
3,3,11,-1,
11,3,11,-1,
0,0,3,-1,
3,0,3,-1,
0,0,0,-1,
0,0,0,-1,
10,10,0,-1,
0,10,0,-1,
11,11,10,-1,
10,11,10,-1,
11,11,11,-1,
11,11,11,-1,
3,3,11,-1,
11,3,11,-1,
0,0,3,-1,
3,0,3,-1,
0,0,0,-1,
0,0,0,-1,
10,10,0,-1,
0,10,0,-1,
11,11,10,-1,
10,11,10,-1,
11,11,11,-1,
11,11,11,-1,
3,3,11,-1,
11,3,11,-1,
0,0,3,-1,
3,0,3,-1,
0,0,0,-1,
0,0,0,-1,
10,10,0,-1,
0,10,0,-1,
11,11,10,-1,
10,11,10,-1,
11,11,11,-1,
11,11,11,-1,
3,3,11,-1,
11,3,11,-1,
0,0,3,-1,
3,0,3,-1,
0,0,0,-1,
0,0,0,-1,
10,10,0,-1,
0,10,0,-1,
11,11,10,-1,
10,11,10,-1,
11,11,11,-1,
11,11,11,-1,
3,3,11,-1,
11,3,11,-1,
0,0,3,-1,
3,0,3,-1,
0,0,0,-1,
0,0,0,-1,
10,10,0,-1,
0,10,0,-1,
11,11,10,-1,
10,11,10,-1,
11,11,11,-1,
11,11,11,-1,
3,3,11,-1,
11,3,11,-1,
0,0,3,-1,
3,0,3,-1,
0,0,0,-1,
0,0,0,-1,
10,10,0,-1,
0,10,0,-1,
11,11,10,-1,
10,11,10,-1,
11,11,11,-1,
11,11,11,-1,
3,3,11,-1,
11,3,11,-1,
0,0,3,-1,
3,0,3,-1,
0,0,0,-1,
0,0,0,-1,
10,10,0,-1,
0,10,0,-1,
11,11,10,-1,
10,11,10,-1,
11,11,11,-1,
11,11,11,-1,
3,3,11,-1,
11,3,11,-1,
0,0,3,-1,
3,0,3,-1,
0,0,0,-1,
0,0,0,-1,
10,10,0,-1,
0,10,0,-1,
11,11,10,-1,
10,11,10,-1,
11,11,11,-1,
11,11,11,-1,
3,3,11,-1,
11,3,11,-1,
0,0,3,-1,
3,0,3,-1,
0,0,0,-1,
0,0,0,-1,
10,10,0,-1,
0,10,0,-1,
11,11,10,-1,
10,11,10,-1,
11,11,11,-1,
11,11,11,-1,
3,3,11,-1,
11,3,11,-1,
0,0,3,-1,
3,0,3,-1,
0,0,0,-1,
0,0,0,-1,
10,10,0,-1,
0,10,0,-1,
11,11,10,-1,
10,11,10,-1
]
}
}
Shape {
appearance Appearance {
material Material {
ambientIntensity 0
diffuseColor 1 1 1 
specularColor 0.098 0.098 0.098 
shininess 0.000781 
transparency 0
}
}
geometry IndexedFaceSet {
normalPerVertex TRUE
solid TRUE
convex TRUE
coord Coordinate { point [
-0.35811669 -0.69999999 0.056009863,
-0.35811669 0.69999999 0.056009863,
-0.35811669 -0.69999999 0.04000986,
-0.35811669 0.69999999 0.04000986,
-0.35611668 -0.69999999 0.058009859,
-0.35611668 -0.69849998 0.058009859,
-0.35611668 -0.671 0.058009859,
-0.35611668 -0.639 0.058009859,
-0.35611668 -0.60699999 0.058009859,
-0.35611668 -0.54299998 0.058009859,
-0.35611668 -0.51099998 0.058009859,
-0.35611668 -0.47899997 0.058009859,
-0.35611668 -0.447 0.058009859,
-0.35611668 -0.41499999 0.058009859,
-0.35611668 -0.35099998 0.058009859,
-0.35611668 -0.31899998 0.058009859,
-0.35611668 -0.287 0.058009859,
-0.35611668 -0.255 0.058009859,
-0.35611668 -0.19099998 0.058009859,
-0.35611668 -0.15899998 0.058009859,
-0.35611668 -0.12699997 0.058009859,
-0.35611668 -0.094999969 0.058009859,
-0.35611668 0.00099998713 0.058009859,
-0.35611668 0.032999992 0.058009859,
-0.35611668 0.064999998 0.058009859,
-0.35611668 0.097000003 0.058009859,
-0.35611668 0.16100001 0.058009859,
-0.35611668 0.19300002 0.058009859,
-0.35611668 0.22500002 0.058009859,
-0.35611668 0.25700003 0.058009859,
-0.35611668 0.28900003 0.058009859,
-0.35611668 0.35299999 0.058009859,
-0.35611668 0.38500005 0.058009859,
-0.35611668 0.417 0.058009859,
-0.35611668 0.44900006 0.058009859,
-0.35611668 0.51300007 0.058009859,
-0.35611668 0.54500002 0.058009859,
-0.35611668 0.57699996 0.058009859,
-0.35611668 0.60900003 0.058009859,
-0.35611668 0.64099997 0.058009859,
-0.35611668 0.69999999 0.058009859,
-0.35611668 -0.69999999 0.056009863,
-0.35611668 -0.69849998 0.056009863,
-0.35611668 -0.671 0.056009863,
-0.35611668 -0.639 0.056009863,
-0.35611668 -0.60699999 0.056009863,
-0.35611668 -0.54299998 0.056009863,
-0.35611668 -0.51099998 0.056009863,
-0.35611668 -0.47899997 0.056009863,
-0.35611668 -0.447 0.056009863,
-0.35611668 -0.41499999 0.056009863,
-0.35611668 -0.35099998 0.056009863,
-0.35611668 -0.31899998 0.056009863,
-0.35611668 -0.287 0.056009863,
-0.35611668 -0.255 0.056009863,
-0.35611668 -0.19099998 0.056009863,
-0.35611668 -0.15899998 0.056009863,
-0.35611668 -0.12699997 0.056009863,
-0.35611668 -0.094999969 0.056009863,
-0.35611668 0.00099998713 0.056009863,
-0.35611668 0.032999992 0.056009863,
-0.35611668 0.064999998 0.056009863,
-0.35611668 0.097000003 0.056009863,
-0.35611668 0.16100001 0.056009863,
-0.35611668 0.19300002 0.056009863,
-0.35611668 0.22500002 0.056009863,
-0.35611668 0.25700003 0.056009863,
-0.35611668 0.28900003 0.056009863,
-0.35611668 0.35299999 0.056009863,
-0.35611668 0.38500005 0.056009863,
-0.35611668 0.417 0.056009863,
-0.35611668 0.44900006 0.056009863,
-0.35611668 0.51300007 0.056009863,
-0.35611668 0.54500002 0.056009863,
-0.35611668 0.57699996 0.056009863,
-0.35611668 0.60900003 0.056009863,
-0.35611668 0.64099997 0.056009863,
-0.35611668 0.69999999 0.056009863,
-0.35611668 -0.69999999 0.04000986,
-0.35611668 0.69999999 0.04000986,
-0.3546167 -0.69999999 0.058009859,
-0.3546167 -0.69849998 0.058009859,
-0.3546167 -0.671 0.058009859,
-0.3546167 -0.639 0.058009859,
-0.3546167 -0.60699999 0.058009859,
-0.3546167 -0.54299998 0.058009859,
-0.3546167 -0.51099998 0.058009859,
-0.3546167 -0.47899997 0.058009859,
-0.3546167 -0.447 0.058009859,
-0.3546167 -0.41499999 0.058009859,
-0.3546167 -0.35099998 0.058009859,
-0.3546167 -0.31899998 0.058009859,
-0.3546167 -0.287 0.058009859,
-0.3546167 -0.255 0.058009859,
-0.3546167 -0.19099998 0.058009859,
-0.3546167 -0.15899998 0.058009859,
-0.3546167 -0.12699997 0.058009859,
-0.3546167 -0.094999969 0.058009859,
-0.3546167 0.00099998713 0.058009859,
-0.3546167 0.032999992 0.058009859,
-0.3546167 0.064999998 0.058009859,
-0.3546167 0.097000003 0.058009859,
-0.3546167 0.16100001 0.058009859,
-0.3546167 0.19300002 0.058009859,
-0.3546167 0.22500002 0.058009859,
-0.3546167 0.25700003 0.058009859,
-0.3546167 0.28900003 0.058009859,
-0.3546167 0.35299999 0.058009859,
-0.3546167 0.38500005 0.058009859,
-0.3546167 0.417 0.058009859,
-0.3546167 0.44900006 0.058009859,
-0.3546167 0.51300007 0.058009859,
-0.3546167 0.54500002 0.058009859,
-0.3546167 0.57699996 0.058009859,
-0.3546167 0.60900003 0.058009859,
-0.3546167 0.64099997 0.058009859,
-0.3546167 0.69999999 0.058009859,
-0.35311669 -0.69550002 0.058009859,
-0.35311669 -0.6785 0.058009859,
-0.35311669 -0.66350001 0.058009859,
-0.35311669 -0.64649999 0.058009859,
-0.35311669 -0.63150001 0.058009859,
-0.35311669 -0.61449999 0.058009859,
-0.35311669 -0.5995 0.058009859,
-0.35311669 -0.58249998 0.058009859,
-0.35311669 -0.5675 0.058009859,
-0.35311669 -0.55049998 0.058009859,
-0.35311669 -0.53549999 0.058009859,
-0.35311669 -0.51849997 0.058009859,
-0.35311669 -0.50349998 0.058009859,
-0.35311669 -0.48649999 0.058009859,
-0.35311669 -0.47149998 0.058009859,
-0.35311669 -0.45449999 0.058009859,
-0.35311669 -0.43949997 0.058009859,
-0.35311669 -0.42249998 0.058009859,
-0.35311669 -0.4075 0.058009859,
-0.35311669 -0.39049998 0.058009859,
-0.35311669 -0.37549999 0.058009859,
-0.35311669 -0.35849997 0.058009859,
-0.35311669 -0.34349999 0.058009859,
-0.35311669 -0.3265 0.058009859,
-0.35311669 -0.31149998 0.058009859,
-0.35311669 -0.29449999 0.058009859,
-0.35311669 -0.27949998 0.058009859,
-0.35311669 -0.26249999 0.058009859,
-0.35311669 -0.2475 0.058009859,
-0.35311669 -0.23049998 0.058009859,
-0.35311669 -0.2155 0.058009859,
-0.35311669 -0.19849998 0.058009859,
-0.35311669 -0.18349999 0.058009859,
-0.35311669 -0.16649997 0.058009859,
-0.35311669 -0.15149999 0.058009859,
-0.35311669 -0.13449997 0.058009859,
-0.35311669 -0.11949998 0.058009859,
-0.35311669 -0.10249996 0.058009859,
-0.35311669 -0.087499976 0.058009859,
-0.35311669 -0.070500016 0.058009859,
-0.35311669 -0.055499971 0.058009859,
-0.35311669 -0.038500011 0.058009859,
-0.35311669 -0.023499966 0.058009859,
-0.35311669 -0.0065000057 0.058009859,
-0.35311669 0.0085000396 0.058009859,
-0.35311669 0.0255 0.058009859,
-0.35311669 0.040499985 0.058009859,
-0.35311669 0.057500005 0.058009859,
-0.35311669 0.07249999 0.058009859,
-0.35311669 0.08950001 0.058009859,
-0.35311669 0.1045 0.058009859,
-0.35311669 0.12150002 0.058009859,
-0.35311669 0.1365 0.058009859,
-0.35311669 0.15350002 0.058009859,
-0.35311669 0.16850001 0.058009859,
-0.35311669 0.18550003 0.058009859,
-0.35311669 0.20050001 0.058009859,
-0.35311669 0.21750003 0.058009859,
-0.35311669 0.23250002 0.058009859,
-0.35311669 0.24950004 0.058009859,
-0.35311669 0.26450002 0.058009859,
-0.35311669 0.28150004 0.058009859,
-0.35311669 0.29650003 0.058009859,
-0.35311669 0.31349999 0.058009859,
-0.35311669 0.32849997 0.058009859,
-0.35311669 0.34550005 0.058009859,
-0.35311669 0.36050004 0.058009859,
-0.35311669 0.3775 0.058009859,
-0.35311669 0.39249998 0.058009859,
-0.35311669 0.40950006 0.058009859,
-0.35311669 0.42450005 0.058009859,
-0.35311669 0.44150001 0.058009859,
-0.35311669 0.45649999 0.058009859,
-0.35311669 0.47349995 0.058009859,
-0.35311669 0.48850006 0.058009859,
-0.35311669 0.50550002 0.058009859,
-0.35311669 0.5205 0.058009859,
-0.35311669 0.53749996 0.058009859,
-0.35311669 0.55250007 0.058009859,
-0.35311669 0.56950003 0.058009859,
-0.35311669 0.58450001 0.058009859,
-0.35311669 0.60149997 0.058009859,
-0.35311669 0.61649996 0.058009859,
-0.35311669 0.63350004 0.058009859,
-0.35311669 0.64850003 0.058009859,
-0.35311669 0.66549999 0.058009859,
-0.35311669 0.68049997 0.058009859,
-0.35311669 0.69750005 0.058009859,
-0.35311669 -0.69550002 0.056009863,
-0.35311669 -0.6785 0.056009863,
-0.35311669 -0.66350001 0.056009863,
-0.35311669 -0.64649999 0.056009863,
-0.35311669 -0.63150001 0.056009863,
-0.35311669 -0.61449999 0.056009863,
-0.35311669 -0.5995 0.056009863,
-0.35311669 -0.58249998 0.056009863,
-0.35311669 -0.5675 0.056009863,
-0.35311669 -0.55049998 0.056009863,
-0.35311669 -0.53549999 0.056009863,
-0.35311669 -0.51849997 0.056009863,
-0.35311669 -0.50349998 0.056009863,
-0.35311669 -0.48649999 0.056009863,
-0.35311669 -0.47149998 0.056009863,
-0.35311669 -0.45449999 0.056009863,
-0.35311669 -0.43949997 0.056009863,
-0.35311669 -0.42249998 0.056009863,
-0.35311669 -0.4075 0.056009863,
-0.35311669 -0.39049998 0.056009863,
-0.35311669 -0.37549999 0.056009863,
-0.35311669 -0.35849997 0.056009863,
-0.35311669 -0.34349999 0.056009863,
-0.35311669 -0.3265 0.056009863,
-0.35311669 -0.31149998 0.056009863,
-0.35311669 -0.29449999 0.056009863,
-0.35311669 -0.27949998 0.056009863,
-0.35311669 -0.26249999 0.056009863,
-0.35311669 -0.2475 0.056009863,
-0.35311669 -0.23049998 0.056009863,
-0.35311669 -0.2155 0.056009863,
-0.35311669 -0.19849998 0.056009863,
-0.35311669 -0.18349999 0.056009863,
-0.35311669 -0.16649997 0.056009863,
-0.35311669 -0.15149999 0.056009863,
-0.35311669 -0.13449997 0.056009863,
-0.35311669 -0.11949998 0.056009863,
-0.35311669 -0.10249996 0.056009863,
-0.35311669 -0.087499976 0.056009863,
-0.35311669 -0.070500016 0.056009863,
-0.35311669 -0.055499971 0.056009863,
-0.35311669 -0.038500011 0.056009863,
-0.35311669 -0.023499966 0.056009863,
-0.35311669 -0.0065000057 0.056009863,
-0.35311669 0.0085000396 0.056009863,
-0.35311669 0.0255 0.056009863,
-0.35311669 0.040499985 0.056009863,
-0.35311669 0.057500005 0.056009863,
-0.35311669 0.07249999 0.056009863,
-0.35311669 0.08950001 0.056009863,
-0.35311669 0.1045 0.056009863,
-0.35311669 0.12150002 0.056009863,
-0.35311669 0.1365 0.056009863,
-0.35311669 0.15350002 0.056009863,
-0.35311669 0.16850001 0.056009863,
-0.35311669 0.18550003 0.056009863,
-0.35311669 0.20050001 0.056009863,
-0.35311669 0.21750003 0.056009863,
-0.35311669 0.23250002 0.056009863,
-0.35311669 0.24950004 0.056009863,
-0.35311669 0.26450002 0.056009863,
-0.35311669 0.28150004 0.056009863,
-0.35311669 0.29650003 0.056009863,
-0.35311669 0.31349999 0.056009863,
-0.35311669 0.32849997 0.056009863,
-0.35311669 0.34550005 0.056009863,
-0.35311669 0.36050004 0.056009863,
-0.35311669 0.3775 0.056009863,
-0.35311669 0.39249998 0.056009863,
-0.35311669 0.40950006 0.056009863,
-0.35311669 0.42450005 0.056009863,
-0.35311669 0.44150001 0.056009863,
-0.35311669 0.45649999 0.056009863,
-0.35311669 0.47349995 0.056009863,
-0.35311669 0.48850006 0.056009863,
-0.35311669 0.50550002 0.056009863,
-0.35311669 0.5205 0.056009863,
-0.35311669 0.53749996 0.056009863,
-0.35311669 0.55250007 0.056009863,
-0.35311669 0.56950003 0.056009863,
-0.35311669 0.58450001 0.056009863,
-0.35311669 0.60149997 0.056009863,
-0.35311669 0.61649996 0.056009863,
-0.35311669 0.63350004 0.056009863,
-0.35311669 0.64850003 0.056009863,
-0.35311669 0.66549999 0.056009863,
-0.35311669 0.68049997 0.056009863,
-0.35311669 0.69750005 0.056009863,
-0.35161668 -0.69699997 0.058009859,
-0.35161668 -0.67699999 0.058009859,
-0.35161668 -0.66499996 0.058009859,
-0.35161668 -0.64499998 0.058009859,
-0.35161668 -0.63300002 0.058009859,
-0.35161668 -0.61299998 0.058009859,
-0.35161668 -0.60100001 0.058009859,
-0.35161668 -0.58099997 0.058009859,
-0.35161668 -0.56900001 0.058009859,
-0.35161668 -0.54900002 0.058009859,
-0.35161668 -0.537 0.058009859,
-0.35161668 -0.51699996 0.058009859,
-0.35161668 -0.505 0.058009859,
-0.35161668 -0.48499998 0.058009859,
-0.35161668 -0.47299999 0.058009859,
-0.35161668 -0.45300001 0.058009859,
-0.35161668 -0.44099998 0.058009859,
-0.35161668 -0.42099997 0.058009859,
-0.35161668 -0.40899998 0.058009859,
-0.35161668 -0.389 0.058009859,
-0.35161668 -0.37699997 0.058009859,
-0.35161668 -0.35699999 0.058009859,
-0.35161668 -0.345 0.058009859,
-0.35161668 -0.32499999 0.058009859,
-0.35161668 -0.31299999 0.058009859,
-0.35161668 -0.29299998 0.058009859,
-0.35161668 -0.28099999 0.058009859,
-0.35161668 -0.26099998 0.058009859,
-0.35161668 -0.24899998 0.058009859,
-0.35161668 -0.229 0.058009859,
-0.35161668 -0.21699998 0.058009859,
-0.35161668 -0.19699997 0.058009859,
-0.35161668 -0.185 0.058009859,
-0.35161668 -0.16499996 0.058009859,
-0.35161668 -0.153 0.058009859,
-0.35161668 -0.13300002 0.058009859,
-0.35161668 -0.12099999 0.058009859,
-0.35161668 -0.10100001 0.058009859,
-0.35161668 -0.088999987 0.058009859,
-0.35161668 -0.069000006 0.058009859,
-0.35161668 -0.056999981 0.058009859,
-0.35161668 -0.037 0.058009859,
-0.35161668 -0.024999976 0.058009859,
-0.35161668 -0.0049999952 0.058009859,
-0.35161668 0.0070000291 0.058009859,
-0.35161668 0.02700001 0.058009859,
-0.35161668 0.039000034 0.058009859,
-0.35161668 0.059000015 0.058009859,
-0.35161668 0.07100004 0.058009859,
-0.35161668 0.091000021 0.058009859,
-0.35161668 0.10299999 0.058009859,
-0.35161668 0.12300003 0.058009859,
-0.35161668 0.13499999 0.058009859,
-0.35161668 0.15500003 0.058009859,
-0.35161668 0.167 0.058009859,
-0.35161668 0.18700004 0.058009859,
-0.35161668 0.199 0.058009859,
-0.35161668 0.21900004 0.058009859,
-0.35161668 0.23100001 0.058009859,
-0.35161668 0.25099999 0.058009859,
-0.35161668 0.26300001 0.058009859,
-0.35161668 0.28299999 0.058009859,
-0.35161668 0.29500002 0.058009859,
-0.35161668 0.315 0.058009859,
-0.35161668 0.32699996 0.058009859,
-0.35161668 0.34700006 0.058009859,
-0.35161668 0.35900003 0.058009859,
-0.35161668 0.37900001 0.058009859,
-0.35161668 0.39099997 0.058009859,
-0.35161668 0.41099995 0.058009859,
-0.35161668 0.42300004 0.058009859,
-0.35161668 0.44300002 0.058009859,
-0.35161668 0.45499998 0.058009859,
-0.35161668 0.47499996 0.058009859,
-0.35161668 0.48700005 0.058009859,
-0.35161668 0.50700003 0.058009859,
-0.35161668 0.51899999 0.058009859,
-0.35161668 0.53899997 0.058009859,
-0.35161668 0.55100006 0.058009859,
-0.35161668 0.57100004 0.058009859,
-0.35161668 0.583 0.058009859,
-0.35161668 0.60299999 0.058009859,
-0.35161668 0.61500007 0.058009859,
-0.35161668 0.63500005 0.058009859,
-0.35161668 0.64700001 0.058009859,
-0.35161668 0.667 0.058009859,
-0.35161668 0.67899996 0.058009859,
-0.35161668 0.69900006 0.058009859,
-0.35161668 -0.69699997 0.056009863,
-0.35161668 -0.67699999 0.056009863,
-0.35161668 -0.66499996 0.056009863,
-0.35161668 -0.64499998 0.056009863,
-0.35161668 -0.63300002 0.056009863,
-0.35161668 -0.61299998 0.056009863,
-0.35161668 -0.60100001 0.056009863,
-0.35161668 -0.58099997 0.056009863,
-0.35161668 -0.56900001 0.056009863,
-0.35161668 -0.54900002 0.056009863,
-0.35161668 -0.537 0.056009863,
-0.35161668 -0.51699996 0.056009863,
-0.35161668 -0.505 0.056009863,
-0.35161668 -0.48499998 0.056009863,
-0.35161668 -0.47299999 0.056009863,
-0.35161668 -0.45300001 0.056009863,
-0.35161668 -0.44099998 0.056009863,
-0.35161668 -0.42099997 0.056009863,
-0.35161668 -0.40899998 0.056009863,
-0.35161668 -0.389 0.056009863,
-0.35161668 -0.37699997 0.056009863,
-0.35161668 -0.35699999 0.056009863,
-0.35161668 -0.345 0.056009863,
-0.35161668 -0.32499999 0.056009863,
-0.35161668 -0.31299999 0.056009863,
-0.35161668 -0.29299998 0.056009863,
-0.35161668 -0.28099999 0.056009863,
-0.35161668 -0.26099998 0.056009863,
-0.35161668 -0.24899998 0.056009863,
-0.35161668 -0.229 0.056009863,
-0.35161668 -0.21699998 0.056009863,
-0.35161668 -0.19699997 0.056009863,
-0.35161668 -0.185 0.056009863,
-0.35161668 -0.16499996 0.056009863,
-0.35161668 -0.153 0.056009863,
-0.35161668 -0.13300002 0.056009863,
-0.35161668 -0.12099999 0.056009863,
-0.35161668 -0.10100001 0.056009863,
-0.35161668 -0.088999987 0.056009863,
-0.35161668 -0.069000006 0.056009863,
-0.35161668 -0.056999981 0.056009863,
-0.35161668 -0.037 0.056009863,
-0.35161668 -0.024999976 0.056009863,
-0.35161668 -0.0049999952 0.056009863,
-0.35161668 0.0070000291 0.056009863,
-0.35161668 0.02700001 0.056009863,
-0.35161668 0.039000034 0.056009863,
-0.35161668 0.059000015 0.056009863,
-0.35161668 0.07100004 0.056009863,
-0.35161668 0.091000021 0.056009863,
-0.35161668 0.10299999 0.056009863,
-0.35161668 0.12300003 0.056009863,
-0.35161668 0.13499999 0.056009863,
-0.35161668 0.15500003 0.056009863,
-0.35161668 0.167 0.056009863,
-0.35161668 0.18700004 0.056009863,
-0.35161668 0.199 0.056009863,
-0.35161668 0.21900004 0.056009863,
-0.35161668 0.23100001 0.056009863,
-0.35161668 0.25099999 0.056009863,
-0.35161668 0.26300001 0.056009863,
-0.35161668 0.28299999 0.056009863,
-0.35161668 0.29500002 0.056009863,
-0.35161668 0.315 0.056009863,
-0.35161668 0.32699996 0.056009863,
-0.35161668 0.34700006 0.056009863,
-0.35161668 0.35900003 0.056009863,
-0.35161668 0.37900001 0.056009863,
-0.35161668 0.39099997 0.056009863,
-0.35161668 0.41099995 0.056009863,
-0.35161668 0.42300004 0.056009863,
-0.35161668 0.44300002 0.056009863,
-0.35161668 0.45499998 0.056009863,
-0.35161668 0.47499996 0.056009863,
-0.35161668 0.48700005 0.056009863,
-0.35161668 0.50700003 0.056009863,
-0.35161668 0.51899999 0.056009863,
-0.35161668 0.53899997 0.056009863,
-0.35161668 0.55100006 0.056009863,
-0.35161668 0.57100004 0.056009863,
-0.35161668 0.583 0.056009863,
-0.35161668 0.60299999 0.056009863,
-0.35161668 0.61500007 0.056009863,
-0.35161668 0.63500005 0.056009863,
-0.35161668 0.64700001 0.056009863,
-0.35161668 0.667 0.056009863,
-0.35161668 0.67899996 0.056009863,
-0.35161668 0.69900006 0.056009863,
-0.3501167 -0.69550002 0.058009859,
-0.3501167 -0.6785 0.058009859,
-0.3501167 -0.66350001 0.058009859,
-0.3501167 -0.64649999 0.058009859,
-0.3501167 -0.63150001 0.058009859,
-0.3501167 -0.61449999 0.058009859,
-0.3501167 -0.5995 0.058009859,
-0.3501167 -0.58249998 0.058009859,
-0.3501167 -0.5675 0.058009859,
-0.3501167 -0.55049998 0.058009859,
-0.3501167 -0.53549999 0.058009859,
-0.3501167 -0.51849997 0.058009859,
-0.3501167 -0.50349998 0.058009859,
-0.3501167 -0.48649999 0.058009859,
-0.3501167 -0.47149998 0.058009859,
-0.3501167 -0.45449999 0.058009859,
-0.3501167 -0.43949997 0.058009859,
-0.3501167 -0.42249998 0.058009859,
-0.3501167 -0.4075 0.058009859,
-0.3501167 -0.39049998 0.058009859,
-0.3501167 -0.37549999 0.058009859,
-0.3501167 -0.35849997 0.058009859,
-0.3501167 -0.34349999 0.058009859,
-0.3501167 -0.3265 0.058009859,
-0.3501167 -0.31149998 0.058009859,
-0.3501167 -0.29449999 0.058009859,
-0.3501167 -0.27949998 0.058009859,
-0.3501167 -0.26249999 0.058009859,
-0.3501167 -0.2475 0.058009859,
-0.3501167 -0.23049998 0.058009859,
-0.3501167 -0.2155 0.058009859,
-0.3501167 -0.19849998 0.058009859,
-0.3501167 -0.18349999 0.058009859,
-0.3501167 -0.16649997 0.058009859,
-0.3501167 -0.15149999 0.058009859,
-0.3501167 -0.13449997 0.058009859,
-0.3501167 -0.11949998 0.058009859,
-0.3501167 -0.10249996 0.058009859,
-0.3501167 -0.087499976 0.058009859,
-0.3501167 -0.070500016 0.058009859,
-0.3501167 -0.055499971 0.058009859,
-0.3501167 -0.038500011 0.058009859,
-0.3501167 -0.023499966 0.058009859,
-0.3501167 -0.0065000057 0.058009859,
-0.3501167 0.0085000396 0.058009859,
-0.3501167 0.0255 0.058009859,
-0.3501167 0.040499985 0.058009859,
-0.3501167 0.057500005 0.058009859,
-0.3501167 0.07249999 0.058009859,
-0.3501167 0.08950001 0.058009859,
-0.3501167 0.1045 0.058009859,
-0.3501167 0.12150002 0.058009859,
-0.3501167 0.1365 0.058009859,
-0.3501167 0.15350002 0.058009859,
-0.3501167 0.16850001 0.058009859,
-0.3501167 0.18550003 0.058009859,
-0.3501167 0.20050001 0.058009859,
-0.3501167 0.21750003 0.058009859,
-0.3501167 0.23250002 0.058009859,
-0.3501167 0.24950004 0.058009859,
-0.3501167 0.26450002 0.058009859,
-0.3501167 0.28150004 0.058009859,
-0.3501167 0.29650003 0.058009859,
-0.3501167 0.31349999 0.058009859,
-0.3501167 0.32849997 0.058009859,
-0.3501167 0.34550005 0.058009859,
-0.3501167 0.36050004 0.058009859,
-0.3501167 0.3775 0.058009859,
-0.3501167 0.39249998 0.058009859,
-0.3501167 0.40950006 0.058009859,
-0.3501167 0.42450005 0.058009859,
-0.3501167 0.44150001 0.058009859,
-0.3501167 0.45649999 0.058009859,
-0.3501167 0.47349995 0.058009859,
-0.3501167 0.48850006 0.058009859,
-0.3501167 0.50550002 0.058009859,
-0.3501167 0.5205 0.058009859,
-0.3501167 0.53749996 0.058009859,
-0.3501167 0.55250007 0.058009859,
-0.3501167 0.56950003 0.058009859,
-0.3501167 0.58450001 0.058009859,
-0.3501167 0.60149997 0.058009859,
-0.3501167 0.61649996 0.058009859,
-0.3501167 0.63350004 0.058009859,
-0.3501167 0.64850003 0.058009859,
-0.3501167 0.66549999 0.058009859,
-0.3501167 0.68049997 0.058009859,
-0.3501167 0.69750005 0.058009859,
-0.3501167 -0.69550002 0.056009863,
-0.3501167 -0.6785 0.056009863,
-0.3501167 -0.66350001 0.056009863,
-0.3501167 -0.64649999 0.056009863,
-0.3501167 -0.63150001 0.056009863,
-0.3501167 -0.61449999 0.056009863,
-0.3501167 -0.5995 0.056009863,
-0.3501167 -0.58249998 0.056009863,
-0.3501167 -0.5675 0.056009863,
-0.3501167 -0.55049998 0.056009863,
-0.3501167 -0.53549999 0.056009863,
-0.3501167 -0.51849997 0.056009863,
-0.3501167 -0.50349998 0.056009863,
-0.3501167 -0.48649999 0.056009863,
-0.3501167 -0.47149998 0.056009863,
-0.3501167 -0.45449999 0.056009863,
-0.3501167 -0.43949997 0.056009863,
-0.3501167 -0.42249998 0.056009863,
-0.3501167 -0.4075 0.056009863,
-0.3501167 -0.39049998 0.056009863,
-0.3501167 -0.37549999 0.056009863,
-0.3501167 -0.35849997 0.056009863,
-0.3501167 -0.34349999 0.056009863,
-0.3501167 -0.3265 0.056009863,
-0.3501167 -0.31149998 0.056009863,
-0.3501167 -0.29449999 0.056009863,
-0.3501167 -0.27949998 0.056009863,
-0.3501167 -0.26249999 0.056009863,
-0.3501167 -0.2475 0.056009863,
-0.3501167 -0.23049998 0.056009863,
-0.3501167 -0.2155 0.056009863,
-0.3501167 -0.19849998 0.056009863,
-0.3501167 -0.18349999 0.056009863,
-0.3501167 -0.16649997 0.056009863,
-0.3501167 -0.15149999 0.056009863,
-0.3501167 -0.13449997 0.056009863,
-0.3501167 -0.11949998 0.056009863,
-0.3501167 -0.10249996 0.056009863,
-0.3501167 -0.087499976 0.056009863,
-0.3501167 -0.070500016 0.056009863,
-0.3501167 -0.055499971 0.056009863,
-0.3501167 -0.038500011 0.056009863,
-0.3501167 -0.023499966 0.056009863,
-0.3501167 -0.0065000057 0.056009863,
-0.3501167 0.0085000396 0.056009863,
-0.3501167 0.0255 0.056009863,
-0.3501167 0.040499985 0.056009863,
-0.3501167 0.057500005 0.056009863,
-0.3501167 0.07249999 0.056009863,
-0.3501167 0.08950001 0.056009863,
-0.3501167 0.1045 0.056009863,
-0.3501167 0.12150002 0.056009863,
-0.3501167 0.1365 0.056009863,
-0.3501167 0.15350002 0.056009863,
-0.3501167 0.16850001 0.056009863,
-0.3501167 0.18550003 0.056009863,
-0.3501167 0.20050001 0.056009863,
-0.3501167 0.21750003 0.056009863,
-0.3501167 0.23250002 0.056009863,
-0.3501167 0.24950004 0.056009863,
-0.3501167 0.26450002 0.056009863,
-0.3501167 0.28150004 0.056009863,
-0.3501167 0.29650003 0.056009863,
-0.3501167 0.31349999 0.056009863,
-0.3501167 0.32849997 0.056009863,
-0.3501167 0.34550005 0.056009863,
-0.3501167 0.36050004 0.056009863,
-0.3501167 0.3775 0.056009863,
-0.3501167 0.39249998 0.056009863,
-0.3501167 0.40950006 0.056009863,
-0.3501167 0.42450005 0.056009863,
-0.3501167 0.44150001 0.056009863,
-0.3501167 0.45649999 0.056009863,
-0.3501167 0.47349995 0.056009863,
-0.3501167 0.48850006 0.056009863,
-0.3501167 0.50550002 0.056009863,
-0.3501167 0.5205 0.056009863,
-0.3501167 0.53749996 0.056009863,
-0.3501167 0.55250007 0.056009863,
-0.3501167 0.56950003 0.056009863,
-0.3501167 0.58450001 0.056009863,
-0.3501167 0.60149997 0.056009863,
-0.3501167 0.61649996 0.056009863,
-0.3501167 0.63350004 0.056009863,
-0.3501167 0.64850003 0.056009863,
-0.3501167 0.66549999 0.056009863,
-0.3501167 0.68049997 0.056009863,
-0.3501167 0.69750005 0.056009863,
-0.3456167 -0.69999999 0.058009859,
-0.3456167 -0.69849998 0.058009859,
-0.3456167 -0.671 0.058009859,
-0.3456167 -0.639 0.058009859,
-0.3456167 -0.60699999 0.058009859,
-0.3456167 -0.54299998 0.058009859,
-0.3456167 -0.51099998 0.058009859,
-0.3456167 -0.47899997 0.058009859,
-0.3456167 -0.447 0.058009859,
-0.3456167 -0.41499999 0.058009859,
-0.3456167 -0.35099998 0.058009859,
-0.3456167 -0.31899998 0.058009859,
-0.3456167 -0.287 0.058009859,
-0.3456167 -0.255 0.058009859,
-0.3456167 -0.19099998 0.058009859,
-0.3456167 -0.15899998 0.058009859,
-0.3456167 -0.12699997 0.058009859,
-0.3456167 -0.094999969 0.058009859,
-0.3456167 0.00099998713 0.058009859,
-0.3456167 0.032999992 0.058009859,
-0.3456167 0.064999998 0.058009859,
-0.3456167 0.097000003 0.058009859,
-0.3456167 0.16100001 0.058009859,
-0.3456167 0.19300002 0.058009859,
-0.3456167 0.22500002 0.058009859,
-0.3456167 0.25700003 0.058009859,
-0.3456167 0.28900003 0.058009859,
-0.3456167 0.35299999 0.058009859,
-0.3456167 0.38500005 0.058009859,
-0.3456167 0.417 0.058009859,
-0.3456167 0.44900006 0.058009859,
-0.3456167 0.51300007 0.058009859,
-0.3456167 0.54500002 0.058009859,
-0.3456167 0.57699996 0.058009859,
-0.3456167 0.60900003 0.058009859,
-0.3456167 0.64099997 0.058009859,
-0.3456167 0.69999999 0.058009859,
-0.3456167 -0.69999999 0.056009863,
-0.3456167 -0.69849998 0.056009863,
-0.3456167 -0.671 0.056009863,
-0.3456167 -0.639 0.056009863,
-0.3456167 -0.60699999 0.056009863,
-0.3456167 -0.54299998 0.056009863,
-0.3456167 -0.51099998 0.056009863,
-0.3456167 -0.47899997 0.056009863,
-0.3456167 -0.447 0.056009863,
-0.3456167 -0.41499999 0.056009863,
-0.3456167 -0.35099998 0.056009863,
-0.3456167 -0.31899998 0.056009863,
-0.3456167 -0.287 0.056009863,
-0.3456167 -0.255 0.056009863,
-0.3456167 -0.19099998 0.056009863,
-0.3456167 -0.15899998 0.056009863,
-0.3456167 -0.12699997 0.056009863,
-0.3456167 -0.094999969 0.056009863,
-0.3456167 0.00099998713 0.056009863,
-0.3456167 0.032999992 0.056009863,
-0.3456167 0.064999998 0.056009863,
-0.3456167 0.097000003 0.056009863,
-0.3456167 0.16100001 0.056009863,
-0.3456167 0.19300002 0.056009863,
-0.3456167 0.22500002 0.056009863,
-0.3456167 0.25700003 0.056009863,
-0.3456167 0.28900003 0.056009863,
-0.3456167 0.35299999 0.056009863,
-0.3456167 0.38500005 0.056009863,
-0.3456167 0.417 0.056009863,
-0.3456167 0.44900006 0.056009863,
-0.3456167 0.51300007 0.056009863,
-0.3456167 0.54500002 0.056009863,
-0.3456167 0.57699996 0.056009863,
-0.3456167 0.60900003 0.056009863,
-0.3456167 0.64099997 0.056009863,
-0.3456167 0.69999999 0.056009863,
-0.3411167 -0.69550002 0.058009859,
-0.3411167 -0.6785 0.058009859,
-0.3411167 -0.66350001 0.058009859,
-0.3411167 -0.64649999 0.058009859,
-0.3411167 -0.63150001 0.058009859,
-0.3411167 -0.61449999 0.058009859,
-0.3411167 -0.5995 0.058009859,
-0.3411167 -0.58249998 0.058009859,
-0.3411167 -0.5675 0.058009859,
-0.3411167 -0.55049998 0.058009859,
-0.3411167 -0.53549999 0.058009859,
-0.3411167 -0.51849997 0.058009859,
-0.3411167 -0.50349998 0.058009859,
-0.3411167 -0.48649999 0.058009859,
-0.3411167 -0.47149998 0.058009859,
-0.3411167 -0.45449999 0.058009859,
-0.3411167 -0.43949997 0.058009859,
-0.3411167 -0.42249998 0.058009859,
-0.3411167 -0.4075 0.058009859,
-0.3411167 -0.39049998 0.058009859,
-0.3411167 -0.37549999 0.058009859,
-0.3411167 -0.35849997 0.058009859,
-0.3411167 -0.34349999 0.058009859,
-0.3411167 -0.3265 0.058009859,
-0.3411167 -0.31149998 0.058009859,
-0.3411167 -0.29449999 0.058009859,
-0.3411167 -0.27949998 0.058009859,
-0.3411167 -0.26249999 0.058009859,
-0.3411167 -0.2475 0.058009859,
-0.3411167 -0.23049998 0.058009859,
-0.3411167 -0.2155 0.058009859,
-0.3411167 -0.19849998 0.058009859,
-0.3411167 -0.18349999 0.058009859,
-0.3411167 -0.16649997 0.058009859,
-0.3411167 -0.15149999 0.058009859,
-0.3411167 -0.13449997 0.058009859,
-0.3411167 -0.11949998 0.058009859,
-0.3411167 -0.10249996 0.058009859,
-0.3411167 -0.087499976 0.058009859,
-0.3411167 -0.070500016 0.058009859,
-0.3411167 -0.055499971 0.058009859,
-0.3411167 -0.038500011 0.058009859,
-0.3411167 -0.023499966 0.058009859,
-0.3411167 -0.0065000057 0.058009859,
-0.3411167 0.0085000396 0.058009859,
-0.3411167 0.0255 0.058009859,
-0.3411167 0.040499985 0.058009859,
-0.3411167 0.057500005 0.058009859,
-0.3411167 0.07249999 0.058009859,
-0.3411167 0.08950001 0.058009859,
-0.3411167 0.1045 0.058009859,
-0.3411167 0.12150002 0.058009859,
-0.3411167 0.1365 0.058009859,
-0.3411167 0.15350002 0.058009859,
-0.3411167 0.16850001 0.058009859,
-0.3411167 0.18550003 0.058009859,
-0.3411167 0.20050001 0.058009859,
-0.3411167 0.21750003 0.058009859,
-0.3411167 0.23250002 0.058009859,
-0.3411167 0.24950004 0.058009859,
-0.3411167 0.26450002 0.058009859,
-0.3411167 0.28150004 0.058009859,
-0.3411167 0.29650003 0.058009859,
-0.3411167 0.31349999 0.058009859,
-0.3411167 0.32849997 0.058009859,
-0.3411167 0.34550005 0.058009859,
-0.3411167 0.36050004 0.058009859,
-0.3411167 0.3775 0.058009859,
-0.3411167 0.39249998 0.058009859,
-0.3411167 0.40950006 0.058009859,
-0.3411167 0.42450005 0.058009859,
-0.3411167 0.44150001 0.058009859,
-0.3411167 0.45649999 0.058009859,
-0.3411167 0.47349995 0.058009859,
-0.3411167 0.48850006 0.058009859,
-0.3411167 0.50550002 0.058009859,
-0.3411167 0.5205 0.058009859,
-0.3411167 0.53749996 0.058009859,
-0.3411167 0.55250007 0.058009859,
-0.3411167 0.56950003 0.058009859,
-0.3411167 0.58450001 0.058009859,
-0.3411167 0.60149997 0.058009859,
-0.3411167 0.61649996 0.058009859,
-0.3411167 0.63350004 0.058009859,
-0.3411167 0.64850003 0.058009859,
-0.3411167 0.66549999 0.058009859,
-0.3411167 0.68049997 0.058009859,
-0.3411167 0.69750005 0.058009859,
-0.3411167 -0.69550002 0.056009863,
-0.3411167 -0.6785 0.056009863,
-0.3411167 -0.66350001 0.056009863,
-0.3411167 -0.64649999 0.056009863,
-0.3411167 -0.63150001 0.056009863,
-0.3411167 -0.61449999 0.056009863,
-0.3411167 -0.5995 0.056009863,
-0.3411167 -0.58249998 0.056009863,
-0.3411167 -0.5675 0.056009863,
-0.3411167 -0.55049998 0.056009863,
-0.3411167 -0.53549999 0.056009863,
-0.3411167 -0.51849997 0.056009863,
-0.3411167 -0.50349998 0.056009863,
-0.3411167 -0.48649999 0.056009863,
-0.3411167 -0.47149998 0.056009863,
-0.3411167 -0.45449999 0.056009863,
-0.3411167 -0.43949997 0.056009863,
-0.3411167 -0.42249998 0.056009863,
-0.3411167 -0.4075 0.056009863,
-0.3411167 -0.39049998 0.056009863,
-0.3411167 -0.37549999 0.056009863,
-0.3411167 -0.35849997 0.056009863,
-0.3411167 -0.34349999 0.056009863,
-0.3411167 -0.3265 0.056009863,
-0.3411167 -0.31149998 0.056009863,
-0.3411167 -0.29449999 0.056009863,
-0.3411167 -0.27949998 0.056009863,
-0.3411167 -0.26249999 0.056009863,
-0.3411167 -0.2475 0.056009863,
-0.3411167 -0.23049998 0.056009863,
-0.3411167 -0.2155 0.056009863,
-0.3411167 -0.19849998 0.056009863,
-0.3411167 -0.18349999 0.056009863,
-0.3411167 -0.16649997 0.056009863,
-0.3411167 -0.15149999 0.056009863,
-0.3411167 -0.13449997 0.056009863,
-0.3411167 -0.11949998 0.056009863,
-0.3411167 -0.10249996 0.056009863,
-0.3411167 -0.087499976 0.056009863,
-0.3411167 -0.070500016 0.056009863,
-0.3411167 -0.055499971 0.056009863,
-0.3411167 -0.038500011 0.056009863,
-0.3411167 -0.023499966 0.056009863,
-0.3411167 -0.0065000057 0.056009863,
-0.3411167 0.0085000396 0.056009863,
-0.3411167 0.0255 0.056009863,
-0.3411167 0.040499985 0.056009863,
-0.3411167 0.057500005 0.056009863,
-0.3411167 0.07249999 0.056009863,
-0.3411167 0.08950001 0.056009863,
-0.3411167 0.1045 0.056009863,
-0.3411167 0.12150002 0.056009863,
-0.3411167 0.1365 0.056009863,
-0.3411167 0.15350002 0.056009863,
-0.3411167 0.16850001 0.056009863,
-0.3411167 0.18550003 0.056009863,
-0.3411167 0.20050001 0.056009863,
-0.3411167 0.21750003 0.056009863,
-0.3411167 0.23250002 0.056009863,
-0.3411167 0.24950004 0.056009863,
-0.3411167 0.26450002 0.056009863,
-0.3411167 0.28150004 0.056009863,
-0.3411167 0.29650003 0.056009863,
-0.3411167 0.31349999 0.056009863,
-0.3411167 0.32849997 0.056009863,
-0.3411167 0.34550005 0.056009863,
-0.3411167 0.36050004 0.056009863,
-0.3411167 0.3775 0.056009863,
-0.3411167 0.39249998 0.056009863,
-0.3411167 0.40950006 0.056009863,
-0.3411167 0.42450005 0.056009863,
-0.3411167 0.44150001 0.056009863,
-0.3411167 0.45649999 0.056009863,
-0.3411167 0.47349995 0.056009863,
-0.3411167 0.48850006 0.056009863,
-0.3411167 0.50550002 0.056009863,
-0.3411167 0.5205 0.056009863,
-0.3411167 0.53749996 0.056009863,
-0.3411167 0.55250007 0.056009863,
-0.3411167 0.56950003 0.056009863,
-0.3411167 0.58450001 0.056009863,
-0.3411167 0.60149997 0.056009863,
-0.3411167 0.61649996 0.056009863,
-0.3411167 0.63350004 0.056009863,
-0.3411167 0.64850003 0.056009863,
-0.3411167 0.66549999 0.056009863,
-0.3411167 0.68049997 0.056009863,
-0.3411167 0.69750005 0.056009863,
-0.33961669 -0.69699997 0.058009859,
-0.33961669 -0.67699999 0.058009859,
-0.33961669 -0.66499996 0.058009859,
-0.33961669 -0.64499998 0.058009859,
-0.33961669 -0.63300002 0.058009859,
-0.33961669 -0.61299998 0.058009859,
-0.33961669 -0.60100001 0.058009859,
-0.33961669 -0.58099997 0.058009859,
-0.33961669 -0.56900001 0.058009859,
-0.33961669 -0.54900002 0.058009859,
-0.33961669 -0.537 0.058009859,
-0.33961669 -0.51699996 0.058009859,
-0.33961669 -0.505 0.058009859,
-0.33961669 -0.48499998 0.058009859,
-0.33961669 -0.47299999 0.058009859,
-0.33961669 -0.45300001 0.058009859,
-0.33961669 -0.44099998 0.058009859,
-0.33961669 -0.42099997 0.058009859,
-0.33961669 -0.40899998 0.058009859,
-0.33961669 -0.389 0.058009859,
-0.33961669 -0.37699997 0.058009859,
-0.33961669 -0.35699999 0.058009859,
-0.33961669 -0.345 0.058009859,
-0.33961669 -0.32499999 0.058009859,
-0.33961669 -0.31299999 0.058009859,
-0.33961669 -0.29299998 0.058009859,
-0.33961669 -0.28099999 0.058009859,
-0.33961669 -0.26099998 0.058009859,
-0.33961669 -0.24899998 0.058009859,
-0.33961669 -0.229 0.058009859,
-0.33961669 -0.21699998 0.058009859,
-0.33961669 -0.19699997 0.058009859,
-0.33961669 -0.185 0.058009859,
-0.33961669 -0.16499996 0.058009859,
-0.33961669 -0.153 0.058009859,
-0.33961669 -0.13300002 0.058009859,
-0.33961669 -0.12099999 0.058009859,
-0.33961669 -0.10100001 0.058009859,
-0.33961669 -0.088999987 0.058009859,
-0.33961669 -0.069000006 0.058009859,
-0.33961669 -0.056999981 0.058009859,
-0.33961669 -0.037 0.058009859,
-0.33961669 -0.024999976 0.058009859,
-0.33961669 -0.0049999952 0.058009859,
-0.33961669 0.0070000291 0.058009859,
-0.33961669 0.02700001 0.058009859,
-0.33961669 0.039000034 0.058009859,
-0.33961669 0.059000015 0.058009859,
-0.33961669 0.07100004 0.058009859,
-0.33961669 0.091000021 0.058009859,
-0.33961669 0.10299999 0.058009859,
-0.33961669 0.12300003 0.058009859,
-0.33961669 0.13499999 0.058009859,
-0.33961669 0.15500003 0.058009859,
-0.33961669 0.167 0.058009859,
-0.33961669 0.18700004 0.058009859,
-0.33961669 0.199 0.058009859,
-0.33961669 0.21900004 0.058009859,
-0.33961669 0.23100001 0.058009859,
-0.33961669 0.25099999 0.058009859,
-0.33961669 0.26300001 0.058009859,
-0.33961669 0.28299999 0.058009859,
-0.33961669 0.29500002 0.058009859,
-0.33961669 0.315 0.058009859,
-0.33961669 0.32699996 0.058009859,
-0.33961669 0.34700006 0.058009859,
-0.33961669 0.35900003 0.058009859,
-0.33961669 0.37900001 0.058009859,
-0.33961669 0.39099997 0.058009859,
-0.33961669 0.41099995 0.058009859,
-0.33961669 0.42300004 0.058009859,
-0.33961669 0.44300002 0.058009859,
-0.33961669 0.45499998 0.058009859,
-0.33961669 0.47499996 0.058009859,
-0.33961669 0.48700005 0.058009859,
-0.33961669 0.50700003 0.058009859,
-0.33961669 0.51899999 0.058009859,
-0.33961669 0.53899997 0.058009859,
-0.33961669 0.55100006 0.058009859,
-0.33961669 0.57100004 0.058009859,
-0.33961669 0.583 0.058009859,
-0.33961669 0.60299999 0.058009859,
-0.33961669 0.61500007 0.058009859,
-0.33961669 0.63500005 0.058009859,
-0.33961669 0.64700001 0.058009859,
-0.33961669 0.667 0.058009859,
-0.33961669 0.67899996 0.058009859,
-0.33961669 0.69900006 0.058009859,
-0.33961669 -0.69699997 0.056009863,
-0.33961669 -0.67699999 0.056009863,
-0.33961669 -0.66499996 0.056009863,
-0.33961669 -0.64499998 0.056009863,
-0.33961669 -0.63300002 0.056009863,
-0.33961669 -0.61299998 0.056009863,
-0.33961669 -0.60100001 0.056009863,
-0.33961669 -0.58099997 0.056009863,
-0.33961669 -0.56900001 0.056009863,
-0.33961669 -0.54900002 0.056009863,
-0.33961669 -0.537 0.056009863,
-0.33961669 -0.51699996 0.056009863,
-0.33961669 -0.505 0.056009863,
-0.33961669 -0.48499998 0.056009863,
-0.33961669 -0.47299999 0.056009863,
-0.33961669 -0.45300001 0.056009863,
-0.33961669 -0.44099998 0.056009863,
-0.33961669 -0.42099997 0.056009863,
-0.33961669 -0.40899998 0.056009863,
-0.33961669 -0.389 0.056009863,
-0.33961669 -0.37699997 0.056009863,
-0.33961669 -0.35699999 0.056009863,
-0.33961669 -0.345 0.056009863,
-0.33961669 -0.32499999 0.056009863,
-0.33961669 -0.31299999 0.056009863,
-0.33961669 -0.29299998 0.056009863,
-0.33961669 -0.28099999 0.056009863,
-0.33961669 -0.26099998 0.056009863,
-0.33961669 -0.24899998 0.056009863,
-0.33961669 -0.229 0.056009863,
-0.33961669 -0.21699998 0.056009863,
-0.33961669 -0.19699997 0.056009863,
-0.33961669 -0.185 0.056009863,
-0.33961669 -0.16499996 0.056009863,
-0.33961669 -0.153 0.056009863,
-0.33961669 -0.13300002 0.056009863,
-0.33961669 -0.12099999 0.056009863,
-0.33961669 -0.10100001 0.056009863,
-0.33961669 -0.088999987 0.056009863,
-0.33961669 -0.069000006 0.056009863,
-0.33961669 -0.056999981 0.056009863,
-0.33961669 -0.037 0.056009863,
-0.33961669 -0.024999976 0.056009863,
-0.33961669 -0.0049999952 0.056009863,
-0.33961669 0.0070000291 0.056009863,
-0.33961669 0.02700001 0.056009863,
-0.33961669 0.039000034 0.056009863,
-0.33961669 0.059000015 0.056009863,
-0.33961669 0.07100004 0.056009863,
-0.33961669 0.091000021 0.056009863,
-0.33961669 0.10299999 0.056009863,
-0.33961669 0.12300003 0.056009863,
-0.33961669 0.13499999 0.056009863,
-0.33961669 0.15500003 0.056009863,
-0.33961669 0.167 0.056009863,
-0.33961669 0.18700004 0.056009863,
-0.33961669 0.199 0.056009863,
-0.33961669 0.21900004 0.056009863,
-0.33961669 0.23100001 0.056009863,
-0.33961669 0.25099999 0.056009863,
-0.33961669 0.26300001 0.056009863,
-0.33961669 0.28299999 0.056009863,
-0.33961669 0.29500002 0.056009863,
-0.33961669 0.315 0.056009863,
-0.33961669 0.32699996 0.056009863,
-0.33961669 0.34700006 0.056009863,
-0.33961669 0.35900003 0.056009863,
-0.33961669 0.37900001 0.056009863,
-0.33961669 0.39099997 0.056009863,
-0.33961669 0.41099995 0.056009863,
-0.33961669 0.42300004 0.056009863,
-0.33961669 0.44300002 0.056009863,
-0.33961669 0.45499998 0.056009863,
-0.33961669 0.47499996 0.056009863,
-0.33961669 0.48700005 0.056009863,
-0.33961669 0.50700003 0.056009863,
-0.33961669 0.51899999 0.056009863,
-0.33961669 0.53899997 0.056009863,
-0.33961669 0.55100006 0.056009863,
-0.33961669 0.57100004 0.056009863,
-0.33961669 0.583 0.056009863,
-0.33961669 0.60299999 0.056009863,
-0.33961669 0.61500007 0.056009863,
-0.33961669 0.63500005 0.056009863,
-0.33961669 0.64700001 0.056009863,
-0.33961669 0.667 0.056009863,
-0.33961669 0.67899996 0.056009863,
-0.33961669 0.69900006 0.056009863,
-0.33811668 -0.69550002 0.058009859,
-0.33811668 -0.6785 0.058009859,
-0.33811668 -0.66350001 0.058009859,
-0.33811668 -0.64649999 0.058009859,
-0.33811668 -0.63150001 0.058009859,
-0.33811668 -0.61449999 0.058009859,
-0.33811668 -0.5995 0.058009859,
-0.33811668 -0.58249998 0.058009859,
-0.33811668 -0.5675 0.058009859,
-0.33811668 -0.55049998 0.058009859,
-0.33811668 -0.53549999 0.058009859,
-0.33811668 -0.51849997 0.058009859,
-0.33811668 -0.50349998 0.058009859,
-0.33811668 -0.48649999 0.058009859,
-0.33811668 -0.47149998 0.058009859,
-0.33811668 -0.45449999 0.058009859,
-0.33811668 -0.43949997 0.058009859,
-0.33811668 -0.42249998 0.058009859,
-0.33811668 -0.4075 0.058009859,
-0.33811668 -0.39049998 0.058009859,
-0.33811668 -0.37549999 0.058009859,
-0.33811668 -0.35849997 0.058009859,
-0.33811668 -0.34349999 0.058009859,
-0.33811668 -0.3265 0.058009859,
-0.33811668 -0.31149998 0.058009859,
-0.33811668 -0.29449999 0.058009859,
-0.33811668 -0.27949998 0.058009859,
-0.33811668 -0.26249999 0.058009859,
-0.33811668 -0.2475 0.058009859,
-0.33811668 -0.23049998 0.058009859,
-0.33811668 -0.2155 0.058009859,
-0.33811668 -0.19849998 0.058009859,
-0.33811668 -0.18349999 0.058009859,
-0.33811668 -0.16649997 0.058009859,
-0.33811668 -0.15149999 0.058009859,
-0.33811668 -0.13449997 0.058009859,
-0.33811668 -0.11949998 0.058009859,
-0.33811668 -0.10249996 0.058009859,
-0.33811668 -0.087499976 0.058009859,
-0.33811668 -0.070500016 0.058009859,
-0.33811668 -0.055499971 0.058009859,
-0.33811668 -0.038500011 0.058009859,
-0.33811668 -0.023499966 0.058009859,
-0.33811668 -0.0065000057 0.058009859,
-0.33811668 0.0085000396 0.058009859,
-0.33811668 0.0255 0.058009859,
-0.33811668 0.040499985 0.058009859,
-0.33811668 0.057500005 0.058009859,
-0.33811668 0.07249999 0.058009859,
-0.33811668 0.08950001 0.058009859,
-0.33811668 0.1045 0.058009859,
-0.33811668 0.12150002 0.058009859,
-0.33811668 0.1365 0.058009859,
-0.33811668 0.15350002 0.058009859,
-0.33811668 0.16850001 0.058009859,
-0.33811668 0.18550003 0.058009859,
-0.33811668 0.20050001 0.058009859,
-0.33811668 0.21750003 0.058009859,
-0.33811668 0.23250002 0.058009859,
-0.33811668 0.24950004 0.058009859,
-0.33811668 0.26450002 0.058009859,
-0.33811668 0.28150004 0.058009859,
-0.33811668 0.29650003 0.058009859,
-0.33811668 0.31349999 0.058009859,
-0.33811668 0.32849997 0.058009859,
-0.33811668 0.34550005 0.058009859,
-0.33811668 0.36050004 0.058009859,
-0.33811668 0.3775 0.058009859,
-0.33811668 0.39249998 0.058009859,
-0.33811668 0.40950006 0.058009859,
-0.33811668 0.42450005 0.058009859,
-0.33811668 0.44150001 0.058009859,
-0.33811668 0.45649999 0.058009859,
-0.33811668 0.47349995 0.058009859,
-0.33811668 0.48850006 0.058009859,
-0.33811668 0.50550002 0.058009859,
-0.33811668 0.5205 0.058009859,
-0.33811668 0.53749996 0.058009859,
-0.33811668 0.55250007 0.058009859,
-0.33811668 0.56950003 0.058009859,
-0.33811668 0.58450001 0.058009859,
-0.33811668 0.60149997 0.058009859,
-0.33811668 0.61649996 0.058009859,
-0.33811668 0.63350004 0.058009859,
-0.33811668 0.64850003 0.058009859,
-0.33811668 0.66549999 0.058009859,
-0.33811668 0.68049997 0.058009859,
-0.33811668 0.69750005 0.058009859,
-0.33811668 -0.69550002 0.056009863,
-0.33811668 -0.6785 0.056009863,
-0.33811668 -0.66350001 0.056009863,
-0.33811668 -0.64649999 0.056009863,
-0.33811668 -0.63150001 0.056009863,
-0.33811668 -0.61449999 0.056009863,
-0.33811668 -0.5995 0.056009863,
-0.33811668 -0.58249998 0.056009863,
-0.33811668 -0.5675 0.056009863,
-0.33811668 -0.55049998 0.056009863,
-0.33811668 -0.53549999 0.056009863,
-0.33811668 -0.51849997 0.056009863,
-0.33811668 -0.50349998 0.056009863,
-0.33811668 -0.48649999 0.056009863,
-0.33811668 -0.47149998 0.056009863,
-0.33811668 -0.45449999 0.056009863,
-0.33811668 -0.43949997 0.056009863,
-0.33811668 -0.42249998 0.056009863,
-0.33811668 -0.4075 0.056009863,
-0.33811668 -0.39049998 0.056009863,
-0.33811668 -0.37549999 0.056009863,
-0.33811668 -0.35849997 0.056009863,
-0.33811668 -0.34349999 0.056009863,
-0.33811668 -0.3265 0.056009863,
-0.33811668 -0.31149998 0.056009863,
-0.33811668 -0.29449999 0.056009863,
-0.33811668 -0.27949998 0.056009863,
-0.33811668 -0.26249999 0.056009863,
-0.33811668 -0.2475 0.056009863,
-0.33811668 -0.23049998 0.056009863,
-0.33811668 -0.2155 0.056009863,
-0.33811668 -0.19849998 0.056009863,
-0.33811668 -0.18349999 0.056009863,
-0.33811668 -0.16649997 0.056009863,
-0.33811668 -0.15149999 0.056009863,
-0.33811668 -0.13449997 0.056009863,
-0.33811668 -0.11949998 0.056009863,
-0.33811668 -0.10249996 0.056009863,
-0.33811668 -0.087499976 0.056009863,
-0.33811668 -0.070500016 0.056009863,
-0.33811668 -0.055499971 0.056009863,
-0.33811668 -0.038500011 0.056009863,
-0.33811668 -0.023499966 0.056009863,
-0.33811668 -0.0065000057 0.056009863,
-0.33811668 0.0085000396 0.056009863,
-0.33811668 0.0255 0.056009863,
-0.33811668 0.040499985 0.056009863,
-0.33811668 0.057500005 0.056009863,
-0.33811668 0.07249999 0.056009863,
-0.33811668 0.08950001 0.056009863,
-0.33811668 0.1045 0.056009863,
-0.33811668 0.12150002 0.056009863,
-0.33811668 0.1365 0.056009863,
-0.33811668 0.15350002 0.056009863,
-0.33811668 0.16850001 0.056009863,
-0.33811668 0.18550003 0.056009863,
-0.33811668 0.20050001 0.056009863,
-0.33811668 0.21750003 0.056009863,
-0.33811668 0.23250002 0.056009863,
-0.33811668 0.24950004 0.056009863,
-0.33811668 0.26450002 0.056009863,
-0.33811668 0.28150004 0.056009863,
-0.33811668 0.29650003 0.056009863,
-0.33811668 0.31349999 0.056009863,
-0.33811668 0.32849997 0.056009863,
-0.33811668 0.34550005 0.056009863,
-0.33811668 0.36050004 0.056009863,
-0.33811668 0.3775 0.056009863,
-0.33811668 0.39249998 0.056009863,
-0.33811668 0.40950006 0.056009863,
-0.33811668 0.42450005 0.056009863,
-0.33811668 0.44150001 0.056009863,
-0.33811668 0.45649999 0.056009863,
-0.33811668 0.47349995 0.056009863,
-0.33811668 0.48850006 0.056009863,
-0.33811668 0.50550002 0.056009863,
-0.33811668 0.5205 0.056009863,
-0.33811668 0.53749996 0.056009863,
-0.33811668 0.55250007 0.056009863,
-0.33811668 0.56950003 0.056009863,
-0.33811668 0.58450001 0.056009863,
-0.33811668 0.60149997 0.056009863,
-0.33811668 0.61649996 0.056009863,
-0.33811668 0.63350004 0.056009863,
-0.33811668 0.64850003 0.056009863,
-0.33811668 0.66549999 0.056009863,
-0.33811668 0.68049997 0.056009863,
-0.33811668 0.69750005 0.056009863,
-0.33661669 -0.69999999 0.056009863,
-0.33661669 -0.69849998 0.056009863,
-0.33661669 -0.671 0.056009863,
-0.33661669 -0.639 0.056009863,
-0.33661669 -0.60699999 0.056009863,
-0.33661669 -0.54299998 0.056009863,
-0.33661669 -0.51099998 0.056009863,
-0.33661669 -0.47899997 0.056009863,
-0.33661669 -0.447 0.056009863,
-0.33661669 -0.41499999 0.056009863,
-0.33661669 -0.35099998 0.056009863,
-0.33661669 -0.31899998 0.056009863,
-0.33661669 -0.287 0.056009863,
-0.33661669 -0.255 0.056009863,
-0.33661669 -0.19099998 0.056009863,
-0.33661669 -0.15899998 0.056009863,
-0.33661669 -0.12699997 0.056009863,
-0.33661669 -0.094999969 0.056009863,
-0.33661669 0.00099998713 0.056009863,
-0.33661669 0.032999992 0.056009863,
-0.33661669 0.064999998 0.056009863,
-0.33661669 0.097000003 0.056009863,
-0.33661669 0.16100001 0.056009863,
-0.33661669 0.19300002 0.056009863,
-0.33661669 0.22500002 0.056009863,
-0.33661669 0.25700003 0.056009863,
-0.33661669 0.28900003 0.056009863,
-0.33661669 0.35299999 0.056009863,
-0.33661669 0.38500005 0.056009863,
-0.33661669 0.417 0.056009863,
-0.33661669 0.44900006 0.056009863,
-0.33661669 0.51300007 0.056009863,
-0.33661669 0.54500002 0.056009863,
-0.33661669 0.57699996 0.056009863,
-0.33661669 0.60900003 0.056009863,
-0.33661669 0.64099997 0.056009863,
-0.33661669 0.69999999 0.056009863,
-0.33511668 -0.69999999 0.058009859,
-0.33511668 -0.69849998 0.058009859,
-0.33511668 -0.671 0.058009859,
-0.33511668 -0.639 0.058009859,
-0.33511668 -0.60699999 0.058009859,
-0.33511668 -0.54299998 0.058009859,
-0.33511668 -0.51099998 0.058009859,
-0.33511668 -0.47899997 0.058009859,
-0.33511668 -0.447 0.058009859,
-0.33511668 -0.41499999 0.058009859,
-0.33511668 -0.35099998 0.058009859,
-0.33511668 -0.31899998 0.058009859,
-0.33511668 -0.287 0.058009859,
-0.33511668 -0.255 0.058009859,
-0.33511668 -0.19099998 0.058009859,
-0.33511668 -0.15899998 0.058009859,
-0.33511668 -0.12699997 0.058009859,
-0.33511668 -0.094999969 0.058009859,
-0.33511668 0.00099998713 0.058009859,
-0.33511668 0.032999992 0.058009859,
-0.33511668 0.064999998 0.058009859,
-0.33511668 0.097000003 0.058009859,
-0.33511668 0.16100001 0.058009859,
-0.33511668 0.19300002 0.058009859,
-0.33511668 0.22500002 0.058009859,
-0.33511668 0.25700003 0.058009859,
-0.33511668 0.28900003 0.058009859,
-0.33511668 0.35299999 0.058009859,
-0.33511668 0.38500005 0.058009859,
-0.33511668 0.417 0.058009859,
-0.33511668 0.44900006 0.058009859,
-0.33511668 0.51300007 0.058009859,
-0.33511668 0.54500002 0.058009859,
-0.33511668 0.57699996 0.058009859,
-0.33511668 0.60900003 0.058009859,
-0.33511668 0.64099997 0.058009859,
-0.33511668 0.69999999 0.058009859,
-0.33511668 -0.69999999 0.056009863,
-0.33511668 -0.69849998 0.056009863,
-0.33511668 -0.671 0.056009863,
-0.33511668 -0.639 0.056009863,
-0.33511668 -0.60699999 0.056009863,
-0.33511668 -0.54299998 0.056009863,
-0.33511668 -0.51099998 0.056009863,
-0.33511668 -0.47899997 0.056009863,
-0.33511668 -0.447 0.056009863,
-0.33511668 -0.41499999 0.056009863,
-0.33511668 -0.35099998 0.056009863,
-0.33511668 -0.31899998 0.056009863,
-0.33511668 -0.287 0.056009863,
-0.33511668 -0.255 0.056009863,
-0.33511668 -0.19099998 0.056009863,
-0.33511668 -0.15899998 0.056009863,
-0.33511668 -0.12699997 0.056009863,
-0.33511668 -0.094999969 0.056009863,
-0.33511668 0.00099998713 0.056009863,
-0.33511668 0.032999992 0.056009863,
-0.33511668 0.064999998 0.056009863,
-0.33511668 0.097000003 0.056009863,
-0.33511668 0.16100001 0.056009863,
-0.33511668 0.19300002 0.056009863,
-0.33511668 0.22500002 0.056009863,
-0.33511668 0.25700003 0.056009863,
-0.33511668 0.28900003 0.056009863,
-0.33511668 0.35299999 0.056009863,
-0.33511668 0.38500005 0.056009863,
-0.33511668 0.417 0.056009863,
-0.33511668 0.44900006 0.056009863,
-0.33511668 0.51300007 0.056009863,
-0.33511668 0.54500002 0.056009863,
-0.33511668 0.57699996 0.056009863,
-0.33511668 0.60900003 0.056009863,
-0.33511668 0.64099997 0.056009863,
-0.33511668 0.69999999 0.056009863,
-0.33511668 -0.69999999 0.04000986,
-0.33511668 0.69999999 0.04000986,
-0.33311668 -0.69999999 0.056009863,
-0.33311668 0.69999999 0.056009863,
-0.33311668 -0.69999999 0.04000986,
-0.33311668 0.69999999 0.04000986
] }
normal Normal { vector [
-1 0 0,
0 0 -1,
0 -1 0,
0 1 0,
0 0 1,
0 -1 0,
0 1 0,
0 0 -1,
0 1 0,
0 0 1,
0 -1 0,
1 0 0
] }
coordIndex [
1363,1359,1357,-1,
79,3,77,-1,
77,3,1,-1,
1,40,77,-1,
77,40,116,-1,
77,116,718,-1,
718,116,681,-1,
718,681,1283,-1,
1283,681,1320,-1,
1283,1320,1357,-1,
1357,1320,1361,-1,
1357,1361,1363,-1,
79,78,3,-1,
3,78,2,-1,
79,77,76,-1,
76,75,79,-1,
79,75,74,-1,
79,74,73,-1,
73,72,79,-1,
79,72,71,-1,
79,71,70,-1,
70,69,79,-1,
79,69,68,-1,
79,68,78,-1,
78,68,67,-1,
78,67,66,-1,
78,60,59,-1,
59,58,78,-1,
78,58,57,-1,
78,57,56,-1,
66,65,78,-1,
78,65,64,-1,
78,64,63,-1,
56,55,78,-1,
78,55,54,-1,
78,54,53,-1,
53,52,78,-1,
78,52,51,-1,
78,51,50,-1,
63,62,78,-1,
78,62,61,-1,
78,61,60,-1,
50,49,78,-1,
78,49,48,-1,
78,48,47,-1,
47,46,78,-1,
78,46,45,-1,
78,45,44,-1,
44,43,78,-1,
78,43,42,-1,
78,42,41,-1,
289,465,76,-1,
642,466,291,-1,
291,466,290,-1,
76,465,717,-1,
717,465,641,-1,
717,641,642,-1,
289,76,290,-1,
290,76,77,-1,
290,77,291,-1,
291,467,642,-1,
642,467,643,-1,
642,643,717,-1,
717,643,718,-1,
643,644,718,-1,
718,644,468,-1,
718,468,77,-1,
77,468,292,-1,
77,292,291,-1,
894,718,1070,-1,
1070,718,1283,-1,
893,1068,892,-1,
1068,893,1244,-1,
1244,893,1069,-1,
1244,1069,1245,-1,
894,893,718,-1,
718,893,892,-1,
718,892,717,-1,
717,892,891,-1,
717,891,1282,-1,
1282,891,1067,-1,
1282,1067,1243,-1,
1243,1244,1282,-1,
1282,1244,1245,-1,
1282,1245,1283,-1,
1283,1245,1246,-1,
1283,1246,1070,-1,
75,463,716,-1,
716,463,639,-1,
716,639,717,-1,
639,640,717,-1,
717,640,464,-1,
717,464,76,-1,
76,464,288,-1,
76,288,75,-1,
75,288,287,-1,
75,287,463,-1,
1065,1241,1281,-1,
1281,1241,1242,-1,
1281,1242,1282,-1,
1282,1242,1066,-1,
1282,1066,717,-1,
717,1066,890,-1,
717,890,716,-1,
716,890,889,-1,
716,889,1281,-1,
1281,889,1065,-1,
74,461,715,-1,
715,461,637,-1,
715,637,716,-1,
637,638,716,-1,
716,638,462,-1,
716,462,75,-1,
75,462,286,-1,
75,286,74,-1,
74,286,285,-1,
74,285,461,-1,
1063,1239,1280,-1,
1280,1239,1240,-1,
1280,1240,1281,-1,
1281,1240,1064,-1,
1281,1064,716,-1,
716,1064,888,-1,
716,888,715,-1,
715,888,887,-1,
715,887,1280,-1,
1280,887,1063,-1,
73,459,714,-1,
714,459,635,-1,
714,635,715,-1,
635,636,715,-1,
715,636,460,-1,
715,460,74,-1,
74,460,284,-1,
74,284,73,-1,
73,284,283,-1,
73,283,459,-1,
1061,1237,1279,-1,
1279,1237,1238,-1,
1279,1238,1280,-1,
1280,1238,1062,-1,
1280,1062,715,-1,
715,1062,886,-1,
715,886,714,-1,
714,886,885,-1,
714,885,1279,-1,
1279,885,1061,-1,
72,457,713,-1,
713,457,633,-1,
713,633,714,-1,
633,634,714,-1,
714,634,458,-1,
714,458,73,-1,
73,458,282,-1,
73,282,72,-1,
72,282,281,-1,
72,281,457,-1,
883,1059,1278,-1,
1059,1235,1278,-1,
1278,1235,1236,-1,
1278,1236,1279,-1,
1279,1236,1060,-1,
1279,1060,714,-1,
714,1060,884,-1,
714,884,713,-1,
713,884,883,-1,
277,453,71,-1,
630,454,279,-1,
279,454,278,-1,
71,453,712,-1,
712,453,629,-1,
712,629,630,-1,
277,71,278,-1,
278,71,72,-1,
278,72,279,-1,
279,455,630,-1,
630,455,631,-1,
630,631,712,-1,
712,631,713,-1,
631,632,713,-1,
713,632,456,-1,
713,456,72,-1,
72,456,280,-1,
72,280,279,-1,
883,1278,713,-1,
713,1278,1058,-1,
713,1058,882,-1,
881,1056,880,-1,
1056,881,1232,-1,
1232,881,1057,-1,
1232,1057,1233,-1,
882,881,713,-1,
713,881,880,-1,
713,880,712,-1,
712,880,879,-1,
712,879,1277,-1,
1277,879,1055,-1,
1277,1055,1231,-1,
1231,1232,1277,-1,
1277,1232,1233,-1,
1277,1233,1278,-1,
1278,1233,1234,-1,
1278,1234,1058,-1,
70,451,711,-1,
711,451,627,-1,
711,627,712,-1,
627,628,712,-1,
712,628,452,-1,
712,452,71,-1,
71,452,276,-1,
71,276,70,-1,
70,276,275,-1,
70,275,451,-1,
1277,1054,712,-1,
712,1054,878,-1,
712,878,711,-1,
711,878,877,-1,
711,877,1276,-1,
877,1053,1276,-1,
1276,1053,1229,-1,
1276,1229,1277,-1,
1277,1229,1230,-1,
1277,1230,1054,-1,
69,449,710,-1,
710,449,625,-1,
710,625,711,-1,
625,626,711,-1,
711,626,450,-1,
711,450,70,-1,
70,450,274,-1,
70,274,69,-1,
69,274,273,-1,
69,273,449,-1,
1276,1052,711,-1,
711,1052,876,-1,
711,876,710,-1,
710,876,875,-1,
710,875,1275,-1,
875,1051,1275,-1,
1275,1051,1227,-1,
1275,1227,1276,-1,
1276,1227,1228,-1,
1276,1228,1052,-1,
447,623,709,-1,
709,623,710,-1,
623,624,710,-1,
710,624,448,-1,
710,448,69,-1,
69,448,272,-1,
69,272,68,-1,
68,272,271,-1,
1275,1050,710,-1,
710,1050,874,-1,
710,874,709,-1,
709,874,873,-1,
709,873,1274,-1,
873,1049,1274,-1,
1274,1049,1225,-1,
1274,1225,1275,-1,
1275,1225,1226,-1,
1275,1226,1050,-1,
68,446,270,-1,
620,444,269,-1,
269,444,268,-1,
67,443,708,-1,
708,443,619,-1,
708,619,620,-1,
621,622,709,-1,
271,447,68,-1,
68,447,709,-1,
68,709,446,-1,
446,709,622,-1,
270,269,68,-1,
68,269,268,-1,
68,268,67,-1,
67,268,267,-1,
67,267,443,-1,
1273,1045,1221,-1,
1045,1273,869,-1,
869,1273,708,-1,
869,708,870,-1,
871,1047,1222,-1,
1222,1047,1223,-1,
1274,1048,709,-1,
709,1048,872,-1,
709,872,871,-1,
1221,1222,1273,-1,
1273,1222,1223,-1,
1273,1223,1274,-1,
1274,1223,1224,-1,
1274,1224,1048,-1,
269,445,620,-1,
620,445,621,-1,
620,621,708,-1,
708,621,709,-1,
708,709,870,-1,
870,709,871,-1,
870,871,1046,-1,
1046,871,1222,-1,
66,441,707,-1,
707,441,617,-1,
707,617,708,-1,
617,618,708,-1,
708,618,442,-1,
708,442,67,-1,
67,442,266,-1,
67,266,66,-1,
66,266,265,-1,
66,265,441,-1,
1043,1219,1272,-1,
1272,1219,1220,-1,
1272,1220,1273,-1,
1273,1220,1044,-1,
1273,1044,708,-1,
708,1044,868,-1,
708,868,707,-1,
707,868,867,-1,
707,867,1272,-1,
1272,867,1043,-1,
65,439,706,-1,
706,439,615,-1,
706,615,707,-1,
615,616,707,-1,
707,616,440,-1,
707,440,66,-1,
66,440,264,-1,
66,264,65,-1,
65,264,263,-1,
65,263,439,-1,
1041,1217,1271,-1,
1271,1217,1218,-1,
1271,1218,1272,-1,
1272,1218,1042,-1,
1272,1042,707,-1,
707,1042,866,-1,
707,866,706,-1,
706,866,865,-1,
706,865,1271,-1,
1271,865,1041,-1,
706,438,65,-1,
65,438,262,-1,
65,262,64,-1,
262,261,64,-1,
64,261,437,-1,
64,437,705,-1,
705,437,613,-1,
705,613,706,-1,
706,613,614,-1,
706,614,438,-1,
1271,1040,706,-1,
706,1040,864,-1,
706,864,705,-1,
705,864,863,-1,
705,863,1270,-1,
863,1039,1270,-1,
1270,1039,1215,-1,
1270,1215,1271,-1,
1271,1215,1216,-1,
1271,1216,1040,-1,
705,436,64,-1,
64,436,260,-1,
64,260,63,-1,
260,259,63,-1,
63,259,435,-1,
63,435,704,-1,
704,435,611,-1,
704,611,705,-1,
705,611,612,-1,
705,612,436,-1,
1270,1038,705,-1,
705,1038,862,-1,
705,862,704,-1,
704,862,861,-1,
861,1037,1269,-1,
1269,1037,1213,-1,
1269,1213,1270,-1,
1270,1213,1214,-1,
1270,1214,1038,-1,
255,431,62,-1,
608,432,257,-1,
257,432,256,-1,
62,431,703,-1,
703,431,607,-1,
703,607,608,-1,
255,62,256,-1,
256,62,63,-1,
256,63,257,-1,
257,433,608,-1,
608,433,609,-1,
608,609,703,-1,
703,609,704,-1,
609,610,704,-1,
704,610,434,-1,
704,434,63,-1,
63,434,258,-1,
63,258,257,-1,
861,1269,704,-1,
704,1269,1036,-1,
704,1036,860,-1,
859,1034,858,-1,
1034,859,1210,-1,
1210,859,1035,-1,
1210,1035,1211,-1,
860,859,704,-1,
704,859,858,-1,
704,858,703,-1,
703,858,857,-1,
703,857,1268,-1,
1268,857,1033,-1,
1268,1033,1209,-1,
1209,1210,1268,-1,
1268,1210,1211,-1,
1268,1211,1269,-1,
1269,1211,1212,-1,
1269,1212,1036,-1,
61,429,702,-1,
702,429,605,-1,
702,605,703,-1,
605,606,703,-1,
703,606,430,-1,
703,430,62,-1,
62,430,254,-1,
62,254,61,-1,
61,254,253,-1,
61,253,429,-1,
1031,1207,1267,-1,
1267,1207,1208,-1,
1267,1208,1268,-1,
1268,1208,1032,-1,
1268,1032,703,-1,
703,1032,856,-1,
703,856,702,-1,
702,856,855,-1,
702,855,1267,-1,
1267,855,1031,-1,
60,427,701,-1,
701,427,603,-1,
701,603,702,-1,
603,604,702,-1,
702,604,428,-1,
702,428,61,-1,
61,428,252,-1,
61,252,60,-1,
60,252,251,-1,
60,251,427,-1,
1029,1205,1266,-1,
1266,1205,1206,-1,
1266,1206,1267,-1,
1267,1206,1030,-1,
1267,1030,702,-1,
702,1030,854,-1,
702,854,701,-1,
701,854,853,-1,
701,853,1266,-1,
1266,853,1029,-1,
59,425,700,-1,
700,425,601,-1,
700,601,701,-1,
601,602,701,-1,
701,602,426,-1,
701,426,60,-1,
60,426,250,-1,
60,250,59,-1,
59,250,249,-1,
59,249,425,-1,
1027,1203,1265,-1,
1265,1203,1204,-1,
1265,1204,1266,-1,
1266,1204,1028,-1,
1266,1028,701,-1,
701,1028,852,-1,
701,852,700,-1,
700,852,851,-1,
596,420,245,-1,
247,423,598,-1,
58,59,244,-1,
700,699,599,-1,
599,600,700,-1,
700,600,424,-1,
700,424,59,-1,
59,424,248,-1,
59,248,247,-1,
598,422,247,-1,
247,422,246,-1,
247,246,59,-1,
59,246,245,-1,
59,245,244,-1,
244,245,420,-1,
244,243,58,-1,
58,243,419,-1,
58,419,699,-1,
699,419,595,-1,
699,595,596,-1,
245,421,596,-1,
596,421,597,-1,
596,597,699,-1,
699,597,598,-1,
699,598,599,-1,
599,598,423,-1,
1026,700,1265,-1,
1265,700,851,-1,
1265,851,1027,-1,
1198,1022,847,-1,
847,1022,846,-1,
1024,849,1200,-1,
1200,849,1025,-1,
1024,848,849,-1,
849,848,700,-1,
849,700,850,-1,
850,700,1026,-1,
848,847,700,-1,
700,847,846,-1,
700,846,699,-1,
699,846,845,-1,
699,845,1264,-1,
1264,1201,1265,-1,
1265,1201,1202,-1,
1265,1202,1026,-1,
845,1021,1264,-1,
1264,1021,1197,-1,
1264,1197,1198,-1,
847,1023,1198,-1,
1198,1023,1199,-1,
1198,1199,1264,-1,
1264,1199,1200,-1,
1264,1200,1201,-1,
1201,1200,1025,-1,
57,417,698,-1,
698,417,593,-1,
698,593,699,-1,
593,594,699,-1,
699,594,418,-1,
699,418,58,-1,
58,418,242,-1,
58,242,57,-1,
57,242,241,-1,
57,241,417,-1,
1264,1020,699,-1,
699,1020,844,-1,
699,844,698,-1,
698,844,843,-1,
698,843,1263,-1,
843,1019,1263,-1,
1263,1019,1195,-1,
1263,1195,1264,-1,
1264,1195,1196,-1,
1264,1196,1020,-1,
56,415,697,-1,
697,415,591,-1,
697,591,698,-1,
591,592,698,-1,
698,592,416,-1,
698,416,57,-1,
57,416,240,-1,
57,240,56,-1,
56,240,239,-1,
56,239,415,-1,
1263,1018,698,-1,
698,1018,842,-1,
698,842,697,-1,
697,842,841,-1,
697,841,1262,-1,
841,1017,1262,-1,
1262,1017,1193,-1,
1262,1193,1263,-1,
1263,1193,1194,-1,
1263,1194,1018,-1,
55,413,696,-1,
696,413,589,-1,
696,589,697,-1,
589,590,697,-1,
697,590,414,-1,
697,414,56,-1,
56,414,238,-1,
56,238,55,-1,
55,238,237,-1,
55,237,413,-1,
1262,1016,697,-1,
697,1016,840,-1,
697,840,696,-1,
696,840,839,-1,
839,1015,1261,-1,
1261,1015,1191,-1,
1261,1191,1262,-1,
1262,1191,1192,-1,
1262,1192,1016,-1,
235,411,586,-1,
586,411,587,-1,
696,412,55,-1,
55,412,236,-1,
55,236,235,-1,
586,410,235,-1,
235,410,234,-1,
235,234,55,-1,
55,234,54,-1,
585,695,409,-1,
409,695,54,-1,
409,54,233,-1,
233,54,234,-1,
585,586,695,-1,
695,586,587,-1,
695,587,696,-1,
696,587,588,-1,
696,588,412,-1,
839,1261,696,-1,
696,1261,1014,-1,
696,1014,838,-1,
837,1012,836,-1,
1012,837,1188,-1,
1188,837,1013,-1,
1188,1013,1189,-1,
838,837,696,-1,
696,837,836,-1,
696,836,695,-1,
695,836,835,-1,
695,835,1260,-1,
1260,835,1011,-1,
1260,1011,1187,-1,
1187,1188,1260,-1,
1260,1188,1189,-1,
1260,1189,1261,-1,
1261,1189,1190,-1,
1261,1190,1014,-1,
695,408,54,-1,
54,408,232,-1,
54,232,53,-1,
232,231,53,-1,
53,231,407,-1,
53,407,694,-1,
694,407,583,-1,
694,583,695,-1,
695,583,584,-1,
695,584,408,-1,
1260,1010,695,-1,
695,1010,834,-1,
695,834,694,-1,
694,834,833,-1,
694,833,1259,-1,
833,1009,1259,-1,
1259,1009,1185,-1,
1259,1185,1260,-1,
1260,1185,1186,-1,
1260,1186,1010,-1,
694,406,53,-1,
53,406,230,-1,
53,230,52,-1,
230,229,52,-1,
52,229,405,-1,
52,405,693,-1,
693,405,581,-1,
693,581,694,-1,
694,581,582,-1,
694,582,406,-1,
1259,1008,694,-1,
694,1008,832,-1,
694,832,693,-1,
693,832,831,-1,
693,831,1258,-1,
831,1007,1258,-1,
1258,1007,1183,-1,
1258,1183,1259,-1,
1259,1183,1184,-1,
1259,1184,1008,-1,
693,404,52,-1,
52,404,228,-1,
52,228,51,-1,
228,227,51,-1,
51,227,403,-1,
51,403,692,-1,
692,403,579,-1,
692,579,693,-1,
693,579,580,-1,
693,580,404,-1,
1258,1006,693,-1,
693,1006,830,-1,
693,830,692,-1,
692,830,829,-1,
829,1005,1257,-1,
1257,1005,1181,-1,
1257,1181,1258,-1,
1258,1181,1182,-1,
1258,1182,1006,-1,
223,399,50,-1,
576,400,225,-1,
225,400,224,-1,
50,399,691,-1,
691,399,575,-1,
691,575,576,-1,
223,50,224,-1,
224,50,51,-1,
224,51,225,-1,
225,401,576,-1,
576,401,577,-1,
576,577,691,-1,
691,577,692,-1,
577,578,692,-1,
692,578,402,-1,
692,402,51,-1,
51,402,226,-1,
51,226,225,-1,
829,1257,692,-1,
692,1257,1004,-1,
692,1004,828,-1,
827,1002,826,-1,
1002,827,1178,-1,
1178,827,1003,-1,
1178,1003,1179,-1,
828,827,692,-1,
692,827,826,-1,
692,826,691,-1,
691,826,825,-1,
691,825,1256,-1,
1256,825,1001,-1,
1256,1001,1177,-1,
1177,1178,1256,-1,
1256,1178,1179,-1,
1256,1179,1257,-1,
1257,1179,1180,-1,
1257,1180,1004,-1,
49,397,690,-1,
690,397,573,-1,
690,573,691,-1,
573,574,691,-1,
691,574,398,-1,
691,398,50,-1,
50,398,222,-1,
50,222,49,-1,
49,222,221,-1,
49,221,397,-1,
1256,1000,691,-1,
691,1000,824,-1,
691,824,690,-1,
690,824,823,-1,
690,823,1255,-1,
823,999,1255,-1,
1255,999,1175,-1,
1255,1175,1256,-1,
1256,1175,1176,-1,
1256,1176,1000,-1,
48,395,689,-1,
689,395,571,-1,
689,571,690,-1,
571,572,690,-1,
690,572,396,-1,
690,396,49,-1,
49,396,220,-1,
49,220,48,-1,
48,220,219,-1,
48,219,395,-1,
997,1173,1254,-1,
1254,1173,1174,-1,
1254,1174,1255,-1,
1255,1174,998,-1,
1255,998,690,-1,
690,998,822,-1,
690,822,689,-1,
689,822,821,-1,
689,821,1254,-1,
1254,821,997,-1,
47,393,688,-1,
688,393,569,-1,
688,569,689,-1,
569,570,689,-1,
689,570,394,-1,
689,394,48,-1,
48,394,218,-1,
48,218,47,-1,
47,218,217,-1,
47,217,393,-1,
995,1171,1253,-1,
1253,1171,1172,-1,
1253,1172,1254,-1,
1254,1172,996,-1,
1254,996,689,-1,
689,996,820,-1,
689,820,688,-1,
688,820,819,-1,
688,819,1253,-1,
1253,819,995,-1,
688,392,47,-1,
47,392,216,-1,
47,216,46,-1,
216,215,46,-1,
46,215,391,-1,
46,391,687,-1,
687,391,567,-1,
687,567,688,-1,
688,567,568,-1,
688,568,392,-1,
1253,994,688,-1,
688,994,818,-1,
688,818,687,-1,
687,818,817,-1,
817,993,1252,-1,
1252,993,1169,-1,
1252,1169,1253,-1,
1253,1169,1170,-1,
1253,1170,994,-1,
211,387,45,-1,
564,388,213,-1,
213,388,212,-1,
45,387,686,-1,
686,387,563,-1,
686,563,564,-1,
211,45,212,-1,
212,45,46,-1,
212,46,213,-1,
213,389,564,-1,
564,389,565,-1,
564,565,686,-1,
686,565,687,-1,
565,566,687,-1,
687,566,390,-1,
687,390,46,-1,
46,390,214,-1,
46,214,213,-1,
817,1252,687,-1,
687,1252,992,-1,
687,992,816,-1,
815,990,814,-1,
990,815,1166,-1,
1166,815,991,-1,
1166,991,1167,-1,
816,815,687,-1,
687,815,814,-1,
687,814,686,-1,
686,814,813,-1,
686,813,1251,-1,
1251,813,989,-1,
1251,989,1165,-1,
1165,1166,1251,-1,
1251,1166,1167,-1,
1251,1167,1252,-1,
1252,1167,1168,-1,
1252,1168,992,-1,
44,385,685,-1,
685,385,561,-1,
685,561,686,-1,
561,562,686,-1,
686,562,386,-1,
686,386,45,-1,
45,386,210,-1,
45,210,44,-1,
44,210,209,-1,
44,209,385,-1,
1251,988,686,-1,
686,988,812,-1,
686,812,685,-1,
685,812,811,-1,
685,811,1250,-1,
811,987,1250,-1,
1250,987,1163,-1,
1250,1163,1251,-1,
1251,1163,1164,-1,
1251,1164,988,-1,
43,383,684,-1,
684,383,559,-1,
684,559,685,-1,
559,560,685,-1,
685,560,384,-1,
685,384,44,-1,
44,384,208,-1,
44,208,43,-1,
43,208,207,-1,
43,207,383,-1,
1250,986,685,-1,
685,986,810,-1,
685,810,684,-1,
684,810,809,-1,
684,809,1249,-1,
809,985,1249,-1,
1249,985,1161,-1,
1249,1161,1250,-1,
1250,1161,1162,-1,
1250,1162,986,-1,
381,557,683,-1,
683,557,684,-1,
557,558,684,-1,
684,558,382,-1,
684,382,43,-1,
43,382,206,-1,
43,206,42,-1,
42,206,205,-1,
983,1159,1248,-1,
1248,1159,1160,-1,
1248,1160,1249,-1,
1249,1160,984,-1,
1249,984,684,-1,
684,984,808,-1,
684,808,683,-1,
683,808,807,-1,
205,381,42,-1,
42,381,683,-1,
42,683,41,-1,
41,683,682,-1,
807,983,683,-1,
683,983,1248,-1,
683,1248,682,-1,
682,1248,1247,-1,
1283,1357,1282,-1,
1282,1357,1356,-1,
1282,1356,1281,-1,
1281,1356,1355,-1,
1281,1355,1280,-1,
1280,1355,1354,-1,
1280,1354,1279,-1,
1279,1354,1353,-1,
1279,1353,1278,-1,
1278,1353,1352,-1,
1278,1352,1277,-1,
1277,1352,1351,-1,
1277,1351,1276,-1,
1276,1351,1350,-1,
1276,1350,1275,-1,
1275,1350,1349,-1,
1275,1349,1274,-1,
1274,1349,1348,-1,
1274,1348,1273,-1,
1273,1348,1347,-1,
1273,1347,1272,-1,
1272,1347,1346,-1,
1272,1346,1271,-1,
1271,1346,1345,-1,
1271,1345,1270,-1,
1270,1345,1344,-1,
1270,1344,1269,-1,
1269,1344,1343,-1,
1269,1343,1268,-1,
1268,1343,1342,-1,
1268,1342,1267,-1,
1267,1342,1341,-1,
1267,1341,1266,-1,
1266,1341,1340,-1,
1266,1340,1265,-1,
1265,1340,1339,-1,
1265,1339,1264,-1,
1264,1339,1338,-1,
1264,1338,1263,-1,
1263,1338,1337,-1,
1263,1337,1262,-1,
1262,1337,1336,-1,
1262,1336,1261,-1,
1261,1336,1335,-1,
1261,1335,1260,-1,
1260,1335,1334,-1,
1260,1334,1259,-1,
1259,1334,1333,-1,
1259,1333,1258,-1,
1258,1333,1332,-1,
1258,1332,1257,-1,
1257,1332,1331,-1,
1257,1331,1256,-1,
1256,1331,1330,-1,
1256,1330,1255,-1,
1255,1330,1329,-1,
1255,1329,1254,-1,
1254,1329,1328,-1,
1254,1328,1253,-1,
1253,1328,1327,-1,
1253,1327,1252,-1,
1252,1327,1326,-1,
1252,1326,1251,-1,
1251,1326,1325,-1,
1251,1325,1250,-1,
1250,1325,1324,-1,
1250,1324,1249,-1,
1249,1324,1323,-1,
1249,1323,1248,-1,
1248,1323,1322,-1,
1248,1322,1247,-1,
1247,1322,1321,-1,
1321,1322,1358,-1,
1358,1322,1323,-1,
1358,1323,1324,-1,
1324,1325,1358,-1,
1358,1325,1326,-1,
1358,1326,1327,-1,
1327,1328,1358,-1,
1358,1328,1329,-1,
1358,1329,1330,-1,
1330,1331,1358,-1,
1358,1331,1332,-1,
1358,1332,1359,-1,
1359,1332,1333,-1,
1359,1333,1334,-1,
1340,1341,1359,-1,
1359,1341,1342,-1,
1342,1343,1359,-1,
1359,1343,1344,-1,
1359,1344,1345,-1,
1345,1346,1359,-1,
1359,1346,1347,-1,
1359,1347,1348,-1,
1334,1335,1359,-1,
1359,1335,1336,-1,
1359,1336,1337,-1,
1348,1349,1359,-1,
1359,1349,1350,-1,
1359,1350,1351,-1,
1337,1338,1359,-1,
1359,1338,1339,-1,
1359,1339,1340,-1,
1351,1352,1359,-1,
1359,1352,1353,-1,
1359,1353,1354,-1,
1354,1355,1359,-1,
1359,1355,1356,-1,
1359,1356,1357,-1,
1363,1362,1359,-1,
1359,1362,1358,-1,
1361,1360,1363,-1,
1363,1360,1362,-1,
1284,1360,1320,-1,
1320,1360,1361,-1,
1077,901,1288,-1,
1089,913,1293,-1,
1099,923,1297,-1,
1121,945,1305,-1,
1133,957,1310,-1,
1143,967,1314,-1,
1155,979,1319,-1,
982,1320,681,-1,
804,681,680,-1,
1319,979,680,-1,
680,979,803,-1,
680,803,804,-1,
982,1158,1320,-1,
1320,1158,1157,-1,
1320,1157,1319,-1,
1155,1319,1156,-1,
1156,1319,1157,-1,
1156,1157,980,-1,
980,1157,981,-1,
980,981,804,-1,
804,981,805,-1,
804,805,681,-1,
681,805,806,-1,
681,806,982,-1,
202,378,555,-1,
555,378,554,-1,
115,201,202,-1,
555,379,202,-1,
202,379,203,-1,
202,203,115,-1,
115,203,116,-1,
556,681,380,-1,
380,681,116,-1,
380,116,204,-1,
204,116,203,-1,
556,555,681,-1,
681,555,554,-1,
681,554,680,-1,
680,554,553,-1,
680,553,115,-1,
115,553,377,-1,
115,377,201,-1,
1318,977,679,-1,
679,977,801,-1,
679,801,680,-1,
801,802,680,-1,
680,802,978,-1,
680,978,1319,-1,
1319,978,1154,-1,
1319,1154,1318,-1,
1318,1154,1153,-1,
1318,1153,977,-1,
375,199,114,-1,
114,199,200,-1,
114,200,115,-1,
115,200,376,-1,
115,376,680,-1,
680,376,552,-1,
680,552,679,-1,
679,552,551,-1,
679,551,114,-1,
114,551,375,-1,
1317,975,678,-1,
678,975,799,-1,
678,799,679,-1,
799,800,679,-1,
679,800,976,-1,
679,976,1318,-1,
1318,976,1152,-1,
1318,1152,1317,-1,
1317,1152,1151,-1,
1317,1151,975,-1,
114,113,197,-1,
197,198,114,-1,
114,198,374,-1,
114,374,679,-1,
679,374,550,-1,
679,550,678,-1,
678,550,549,-1,
678,549,113,-1,
113,549,373,-1,
113,373,197,-1,
1316,973,677,-1,
677,973,797,-1,
677,797,678,-1,
797,798,678,-1,
678,798,974,-1,
678,974,1317,-1,
1317,974,1150,-1,
1317,1150,1316,-1,
1316,1150,1149,-1,
1316,1149,973,-1,
113,112,195,-1,
195,196,113,-1,
113,196,372,-1,
113,372,678,-1,
678,372,548,-1,
678,548,677,-1,
677,548,547,-1,
677,547,112,-1,
112,547,371,-1,
112,371,195,-1,
971,795,676,-1,
676,795,677,-1,
795,796,677,-1,
677,796,972,-1,
677,972,1316,-1,
1316,972,1148,-1,
1316,1148,1315,-1,
1315,1148,1147,-1,
369,193,111,-1,
111,193,194,-1,
111,194,112,-1,
112,194,370,-1,
112,370,677,-1,
677,370,546,-1,
677,546,676,-1,
676,546,545,-1,
676,545,111,-1,
111,545,369,-1,
1147,971,1315,-1,
1315,971,676,-1,
1315,676,970,-1,
792,676,675,-1,
1314,967,675,-1,
675,967,791,-1,
675,791,792,-1,
970,1146,1315,-1,
1315,1146,1145,-1,
1315,1145,1314,-1,
1143,1314,1144,-1,
1144,1314,1145,-1,
1144,1145,968,-1,
968,1145,969,-1,
968,969,792,-1,
792,969,793,-1,
792,793,676,-1,
676,793,794,-1,
676,794,970,-1,
190,366,543,-1,
543,366,542,-1,
110,189,190,-1,
543,367,190,-1,
190,367,191,-1,
190,191,110,-1,
110,191,111,-1,
191,192,111,-1,
111,192,368,-1,
111,368,676,-1,
676,368,544,-1,
544,543,676,-1,
676,543,542,-1,
676,542,675,-1,
675,542,541,-1,
675,541,110,-1,
110,541,365,-1,
110,365,189,-1,
1313,965,674,-1,
674,965,789,-1,
674,789,675,-1,
789,790,675,-1,
675,790,966,-1,
675,966,1314,-1,
1314,966,1142,-1,
1314,1142,1313,-1,
1313,1142,1141,-1,
1313,1141,965,-1,
110,109,187,-1,
187,188,110,-1,
110,188,364,-1,
110,364,675,-1,
675,364,540,-1,
675,540,674,-1,
674,540,539,-1,
674,539,109,-1,
109,539,363,-1,
109,363,187,-1,
1312,963,673,-1,
673,963,787,-1,
673,787,674,-1,
787,788,674,-1,
674,788,964,-1,
674,964,1313,-1,
1313,964,1140,-1,
1313,1140,1312,-1,
1312,1140,1139,-1,
1312,1139,963,-1,
109,108,185,-1,
185,186,109,-1,
109,186,362,-1,
109,362,674,-1,
674,362,538,-1,
674,538,673,-1,
673,538,537,-1,
673,537,108,-1,
108,537,361,-1,
108,361,185,-1,
961,785,672,-1,
672,785,673,-1,
785,786,673,-1,
673,786,962,-1,
673,962,1312,-1,
1312,962,1138,-1,
1312,1138,1311,-1,
1311,1138,1137,-1,
108,107,183,-1,
183,184,108,-1,
108,184,360,-1,
108,360,673,-1,
673,360,536,-1,
673,536,672,-1,
672,536,535,-1,
672,535,107,-1,
107,535,359,-1,
107,359,183,-1,
1137,961,1311,-1,
1311,961,672,-1,
1311,672,960,-1,
782,672,671,-1,
1310,957,671,-1,
671,957,781,-1,
671,781,782,-1,
960,1136,1311,-1,
1311,1136,1135,-1,
1311,1135,1310,-1,
1133,1310,1134,-1,
1134,1310,1135,-1,
1134,1135,958,-1,
958,1135,959,-1,
958,959,782,-1,
782,959,783,-1,
782,783,672,-1,
672,783,784,-1,
672,784,960,-1,
180,357,181,-1,
179,180,106,-1,
106,180,181,-1,
106,181,107,-1,
181,182,107,-1,
107,182,358,-1,
107,358,672,-1,
672,358,534,-1,
357,180,533,-1,
533,180,356,-1,
533,356,532,-1,
534,533,672,-1,
672,533,532,-1,
672,532,671,-1,
671,532,531,-1,
671,531,106,-1,
106,531,355,-1,
106,355,179,-1,
1309,955,670,-1,
670,955,779,-1,
670,779,671,-1,
779,780,671,-1,
671,780,956,-1,
671,956,1310,-1,
1310,956,1132,-1,
1310,1132,1309,-1,
1309,1132,1131,-1,
1309,1131,955,-1,
106,105,177,-1,
177,178,106,-1,
106,178,354,-1,
106,354,671,-1,
671,354,530,-1,
671,530,670,-1,
670,530,529,-1,
670,529,105,-1,
105,529,353,-1,
105,353,177,-1,
1308,953,669,-1,
669,953,777,-1,
669,777,670,-1,
777,778,670,-1,
670,778,954,-1,
670,954,1309,-1,
1309,954,1130,-1,
1309,1130,1308,-1,
1308,1130,1129,-1,
1308,1129,953,-1,
105,104,175,-1,
175,176,105,-1,
105,176,352,-1,
105,352,670,-1,
670,352,528,-1,
670,528,669,-1,
669,528,527,-1,
669,527,104,-1,
104,527,351,-1,
104,351,175,-1,
1307,951,668,-1,
668,951,775,-1,
668,775,669,-1,
775,776,669,-1,
669,776,952,-1,
669,952,1308,-1,
1308,952,1128,-1,
1308,1128,1307,-1,
1307,1128,1127,-1,
1307,1127,951,-1,
104,103,173,-1,
173,174,104,-1,
104,174,350,-1,
104,350,669,-1,
669,350,526,-1,
669,526,668,-1,
668,526,525,-1,
668,525,103,-1,
103,525,349,-1,
103,349,173,-1,
949,773,667,-1,
667,773,668,-1,
773,774,668,-1,
668,774,950,-1,
668,950,1307,-1,
1307,950,1126,-1,
1307,1126,1306,-1,
1306,1126,1125,-1,
103,102,171,-1,
171,172,103,-1,
103,172,348,-1,
103,348,668,-1,
668,348,524,-1,
668,524,667,-1,
667,524,523,-1,
667,523,102,-1,
102,523,347,-1,
102,347,171,-1,
1125,949,1306,-1,
1306,949,667,-1,
1306,667,948,-1,
770,667,666,-1,
1305,945,666,-1,
666,945,769,-1,
666,769,770,-1,
948,1124,1306,-1,
1306,1124,1123,-1,
1306,1123,1305,-1,
1121,1305,1122,-1,
1122,1305,1123,-1,
1122,1123,946,-1,
946,1123,947,-1,
946,947,770,-1,
770,947,771,-1,
770,771,667,-1,
667,771,772,-1,
667,772,948,-1,
168,344,521,-1,
521,344,520,-1,
101,167,168,-1,
521,345,168,-1,
168,345,169,-1,
168,169,101,-1,
101,169,102,-1,
169,170,102,-1,
102,170,346,-1,
102,346,667,-1,
667,346,522,-1,
522,521,667,-1,
667,521,520,-1,
667,520,666,-1,
666,520,519,-1,
666,519,101,-1,
101,519,343,-1,
101,343,167,-1,
1304,943,665,-1,
665,943,767,-1,
665,767,666,-1,
767,768,666,-1,
666,768,944,-1,
666,944,1305,-1,
1305,944,1120,-1,
1305,1120,1304,-1,
1304,1120,1119,-1,
1304,1119,943,-1,
101,100,165,-1,
165,166,101,-1,
101,166,342,-1,
101,342,666,-1,
666,342,518,-1,
666,518,665,-1,
665,518,517,-1,
665,517,100,-1,
100,517,341,-1,
100,341,165,-1,
1303,941,664,-1,
664,941,765,-1,
664,765,665,-1,
765,766,665,-1,
665,766,942,-1,
665,942,1304,-1,
1304,942,1118,-1,
1304,1118,1303,-1,
1303,1118,1117,-1,
1303,1117,941,-1,
100,99,163,-1,
163,164,100,-1,
100,164,340,-1,
100,340,665,-1,
665,340,516,-1,
665,516,664,-1,
664,516,515,-1,
664,515,99,-1,
99,515,339,-1,
99,339,163,-1,
939,763,663,-1,
663,763,664,-1,
763,764,664,-1,
664,764,940,-1,
664,940,1303,-1,
1303,940,1116,-1,
1303,1116,1302,-1,
1302,1116,1115,-1,
98,337,161,-1,
98,161,99,-1,
161,162,99,-1,
99,162,338,-1,
99,338,664,-1,
664,338,514,-1,
664,514,663,-1,
663,514,513,-1,
1115,939,1302,-1,
1302,939,663,-1,
1302,663,938,-1,
758,663,662,-1,
938,1114,1302,-1,
1302,1114,1113,-1,
1302,1113,1301,-1,
1110,1109,1301,-1,
1301,1109,933,-1,
1301,933,662,-1,
662,933,757,-1,
662,757,758,-1,
760,663,759,-1,
759,663,758,-1,
759,758,935,-1,
935,758,934,-1,
935,934,1111,-1,
934,1110,1111,-1,
1111,1110,1301,-1,
1111,1301,1112,-1,
1112,1301,1113,-1,
1112,1113,936,-1,
936,1113,937,-1,
936,937,760,-1,
760,937,761,-1,
760,761,663,-1,
663,761,762,-1,
663,762,938,-1,
334,511,158,-1,
158,511,335,-1,
158,335,159,-1,
333,157,156,-1,
156,157,97,-1,
156,97,155,-1,
336,663,98,-1,
98,663,513,-1,
98,513,337,-1,
157,158,97,-1,
97,158,159,-1,
97,159,98,-1,
98,159,160,-1,
98,160,336,-1,
333,156,509,-1,
509,156,332,-1,
509,332,508,-1,
334,510,511,-1,
511,510,663,-1,
511,663,512,-1,
512,663,336,-1,
510,509,663,-1,
663,509,508,-1,
663,508,662,-1,
662,508,507,-1,
662,507,97,-1,
97,507,331,-1,
97,331,155,-1,
1300,931,661,-1,
661,931,755,-1,
661,755,662,-1,
755,756,662,-1,
662,756,932,-1,
662,932,1301,-1,
1301,932,1108,-1,
1301,1108,1300,-1,
1300,1108,1107,-1,
1300,1107,931,-1,
97,96,153,-1,
153,154,97,-1,
97,154,330,-1,
97,330,662,-1,
662,330,506,-1,
662,506,661,-1,
661,506,505,-1,
661,505,96,-1,
96,505,329,-1,
96,329,153,-1,
1299,929,660,-1,
660,929,753,-1,
660,753,661,-1,
753,754,661,-1,
661,754,930,-1,
661,930,1300,-1,
1300,930,1106,-1,
1300,1106,1299,-1,
1299,1106,1105,-1,
1299,1105,929,-1,
96,95,151,-1,
151,152,96,-1,
96,152,328,-1,
96,328,661,-1,
661,328,504,-1,
661,504,660,-1,
660,504,503,-1,
660,503,95,-1,
95,503,327,-1,
95,327,151,-1,
927,751,659,-1,
659,751,660,-1,
751,752,660,-1,
660,752,928,-1,
660,928,1299,-1,
1299,928,1104,-1,
1299,1104,1298,-1,
1298,1104,1103,-1,
95,94,149,-1,
149,150,95,-1,
95,150,326,-1,
95,326,660,-1,
660,326,502,-1,
660,502,659,-1,
659,502,501,-1,
659,501,94,-1,
94,501,325,-1,
94,325,149,-1,
1103,927,1298,-1,
1298,927,659,-1,
1298,659,926,-1,
748,659,658,-1,
1297,923,658,-1,
658,923,747,-1,
658,747,748,-1,
926,1102,1298,-1,
1298,1102,1101,-1,
1298,1101,1297,-1,
1099,1297,1100,-1,
1100,1297,1101,-1,
1100,1101,924,-1,
924,1101,925,-1,
924,925,748,-1,
748,925,749,-1,
748,749,659,-1,
659,749,750,-1,
659,750,926,-1,
146,323,147,-1,
323,146,499,-1,
499,146,322,-1,
499,322,498,-1,
145,146,93,-1,
93,146,147,-1,
93,147,94,-1,
147,148,94,-1,
94,148,324,-1,
94,324,659,-1,
659,324,500,-1,
500,499,659,-1,
659,499,498,-1,
659,498,658,-1,
658,498,497,-1,
658,497,93,-1,
93,497,321,-1,
93,321,145,-1,
1296,921,657,-1,
657,921,745,-1,
657,745,658,-1,
745,746,658,-1,
658,746,922,-1,
658,922,1297,-1,
1297,922,1098,-1,
1297,1098,1296,-1,
1296,1098,1097,-1,
1296,1097,921,-1,
93,92,143,-1,
143,144,93,-1,
93,144,320,-1,
93,320,658,-1,
658,320,496,-1,
658,496,657,-1,
657,496,495,-1,
657,495,92,-1,
92,495,319,-1,
92,319,143,-1,
1295,919,656,-1,
656,919,743,-1,
656,743,657,-1,
743,744,657,-1,
657,744,920,-1,
657,920,1296,-1,
1296,920,1096,-1,
1296,1096,1295,-1,
1295,1096,1095,-1,
1295,1095,919,-1,
92,91,141,-1,
141,142,92,-1,
92,142,318,-1,
92,318,657,-1,
657,318,494,-1,
657,494,656,-1,
656,494,493,-1,
656,493,91,-1,
91,493,317,-1,
91,317,141,-1,
917,741,655,-1,
655,741,656,-1,
741,742,656,-1,
656,742,918,-1,
656,918,1295,-1,
1295,918,1094,-1,
1295,1094,1294,-1,
1294,1094,1093,-1,
91,90,139,-1,
139,140,91,-1,
91,140,316,-1,
91,316,656,-1,
656,316,492,-1,
656,492,655,-1,
655,492,491,-1,
655,491,90,-1,
90,491,315,-1,
90,315,139,-1,
1093,917,1294,-1,
1294,917,655,-1,
1294,655,916,-1,
738,655,654,-1,
1293,913,654,-1,
654,913,737,-1,
654,737,738,-1,
916,1092,1294,-1,
1294,1092,1091,-1,
1294,1091,1293,-1,
1089,1293,1090,-1,
1090,1293,1091,-1,
1090,1091,914,-1,
914,1091,915,-1,
914,915,738,-1,
738,915,739,-1,
738,739,655,-1,
655,739,740,-1,
655,740,916,-1,
136,312,489,-1,
489,312,488,-1,
89,135,136,-1,
489,313,136,-1,
136,313,137,-1,
136,137,89,-1,
89,137,90,-1,
137,138,90,-1,
90,138,314,-1,
90,314,655,-1,
655,314,490,-1,
490,489,655,-1,
655,489,488,-1,
655,488,654,-1,
654,488,487,-1,
654,487,89,-1,
89,487,311,-1,
89,311,135,-1,
1292,911,653,-1,
653,911,735,-1,
653,735,654,-1,
735,736,654,-1,
654,736,912,-1,
654,912,1293,-1,
1293,912,1088,-1,
1293,1088,1292,-1,
1292,1088,1087,-1,
1292,1087,911,-1,
89,88,133,-1,
133,134,89,-1,
89,134,310,-1,
89,310,654,-1,
654,310,486,-1,
654,486,653,-1,
653,486,485,-1,
653,485,88,-1,
88,485,309,-1,
88,309,133,-1,
1291,909,652,-1,
652,909,733,-1,
652,733,653,-1,
733,734,653,-1,
653,734,910,-1,
653,910,1292,-1,
1292,910,1086,-1,
1292,1086,1291,-1,
1291,1086,1085,-1,
1291,1085,909,-1,
88,87,131,-1,
131,132,88,-1,
88,132,308,-1,
88,308,653,-1,
653,308,484,-1,
653,484,652,-1,
652,484,483,-1,
652,483,87,-1,
87,483,307,-1,
87,307,131,-1,
1290,907,651,-1,
651,907,731,-1,
651,731,652,-1,
731,732,652,-1,
652,732,908,-1,
652,908,1291,-1,
1291,908,1084,-1,
1291,1084,1290,-1,
1290,1084,1083,-1,
1290,1083,907,-1,
87,86,129,-1,
129,130,87,-1,
87,130,306,-1,
87,306,652,-1,
652,306,482,-1,
652,482,651,-1,
651,482,481,-1,
651,481,86,-1,
86,481,305,-1,
86,305,129,-1,
905,729,650,-1,
650,729,651,-1,
729,730,651,-1,
651,730,906,-1,
651,906,1290,-1,
1290,906,1082,-1,
1290,1082,1289,-1,
1289,1082,1081,-1,
86,85,127,-1,
127,128,86,-1,
86,128,304,-1,
86,304,651,-1,
651,304,480,-1,
651,480,650,-1,
650,480,479,-1,
650,479,85,-1,
85,479,303,-1,
85,303,127,-1,
1081,905,1289,-1,
1289,905,650,-1,
1289,650,904,-1,
726,650,649,-1,
904,1080,1289,-1,
1289,1080,1079,-1,
1289,1079,1288,-1,
1288,901,649,-1,
649,901,725,-1,
649,725,726,-1,
1077,1288,1078,-1,
1078,1288,1079,-1,
1078,1079,902,-1,
902,1079,903,-1,
902,903,726,-1,
726,903,727,-1,
726,727,650,-1,
650,727,728,-1,
650,728,904,-1,
124,300,477,-1,
477,300,476,-1,
84,123,124,-1,
477,301,124,-1,
124,301,125,-1,
124,125,84,-1,
84,125,85,-1,
125,126,85,-1,
85,126,302,-1,
85,302,650,-1,
650,302,478,-1,
478,477,650,-1,
650,477,476,-1,
650,476,649,-1,
649,476,475,-1,
649,475,84,-1,
84,475,299,-1,
84,299,123,-1,
1287,899,648,-1,
648,899,723,-1,
648,723,649,-1,
723,724,649,-1,
649,724,900,-1,
649,900,1288,-1,
1288,900,1076,-1,
1288,1076,1287,-1,
1287,1076,1075,-1,
1287,1075,899,-1,
84,83,121,-1,
121,122,84,-1,
84,122,298,-1,
84,298,649,-1,
649,298,474,-1,
649,474,648,-1,
648,474,473,-1,
648,473,83,-1,
83,473,297,-1,
83,297,121,-1,
1286,897,647,-1,
647,897,721,-1,
647,721,648,-1,
721,722,648,-1,
648,722,898,-1,
648,898,1287,-1,
1287,898,1074,-1,
1287,1074,1286,-1,
1286,1074,1073,-1,
1286,1073,897,-1,
83,82,119,-1,
119,120,83,-1,
83,120,296,-1,
83,296,648,-1,
648,296,472,-1,
648,472,647,-1,
647,472,471,-1,
647,471,82,-1,
82,471,295,-1,
82,295,119,-1,
895,719,646,-1,
646,719,647,-1,
1071,1285,1072,-1,
1072,1285,1286,-1,
1072,1286,896,-1,
896,1286,647,-1,
896,647,720,-1,
720,647,719,-1,
469,646,470,-1,
470,646,647,-1,
470,647,294,-1,
294,647,82,-1,
294,82,118,-1,
118,82,81,-1,
118,81,117,-1,
117,81,293,-1,
1071,895,1285,-1,
1285,895,646,-1,
1285,646,1284,-1,
1284,646,645,-1,
469,293,646,-1,
646,293,81,-1,
646,81,645,-1,
645,81,80,-1,
116,40,115,-1,
115,40,39,-1,
115,39,114,-1,
114,39,38,-1,
114,38,113,-1,
113,38,37,-1,
113,37,112,-1,
112,37,36,-1,
112,36,111,-1,
111,36,35,-1,
111,35,110,-1,
110,35,34,-1,
110,34,109,-1,
109,34,33,-1,
109,33,108,-1,
108,33,32,-1,
108,32,107,-1,
107,32,31,-1,
107,31,106,-1,
106,31,30,-1,
106,30,105,-1,
105,30,29,-1,
105,29,104,-1,
104,29,28,-1,
104,28,103,-1,
103,28,27,-1,
103,27,102,-1,
102,27,26,-1,
102,26,101,-1,
101,26,25,-1,
101,25,100,-1,
100,25,24,-1,
100,24,99,-1,
99,24,23,-1,
99,23,98,-1,
98,23,22,-1,
98,22,97,-1,
97,22,21,-1,
97,21,96,-1,
96,21,20,-1,
96,20,95,-1,
95,20,19,-1,
95,19,94,-1,
94,19,18,-1,
94,18,93,-1,
93,18,17,-1,
93,17,92,-1,
92,17,16,-1,
92,16,91,-1,
91,16,15,-1,
91,15,90,-1,
90,15,14,-1,
90,14,89,-1,
89,14,13,-1,
89,13,88,-1,
88,13,12,-1,
88,12,87,-1,
87,12,11,-1,
87,11,86,-1,
86,11,10,-1,
86,10,85,-1,
85,10,9,-1,
85,9,84,-1,
84,9,8,-1,
84,8,83,-1,
83,8,7,-1,
83,7,82,-1,
82,7,6,-1,
82,6,81,-1,
81,6,5,-1,
81,5,80,-1,
80,5,4,-1,
0,4,1,-1,
1,4,40,-1,
3,2,1,-1,
1,2,0,-1,
1321,1358,1362,-1,
4,0,41,-1,
41,0,2,-1,
41,2,78,-1,
1362,1360,1321,-1,
1321,1360,1284,-1,
1321,1284,1247,-1,
1247,1284,682,-1,
682,1284,645,-1,
682,645,41,-1,
41,645,80,-1,
41,80,4,-1,
1071,1072,1159,-1,
1159,1072,1160,-1,
983,895,1159,-1,
1159,895,1071,-1,
807,719,983,-1,
983,719,895,-1,
720,719,808,-1,
808,719,807,-1,
984,896,808,-1,
808,896,720,-1,
1160,1072,984,-1,
984,1072,896,-1,
1073,1074,1161,-1,
1161,1074,1162,-1,
985,897,1161,-1,
1161,897,1073,-1,
809,721,985,-1,
985,721,897,-1,
722,721,810,-1,
810,721,809,-1,
986,898,810,-1,
810,898,722,-1,
1162,1074,986,-1,
986,1074,898,-1,
1075,1076,1163,-1,
1163,1076,1164,-1,
987,899,1163,-1,
1163,899,1075,-1,
811,723,987,-1,
987,723,899,-1,
724,723,812,-1,
812,723,811,-1,
988,900,812,-1,
812,900,724,-1,
1164,1076,988,-1,
988,1076,900,-1,
1077,1078,1165,-1,
1165,1078,1166,-1,
989,901,1165,-1,
1165,901,1077,-1,
813,725,989,-1,
989,725,901,-1,
726,725,814,-1,
814,725,813,-1,
990,902,814,-1,
814,902,726,-1,
1166,1078,990,-1,
990,1078,902,-1,
1079,1080,1167,-1,
1167,1080,1168,-1,
991,903,1167,-1,
1167,903,1079,-1,
815,727,991,-1,
991,727,903,-1,
728,727,816,-1,
816,727,815,-1,
992,904,816,-1,
816,904,728,-1,
1168,1080,992,-1,
992,1080,904,-1,
1081,1082,1169,-1,
1169,1082,1170,-1,
993,905,1169,-1,
1169,905,1081,-1,
817,729,993,-1,
993,729,905,-1,
730,729,818,-1,
818,729,817,-1,
994,906,818,-1,
818,906,730,-1,
1170,1082,994,-1,
994,1082,906,-1,
1083,1084,1171,-1,
1171,1084,1172,-1,
995,907,1171,-1,
1171,907,1083,-1,
819,731,995,-1,
995,731,907,-1,
732,731,820,-1,
820,731,819,-1,
996,908,820,-1,
820,908,732,-1,
1172,1084,996,-1,
996,1084,908,-1,
1085,1086,1173,-1,
1173,1086,1174,-1,
997,909,1173,-1,
1173,909,1085,-1,
821,733,997,-1,
997,733,909,-1,
734,733,822,-1,
822,733,821,-1,
998,910,822,-1,
822,910,734,-1,
1174,1086,998,-1,
998,1086,910,-1,
1087,1088,1175,-1,
1175,1088,1176,-1,
999,911,1175,-1,
1175,911,1087,-1,
823,735,999,-1,
999,735,911,-1,
736,735,824,-1,
824,735,823,-1,
1000,912,824,-1,
824,912,736,-1,
1176,1088,1000,-1,
1000,1088,912,-1,
1089,1090,1177,-1,
1177,1090,1178,-1,
1001,913,1177,-1,
1177,913,1089,-1,
825,737,1001,-1,
1001,737,913,-1,
738,737,826,-1,
826,737,825,-1,
1002,914,826,-1,
826,914,738,-1,
1178,1090,1002,-1,
1002,1090,914,-1,
1091,1092,1179,-1,
1179,1092,1180,-1,
1003,915,1179,-1,
1179,915,1091,-1,
827,739,1003,-1,
1003,739,915,-1,
740,739,828,-1,
828,739,827,-1,
1004,916,828,-1,
828,916,740,-1,
1180,1092,1004,-1,
1004,1092,916,-1,
1093,1094,1181,-1,
1181,1094,1182,-1,
1005,917,1181,-1,
1181,917,1093,-1,
829,741,1005,-1,
1005,741,917,-1,
742,741,830,-1,
830,741,829,-1,
1006,918,830,-1,
830,918,742,-1,
1182,1094,1006,-1,
1006,1094,918,-1,
1095,1096,1183,-1,
1183,1096,1184,-1,
1007,919,1183,-1,
1183,919,1095,-1,
831,743,1007,-1,
1007,743,919,-1,
744,743,832,-1,
832,743,831,-1,
1008,920,832,-1,
832,920,744,-1,
1184,1096,1008,-1,
1008,1096,920,-1,
1097,1098,1185,-1,
1185,1098,1186,-1,
1009,921,1185,-1,
1185,921,1097,-1,
833,745,1009,-1,
1009,745,921,-1,
746,745,834,-1,
834,745,833,-1,
1010,922,834,-1,
834,922,746,-1,
1186,1098,1010,-1,
1010,1098,922,-1,
1099,1100,1187,-1,
1187,1100,1188,-1,
1011,923,1187,-1,
1187,923,1099,-1,
835,747,1011,-1,
1011,747,923,-1,
748,747,836,-1,
836,747,835,-1,
1012,924,836,-1,
836,924,748,-1,
1188,1100,1012,-1,
1012,1100,924,-1,
1101,1102,1189,-1,
1189,1102,1190,-1,
1013,925,1189,-1,
1189,925,1101,-1,
837,749,1013,-1,
1013,749,925,-1,
750,749,838,-1,
838,749,837,-1,
1014,926,838,-1,
838,926,750,-1,
1190,1102,1014,-1,
1014,1102,926,-1,
1103,1104,1191,-1,
1191,1104,1192,-1,
1015,927,1191,-1,
1191,927,1103,-1,
839,751,1015,-1,
1015,751,927,-1,
752,751,840,-1,
840,751,839,-1,
1016,928,840,-1,
840,928,752,-1,
1192,1104,1016,-1,
1016,1104,928,-1,
1105,1106,1193,-1,
1193,1106,1194,-1,
1017,929,1193,-1,
1193,929,1105,-1,
841,753,1017,-1,
1017,753,929,-1,
754,753,842,-1,
842,753,841,-1,
1018,930,842,-1,
842,930,754,-1,
1194,1106,1018,-1,
1018,1106,930,-1,
1107,1108,1195,-1,
1195,1108,1196,-1,
1019,931,1195,-1,
1195,931,1107,-1,
843,755,1019,-1,
1019,755,931,-1,
756,755,844,-1,
844,755,843,-1,
1020,932,844,-1,
844,932,756,-1,
1196,1108,1020,-1,
1020,1108,932,-1,
1109,1110,1197,-1,
1197,1110,1198,-1,
1021,933,1197,-1,
1197,933,1109,-1,
845,757,1021,-1,
1021,757,933,-1,
758,757,846,-1,
846,757,845,-1,
1022,934,846,-1,
846,934,758,-1,
1198,1110,1022,-1,
1022,1110,934,-1,
1111,1112,1199,-1,
1199,1112,1200,-1,
1023,935,1199,-1,
1199,935,1111,-1,
847,759,1023,-1,
1023,759,935,-1,
760,759,848,-1,
848,759,847,-1,
1024,936,848,-1,
848,936,760,-1,
1200,1112,1024,-1,
1024,1112,936,-1,
1113,1114,1201,-1,
1201,1114,1202,-1,
1025,937,1201,-1,
1201,937,1113,-1,
849,761,1025,-1,
1025,761,937,-1,
762,761,850,-1,
850,761,849,-1,
1026,938,850,-1,
850,938,762,-1,
1202,1114,1026,-1,
1026,1114,938,-1,
1115,1116,1203,-1,
1203,1116,1204,-1,
1027,939,1203,-1,
1203,939,1115,-1,
851,763,1027,-1,
1027,763,939,-1,
764,763,852,-1,
852,763,851,-1,
1028,940,852,-1,
852,940,764,-1,
1204,1116,1028,-1,
1028,1116,940,-1,
1117,1118,1205,-1,
1205,1118,1206,-1,
1029,941,1205,-1,
1205,941,1117,-1,
853,765,1029,-1,
1029,765,941,-1,
766,765,854,-1,
854,765,853,-1,
1030,942,854,-1,
854,942,766,-1,
1206,1118,1030,-1,
1030,1118,942,-1,
1119,1120,1207,-1,
1207,1120,1208,-1,
1031,943,1207,-1,
1207,943,1119,-1,
855,767,1031,-1,
1031,767,943,-1,
768,767,856,-1,
856,767,855,-1,
1032,944,856,-1,
856,944,768,-1,
1208,1120,1032,-1,
1032,1120,944,-1,
1121,1122,1209,-1,
1209,1122,1210,-1,
1033,945,1209,-1,
1209,945,1121,-1,
857,769,1033,-1,
1033,769,945,-1,
770,769,858,-1,
858,769,857,-1,
1034,946,858,-1,
858,946,770,-1,
1210,1122,1034,-1,
1034,1122,946,-1,
1123,1124,1211,-1,
1211,1124,1212,-1,
1035,947,1211,-1,
1211,947,1123,-1,
859,771,1035,-1,
1035,771,947,-1,
772,771,860,-1,
860,771,859,-1,
1036,948,860,-1,
860,948,772,-1,
1212,1124,1036,-1,
1036,1124,948,-1,
1125,1126,1213,-1,
1213,1126,1214,-1,
1037,949,1213,-1,
1213,949,1125,-1,
861,773,1037,-1,
1037,773,949,-1,
774,773,862,-1,
862,773,861,-1,
1038,950,862,-1,
862,950,774,-1,
1214,1126,1038,-1,
1038,1126,950,-1,
1127,1128,1215,-1,
1215,1128,1216,-1,
1039,951,1215,-1,
1215,951,1127,-1,
863,775,1039,-1,
1039,775,951,-1,
776,775,864,-1,
864,775,863,-1,
1040,952,864,-1,
864,952,776,-1,
1216,1128,1040,-1,
1040,1128,952,-1,
1129,1130,1217,-1,
1217,1130,1218,-1,
1041,953,1217,-1,
1217,953,1129,-1,
865,777,1041,-1,
1041,777,953,-1,
778,777,866,-1,
866,777,865,-1,
1042,954,866,-1,
866,954,778,-1,
1218,1130,1042,-1,
1042,1130,954,-1,
1131,1132,1219,-1,
1219,1132,1220,-1,
1043,955,1219,-1,
1219,955,1131,-1,
867,779,1043,-1,
1043,779,955,-1,
780,779,868,-1,
868,779,867,-1,
1044,956,868,-1,
868,956,780,-1,
1220,1132,1044,-1,
1044,1132,956,-1,
1133,1134,1221,-1,
1221,1134,1222,-1,
1045,957,1221,-1,
1221,957,1133,-1,
869,781,1045,-1,
1045,781,957,-1,
782,781,870,-1,
870,781,869,-1,
1046,958,870,-1,
870,958,782,-1,
1222,1134,1046,-1,
1046,1134,958,-1,
1135,1136,1223,-1,
1223,1136,1224,-1,
1047,959,1223,-1,
1223,959,1135,-1,
871,783,1047,-1,
1047,783,959,-1,
784,783,872,-1,
872,783,871,-1,
1048,960,872,-1,
872,960,784,-1,
1224,1136,1048,-1,
1048,1136,960,-1,
1137,1138,1225,-1,
1225,1138,1226,-1,
1049,961,1225,-1,
1225,961,1137,-1,
873,785,1049,-1,
1049,785,961,-1,
786,785,874,-1,
874,785,873,-1,
1050,962,874,-1,
874,962,786,-1,
1226,1138,1050,-1,
1050,1138,962,-1,
1139,1140,1227,-1,
1227,1140,1228,-1,
1051,963,1227,-1,
1227,963,1139,-1,
875,787,1051,-1,
1051,787,963,-1,
788,787,876,-1,
876,787,875,-1,
1052,964,876,-1,
876,964,788,-1,
1228,1140,1052,-1,
1052,1140,964,-1,
1141,1142,1229,-1,
1229,1142,1230,-1,
1053,965,1229,-1,
1229,965,1141,-1,
877,789,1053,-1,
1053,789,965,-1,
790,789,878,-1,
878,789,877,-1,
1054,966,878,-1,
878,966,790,-1,
1230,1142,1054,-1,
1054,1142,966,-1,
1143,1144,1231,-1,
1231,1144,1232,-1,
1055,967,1231,-1,
1231,967,1143,-1,
879,791,1055,-1,
1055,791,967,-1,
792,791,880,-1,
880,791,879,-1,
1056,968,880,-1,
880,968,792,-1,
1232,1144,1056,-1,
1056,1144,968,-1,
1145,1146,1233,-1,
1233,1146,1234,-1,
1057,969,1233,-1,
1233,969,1145,-1,
881,793,1057,-1,
1057,793,969,-1,
794,793,882,-1,
882,793,881,-1,
1058,970,882,-1,
882,970,794,-1,
1234,1146,1058,-1,
1058,1146,970,-1,
1147,1148,1235,-1,
1235,1148,1236,-1,
1059,971,1235,-1,
1235,971,1147,-1,
883,795,1059,-1,
1059,795,971,-1,
796,795,884,-1,
884,795,883,-1,
1060,972,884,-1,
884,972,796,-1,
1236,1148,1060,-1,
1060,1148,972,-1,
1149,1150,1237,-1,
1237,1150,1238,-1,
1061,973,1237,-1,
1237,973,1149,-1,
885,797,1061,-1,
1061,797,973,-1,
798,797,886,-1,
886,797,885,-1,
1062,974,886,-1,
886,974,798,-1,
1238,1150,1062,-1,
1062,1150,974,-1,
1151,1152,1239,-1,
1239,1152,1240,-1,
1063,975,1239,-1,
1239,975,1151,-1,
887,799,1063,-1,
1063,799,975,-1,
800,799,888,-1,
888,799,887,-1,
1064,976,888,-1,
888,976,800,-1,
1240,1152,1064,-1,
1064,1152,976,-1,
1153,1154,1241,-1,
1241,1154,1242,-1,
1065,977,1241,-1,
1241,977,1153,-1,
889,801,1065,-1,
1065,801,977,-1,
802,801,890,-1,
890,801,889,-1,
1066,978,890,-1,
890,978,802,-1,
1242,1154,1066,-1,
1066,1154,978,-1,
1155,1156,1243,-1,
1243,1156,1244,-1,
1067,979,1243,-1,
1243,979,1155,-1,
891,803,1067,-1,
1067,803,979,-1,
804,803,892,-1,
892,803,891,-1,
1068,980,892,-1,
892,980,804,-1,
1244,1156,1068,-1,
1068,1156,980,-1,
1157,1158,1245,-1,
1245,1158,1246,-1,
1069,981,1245,-1,
1245,981,1157,-1,
893,805,1069,-1,
1069,805,981,-1,
806,805,894,-1,
894,805,893,-1,
1070,982,894,-1,
894,982,806,-1,
1246,1158,1070,-1,
1070,1158,982,-1,
118,117,206,-1,
206,117,205,-1,
293,381,117,-1,
117,381,205,-1,
469,557,293,-1,
293,557,381,-1,
469,470,557,-1,
557,470,558,-1,
294,382,470,-1,
470,382,558,-1,
118,206,294,-1,
294,206,382,-1,
120,119,208,-1,
208,119,207,-1,
295,383,119,-1,
119,383,207,-1,
471,559,295,-1,
295,559,383,-1,
471,472,559,-1,
559,472,560,-1,
296,384,472,-1,
472,384,560,-1,
120,208,296,-1,
296,208,384,-1,
122,121,210,-1,
210,121,209,-1,
297,385,121,-1,
121,385,209,-1,
473,561,297,-1,
297,561,385,-1,
473,474,561,-1,
561,474,562,-1,
298,386,474,-1,
474,386,562,-1,
122,210,298,-1,
298,210,386,-1,
124,123,212,-1,
212,123,211,-1,
299,387,123,-1,
123,387,211,-1,
475,563,299,-1,
299,563,387,-1,
475,476,563,-1,
563,476,564,-1,
300,388,476,-1,
476,388,564,-1,
124,212,300,-1,
300,212,388,-1,
126,125,214,-1,
214,125,213,-1,
301,389,125,-1,
125,389,213,-1,
477,565,301,-1,
301,565,389,-1,
477,478,565,-1,
565,478,566,-1,
302,390,478,-1,
478,390,566,-1,
126,214,302,-1,
302,214,390,-1,
128,127,216,-1,
216,127,215,-1,
303,391,127,-1,
127,391,215,-1,
479,567,303,-1,
303,567,391,-1,
479,480,567,-1,
567,480,568,-1,
304,392,480,-1,
480,392,568,-1,
128,216,304,-1,
304,216,392,-1,
130,129,218,-1,
218,129,217,-1,
305,393,129,-1,
129,393,217,-1,
481,569,305,-1,
305,569,393,-1,
481,482,569,-1,
569,482,570,-1,
306,394,482,-1,
482,394,570,-1,
130,218,306,-1,
306,218,394,-1,
132,131,220,-1,
220,131,219,-1,
307,395,131,-1,
131,395,219,-1,
483,571,307,-1,
307,571,395,-1,
483,484,571,-1,
571,484,572,-1,
308,396,484,-1,
484,396,572,-1,
132,220,308,-1,
308,220,396,-1,
134,133,222,-1,
222,133,221,-1,
309,397,133,-1,
133,397,221,-1,
485,573,309,-1,
309,573,397,-1,
485,486,573,-1,
573,486,574,-1,
310,398,486,-1,
486,398,574,-1,
134,222,310,-1,
310,222,398,-1,
136,135,224,-1,
224,135,223,-1,
311,399,135,-1,
135,399,223,-1,
487,575,311,-1,
311,575,399,-1,
487,488,575,-1,
575,488,576,-1,
312,400,488,-1,
488,400,576,-1,
136,224,312,-1,
312,224,400,-1,
138,137,226,-1,
226,137,225,-1,
313,401,137,-1,
137,401,225,-1,
489,577,313,-1,
313,577,401,-1,
489,490,577,-1,
577,490,578,-1,
314,402,490,-1,
490,402,578,-1,
138,226,314,-1,
314,226,402,-1,
140,139,228,-1,
228,139,227,-1,
315,403,139,-1,
139,403,227,-1,
491,579,315,-1,
315,579,403,-1,
491,492,579,-1,
579,492,580,-1,
316,404,492,-1,
492,404,580,-1,
140,228,316,-1,
316,228,404,-1,
142,141,230,-1,
230,141,229,-1,
317,405,141,-1,
141,405,229,-1,
493,581,317,-1,
317,581,405,-1,
493,494,581,-1,
581,494,582,-1,
318,406,494,-1,
494,406,582,-1,
142,230,318,-1,
318,230,406,-1,
144,143,232,-1,
232,143,231,-1,
319,407,143,-1,
143,407,231,-1,
495,583,319,-1,
319,583,407,-1,
495,496,583,-1,
583,496,584,-1,
320,408,496,-1,
496,408,584,-1,
144,232,320,-1,
320,232,408,-1,
146,145,234,-1,
234,145,233,-1,
321,409,145,-1,
145,409,233,-1,
497,585,321,-1,
321,585,409,-1,
497,498,585,-1,
585,498,586,-1,
322,410,498,-1,
498,410,586,-1,
146,234,322,-1,
322,234,410,-1,
148,147,236,-1,
236,147,235,-1,
323,411,147,-1,
147,411,235,-1,
499,587,323,-1,
323,587,411,-1,
499,500,587,-1,
587,500,588,-1,
324,412,500,-1,
500,412,588,-1,
148,236,324,-1,
324,236,412,-1,
150,149,238,-1,
238,149,237,-1,
325,413,149,-1,
149,413,237,-1,
501,589,325,-1,
325,589,413,-1,
501,502,589,-1,
589,502,590,-1,
326,414,502,-1,
502,414,590,-1,
150,238,326,-1,
326,238,414,-1,
152,151,240,-1,
240,151,239,-1,
327,415,151,-1,
151,415,239,-1,
503,591,327,-1,
327,591,415,-1,
503,504,591,-1,
591,504,592,-1,
328,416,504,-1,
504,416,592,-1,
152,240,328,-1,
328,240,416,-1,
154,153,242,-1,
242,153,241,-1,
329,417,153,-1,
153,417,241,-1,
505,593,329,-1,
329,593,417,-1,
505,506,593,-1,
593,506,594,-1,
330,418,506,-1,
506,418,594,-1,
154,242,330,-1,
330,242,418,-1,
156,155,244,-1,
244,155,243,-1,
331,419,155,-1,
155,419,243,-1,
507,595,331,-1,
331,595,419,-1,
507,508,595,-1,
595,508,596,-1,
332,420,508,-1,
508,420,596,-1,
156,244,332,-1,
332,244,420,-1,
158,157,246,-1,
246,157,245,-1,
333,421,157,-1,
157,421,245,-1,
509,597,333,-1,
333,597,421,-1,
509,510,597,-1,
597,510,598,-1,
334,422,510,-1,
510,422,598,-1,
158,246,334,-1,
334,246,422,-1,
160,159,248,-1,
248,159,247,-1,
335,423,159,-1,
159,423,247,-1,
511,599,335,-1,
335,599,423,-1,
511,512,599,-1,
599,512,600,-1,
336,424,512,-1,
512,424,600,-1,
160,248,336,-1,
336,248,424,-1,
162,161,250,-1,
250,161,249,-1,
337,425,161,-1,
161,425,249,-1,
513,601,337,-1,
337,601,425,-1,
513,514,601,-1,
601,514,602,-1,
338,426,514,-1,
514,426,602,-1,
162,250,338,-1,
338,250,426,-1,
164,163,252,-1,
252,163,251,-1,
339,427,163,-1,
163,427,251,-1,
515,603,339,-1,
339,603,427,-1,
515,516,603,-1,
603,516,604,-1,
340,428,516,-1,
516,428,604,-1,
164,252,340,-1,
340,252,428,-1,
166,165,254,-1,
254,165,253,-1,
341,429,165,-1,
165,429,253,-1,
517,605,341,-1,
341,605,429,-1,
517,518,605,-1,
605,518,606,-1,
342,430,518,-1,
518,430,606,-1,
166,254,342,-1,
342,254,430,-1,
168,167,256,-1,
256,167,255,-1,
343,431,167,-1,
167,431,255,-1,
519,607,343,-1,
343,607,431,-1,
519,520,607,-1,
607,520,608,-1,
344,432,520,-1,
520,432,608,-1,
168,256,344,-1,
344,256,432,-1,
170,169,258,-1,
258,169,257,-1,
345,433,169,-1,
169,433,257,-1,
521,609,345,-1,
345,609,433,-1,
521,522,609,-1,
609,522,610,-1,
346,434,522,-1,
522,434,610,-1,
170,258,346,-1,
346,258,434,-1,
172,171,260,-1,
260,171,259,-1,
347,435,171,-1,
171,435,259,-1,
523,611,347,-1,
347,611,435,-1,
523,524,611,-1,
611,524,612,-1,
348,436,524,-1,
524,436,612,-1,
172,260,348,-1,
348,260,436,-1,
174,173,262,-1,
262,173,261,-1,
349,437,173,-1,
173,437,261,-1,
525,613,349,-1,
349,613,437,-1,
525,526,613,-1,
613,526,614,-1,
350,438,526,-1,
526,438,614,-1,
174,262,350,-1,
350,262,438,-1,
176,175,264,-1,
264,175,263,-1,
351,439,175,-1,
175,439,263,-1,
527,615,351,-1,
351,615,439,-1,
527,528,615,-1,
615,528,616,-1,
352,440,528,-1,
528,440,616,-1,
176,264,352,-1,
352,264,440,-1,
178,177,266,-1,
266,177,265,-1,
353,441,177,-1,
177,441,265,-1,
529,617,353,-1,
353,617,441,-1,
529,530,617,-1,
617,530,618,-1,
354,442,530,-1,
530,442,618,-1,
178,266,354,-1,
354,266,442,-1,
180,179,268,-1,
268,179,267,-1,
355,443,179,-1,
179,443,267,-1,
531,619,355,-1,
355,619,443,-1,
531,532,619,-1,
619,532,620,-1,
356,444,532,-1,
532,444,620,-1,
180,268,356,-1,
356,268,444,-1,
182,181,270,-1,
270,181,269,-1,
357,445,181,-1,
181,445,269,-1,
533,621,357,-1,
357,621,445,-1,
533,534,621,-1,
621,534,622,-1,
358,446,534,-1,
534,446,622,-1,
182,270,358,-1,
358,270,446,-1,
184,183,272,-1,
272,183,271,-1,
359,447,183,-1,
183,447,271,-1,
535,623,359,-1,
359,623,447,-1,
535,536,623,-1,
623,536,624,-1,
360,448,536,-1,
536,448,624,-1,
184,272,360,-1,
360,272,448,-1,
186,185,274,-1,
274,185,273,-1,
361,449,185,-1,
185,449,273,-1,
537,625,361,-1,
361,625,449,-1,
537,538,625,-1,
625,538,626,-1,
362,450,538,-1,
538,450,626,-1,
186,274,362,-1,
362,274,450,-1,
188,187,276,-1,
276,187,275,-1,
363,451,187,-1,
187,451,275,-1,
539,627,363,-1,
363,627,451,-1,
539,540,627,-1,
627,540,628,-1,
364,452,540,-1,
540,452,628,-1,
188,276,364,-1,
364,276,452,-1,
190,189,278,-1,
278,189,277,-1,
365,453,189,-1,
189,453,277,-1,
541,629,365,-1,
365,629,453,-1,
541,542,629,-1,
629,542,630,-1,
366,454,542,-1,
542,454,630,-1,
190,278,366,-1,
366,278,454,-1,
192,191,280,-1,
280,191,279,-1,
367,455,191,-1,
191,455,279,-1,
543,631,367,-1,
367,631,455,-1,
543,544,631,-1,
631,544,632,-1,
368,456,544,-1,
544,456,632,-1,
192,280,368,-1,
368,280,456,-1,
194,193,282,-1,
282,193,281,-1,
369,457,193,-1,
193,457,281,-1,
545,633,369,-1,
369,633,457,-1,
545,546,633,-1,
633,546,634,-1,
370,458,546,-1,
546,458,634,-1,
194,282,370,-1,
370,282,458,-1,
196,195,284,-1,
284,195,283,-1,
371,459,195,-1,
195,459,283,-1,
547,635,371,-1,
371,635,459,-1,
547,548,635,-1,
635,548,636,-1,
372,460,548,-1,
548,460,636,-1,
196,284,372,-1,
372,284,460,-1,
198,197,286,-1,
286,197,285,-1,
373,461,197,-1,
197,461,285,-1,
549,637,373,-1,
373,637,461,-1,
549,550,637,-1,
637,550,638,-1,
374,462,550,-1,
550,462,638,-1,
198,286,374,-1,
374,286,462,-1,
200,199,288,-1,
288,199,287,-1,
375,463,199,-1,
199,463,287,-1,
551,639,375,-1,
375,639,463,-1,
551,552,639,-1,
639,552,640,-1,
376,464,552,-1,
552,464,640,-1,
200,288,376,-1,
376,288,464,-1,
202,201,290,-1,
290,201,289,-1,
377,465,201,-1,
201,465,289,-1,
553,641,377,-1,
377,641,465,-1,
553,554,641,-1,
641,554,642,-1,
378,466,554,-1,
554,466,642,-1,
202,290,378,-1,
378,290,466,-1,
204,203,292,-1,
292,203,291,-1,
379,467,203,-1,
203,467,291,-1,
555,643,379,-1,
379,643,467,-1,
555,556,643,-1,
643,556,644,-1,
380,468,556,-1,
556,468,644,-1,
204,292,380,-1,
380,292,468,-1
]
normalIndex [
6,6,6,-1,
6,6,6,-1,
6,6,6,-1,
6,6,6,-1,
6,6,6,-1,
6,6,6,-1,
6,6,6,-1,
6,6,6,-1,
6,6,6,-1,
6,6,6,-1,
6,6,6,-1,
6,6,6,-1,
1,1,1,-1,
1,1,1,-1,
11,11,11,-1,
11,11,11,-1,
11,11,11,-1,
11,11,11,-1,
11,11,11,-1,
11,11,11,-1,
11,11,11,-1,
11,11,11,-1,
11,11,11,-1,
11,11,11,-1,
11,11,11,-1,
11,11,11,-1,
11,11,11,-1,
11,11,11,-1,
11,11,11,-1,
11,11,11,-1,
11,11,11,-1,
11,11,11,-1,
11,11,11,-1,
11,11,11,-1,
11,11,11,-1,
11,11,11,-1,
11,11,11,-1,
11,11,11,-1,
11,11,11,-1,
11,11,11,-1,
11,11,11,-1,
11,11,11,-1,
11,11,11,-1,
11,11,11,-1,
11,11,11,-1,
11,11,11,-1,
11,11,11,-1,
11,11,11,-1,
11,11,11,-1,
11,11,11,-1,
11,11,11,-1,
7,7,7,-1,
7,7,7,-1,
7,7,7,-1,
7,7,7,-1,
7,7,7,-1,
7,7,7,-1,
7,7,7,-1,
7,7,7,-1,
7,7,7,-1,
7,7,7,-1,
7,7,7,-1,
7,7,7,-1,
7,7,7,-1,
7,7,7,-1,
7,7,7,-1,
7,7,7,-1,
7,7,7,-1,
7,7,7,-1,
7,7,7,-1,
7,7,7,-1,
7,7,7,-1,
7,7,7,-1,
7,7,7,-1,
7,7,7,-1,
7,7,7,-1,
7,7,7,-1,
7,7,7,-1,
7,7,7,-1,
7,7,7,-1,
7,7,7,-1,
7,7,7,-1,
7,7,7,-1,
7,7,7,-1,
7,7,7,-1,
7,7,7,-1,
7,7,7,-1,
7,7,7,-1,
7,7,7,-1,
7,7,7,-1,
7,7,7,-1,
7,7,7,-1,
7,7,7,-1,
7,7,7,-1,
7,7,7,-1,
7,7,7,-1,
7,7,7,-1,
7,7,7,-1,
7,7,7,-1,
7,7,7,-1,
7,7,7,-1,
7,7,7,-1,
7,7,7,-1,
7,7,7,-1,
7,7,7,-1,
7,7,7,-1,
7,7,7,-1,
7,7,7,-1,
7,7,7,-1,
7,7,7,-1,
7,7,7,-1,
7,7,7,-1,
7,7,7,-1,
7,7,7,-1,
7,7,7,-1,
7,7,7,-1,
7,7,7,-1,
7,7,7,-1,
7,7,7,-1,
7,7,7,-1,
7,7,7,-1,
7,7,7,-1,
7,7,7,-1,
7,7,7,-1,
7,7,7,-1,
7,7,7,-1,
7,7,7,-1,
7,7,7,-1,
7,7,7,-1,
7,7,7,-1,
7,7,7,-1,
7,7,7,-1,
7,7,7,-1,
7,7,7,-1,
7,7,7,-1,
7,7,7,-1,
7,7,7,-1,
7,7,7,-1,
7,7,7,-1,
7,7,7,-1,
7,7,7,-1,
7,7,7,-1,
7,7,7,-1,
7,7,7,-1,
7,7,7,-1,
7,7,7,-1,
7,7,7,-1,
7,7,7,-1,
7,7,7,-1,
7,7,7,-1,
7,7,7,-1,
7,7,7,-1,
7,7,7,-1,
7,7,7,-1,
7,7,7,-1,
7,7,7,-1,
7,7,7,-1,
7,7,7,-1,
7,7,7,-1,
7,7,7,-1,
7,7,7,-1,
7,7,7,-1,
7,7,7,-1,
7,7,7,-1,
7,7,7,-1,
7,7,7,-1,
7,7,7,-1,
7,7,7,-1,
7,7,7,-1,
7,7,7,-1,
7,7,7,-1,
7,7,7,-1,
7,7,7,-1,
7,7,7,-1,
7,7,7,-1,
7,7,7,-1,
7,7,7,-1,
7,7,7,-1,
7,7,7,-1,
7,7,7,-1,
7,7,7,-1,
7,7,7,-1,
7,7,7,-1,
7,7,7,-1,
7,7,7,-1,
7,7,7,-1,
7,7,7,-1,
7,7,7,-1,
7,7,7,-1,
7,7,7,-1,
7,7,7,-1,
7,7,7,-1,
7,7,7,-1,
7,7,7,-1,
7,7,7,-1,
7,7,7,-1,
7,7,7,-1,
7,7,7,-1,
7,7,7,-1,
7,7,7,-1,
7,7,7,-1,
7,7,7,-1,
7,7,7,-1,
7,7,7,-1,
7,7,7,-1,
7,7,7,-1,
7,7,7,-1,
7,7,7,-1,
7,7,7,-1,
7,7,7,-1,
7,7,7,-1,
7,7,7,-1,
7,7,7,-1,
7,7,7,-1,
7,7,7,-1,
7,7,7,-1,
7,7,7,-1,
7,7,7,-1,
7,7,7,-1,
7,7,7,-1,
7,7,7,-1,
7,7,7,-1,
7,7,7,-1,
7,7,7,-1,
7,7,7,-1,
7,7,7,-1,
7,7,7,-1,
7,7,7,-1,
7,7,7,-1,
7,7,7,-1,
7,7,7,-1,
7,7,7,-1,
7,7,7,-1,
7,7,7,-1,
7,7,7,-1,
7,7,7,-1,
7,7,7,-1,
7,7,7,-1,
7,7,7,-1,
7,7,7,-1,
7,7,7,-1,
7,7,7,-1,
7,7,7,-1,
7,7,7,-1,
7,7,7,-1,
7,7,7,-1,
7,7,7,-1,
7,7,7,-1,
7,7,7,-1,
7,7,7,-1,
7,7,7,-1,
7,7,7,-1,
7,7,7,-1,
7,7,7,-1,
7,7,7,-1,
7,7,7,-1,
7,7,7,-1,
7,7,7,-1,
7,7,7,-1,
7,7,7,-1,
7,7,7,-1,
7,7,7,-1,
7,7,7,-1,
7,7,7,-1,
7,7,7,-1,
7,7,7,-1,
7,7,7,-1,
7,7,7,-1,
7,7,7,-1,
7,7,7,-1,
7,7,7,-1,
7,7,7,-1,
7,7,7,-1,
7,7,7,-1,
7,7,7,-1,
7,7,7,-1,
7,7,7,-1,
7,7,7,-1,
7,7,7,-1,
7,7,7,-1,
7,7,7,-1,
7,7,7,-1,
7,7,7,-1,
7,7,7,-1,
7,7,7,-1,
7,7,7,-1,
7,7,7,-1,
7,7,7,-1,
7,7,7,-1,
7,7,7,-1,
7,7,7,-1,
7,7,7,-1,
7,7,7,-1,
7,7,7,-1,
7,7,7,-1,
7,7,7,-1,
7,7,7,-1,
7,7,7,-1,
7,7,7,-1,
7,7,7,-1,
7,7,7,-1,
7,7,7,-1,
7,7,7,-1,
7,7,7,-1,
7,7,7,-1,
7,7,7,-1,
7,7,7,-1,
7,7,7,-1,
7,7,7,-1,
7,7,7,-1,
7,7,7,-1,
7,7,7,-1,
7,7,7,-1,
7,7,7,-1,
7,7,7,-1,
7,7,7,-1,
7,7,7,-1,
7,7,7,-1,
7,7,7,-1,
7,7,7,-1,
7,7,7,-1,
7,7,7,-1,
7,7,7,-1,
7,7,7,-1,
7,7,7,-1,
7,7,7,-1,
7,7,7,-1,
7,7,7,-1,
7,7,7,-1,
7,7,7,-1,
7,7,7,-1,
7,7,7,-1,
7,7,7,-1,
7,7,7,-1,
7,7,7,-1,
7,7,7,-1,
7,7,7,-1,
7,7,7,-1,
7,7,7,-1,
7,7,7,-1,
7,7,7,-1,
7,7,7,-1,
7,7,7,-1,
7,7,7,-1,
7,7,7,-1,
7,7,7,-1,
7,7,7,-1,
7,7,7,-1,
7,7,7,-1,
7,7,7,-1,
7,7,7,-1,
7,7,7,-1,
7,7,7,-1,
7,7,7,-1,
7,7,7,-1,
7,7,7,-1,
7,7,7,-1,
7,7,7,-1,
7,7,7,-1,
7,7,7,-1,
7,7,7,-1,
7,7,7,-1,
7,7,7,-1,
7,7,7,-1,
7,7,7,-1,
7,7,7,-1,
7,7,7,-1,
7,7,7,-1,
7,7,7,-1,
7,7,7,-1,
7,7,7,-1,
7,7,7,-1,
7,7,7,-1,
7,7,7,-1,
7,7,7,-1,
7,7,7,-1,
7,7,7,-1,
7,7,7,-1,
7,7,7,-1,
7,7,7,-1,
7,7,7,-1,
7,7,7,-1,
7,7,7,-1,
7,7,7,-1,
7,7,7,-1,
7,7,7,-1,
7,7,7,-1,
7,7,7,-1,
7,7,7,-1,
7,7,7,-1,
7,7,7,-1,
7,7,7,-1,
7,7,7,-1,
7,7,7,-1,
7,7,7,-1,
7,7,7,-1,
7,7,7,-1,
7,7,7,-1,
7,7,7,-1,
7,7,7,-1,
7,7,7,-1,
7,7,7,-1,
7,7,7,-1,
7,7,7,-1,
7,7,7,-1,
7,7,7,-1,
7,7,7,-1,
7,7,7,-1,
7,7,7,-1,
7,7,7,-1,
7,7,7,-1,
7,7,7,-1,
7,7,7,-1,
7,7,7,-1,
7,7,7,-1,
7,7,7,-1,
7,7,7,-1,
7,7,7,-1,
7,7,7,-1,
7,7,7,-1,
7,7,7,-1,
7,7,7,-1,
7,7,7,-1,
7,7,7,-1,
7,7,7,-1,
7,7,7,-1,
7,7,7,-1,
7,7,7,-1,
7,7,7,-1,
7,7,7,-1,
7,7,7,-1,
7,7,7,-1,
7,7,7,-1,
7,7,7,-1,
7,7,7,-1,
7,7,7,-1,
7,7,7,-1,
7,7,7,-1,
7,7,7,-1,
7,7,7,-1,
7,7,7,-1,
7,7,7,-1,
7,7,7,-1,
7,7,7,-1,
7,7,7,-1,
7,7,7,-1,
7,7,7,-1,
7,7,7,-1,
7,7,7,-1,
7,7,7,-1,
7,7,7,-1,
7,7,7,-1,
7,7,7,-1,
7,7,7,-1,
7,7,7,-1,
7,7,7,-1,
7,7,7,-1,
7,7,7,-1,
7,7,7,-1,
7,7,7,-1,
7,7,7,-1,
7,7,7,-1,
7,7,7,-1,
7,7,7,-1,
7,7,7,-1,
7,7,7,-1,
7,7,7,-1,
7,7,7,-1,
7,7,7,-1,
7,7,7,-1,
7,7,7,-1,
7,7,7,-1,
7,7,7,-1,
7,7,7,-1,
7,7,7,-1,
7,7,7,-1,
7,7,7,-1,
7,7,7,-1,
7,7,7,-1,
7,7,7,-1,
7,7,7,-1,
7,7,7,-1,
7,7,7,-1,
7,7,7,-1,
7,7,7,-1,
7,7,7,-1,
7,7,7,-1,
7,7,7,-1,
7,7,7,-1,
7,7,7,-1,
7,7,7,-1,
7,7,7,-1,
7,7,7,-1,
7,7,7,-1,
7,7,7,-1,
7,7,7,-1,
7,7,7,-1,
7,7,7,-1,
7,7,7,-1,
7,7,7,-1,
7,7,7,-1,
7,7,7,-1,
7,7,7,-1,
7,7,7,-1,
7,7,7,-1,
7,7,7,-1,
7,7,7,-1,
7,7,7,-1,
7,7,7,-1,
7,7,7,-1,
7,7,7,-1,
7,7,7,-1,
7,7,7,-1,
7,7,7,-1,
7,7,7,-1,
7,7,7,-1,
7,7,7,-1,
7,7,7,-1,
7,7,7,-1,
7,7,7,-1,
7,7,7,-1,
7,7,7,-1,
7,7,7,-1,
7,7,7,-1,
7,7,7,-1,
7,7,7,-1,
7,7,7,-1,
7,7,7,-1,
7,7,7,-1,
7,7,7,-1,
7,7,7,-1,
7,7,7,-1,
7,7,7,-1,
7,7,7,-1,
7,7,7,-1,
7,7,7,-1,
7,7,7,-1,
7,7,7,-1,
7,7,7,-1,
7,7,7,-1,
7,7,7,-1,
7,7,7,-1,
7,7,7,-1,
7,7,7,-1,
7,7,7,-1,
7,7,7,-1,
7,7,7,-1,
7,7,7,-1,
7,7,7,-1,
7,7,7,-1,
7,7,7,-1,
7,7,7,-1,
7,7,7,-1,
7,7,7,-1,
7,7,7,-1,
7,7,7,-1,
7,7,7,-1,
7,7,7,-1,
7,7,7,-1,
7,7,7,-1,
7,7,7,-1,
7,7,7,-1,
7,7,7,-1,
7,7,7,-1,
7,7,7,-1,
7,7,7,-1,
7,7,7,-1,
7,7,7,-1,
7,7,7,-1,
7,7,7,-1,
7,7,7,-1,
7,7,7,-1,
7,7,7,-1,
7,7,7,-1,
7,7,7,-1,
7,7,7,-1,
7,7,7,-1,
7,7,7,-1,
7,7,7,-1,
7,7,7,-1,
7,7,7,-1,
7,7,7,-1,
7,7,7,-1,
7,7,7,-1,
7,7,7,-1,
7,7,7,-1,
7,7,7,-1,
7,7,7,-1,
7,7,7,-1,
7,7,7,-1,
7,7,7,-1,
7,7,7,-1,
7,7,7,-1,
7,7,7,-1,
7,7,7,-1,
7,7,7,-1,
7,7,7,-1,
7,7,7,-1,
7,7,7,-1,
7,7,7,-1,
7,7,7,-1,
7,7,7,-1,
7,7,7,-1,
7,7,7,-1,
7,7,7,-1,
7,7,7,-1,
7,7,7,-1,
7,7,7,-1,
7,7,7,-1,
7,7,7,-1,
7,7,7,-1,
7,7,7,-1,
7,7,7,-1,
7,7,7,-1,
7,7,7,-1,
7,7,7,-1,
7,7,7,-1,
7,7,7,-1,
7,7,7,-1,
7,7,7,-1,
7,7,7,-1,
7,7,7,-1,
7,7,7,-1,
7,7,7,-1,
7,7,7,-1,
7,7,7,-1,
7,7,7,-1,
7,7,7,-1,
7,7,7,-1,
7,7,7,-1,
7,7,7,-1,
7,7,7,-1,
7,7,7,-1,
7,7,7,-1,
7,7,7,-1,
7,7,7,-1,
7,7,7,-1,
7,7,7,-1,
7,7,7,-1,
7,7,7,-1,
7,7,7,-1,
7,7,7,-1,
7,7,7,-1,
7,7,7,-1,
7,7,7,-1,
7,7,7,-1,
7,7,7,-1,
7,7,7,-1,
7,7,7,-1,
7,7,7,-1,
7,7,7,-1,
7,7,7,-1,
7,7,7,-1,
7,7,7,-1,
7,7,7,-1,
7,7,7,-1,
7,7,7,-1,
7,7,7,-1,
7,7,7,-1,
7,7,7,-1,
7,7,7,-1,
7,7,7,-1,
7,7,7,-1,
7,7,7,-1,
7,7,7,-1,
7,7,7,-1,
7,7,7,-1,
7,7,7,-1,
7,7,7,-1,
7,7,7,-1,
7,7,7,-1,
7,7,7,-1,
7,7,7,-1,
7,7,7,-1,
7,7,7,-1,
7,7,7,-1,
7,7,7,-1,
7,7,7,-1,
7,7,7,-1,
7,7,7,-1,
7,7,7,-1,
7,7,7,-1,
7,7,7,-1,
7,7,7,-1,
7,7,7,-1,
7,7,7,-1,
7,7,7,-1,
7,7,7,-1,
7,7,7,-1,
7,7,7,-1,
7,7,7,-1,
7,7,7,-1,
7,7,7,-1,
7,7,7,-1,
7,7,7,-1,
7,7,7,-1,
7,7,7,-1,
7,7,7,-1,
7,7,7,-1,
7,7,7,-1,
7,7,7,-1,
7,7,7,-1,
7,7,7,-1,
7,7,7,-1,
7,7,7,-1,
7,7,7,-1,
7,7,7,-1,
7,7,7,-1,
7,7,7,-1,
7,7,7,-1,
7,7,7,-1,
7,7,7,-1,
7,7,7,-1,
7,7,7,-1,
7,7,7,-1,
7,7,7,-1,
7,7,7,-1,
7,7,7,-1,
7,7,7,-1,
7,7,7,-1,
7,7,7,-1,
7,7,7,-1,
7,7,7,-1,
7,7,7,-1,
7,7,7,-1,
7,7,7,-1,
7,7,7,-1,
7,7,7,-1,
7,7,7,-1,
7,7,7,-1,
7,7,7,-1,
7,7,7,-1,
7,7,7,-1,
7,7,7,-1,
7,7,7,-1,
7,7,7,-1,
7,7,7,-1,
7,7,7,-1,
7,7,7,-1,
7,7,7,-1,
7,7,7,-1,
7,7,7,-1,
7,7,7,-1,
7,7,7,-1,
7,7,7,-1,
7,7,7,-1,
7,7,7,-1,
7,7,7,-1,
7,7,7,-1,
7,7,7,-1,
7,7,7,-1,
7,7,7,-1,
7,7,7,-1,
7,7,7,-1,
7,7,7,-1,
7,7,7,-1,
7,7,7,-1,
7,7,7,-1,
7,7,7,-1,
7,7,7,-1,
7,7,7,-1,
7,7,7,-1,
7,7,7,-1,
7,7,7,-1,
7,7,7,-1,
7,7,7,-1,
7,7,7,-1,
7,7,7,-1,
7,7,7,-1,
7,7,7,-1,
7,7,7,-1,
7,7,7,-1,
7,7,7,-1,
7,7,7,-1,
7,7,7,-1,
7,7,7,-1,
7,7,7,-1,
7,7,7,-1,
7,7,7,-1,
7,7,7,-1,
7,7,7,-1,
7,7,7,-1,
7,7,7,-1,
7,7,7,-1,
7,7,7,-1,
7,7,7,-1,
7,7,7,-1,
7,7,7,-1,
7,7,7,-1,
7,7,7,-1,
7,7,7,-1,
7,7,7,-1,
7,7,7,-1,
7,7,7,-1,
7,7,7,-1,
7,7,7,-1,
7,7,7,-1,
7,7,7,-1,
7,7,7,-1,
7,7,7,-1,
7,7,7,-1,
7,7,7,-1,
7,7,7,-1,
7,7,7,-1,
7,7,7,-1,
7,7,7,-1,
7,7,7,-1,
7,7,7,-1,
7,7,7,-1,
7,7,7,-1,
7,7,7,-1,
7,7,7,-1,
7,7,7,-1,
7,7,7,-1,
7,7,7,-1,
7,7,7,-1,
7,7,7,-1,
7,7,7,-1,
7,7,7,-1,
7,7,7,-1,
7,7,7,-1,
7,7,7,-1,
7,7,7,-1,
7,7,7,-1,
7,7,7,-1,
7,7,7,-1,
7,7,7,-1,
7,7,7,-1,
7,7,7,-1,
7,7,7,-1,
7,7,7,-1,
7,7,7,-1,
7,7,7,-1,
7,7,7,-1,
7,7,7,-1,
7,7,7,-1,
7,7,7,-1,
7,7,7,-1,
7,7,7,-1,
7,7,7,-1,
7,7,7,-1,
7,7,7,-1,
7,7,7,-1,
7,7,7,-1,
7,7,7,-1,
7,7,7,-1,
7,7,7,-1,
7,7,7,-1,
7,7,7,-1,
7,7,7,-1,
7,7,7,-1,
7,7,7,-1,
7,7,7,-1,
7,7,7,-1,
7,7,7,-1,
7,7,7,-1,
7,7,7,-1,
7,7,7,-1,
7,7,7,-1,
7,7,7,-1,
7,7,7,-1,
7,7,7,-1,
7,7,7,-1,
7,7,7,-1,
7,7,7,-1,
7,7,7,-1,
7,7,7,-1,
7,7,7,-1,
7,7,7,-1,
7,7,7,-1,
7,7,7,-1,
7,7,7,-1,
7,7,7,-1,
7,7,7,-1,
7,7,7,-1,
7,7,7,-1,
7,7,7,-1,
7,7,7,-1,
7,7,7,-1,
7,7,7,-1,
7,7,7,-1,
7,7,7,-1,
7,7,7,-1,
7,7,7,-1,
7,7,7,-1,
7,7,7,-1,
7,7,7,-1,
7,7,7,-1,
7,7,7,-1,
7,7,7,-1,
7,7,7,-1,
7,7,7,-1,
7,7,7,-1,
7,7,7,-1,
7,7,7,-1,
7,7,7,-1,
7,7,7,-1,
7,7,7,-1,
7,7,7,-1,
7,7,7,-1,
7,7,7,-1,
7,7,7,-1,
7,7,7,-1,
7,7,7,-1,
7,7,7,-1,
7,7,7,-1,
7,7,7,-1,
7,7,7,-1,
7,7,7,-1,
7,7,7,-1,
7,7,7,-1,
7,7,7,-1,
7,7,7,-1,
7,7,7,-1,
7,7,7,-1,
7,7,7,-1,
7,7,7,-1,
7,7,7,-1,
7,7,7,-1,
7,7,7,-1,
7,7,7,-1,
7,7,7,-1,
7,7,7,-1,
7,7,7,-1,
7,7,7,-1,
7,7,7,-1,
7,7,7,-1,
7,7,7,-1,
7,7,7,-1,
7,7,7,-1,
7,7,7,-1,
7,7,7,-1,
7,7,7,-1,
7,7,7,-1,
7,7,7,-1,
7,7,7,-1,
7,7,7,-1,
7,7,7,-1,
7,7,7,-1,
7,7,7,-1,
7,7,7,-1,
7,7,7,-1,
7,7,7,-1,
7,7,7,-1,
7,7,7,-1,
7,7,7,-1,
7,7,7,-1,
7,7,7,-1,
7,7,7,-1,
7,7,7,-1,
7,7,7,-1,
7,7,7,-1,
7,7,7,-1,
7,7,7,-1,
7,7,7,-1,
7,7,7,-1,
7,7,7,-1,
7,7,7,-1,
7,7,7,-1,
7,7,7,-1,
7,7,7,-1,
7,7,7,-1,
7,7,7,-1,
7,7,7,-1,
7,7,7,-1,
7,7,7,-1,
7,7,7,-1,
7,7,7,-1,
7,7,7,-1,
7,7,7,-1,
7,7,7,-1,
0,0,0,-1,
0,0,0,-1,
0,0,0,-1,
0,0,0,-1,
0,0,0,-1,
0,0,0,-1,
0,0,0,-1,
0,0,0,-1,
0,0,0,-1,
0,0,0,-1,
0,0,0,-1,
0,0,0,-1,
0,0,0,-1,
0,0,0,-1,
0,0,0,-1,
0,0,0,-1,
0,0,0,-1,
0,0,0,-1,
0,0,0,-1,
0,0,0,-1,
0,0,0,-1,
0,0,0,-1,
0,0,0,-1,
0,0,0,-1,
0,0,0,-1,
0,0,0,-1,
0,0,0,-1,
0,0,0,-1,
0,0,0,-1,
0,0,0,-1,
0,0,0,-1,
0,0,0,-1,
0,0,0,-1,
0,0,0,-1,
0,0,0,-1,
0,0,0,-1,
0,0,0,-1,
1,1,1,-1,
1,1,1,-1,
11,11,11,-1,
11,11,11,-1,
9,11,9,-1,
9,11,11,-1,
4,4,4,-1,
4,4,4,-1,
4,4,4,-1,
4,4,4,-1,
4,4,4,-1,
4,4,4,-1,
4,4,4,-1,
4,4,4,-1,
4,4,4,-1,
4,4,4,-1,
4,4,4,-1,
4,4,4,-1,
4,4,4,-1,
4,4,4,-1,
4,4,4,-1,
4,4,4,-1,
4,4,4,-1,
4,4,4,-1,
4,4,4,-1,
4,4,4,-1,
4,4,4,-1,
4,4,4,-1,
4,4,4,-1,
4,4,4,-1,
4,4,4,-1,
4,4,4,-1,
4,4,4,-1,
4,4,4,-1,
4,4,4,-1,
4,4,4,-1,
4,4,4,-1,
4,4,4,-1,
4,4,4,-1,
4,4,4,-1,
4,4,4,-1,
4,4,4,-1,
4,4,4,-1,
4,4,4,-1,
4,4,4,-1,
4,4,4,-1,
4,4,4,-1,
4,4,4,-1,
4,4,4,-1,
4,4,4,-1,
4,4,4,-1,
4,4,4,-1,
4,4,4,-1,
4,4,4,-1,
4,4,4,-1,
4,4,4,-1,
4,4,4,-1,
4,4,4,-1,
4,4,4,-1,
4,4,4,-1,
4,4,4,-1,
4,4,4,-1,
4,4,4,-1,
4,4,4,-1,
4,4,4,-1,
4,4,4,-1,
4,4,4,-1,
4,4,4,-1,
4,4,4,-1,
4,4,4,-1,
4,4,4,-1,
4,4,4,-1,
4,4,4,-1,
4,4,4,-1,
4,4,4,-1,
4,4,4,-1,
4,4,4,-1,
4,4,4,-1,
4,4,4,-1,
4,4,4,-1,
4,4,4,-1,
4,4,4,-1,
4,4,4,-1,
4,4,4,-1,
4,4,4,-1,
4,4,4,-1,
4,4,4,-1,
4,4,4,-1,
4,4,4,-1,
4,4,4,-1,
4,4,4,-1,
4,4,4,-1,
4,4,4,-1,
4,4,4,-1,
4,4,4,-1,
4,4,4,-1,
4,4,4,-1,
4,4,4,-1,
4,4,4,-1,
4,4,4,-1,
4,4,4,-1,
4,4,4,-1,
4,4,4,-1,
4,4,4,-1,
4,4,4,-1,
4,4,4,-1,
4,4,4,-1,
4,4,4,-1,
4,4,4,-1,
4,4,4,-1,
4,4,4,-1,
4,4,4,-1,
4,4,4,-1,
4,4,4,-1,
4,4,4,-1,
4,4,4,-1,
4,4,4,-1,
4,4,4,-1,
4,4,4,-1,
4,4,4,-1,
4,4,4,-1,
4,4,4,-1,
4,4,4,-1,
4,4,4,-1,
4,4,4,-1,
4,4,4,-1,
4,4,4,-1,
4,4,4,-1,
4,4,4,-1,
4,4,4,-1,
4,4,4,-1,
4,4,4,-1,
4,4,4,-1,
4,4,4,-1,
4,4,4,-1,
4,4,4,-1,
4,4,4,-1,
4,4,4,-1,
4,4,4,-1,
4,4,4,-1,
4,4,4,-1,
4,4,4,-1,
4,4,4,-1,
4,4,4,-1,
4,4,4,-1,
4,4,4,-1,
4,4,4,-1,
4,4,4,-1,
4,4,4,-1,
4,4,4,-1,
4,4,4,-1,
4,4,4,-1,
4,4,4,-1,
4,4,4,-1,
4,4,4,-1,
4,4,4,-1,
4,4,4,-1,
4,4,4,-1,
4,4,4,-1,
4,4,4,-1,
4,4,4,-1,
4,4,4,-1,
4,4,4,-1,
4,4,4,-1,
4,4,4,-1,
4,4,4,-1,
4,4,4,-1,
4,4,4,-1,
4,4,4,-1,
4,4,4,-1,
4,4,4,-1,
4,4,4,-1,
4,4,4,-1,
4,4,4,-1,
4,4,4,-1,
4,4,4,-1,
4,4,4,-1,
4,4,4,-1,
4,4,4,-1,
4,4,4,-1,
4,4,4,-1,
4,4,4,-1,
4,4,4,-1,
4,4,4,-1,
4,4,4,-1,
4,4,4,-1,
4,4,4,-1,
4,4,4,-1,
4,4,4,-1,
4,4,4,-1,
4,4,4,-1,
4,4,4,-1,
4,4,4,-1,
4,4,4,-1,
4,4,4,-1,
4,4,4,-1,
4,4,4,-1,
4,4,4,-1,
4,4,4,-1,
4,4,4,-1,
4,4,4,-1,
4,4,4,-1,
4,4,4,-1,
4,4,4,-1,
4,4,4,-1,
4,4,4,-1,
4,4,4,-1,
4,4,4,-1,
4,4,4,-1,
4,4,4,-1,
4,4,4,-1,
4,4,4,-1,
4,4,4,-1,
4,4,4,-1,
4,4,4,-1,
4,4,4,-1,
4,4,4,-1,
4,4,4,-1,
4,4,4,-1,
4,4,4,-1,
4,4,4,-1,
4,4,4,-1,
4,4,4,-1,
4,4,4,-1,
4,4,4,-1,
4,4,4,-1,
4,4,4,-1,
4,4,4,-1,
4,4,4,-1,
4,4,4,-1,
4,4,4,-1,
4,4,4,-1,
4,4,4,-1,
4,4,4,-1,
4,4,4,-1,
4,4,4,-1,
4,4,4,-1,
4,4,4,-1,
4,4,4,-1,
4,4,4,-1,
4,4,4,-1,
4,4,4,-1,
4,4,4,-1,
4,4,4,-1,
4,4,4,-1,
4,4,4,-1,
4,4,4,-1,
4,4,4,-1,
4,4,4,-1,
4,4,4,-1,
4,4,4,-1,
4,4,4,-1,
4,4,4,-1,
4,4,4,-1,
4,4,4,-1,
4,4,4,-1,
4,4,4,-1,
4,4,4,-1,
4,4,4,-1,
4,4,4,-1,
4,4,4,-1,
4,4,4,-1,
4,4,4,-1,
4,4,4,-1,
4,4,4,-1,
4,4,4,-1,
4,4,4,-1,
4,4,4,-1,
4,4,4,-1,
4,4,4,-1,
4,4,4,-1,
4,4,4,-1,
4,4,4,-1,
4,4,4,-1,
4,4,4,-1,
4,4,4,-1,
4,4,4,-1,
4,4,4,-1,
4,4,4,-1,
4,4,4,-1,
4,4,4,-1,
4,4,4,-1,
4,4,4,-1,
4,4,4,-1,
4,4,4,-1,
4,4,4,-1,
4,4,4,-1,
4,4,4,-1,
4,4,4,-1,
4,4,4,-1,
4,4,4,-1,
4,4,4,-1,
4,4,4,-1,
4,4,4,-1,
4,4,4,-1,
4,4,4,-1,
4,4,4,-1,
4,4,4,-1,
4,4,4,-1,
4,4,4,-1,
4,4,4,-1,
4,4,4,-1,
4,4,4,-1,
4,4,4,-1,
4,4,4,-1,
4,4,4,-1,
4,4,4,-1,
4,4,4,-1,
4,4,4,-1,
4,4,4,-1,
4,4,4,-1,
4,4,4,-1,
4,4,4,-1,
4,4,4,-1,
4,4,4,-1,
4,4,4,-1,
4,4,4,-1,
4,4,4,-1,
4,4,4,-1,
4,4,4,-1,
4,4,4,-1,
4,4,4,-1,
4,4,4,-1,
4,4,4,-1,
4,4,4,-1,
4,4,4,-1,
4,4,4,-1,
4,4,4,-1,
4,4,4,-1,
4,4,4,-1,
4,4,4,-1,
4,4,4,-1,
4,4,4,-1,
4,4,4,-1,
4,4,4,-1,
4,4,4,-1,
4,4,4,-1,
4,4,4,-1,
4,4,4,-1,
4,4,4,-1,
4,4,4,-1,
4,4,4,-1,
4,4,4,-1,
4,4,4,-1,
4,4,4,-1,
4,4,4,-1,
4,4,4,-1,
4,4,4,-1,
4,4,4,-1,
4,4,4,-1,
4,4,4,-1,
4,4,4,-1,
4,4,4,-1,
4,4,4,-1,
4,4,4,-1,
4,4,4,-1,
4,4,4,-1,
4,4,4,-1,
4,4,4,-1,
4,4,4,-1,
4,4,4,-1,
4,4,4,-1,
4,4,4,-1,
4,4,4,-1,
4,4,4,-1,
4,4,4,-1,
4,4,4,-1,
4,4,4,-1,
4,4,4,-1,
4,4,4,-1,
4,4,4,-1,
4,4,4,-1,
4,4,4,-1,
4,4,4,-1,
4,4,4,-1,
4,4,4,-1,
4,4,4,-1,
4,4,4,-1,
4,4,4,-1,
4,4,4,-1,
4,4,4,-1,
4,4,4,-1,
4,4,4,-1,
4,4,4,-1,
4,4,4,-1,
4,4,4,-1,
4,4,4,-1,
4,4,4,-1,
4,4,4,-1,
4,4,4,-1,
4,4,4,-1,
4,4,4,-1,
4,4,4,-1,
4,4,4,-1,
4,4,4,-1,
4,4,4,-1,
4,4,4,-1,
4,4,4,-1,
4,4,4,-1,
4,4,4,-1,
4,4,4,-1,
4,4,4,-1,
4,4,4,-1,
4,4,4,-1,
4,4,4,-1,
4,4,4,-1,
4,4,4,-1,
4,4,4,-1,
4,4,4,-1,
4,4,4,-1,
4,4,4,-1,
4,4,4,-1,
4,4,4,-1,
4,4,4,-1,
4,4,4,-1,
4,4,4,-1,
4,4,4,-1,
4,4,4,-1,
4,4,4,-1,
4,4,4,-1,
4,4,4,-1,
4,4,4,-1,
4,4,4,-1,
4,4,4,-1,
4,4,4,-1,
4,4,4,-1,
4,4,4,-1,
4,4,4,-1,
4,4,4,-1,
4,4,4,-1,
4,4,4,-1,
4,4,4,-1,
4,4,4,-1,
4,4,4,-1,
4,4,4,-1,
4,4,4,-1,
4,4,4,-1,
4,4,4,-1,
4,4,4,-1,
4,4,4,-1,
4,4,4,-1,
4,4,4,-1,
4,4,4,-1,
4,4,4,-1,
4,4,4,-1,
4,4,4,-1,
4,4,4,-1,
4,4,4,-1,
4,4,4,-1,
4,4,4,-1,
4,4,4,-1,
4,4,4,-1,
4,4,4,-1,
4,4,4,-1,
4,4,4,-1,
4,4,4,-1,
4,4,4,-1,
4,4,4,-1,
4,4,4,-1,
4,4,4,-1,
4,4,4,-1,
4,4,4,-1,
4,4,4,-1,
4,4,4,-1,
4,4,4,-1,
4,4,4,-1,
4,4,4,-1,
4,4,4,-1,
4,4,4,-1,
4,4,4,-1,
4,4,4,-1,
4,4,4,-1,
4,4,4,-1,
4,4,4,-1,
4,4,4,-1,
4,4,4,-1,
4,4,4,-1,
4,4,4,-1,
4,4,4,-1,
4,4,4,-1,
4,4,4,-1,
4,4,4,-1,
4,4,4,-1,
4,4,4,-1,
4,4,4,-1,
4,4,4,-1,
4,4,4,-1,
4,4,4,-1,
4,4,4,-1,
4,4,4,-1,
4,4,4,-1,
4,4,4,-1,
4,4,4,-1,
4,4,4,-1,
4,4,4,-1,
4,4,4,-1,
4,4,4,-1,
4,4,4,-1,
4,4,4,-1,
4,4,4,-1,
4,4,4,-1,
4,4,4,-1,
4,4,4,-1,
4,4,4,-1,
4,4,4,-1,
4,4,4,-1,
4,4,4,-1,
4,4,4,-1,
4,4,4,-1,
4,4,4,-1,
4,4,4,-1,
4,4,4,-1,
4,4,4,-1,
4,4,4,-1,
4,4,4,-1,
4,4,4,-1,
4,4,4,-1,
4,4,4,-1,
4,4,4,-1,
4,4,4,-1,
4,4,4,-1,
4,4,4,-1,
4,4,4,-1,
4,4,4,-1,
4,4,4,-1,
4,4,4,-1,
4,4,4,-1,
4,4,4,-1,
4,4,4,-1,
4,4,4,-1,
4,4,4,-1,
4,4,4,-1,
4,4,4,-1,
4,4,4,-1,
4,4,4,-1,
4,4,4,-1,
4,4,4,-1,
4,4,4,-1,
4,4,4,-1,
4,4,4,-1,
4,4,4,-1,
4,4,4,-1,
4,4,4,-1,
4,4,4,-1,
4,4,4,-1,
4,4,4,-1,
4,4,4,-1,
4,4,4,-1,
4,4,4,-1,
4,4,4,-1,
4,4,4,-1,
4,4,4,-1,
4,4,4,-1,
4,4,4,-1,
4,4,4,-1,
4,4,4,-1,
4,4,4,-1,
4,4,4,-1,
4,4,4,-1,
4,4,4,-1,
4,4,4,-1,
4,4,4,-1,
4,4,4,-1,
4,4,4,-1,
4,4,4,-1,
4,4,4,-1,
4,4,4,-1,
4,4,4,-1,
4,4,4,-1,
4,4,4,-1,
4,4,4,-1,
4,4,4,-1,
4,4,4,-1,
4,4,4,-1,
4,4,4,-1,
4,4,4,-1,
4,4,4,-1,
4,4,4,-1,
4,4,4,-1,
4,4,4,-1,
4,4,4,-1,
4,4,4,-1,
4,4,4,-1,
4,4,4,-1,
4,4,4,-1,
4,4,4,-1,
4,4,4,-1,
4,4,4,-1,
4,4,4,-1,
4,4,4,-1,
4,4,4,-1,
4,4,4,-1,
4,4,4,-1,
4,4,4,-1,
4,4,4,-1,
4,4,4,-1,
4,4,4,-1,
4,4,4,-1,
4,4,4,-1,
4,4,4,-1,
4,4,4,-1,
4,4,4,-1,
4,4,4,-1,
4,4,4,-1,
4,4,4,-1,
4,4,4,-1,
4,4,4,-1,
4,4,4,-1,
4,4,4,-1,
4,4,4,-1,
4,4,4,-1,
4,4,4,-1,
4,4,4,-1,
4,4,4,-1,
4,4,4,-1,
4,4,4,-1,
4,4,4,-1,
4,4,4,-1,
4,4,4,-1,
4,4,4,-1,
4,4,4,-1,
4,4,4,-1,
4,4,4,-1,
4,4,4,-1,
4,4,4,-1,
4,4,4,-1,
4,4,4,-1,
4,4,4,-1,
4,4,4,-1,
4,4,4,-1,
4,4,4,-1,
4,4,4,-1,
4,4,4,-1,
4,4,4,-1,
4,4,4,-1,
4,4,4,-1,
4,4,4,-1,
4,4,4,-1,
4,4,4,-1,
4,4,4,-1,
4,4,4,-1,
4,4,4,-1,
4,4,4,-1,
4,4,4,-1,
4,4,4,-1,
4,4,4,-1,
4,4,4,-1,
4,4,4,-1,
4,4,4,-1,
4,4,4,-1,
4,4,4,-1,
4,4,4,-1,
4,4,4,-1,
4,4,4,-1,
4,4,4,-1,
4,4,4,-1,
4,4,4,-1,
4,4,4,-1,
4,4,4,-1,
4,4,4,-1,
4,4,4,-1,
4,4,4,-1,
4,4,4,-1,
4,4,4,-1,
4,4,4,-1,
4,4,4,-1,
4,4,4,-1,
4,4,4,-1,
4,4,4,-1,
4,4,4,-1,
4,4,4,-1,
4,4,4,-1,
4,4,4,-1,
4,4,4,-1,
4,4,4,-1,
4,4,4,-1,
4,4,4,-1,
4,4,4,-1,
4,4,4,-1,
4,4,4,-1,
4,4,4,-1,
4,4,4,-1,
4,4,4,-1,
4,4,4,-1,
4,4,4,-1,
4,4,4,-1,
4,4,4,-1,
4,4,4,-1,
4,4,4,-1,
4,4,4,-1,
4,4,4,-1,
4,4,4,-1,
4,4,4,-1,
4,4,4,-1,
4,4,4,-1,
4,4,4,-1,
4,4,4,-1,
4,4,4,-1,
4,4,4,-1,
4,4,4,-1,
4,4,4,-1,
4,4,4,-1,
4,4,4,-1,
4,4,4,-1,
4,4,4,-1,
4,4,4,-1,
4,4,4,-1,
4,4,4,-1,
4,4,4,-1,
4,4,4,-1,
4,4,4,-1,
4,4,4,-1,
4,4,4,-1,
4,4,4,-1,
4,4,4,-1,
4,4,4,-1,
4,4,4,-1,
4,4,4,-1,
4,4,4,-1,
4,4,4,-1,
4,4,4,-1,
4,4,4,-1,
4,4,4,-1,
4,4,4,-1,
4,4,4,-1,
4,4,4,-1,
4,4,4,-1,
4,4,4,-1,
4,4,4,-1,
4,4,4,-1,
4,4,4,-1,
4,4,4,-1,
4,4,4,-1,
4,4,4,-1,
4,4,4,-1,
4,4,4,-1,
4,4,4,-1,
4,4,4,-1,
4,4,4,-1,
4,4,4,-1,
4,4,4,-1,
4,4,4,-1,
4,4,4,-1,
4,4,4,-1,
4,4,4,-1,
4,4,4,-1,
4,4,4,-1,
4,4,4,-1,
4,4,4,-1,
4,4,4,-1,
4,4,4,-1,
4,4,4,-1,
4,4,4,-1,
4,4,4,-1,
4,4,4,-1,
4,4,4,-1,
4,4,4,-1,
4,4,4,-1,
4,4,4,-1,
4,4,4,-1,
4,4,4,-1,
4,4,4,-1,
4,4,4,-1,
4,4,4,-1,
4,4,4,-1,
4,4,4,-1,
4,4,4,-1,
4,4,4,-1,
4,4,4,-1,
4,4,4,-1,
4,4,4,-1,
4,4,4,-1,
4,4,4,-1,
4,4,4,-1,
4,4,4,-1,
4,4,4,-1,
4,4,4,-1,
4,4,4,-1,
4,4,4,-1,
4,4,4,-1,
4,4,4,-1,
4,4,4,-1,
4,4,4,-1,
4,4,4,-1,
4,4,4,-1,
4,4,4,-1,
4,4,4,-1,
4,4,4,-1,
4,4,4,-1,
4,4,4,-1,
4,4,4,-1,
4,4,4,-1,
4,4,4,-1,
4,4,4,-1,
4,4,4,-1,
4,4,4,-1,
4,4,4,-1,
4,4,4,-1,
4,4,4,-1,
4,4,4,-1,
4,4,4,-1,
4,4,4,-1,
4,4,4,-1,
4,4,4,-1,
4,4,4,-1,
4,4,4,-1,
4,4,4,-1,
4,4,4,-1,
4,4,4,-1,
4,4,4,-1,
4,4,4,-1,
4,4,4,-1,
4,4,4,-1,
4,4,4,-1,
4,4,4,-1,
4,4,4,-1,
4,4,4,-1,
4,4,4,-1,
4,4,4,-1,
4,4,4,-1,
4,4,4,-1,
4,4,4,-1,
4,4,4,-1,
4,4,4,-1,
4,4,4,-1,
4,4,4,-1,
4,4,4,-1,
4,4,4,-1,
4,4,4,-1,
4,4,4,-1,
4,4,4,-1,
4,4,4,-1,
4,4,4,-1,
4,4,4,-1,
4,4,4,-1,
4,4,4,-1,
4,4,4,-1,
4,4,4,-1,
4,4,4,-1,
4,4,4,-1,
4,4,4,-1,
4,4,4,-1,
4,4,4,-1,
4,4,4,-1,
4,4,4,-1,
4,4,4,-1,
4,4,4,-1,
4,4,4,-1,
4,4,4,-1,
4,4,4,-1,
4,4,4,-1,
4,4,4,-1,
4,4,4,-1,
4,4,4,-1,
4,4,4,-1,
4,4,4,-1,
4,4,4,-1,
4,4,4,-1,
4,4,4,-1,
4,4,4,-1,
4,4,4,-1,
4,4,4,-1,
4,4,4,-1,
4,4,4,-1,
4,4,4,-1,
4,4,4,-1,
4,4,4,-1,
4,4,4,-1,
4,4,4,-1,
4,4,4,-1,
4,4,4,-1,
4,4,4,-1,
4,4,4,-1,
4,4,4,-1,
4,4,4,-1,
4,4,4,-1,
4,4,4,-1,
4,4,4,-1,
4,4,4,-1,
4,4,4,-1,
4,4,4,-1,
4,4,4,-1,
4,4,4,-1,
4,4,4,-1,
4,4,4,-1,
4,4,4,-1,
4,4,4,-1,
4,4,4,-1,
4,4,4,-1,
4,4,4,-1,
4,4,4,-1,
4,4,4,-1,
4,4,4,-1,
4,4,4,-1,
4,4,4,-1,
4,4,4,-1,
4,4,4,-1,
4,4,4,-1,
4,4,4,-1,
4,4,4,-1,
4,4,4,-1,
4,4,4,-1,
4,4,4,-1,
4,4,4,-1,
4,4,4,-1,
4,4,4,-1,
4,4,4,-1,
4,4,4,-1,
4,4,4,-1,
4,4,4,-1,
4,4,4,-1,
4,4,4,-1,
4,4,4,-1,
4,4,4,-1,
4,4,4,-1,
4,4,4,-1,
4,4,4,-1,
4,4,4,-1,
4,4,4,-1,
4,4,4,-1,
4,4,4,-1,
4,4,4,-1,
4,4,4,-1,
4,4,4,-1,
4,4,4,-1,
4,4,4,-1,
0,9,0,-1,
0,9,9,-1,
0,0,0,-1,
0,0,0,-1,
5,5,5,-1,
5,5,5,-1,
5,5,5,-1,
5,5,5,-1,
5,5,5,-1,
5,5,5,-1,
5,5,5,-1,
5,5,5,-1,
5,5,5,-1,
5,5,5,-1,
5,5,5,-1,
5,5,5,-1,
0,0,0,-1,
0,0,0,-1,
8,8,0,-1,
0,8,0,-1,
11,11,8,-1,
8,11,8,-1,
11,11,11,-1,
11,11,11,-1,
2,2,11,-1,
11,2,11,-1,
0,0,2,-1,
2,0,2,-1,
0,0,0,-1,
0,0,0,-1,
8,8,0,-1,
0,8,0,-1,
11,11,8,-1,
8,11,8,-1,
11,11,11,-1,
11,11,11,-1,
2,2,11,-1,
11,2,11,-1,
0,0,2,-1,
2,0,2,-1,
0,0,0,-1,
0,0,0,-1,
8,8,0,-1,
0,8,0,-1,
11,11,8,-1,
8,11,8,-1,
11,11,11,-1,
11,11,11,-1,
2,2,11,-1,
11,2,11,-1,
0,0,2,-1,
2,0,2,-1,
0,0,0,-1,
0,0,0,-1,
8,8,0,-1,
0,8,0,-1,
11,11,8,-1,
8,11,8,-1,
11,11,11,-1,
11,11,11,-1,
2,2,11,-1,
11,2,11,-1,
0,0,2,-1,
2,0,2,-1,
0,0,0,-1,
0,0,0,-1,
8,8,0,-1,
0,8,0,-1,
11,11,8,-1,
8,11,8,-1,
11,11,11,-1,
11,11,11,-1,
2,2,11,-1,
11,2,11,-1,
0,0,2,-1,
2,0,2,-1,
0,0,0,-1,
0,0,0,-1,
8,8,0,-1,
0,8,0,-1,
11,11,8,-1,
8,11,8,-1,
11,11,11,-1,
11,11,11,-1,
2,2,11,-1,
11,2,11,-1,
0,0,2,-1,
2,0,2,-1,
0,0,0,-1,
0,0,0,-1,
8,8,0,-1,
0,8,0,-1,
11,11,8,-1,
8,11,8,-1,
11,11,11,-1,
11,11,11,-1,
2,2,11,-1,
11,2,11,-1,
0,0,2,-1,
2,0,2,-1,
0,0,0,-1,
0,0,0,-1,
8,8,0,-1,
0,8,0,-1,
11,11,8,-1,
8,11,8,-1,
11,11,11,-1,
11,11,11,-1,
2,2,11,-1,
11,2,11,-1,
0,0,2,-1,
2,0,2,-1,
0,0,0,-1,
0,0,0,-1,
8,8,0,-1,
0,8,0,-1,
11,11,8,-1,
8,11,8,-1,
11,11,11,-1,
11,11,11,-1,
2,2,11,-1,
11,2,11,-1,
0,0,2,-1,
2,0,2,-1,
0,0,0,-1,
0,0,0,-1,
8,8,0,-1,
0,8,0,-1,
11,11,8,-1,
8,11,8,-1,
11,11,11,-1,
11,11,11,-1,
2,2,11,-1,
11,2,11,-1,
0,0,2,-1,
2,0,2,-1,
0,0,0,-1,
0,0,0,-1,
8,8,0,-1,
0,8,0,-1,
11,11,8,-1,
8,11,8,-1,
11,11,11,-1,
11,11,11,-1,
2,2,11,-1,
11,2,11,-1,
0,0,2,-1,
2,0,2,-1,
0,0,0,-1,
0,0,0,-1,
8,8,0,-1,
0,8,0,-1,
11,11,8,-1,
8,11,8,-1,
11,11,11,-1,
11,11,11,-1,
2,2,11,-1,
11,2,11,-1,
0,0,2,-1,
2,0,2,-1,
0,0,0,-1,
0,0,0,-1,
8,8,0,-1,
0,8,0,-1,
11,11,8,-1,
8,11,8,-1,
11,11,11,-1,
11,11,11,-1,
2,2,11,-1,
11,2,11,-1,
0,0,2,-1,
2,0,2,-1,
0,0,0,-1,
0,0,0,-1,
8,8,0,-1,
0,8,0,-1,
11,11,8,-1,
8,11,8,-1,
11,11,11,-1,
11,11,11,-1,
2,2,11,-1,
11,2,11,-1,
0,0,2,-1,
2,0,2,-1,
0,0,0,-1,
0,0,0,-1,
8,8,0,-1,
0,8,0,-1,
11,11,8,-1,
8,11,8,-1,
11,11,11,-1,
11,11,11,-1,
2,2,11,-1,
11,2,11,-1,
0,0,2,-1,
2,0,2,-1,
0,0,0,-1,
0,0,0,-1,
8,8,0,-1,
0,8,0,-1,
11,11,8,-1,
8,11,8,-1,
11,11,11,-1,
11,11,11,-1,
2,2,11,-1,
11,2,11,-1,
0,0,2,-1,
2,0,2,-1,
0,0,0,-1,
0,0,0,-1,
8,8,0,-1,
0,8,0,-1,
11,11,8,-1,
8,11,8,-1,
11,11,11,-1,
11,11,11,-1,
2,2,11,-1,
11,2,11,-1,
0,0,2,-1,
2,0,2,-1,
0,0,0,-1,
0,0,0,-1,
8,8,0,-1,
0,8,0,-1,
11,11,8,-1,
8,11,8,-1,
11,11,11,-1,
11,11,11,-1,
2,2,11,-1,
11,2,11,-1,
0,0,2,-1,
2,0,2,-1,
0,0,0,-1,
0,0,0,-1,
8,8,0,-1,
0,8,0,-1,
11,11,8,-1,
8,11,8,-1,
11,11,11,-1,
11,11,11,-1,
2,2,11,-1,
11,2,11,-1,
0,0,2,-1,
2,0,2,-1,
0,0,0,-1,
0,0,0,-1,
8,8,0,-1,
0,8,0,-1,
11,11,8,-1,
8,11,8,-1,
11,11,11,-1,
11,11,11,-1,
2,2,11,-1,
11,2,11,-1,
0,0,2,-1,
2,0,2,-1,
0,0,0,-1,
0,0,0,-1,
8,8,0,-1,
0,8,0,-1,
11,11,8,-1,
8,11,8,-1,
11,11,11,-1,
11,11,11,-1,
2,2,11,-1,
11,2,11,-1,
0,0,2,-1,
2,0,2,-1,
0,0,0,-1,
0,0,0,-1,
8,8,0,-1,
0,8,0,-1,
11,11,8,-1,
8,11,8,-1,
11,11,11,-1,
11,11,11,-1,
2,2,11,-1,
11,2,11,-1,
0,0,2,-1,
2,0,2,-1,
0,0,0,-1,
0,0,0,-1,
8,8,0,-1,
0,8,0,-1,
11,11,8,-1,
8,11,8,-1,
11,11,11,-1,
11,11,11,-1,
2,2,11,-1,
11,2,11,-1,
0,0,2,-1,
2,0,2,-1,
0,0,0,-1,
0,0,0,-1,
8,8,0,-1,
0,8,0,-1,
11,11,8,-1,
8,11,8,-1,
11,11,11,-1,
11,11,11,-1,
2,2,11,-1,
11,2,11,-1,
0,0,2,-1,
2,0,2,-1,
0,0,0,-1,
0,0,0,-1,
8,8,0,-1,
0,8,0,-1,
11,11,8,-1,
8,11,8,-1,
11,11,11,-1,
11,11,11,-1,
2,2,11,-1,
11,2,11,-1,
0,0,2,-1,
2,0,2,-1,
0,0,0,-1,
0,0,0,-1,
8,8,0,-1,
0,8,0,-1,
11,11,8,-1,
8,11,8,-1,
11,11,11,-1,
11,11,11,-1,
2,2,11,-1,
11,2,11,-1,
0,0,2,-1,
2,0,2,-1,
0,0,0,-1,
0,0,0,-1,
8,8,0,-1,
0,8,0,-1,
11,11,8,-1,
8,11,8,-1,
11,11,11,-1,
11,11,11,-1,
2,2,11,-1,
11,2,11,-1,
0,0,2,-1,
2,0,2,-1,
0,0,0,-1,
0,0,0,-1,
8,8,0,-1,
0,8,0,-1,
11,11,8,-1,
8,11,8,-1,
11,11,11,-1,
11,11,11,-1,
2,2,11,-1,
11,2,11,-1,
0,0,2,-1,
2,0,2,-1,
0,0,0,-1,
0,0,0,-1,
8,8,0,-1,
0,8,0,-1,
11,11,8,-1,
8,11,8,-1,
11,11,11,-1,
11,11,11,-1,
2,2,11,-1,
11,2,11,-1,
0,0,2,-1,
2,0,2,-1,
0,0,0,-1,
0,0,0,-1,
8,8,0,-1,
0,8,0,-1,
11,11,8,-1,
8,11,8,-1,
11,11,11,-1,
11,11,11,-1,
2,2,11,-1,
11,2,11,-1,
0,0,2,-1,
2,0,2,-1,
0,0,0,-1,
0,0,0,-1,
8,8,0,-1,
0,8,0,-1,
11,11,8,-1,
8,11,8,-1,
11,11,11,-1,
11,11,11,-1,
2,2,11,-1,
11,2,11,-1,
0,0,2,-1,
2,0,2,-1,
0,0,0,-1,
0,0,0,-1,
8,8,0,-1,
0,8,0,-1,
11,11,8,-1,
8,11,8,-1,
11,11,11,-1,
11,11,11,-1,
2,2,11,-1,
11,2,11,-1,
0,0,2,-1,
2,0,2,-1,
0,0,0,-1,
0,0,0,-1,
8,8,0,-1,
0,8,0,-1,
11,11,8,-1,
8,11,8,-1,
11,11,11,-1,
11,11,11,-1,
2,2,11,-1,
11,2,11,-1,
0,0,2,-1,
2,0,2,-1,
0,0,0,-1,
0,0,0,-1,
8,8,0,-1,
0,8,0,-1,
11,11,8,-1,
8,11,8,-1,
11,11,11,-1,
11,11,11,-1,
2,2,11,-1,
11,2,11,-1,
0,0,2,-1,
2,0,2,-1,
0,0,0,-1,
0,0,0,-1,
8,8,0,-1,
0,8,0,-1,
11,11,8,-1,
8,11,8,-1,
11,11,11,-1,
11,11,11,-1,
2,2,11,-1,
11,2,11,-1,
0,0,2,-1,
2,0,2,-1,
0,0,0,-1,
0,0,0,-1,
8,8,0,-1,
0,8,0,-1,
11,11,8,-1,
8,11,8,-1,
11,11,11,-1,
11,11,11,-1,
2,2,11,-1,
11,2,11,-1,
0,0,2,-1,
2,0,2,-1,
0,0,0,-1,
0,0,0,-1,
8,8,0,-1,
0,8,0,-1,
11,11,8,-1,
8,11,8,-1,
11,11,11,-1,
11,11,11,-1,
2,2,11,-1,
11,2,11,-1,
0,0,2,-1,
2,0,2,-1,
0,0,0,-1,
0,0,0,-1,
8,8,0,-1,
0,8,0,-1,
11,11,8,-1,
8,11,8,-1,
11,11,11,-1,
11,11,11,-1,
2,2,11,-1,
11,2,11,-1,
0,0,2,-1,
2,0,2,-1,
0,0,0,-1,
0,0,0,-1,
8,8,0,-1,
0,8,0,-1,
11,11,8,-1,
8,11,8,-1,
11,11,11,-1,
11,11,11,-1,
2,2,11,-1,
11,2,11,-1,
0,0,2,-1,
2,0,2,-1,
0,0,0,-1,
0,0,0,-1,
8,8,0,-1,
0,8,0,-1,
11,11,8,-1,
8,11,8,-1,
11,11,11,-1,
11,11,11,-1,
2,2,11,-1,
11,2,11,-1,
0,0,2,-1,
2,0,2,-1,
0,0,0,-1,
0,0,0,-1,
8,8,0,-1,
0,8,0,-1,
11,11,8,-1,
8,11,8,-1,
11,11,11,-1,
11,11,11,-1,
2,2,11,-1,
11,2,11,-1,
0,0,2,-1,
2,0,2,-1,
0,0,0,-1,
0,0,0,-1,
8,8,0,-1,
0,8,0,-1,
11,11,8,-1,
8,11,8,-1,
11,11,11,-1,
11,11,11,-1,
2,2,11,-1,
11,2,11,-1,
0,0,2,-1,
2,0,2,-1,
0,0,0,-1,
0,0,0,-1,
8,8,0,-1,
0,8,0,-1,
11,11,8,-1,
8,11,8,-1,
11,11,11,-1,
11,11,11,-1,
2,2,11,-1,
11,2,11,-1,
0,0,2,-1,
2,0,2,-1,
0,0,0,-1,
0,0,0,-1,
8,8,0,-1,
0,8,0,-1,
11,11,8,-1,
8,11,8,-1,
11,11,11,-1,
11,11,11,-1,
2,2,11,-1,
11,2,11,-1,
0,0,2,-1,
2,0,2,-1,
11,11,11,-1,
11,11,11,-1,
3,3,11,-1,
11,3,11,-1,
0,0,3,-1,
3,0,3,-1,
0,0,0,-1,
0,0,0,-1,
10,10,0,-1,
0,10,0,-1,
11,11,10,-1,
10,11,10,-1,
11,11,11,-1,
11,11,11,-1,
3,3,11,-1,
11,3,11,-1,
0,0,3,-1,
3,0,3,-1,
0,0,0,-1,
0,0,0,-1,
10,10,0,-1,
0,10,0,-1,
11,11,10,-1,
10,11,10,-1,
11,11,11,-1,
11,11,11,-1,
3,3,11,-1,
11,3,11,-1,
0,0,3,-1,
3,0,3,-1,
0,0,0,-1,
0,0,0,-1,
10,10,0,-1,
0,10,0,-1,
11,11,10,-1,
10,11,10,-1,
11,11,11,-1,
11,11,11,-1,
3,3,11,-1,
11,3,11,-1,
0,0,3,-1,
3,0,3,-1,
0,0,0,-1,
0,0,0,-1,
10,10,0,-1,
0,10,0,-1,
11,11,10,-1,
10,11,10,-1,
11,11,11,-1,
11,11,11,-1,
3,3,11,-1,
11,3,11,-1,
0,0,3,-1,
3,0,3,-1,
0,0,0,-1,
0,0,0,-1,
10,10,0,-1,
0,10,0,-1,
11,11,10,-1,
10,11,10,-1,
11,11,11,-1,
11,11,11,-1,
3,3,11,-1,
11,3,11,-1,
0,0,3,-1,
3,0,3,-1,
0,0,0,-1,
0,0,0,-1,
10,10,0,-1,
0,10,0,-1,
11,11,10,-1,
10,11,10,-1,
11,11,11,-1,
11,11,11,-1,
3,3,11,-1,
11,3,11,-1,
0,0,3,-1,
3,0,3,-1,
0,0,0,-1,
0,0,0,-1,
10,10,0,-1,
0,10,0,-1,
11,11,10,-1,
10,11,10,-1,
11,11,11,-1,
11,11,11,-1,
3,3,11,-1,
11,3,11,-1,
0,0,3,-1,
3,0,3,-1,
0,0,0,-1,
0,0,0,-1,
10,10,0,-1,
0,10,0,-1,
11,11,10,-1,
10,11,10,-1,
11,11,11,-1,
11,11,11,-1,
3,3,11,-1,
11,3,11,-1,
0,0,3,-1,
3,0,3,-1,
0,0,0,-1,
0,0,0,-1,
10,10,0,-1,
0,10,0,-1,
11,11,10,-1,
10,11,10,-1,
11,11,11,-1,
11,11,11,-1,
3,3,11,-1,
11,3,11,-1,
0,0,3,-1,
3,0,3,-1,
0,0,0,-1,
0,0,0,-1,
10,10,0,-1,
0,10,0,-1,
11,11,10,-1,
10,11,10,-1,
11,11,11,-1,
11,11,11,-1,
3,3,11,-1,
11,3,11,-1,
0,0,3,-1,
3,0,3,-1,
0,0,0,-1,
0,0,0,-1,
10,10,0,-1,
0,10,0,-1,
11,11,10,-1,
10,11,10,-1,
11,11,11,-1,
11,11,11,-1,
3,3,11,-1,
11,3,11,-1,
0,0,3,-1,
3,0,3,-1,
0,0,0,-1,
0,0,0,-1,
10,10,0,-1,
0,10,0,-1,
11,11,10,-1,
10,11,10,-1,
11,11,11,-1,
11,11,11,-1,
3,3,11,-1,
11,3,11,-1,
0,0,3,-1,
3,0,3,-1,
0,0,0,-1,
0,0,0,-1,
10,10,0,-1,
0,10,0,-1,
11,11,10,-1,
10,11,10,-1,
11,11,11,-1,
11,11,11,-1,
3,3,11,-1,
11,3,11,-1,
0,0,3,-1,
3,0,3,-1,
0,0,0,-1,
0,0,0,-1,
10,10,0,-1,
0,10,0,-1,
11,11,10,-1,
10,11,10,-1,
11,11,11,-1,
11,11,11,-1,
3,3,11,-1,
11,3,11,-1,
0,0,3,-1,
3,0,3,-1,
0,0,0,-1,
0,0,0,-1,
10,10,0,-1,
0,10,0,-1,
11,11,10,-1,
10,11,10,-1,
11,11,11,-1,
11,11,11,-1,
3,3,11,-1,
11,3,11,-1,
0,0,3,-1,
3,0,3,-1,
0,0,0,-1,
0,0,0,-1,
10,10,0,-1,
0,10,0,-1,
11,11,10,-1,
10,11,10,-1,
11,11,11,-1,
11,11,11,-1,
3,3,11,-1,
11,3,11,-1,
0,0,3,-1,
3,0,3,-1,
0,0,0,-1,
0,0,0,-1,
10,10,0,-1,
0,10,0,-1,
11,11,10,-1,
10,11,10,-1,
11,11,11,-1,
11,11,11,-1,
3,3,11,-1,
11,3,11,-1,
0,0,3,-1,
3,0,3,-1,
0,0,0,-1,
0,0,0,-1,
10,10,0,-1,
0,10,0,-1,
11,11,10,-1,
10,11,10,-1,
11,11,11,-1,
11,11,11,-1,
3,3,11,-1,
11,3,11,-1,
0,0,3,-1,
3,0,3,-1,
0,0,0,-1,
0,0,0,-1,
10,10,0,-1,
0,10,0,-1,
11,11,10,-1,
10,11,10,-1,
11,11,11,-1,
11,11,11,-1,
3,3,11,-1,
11,3,11,-1,
0,0,3,-1,
3,0,3,-1,
0,0,0,-1,
0,0,0,-1,
10,10,0,-1,
0,10,0,-1,
11,11,10,-1,
10,11,10,-1,
11,11,11,-1,
11,11,11,-1,
3,3,11,-1,
11,3,11,-1,
0,0,3,-1,
3,0,3,-1,
0,0,0,-1,
0,0,0,-1,
10,10,0,-1,
0,10,0,-1,
11,11,10,-1,
10,11,10,-1,
11,11,11,-1,
11,11,11,-1,
3,3,11,-1,
11,3,11,-1,
0,0,3,-1,
3,0,3,-1,
0,0,0,-1,
0,0,0,-1,
10,10,0,-1,
0,10,0,-1,
11,11,10,-1,
10,11,10,-1,
11,11,11,-1,
11,11,11,-1,
3,3,11,-1,
11,3,11,-1,
0,0,3,-1,
3,0,3,-1,
0,0,0,-1,
0,0,0,-1,
10,10,0,-1,
0,10,0,-1,
11,11,10,-1,
10,11,10,-1,
11,11,11,-1,
11,11,11,-1,
3,3,11,-1,
11,3,11,-1,
0,0,3,-1,
3,0,3,-1,
0,0,0,-1,
0,0,0,-1,
10,10,0,-1,
0,10,0,-1,
11,11,10,-1,
10,11,10,-1,
11,11,11,-1,
11,11,11,-1,
3,3,11,-1,
11,3,11,-1,
0,0,3,-1,
3,0,3,-1,
0,0,0,-1,
0,0,0,-1,
10,10,0,-1,
0,10,0,-1,
11,11,10,-1,
10,11,10,-1,
11,11,11,-1,
11,11,11,-1,
3,3,11,-1,
11,3,11,-1,
0,0,3,-1,
3,0,3,-1,
0,0,0,-1,
0,0,0,-1,
10,10,0,-1,
0,10,0,-1,
11,11,10,-1,
10,11,10,-1,
11,11,11,-1,
11,11,11,-1,
3,3,11,-1,
11,3,11,-1,
0,0,3,-1,
3,0,3,-1,
0,0,0,-1,
0,0,0,-1,
10,10,0,-1,
0,10,0,-1,
11,11,10,-1,
10,11,10,-1,
11,11,11,-1,
11,11,11,-1,
3,3,11,-1,
11,3,11,-1,
0,0,3,-1,
3,0,3,-1,
0,0,0,-1,
0,0,0,-1,
10,10,0,-1,
0,10,0,-1,
11,11,10,-1,
10,11,10,-1,
11,11,11,-1,
11,11,11,-1,
3,3,11,-1,
11,3,11,-1,
0,0,3,-1,
3,0,3,-1,
0,0,0,-1,
0,0,0,-1,
10,10,0,-1,
0,10,0,-1,
11,11,10,-1,
10,11,10,-1,
11,11,11,-1,
11,11,11,-1,
3,3,11,-1,
11,3,11,-1,
0,0,3,-1,
3,0,3,-1,
0,0,0,-1,
0,0,0,-1,
10,10,0,-1,
0,10,0,-1,
11,11,10,-1,
10,11,10,-1,
11,11,11,-1,
11,11,11,-1,
3,3,11,-1,
11,3,11,-1,
0,0,3,-1,
3,0,3,-1,
0,0,0,-1,
0,0,0,-1,
10,10,0,-1,
0,10,0,-1,
11,11,10,-1,
10,11,10,-1,
11,11,11,-1,
11,11,11,-1,
3,3,11,-1,
11,3,11,-1,
0,0,3,-1,
3,0,3,-1,
0,0,0,-1,
0,0,0,-1,
10,10,0,-1,
0,10,0,-1,
11,11,10,-1,
10,11,10,-1,
11,11,11,-1,
11,11,11,-1,
3,3,11,-1,
11,3,11,-1,
0,0,3,-1,
3,0,3,-1,
0,0,0,-1,
0,0,0,-1,
10,10,0,-1,
0,10,0,-1,
11,11,10,-1,
10,11,10,-1,
11,11,11,-1,
11,11,11,-1,
3,3,11,-1,
11,3,11,-1,
0,0,3,-1,
3,0,3,-1,
0,0,0,-1,
0,0,0,-1,
10,10,0,-1,
0,10,0,-1,
11,11,10,-1,
10,11,10,-1,
11,11,11,-1,
11,11,11,-1,
3,3,11,-1,
11,3,11,-1,
0,0,3,-1,
3,0,3,-1,
0,0,0,-1,
0,0,0,-1,
10,10,0,-1,
0,10,0,-1,
11,11,10,-1,
10,11,10,-1,
11,11,11,-1,
11,11,11,-1,
3,3,11,-1,
11,3,11,-1,
0,0,3,-1,
3,0,3,-1,
0,0,0,-1,
0,0,0,-1,
10,10,0,-1,
0,10,0,-1,
11,11,10,-1,
10,11,10,-1,
11,11,11,-1,
11,11,11,-1,
3,3,11,-1,
11,3,11,-1,
0,0,3,-1,
3,0,3,-1,
0,0,0,-1,
0,0,0,-1,
10,10,0,-1,
0,10,0,-1,
11,11,10,-1,
10,11,10,-1,
11,11,11,-1,
11,11,11,-1,
3,3,11,-1,
11,3,11,-1,
0,0,3,-1,
3,0,3,-1,
0,0,0,-1,
0,0,0,-1,
10,10,0,-1,
0,10,0,-1,
11,11,10,-1,
10,11,10,-1,
11,11,11,-1,
11,11,11,-1,
3,3,11,-1,
11,3,11,-1,
0,0,3,-1,
3,0,3,-1,
0,0,0,-1,
0,0,0,-1,
10,10,0,-1,
0,10,0,-1,
11,11,10,-1,
10,11,10,-1,
11,11,11,-1,
11,11,11,-1,
3,3,11,-1,
11,3,11,-1,
0,0,3,-1,
3,0,3,-1,
0,0,0,-1,
0,0,0,-1,
10,10,0,-1,
0,10,0,-1,
11,11,10,-1,
10,11,10,-1,
11,11,11,-1,
11,11,11,-1,
3,3,11,-1,
11,3,11,-1,
0,0,3,-1,
3,0,3,-1,
0,0,0,-1,
0,0,0,-1,
10,10,0,-1,
0,10,0,-1,
11,11,10,-1,
10,11,10,-1,
11,11,11,-1,
11,11,11,-1,
3,3,11,-1,
11,3,11,-1,
0,0,3,-1,
3,0,3,-1,
0,0,0,-1,
0,0,0,-1,
10,10,0,-1,
0,10,0,-1,
11,11,10,-1,
10,11,10,-1,
11,11,11,-1,
11,11,11,-1,
3,3,11,-1,
11,3,11,-1,
0,0,3,-1,
3,0,3,-1,
0,0,0,-1,
0,0,0,-1,
10,10,0,-1,
0,10,0,-1,
11,11,10,-1,
10,11,10,-1,
11,11,11,-1,
11,11,11,-1,
3,3,11,-1,
11,3,11,-1,
0,0,3,-1,
3,0,3,-1,
0,0,0,-1,
0,0,0,-1,
10,10,0,-1,
0,10,0,-1,
11,11,10,-1,
10,11,10,-1
]
}
}
Shape {
appearance Appearance {
material Material {
ambientIntensity 0
diffuseColor 1 1 1 
specularColor 0.098 0.098 0.098 
shininess 0.000781 
transparency 0
}
}
geometry IndexedFaceSet {
normalPerVertex TRUE
solid TRUE
convex TRUE
coord Coordinate { point [
0.33321664 -0.69999999 0.056009863,
0.33321664 0.69999999 0.056009863,
0.33321664 -0.69999999 0.04000986,
0.33321664 0.69999999 0.04000986,
0.33521664 -0.69999999 0.058009859,
0.33521664 -0.69849998 0.058009859,
0.33521664 -0.671 0.058009859,
0.33521664 -0.639 0.058009859,
0.33521664 -0.60699999 0.058009859,
0.33521664 -0.54299998 0.058009859,
0.33521664 -0.51099998 0.058009859,
0.33521664 -0.47899997 0.058009859,
0.33521664 -0.447 0.058009859,
0.33521664 -0.41499999 0.058009859,
0.33521664 -0.35099998 0.058009859,
0.33521664 -0.31899998 0.058009859,
0.33521664 -0.287 0.058009859,
0.33521664 -0.255 0.058009859,
0.33521664 -0.19099998 0.058009859,
0.33521664 -0.15899998 0.058009859,
0.33521664 -0.12699997 0.058009859,
0.33521664 -0.094999969 0.058009859,
0.33521664 0.00099998713 0.058009859,
0.33521664 0.032999992 0.058009859,
0.33521664 0.064999998 0.058009859,
0.33521664 0.097000003 0.058009859,
0.33521664 0.16100001 0.058009859,
0.33521664 0.19300002 0.058009859,
0.33521664 0.22500002 0.058009859,
0.33521664 0.25700003 0.058009859,
0.33521664 0.28900003 0.058009859,
0.33521664 0.35299999 0.058009859,
0.33521664 0.38500005 0.058009859,
0.33521664 0.417 0.058009859,
0.33521664 0.44900006 0.058009859,
0.33521664 0.51300007 0.058009859,
0.33521664 0.54500002 0.058009859,
0.33521664 0.57699996 0.058009859,
0.33521664 0.60900003 0.058009859,
0.33521664 0.64099997 0.058009859,
0.33521664 0.69999999 0.058009859,
0.33521664 -0.69999999 0.056009863,
0.33521664 -0.69849998 0.056009863,
0.33521664 -0.671 0.056009863,
0.33521664 -0.639 0.056009863,
0.33521664 -0.60699999 0.056009863,
0.33521664 -0.54299998 0.056009863,
0.33521664 -0.51099998 0.056009863,
0.33521664 -0.47899997 0.056009863,
0.33521664 -0.447 0.056009863,
0.33521664 -0.41499999 0.056009863,
0.33521664 -0.35099998 0.056009863,
0.33521664 -0.31899998 0.056009863,
0.33521664 -0.287 0.056009863,
0.33521664 -0.255 0.056009863,
0.33521664 -0.19099998 0.056009863,
0.33521664 -0.15899998 0.056009863,
0.33521664 -0.12699997 0.056009863,
0.33521664 -0.094999969 0.056009863,
0.33521664 0.00099998713 0.056009863,
0.33521664 0.032999992 0.056009863,
0.33521664 0.064999998 0.056009863,
0.33521664 0.097000003 0.056009863,
0.33521664 0.16100001 0.056009863,
0.33521664 0.19300002 0.056009863,
0.33521664 0.22500002 0.056009863,
0.33521664 0.25700003 0.056009863,
0.33521664 0.28900003 0.056009863,
0.33521664 0.35299999 0.056009863,
0.33521664 0.38500005 0.056009863,
0.33521664 0.417 0.056009863,
0.33521664 0.44900006 0.056009863,
0.33521664 0.51300007 0.056009863,
0.33521664 0.54500002 0.056009863,
0.33521664 0.57699996 0.056009863,
0.33521664 0.60900003 0.056009863,
0.33521664 0.64099997 0.056009863,
0.33521664 0.69999999 0.056009863,
0.33521664 -0.69999999 0.04000986,
0.33521664 0.69999999 0.04000986,
0.33671665 -0.69999999 0.058009859,
0.33671665 -0.69849998 0.058009859,
0.33671665 -0.671 0.058009859,
0.33671665 -0.639 0.058009859,
0.33671665 -0.60699999 0.058009859,
0.33671665 -0.54299998 0.058009859,
0.33671665 -0.51099998 0.058009859,
0.33671665 -0.47899997 0.058009859,
0.33671665 -0.447 0.058009859,
0.33671665 -0.41499999 0.058009859,
0.33671665 -0.35099998 0.058009859,
0.33671665 -0.31899998 0.058009859,
0.33671665 -0.287 0.058009859,
0.33671665 -0.255 0.058009859,
0.33671665 -0.19099998 0.058009859,
0.33671665 -0.15899998 0.058009859,
0.33671665 -0.12699997 0.058009859,
0.33671665 -0.094999969 0.058009859,
0.33671665 0.00099998713 0.058009859,
0.33671665 0.032999992 0.058009859,
0.33671665 0.064999998 0.058009859,
0.33671665 0.097000003 0.058009859,
0.33671665 0.16100001 0.058009859,
0.33671665 0.19300002 0.058009859,
0.33671665 0.22500002 0.058009859,
0.33671665 0.25700003 0.058009859,
0.33671665 0.28900003 0.058009859,
0.33671665 0.35299999 0.058009859,
0.33671665 0.38500005 0.058009859,
0.33671665 0.417 0.058009859,
0.33671665 0.44900006 0.058009859,
0.33671665 0.51300007 0.058009859,
0.33671665 0.54500002 0.058009859,
0.33671665 0.57699996 0.058009859,
0.33671665 0.60900003 0.058009859,
0.33671665 0.64099997 0.058009859,
0.33671665 0.69999999 0.058009859,
0.33821663 -0.69550002 0.058009859,
0.33821663 -0.6785 0.058009859,
0.33821663 -0.66350001 0.058009859,
0.33821663 -0.64649999 0.058009859,
0.33821663 -0.63150001 0.058009859,
0.33821663 -0.61449999 0.058009859,
0.33821663 -0.5995 0.058009859,
0.33821663 -0.58249998 0.058009859,
0.33821663 -0.5675 0.058009859,
0.33821663 -0.55049998 0.058009859,
0.33821663 -0.53549999 0.058009859,
0.33821663 -0.51849997 0.058009859,
0.33821663 -0.50349998 0.058009859,
0.33821663 -0.48649999 0.058009859,
0.33821663 -0.47149998 0.058009859,
0.33821663 -0.45449999 0.058009859,
0.33821663 -0.43949997 0.058009859,
0.33821663 -0.42249998 0.058009859,
0.33821663 -0.4075 0.058009859,
0.33821663 -0.39049998 0.058009859,
0.33821663 -0.37549999 0.058009859,
0.33821663 -0.35849997 0.058009859,
0.33821663 -0.34349999 0.058009859,
0.33821663 -0.3265 0.058009859,
0.33821663 -0.31149998 0.058009859,
0.33821663 -0.29449999 0.058009859,
0.33821663 -0.27949998 0.058009859,
0.33821663 -0.26249999 0.058009859,
0.33821663 -0.2475 0.058009859,
0.33821663 -0.23049998 0.058009859,
0.33821663 -0.2155 0.058009859,
0.33821663 -0.19849998 0.058009859,
0.33821663 -0.18349999 0.058009859,
0.33821663 -0.16649997 0.058009859,
0.33821663 -0.15149999 0.058009859,
0.33821663 -0.13449997 0.058009859,
0.33821663 -0.11949998 0.058009859,
0.33821663 -0.10249996 0.058009859,
0.33821663 -0.087499976 0.058009859,
0.33821663 -0.070500016 0.058009859,
0.33821663 -0.055499971 0.058009859,
0.33821663 -0.038500011 0.058009859,
0.33821663 -0.023499966 0.058009859,
0.33821663 -0.0065000057 0.058009859,
0.33821663 0.0085000396 0.058009859,
0.33821663 0.0255 0.058009859,
0.33821663 0.040499985 0.058009859,
0.33821663 0.057500005 0.058009859,
0.33821663 0.07249999 0.058009859,
0.33821663 0.08950001 0.058009859,
0.33821663 0.1045 0.058009859,
0.33821663 0.12150002 0.058009859,
0.33821663 0.1365 0.058009859,
0.33821663 0.15350002 0.058009859,
0.33821663 0.16850001 0.058009859,
0.33821663 0.18550003 0.058009859,
0.33821663 0.20050001 0.058009859,
0.33821663 0.21750003 0.058009859,
0.33821663 0.23250002 0.058009859,
0.33821663 0.24950004 0.058009859,
0.33821663 0.26450002 0.058009859,
0.33821663 0.28150004 0.058009859,
0.33821663 0.29650003 0.058009859,
0.33821663 0.31349999 0.058009859,
0.33821663 0.32849997 0.058009859,
0.33821663 0.34550005 0.058009859,
0.33821663 0.36050004 0.058009859,
0.33821663 0.3775 0.058009859,
0.33821663 0.39249998 0.058009859,
0.33821663 0.40950006 0.058009859,
0.33821663 0.42450005 0.058009859,
0.33821663 0.44150001 0.058009859,
0.33821663 0.45649999 0.058009859,
0.33821663 0.47349995 0.058009859,
0.33821663 0.48850006 0.058009859,
0.33821663 0.50550002 0.058009859,
0.33821663 0.5205 0.058009859,
0.33821663 0.53749996 0.058009859,
0.33821663 0.55250007 0.058009859,
0.33821663 0.56950003 0.058009859,
0.33821663 0.58450001 0.058009859,
0.33821663 0.60149997 0.058009859,
0.33821663 0.61649996 0.058009859,
0.33821663 0.63350004 0.058009859,
0.33821663 0.64850003 0.058009859,
0.33821663 0.66549999 0.058009859,
0.33821663 0.68049997 0.058009859,
0.33821663 0.69750005 0.058009859,
0.33821663 -0.69550002 0.056009863,
0.33821663 -0.6785 0.056009863,
0.33821663 -0.66350001 0.056009863,
0.33821663 -0.64649999 0.056009863,
0.33821663 -0.63150001 0.056009863,
0.33821663 -0.61449999 0.056009863,
0.33821663 -0.5995 0.056009863,
0.33821663 -0.58249998 0.056009863,
0.33821663 -0.5675 0.056009863,
0.33821663 -0.55049998 0.056009863,
0.33821663 -0.53549999 0.056009863,
0.33821663 -0.51849997 0.056009863,
0.33821663 -0.50349998 0.056009863,
0.33821663 -0.48649999 0.056009863,
0.33821663 -0.47149998 0.056009863,
0.33821663 -0.45449999 0.056009863,
0.33821663 -0.43949997 0.056009863,
0.33821663 -0.42249998 0.056009863,
0.33821663 -0.4075 0.056009863,
0.33821663 -0.39049998 0.056009863,
0.33821663 -0.37549999 0.056009863,
0.33821663 -0.35849997 0.056009863,
0.33821663 -0.34349999 0.056009863,
0.33821663 -0.3265 0.056009863,
0.33821663 -0.31149998 0.056009863,
0.33821663 -0.29449999 0.056009863,
0.33821663 -0.27949998 0.056009863,
0.33821663 -0.26249999 0.056009863,
0.33821663 -0.2475 0.056009863,
0.33821663 -0.23049998 0.056009863,
0.33821663 -0.2155 0.056009863,
0.33821663 -0.19849998 0.056009863,
0.33821663 -0.18349999 0.056009863,
0.33821663 -0.16649997 0.056009863,
0.33821663 -0.15149999 0.056009863,
0.33821663 -0.13449997 0.056009863,
0.33821663 -0.11949998 0.056009863,
0.33821663 -0.10249996 0.056009863,
0.33821663 -0.087499976 0.056009863,
0.33821663 -0.070500016 0.056009863,
0.33821663 -0.055499971 0.056009863,
0.33821663 -0.038500011 0.056009863,
0.33821663 -0.023499966 0.056009863,
0.33821663 -0.0065000057 0.056009863,
0.33821663 0.0085000396 0.056009863,
0.33821663 0.0255 0.056009863,
0.33821663 0.040499985 0.056009863,
0.33821663 0.057500005 0.056009863,
0.33821663 0.07249999 0.056009863,
0.33821663 0.08950001 0.056009863,
0.33821663 0.1045 0.056009863,
0.33821663 0.12150002 0.056009863,
0.33821663 0.1365 0.056009863,
0.33821663 0.15350002 0.056009863,
0.33821663 0.16850001 0.056009863,
0.33821663 0.18550003 0.056009863,
0.33821663 0.20050001 0.056009863,
0.33821663 0.21750003 0.056009863,
0.33821663 0.23250002 0.056009863,
0.33821663 0.24950004 0.056009863,
0.33821663 0.26450002 0.056009863,
0.33821663 0.28150004 0.056009863,
0.33821663 0.29650003 0.056009863,
0.33821663 0.31349999 0.056009863,
0.33821663 0.32849997 0.056009863,
0.33821663 0.34550005 0.056009863,
0.33821663 0.36050004 0.056009863,
0.33821663 0.3775 0.056009863,
0.33821663 0.39249998 0.056009863,
0.33821663 0.40950006 0.056009863,
0.33821663 0.42450005 0.056009863,
0.33821663 0.44150001 0.056009863,
0.33821663 0.45649999 0.056009863,
0.33821663 0.47349995 0.056009863,
0.33821663 0.48850006 0.056009863,
0.33821663 0.50550002 0.056009863,
0.33821663 0.5205 0.056009863,
0.33821663 0.53749996 0.056009863,
0.33821663 0.55250007 0.056009863,
0.33821663 0.56950003 0.056009863,
0.33821663 0.58450001 0.056009863,
0.33821663 0.60149997 0.056009863,
0.33821663 0.61649996 0.056009863,
0.33821663 0.63350004 0.056009863,
0.33821663 0.64850003 0.056009863,
0.33821663 0.66549999 0.056009863,
0.33821663 0.68049997 0.056009863,
0.33821663 0.69750005 0.056009863,
0.33971664 -0.69699997 0.058009859,
0.33971664 -0.67699999 0.058009859,
0.33971664 -0.66499996 0.058009859,
0.33971664 -0.64499998 0.058009859,
0.33971664 -0.63300002 0.058009859,
0.33971664 -0.61299998 0.058009859,
0.33971664 -0.60100001 0.058009859,
0.33971664 -0.58099997 0.058009859,
0.33971664 -0.56900001 0.058009859,
0.33971664 -0.54900002 0.058009859,
0.33971664 -0.537 0.058009859,
0.33971664 -0.51699996 0.058009859,
0.33971664 -0.505 0.058009859,
0.33971664 -0.48499998 0.058009859,
0.33971664 -0.47299999 0.058009859,
0.33971664 -0.45300001 0.058009859,
0.33971664 -0.44099998 0.058009859,
0.33971664 -0.42099997 0.058009859,
0.33971664 -0.40899998 0.058009859,
0.33971664 -0.389 0.058009859,
0.33971664 -0.37699997 0.058009859,
0.33971664 -0.35699999 0.058009859,
0.33971664 -0.345 0.058009859,
0.33971664 -0.32499999 0.058009859,
0.33971664 -0.31299999 0.058009859,
0.33971664 -0.29299998 0.058009859,
0.33971664 -0.28099999 0.058009859,
0.33971664 -0.26099998 0.058009859,
0.33971664 -0.24899998 0.058009859,
0.33971664 -0.229 0.058009859,
0.33971664 -0.21699998 0.058009859,
0.33971664 -0.19699997 0.058009859,
0.33971664 -0.185 0.058009859,
0.33971664 -0.16499996 0.058009859,
0.33971664 -0.153 0.058009859,
0.33971664 -0.13300002 0.058009859,
0.33971664 -0.12099999 0.058009859,
0.33971664 -0.10100001 0.058009859,
0.33971664 -0.088999987 0.058009859,
0.33971664 -0.069000006 0.058009859,
0.33971664 -0.056999981 0.058009859,
0.33971664 -0.037 0.058009859,
0.33971664 -0.024999976 0.058009859,
0.33971664 -0.0049999952 0.058009859,
0.33971664 0.0070000291 0.058009859,
0.33971664 0.02700001 0.058009859,
0.33971664 0.039000034 0.058009859,
0.33971664 0.059000015 0.058009859,
0.33971664 0.07100004 0.058009859,
0.33971664 0.091000021 0.058009859,
0.33971664 0.10299999 0.058009859,
0.33971664 0.12300003 0.058009859,
0.33971664 0.13499999 0.058009859,
0.33971664 0.15500003 0.058009859,
0.33971664 0.167 0.058009859,
0.33971664 0.18700004 0.058009859,
0.33971664 0.199 0.058009859,
0.33971664 0.21900004 0.058009859,
0.33971664 0.23100001 0.058009859,
0.33971664 0.25099999 0.058009859,
0.33971664 0.26300001 0.058009859,
0.33971664 0.28299999 0.058009859,
0.33971664 0.29500002 0.058009859,
0.33971664 0.315 0.058009859,
0.33971664 0.32699996 0.058009859,
0.33971664 0.34700006 0.058009859,
0.33971664 0.35900003 0.058009859,
0.33971664 0.37900001 0.058009859,
0.33971664 0.39099997 0.058009859,
0.33971664 0.41099995 0.058009859,
0.33971664 0.42300004 0.058009859,
0.33971664 0.44300002 0.058009859,
0.33971664 0.45499998 0.058009859,
0.33971664 0.47499996 0.058009859,
0.33971664 0.48700005 0.058009859,
0.33971664 0.50700003 0.058009859,
0.33971664 0.51899999 0.058009859,
0.33971664 0.53899997 0.058009859,
0.33971664 0.55100006 0.058009859,
0.33971664 0.57100004 0.058009859,
0.33971664 0.583 0.058009859,
0.33971664 0.60299999 0.058009859,
0.33971664 0.61500007 0.058009859,
0.33971664 0.63500005 0.058009859,
0.33971664 0.64700001 0.058009859,
0.33971664 0.667 0.058009859,
0.33971664 0.67899996 0.058009859,
0.33971664 0.69900006 0.058009859,
0.33971664 -0.69699997 0.056009863,
0.33971664 -0.67699999 0.056009863,
0.33971664 -0.66499996 0.056009863,
0.33971664 -0.64499998 0.056009863,
0.33971664 -0.63300002 0.056009863,
0.33971664 -0.61299998 0.056009863,
0.33971664 -0.60100001 0.056009863,
0.33971664 -0.58099997 0.056009863,
0.33971664 -0.56900001 0.056009863,
0.33971664 -0.54900002 0.056009863,
0.33971664 -0.537 0.056009863,
0.33971664 -0.51699996 0.056009863,
0.33971664 -0.505 0.056009863,
0.33971664 -0.48499998 0.056009863,
0.33971664 -0.47299999 0.056009863,
0.33971664 -0.45300001 0.056009863,
0.33971664 -0.44099998 0.056009863,
0.33971664 -0.42099997 0.056009863,
0.33971664 -0.40899998 0.056009863,
0.33971664 -0.389 0.056009863,
0.33971664 -0.37699997 0.056009863,
0.33971664 -0.35699999 0.056009863,
0.33971664 -0.345 0.056009863,
0.33971664 -0.32499999 0.056009863,
0.33971664 -0.31299999 0.056009863,
0.33971664 -0.29299998 0.056009863,
0.33971664 -0.28099999 0.056009863,
0.33971664 -0.26099998 0.056009863,
0.33971664 -0.24899998 0.056009863,
0.33971664 -0.229 0.056009863,
0.33971664 -0.21699998 0.056009863,
0.33971664 -0.19699997 0.056009863,
0.33971664 -0.185 0.056009863,
0.33971664 -0.16499996 0.056009863,
0.33971664 -0.153 0.056009863,
0.33971664 -0.13300002 0.056009863,
0.33971664 -0.12099999 0.056009863,
0.33971664 -0.10100001 0.056009863,
0.33971664 -0.088999987 0.056009863,
0.33971664 -0.069000006 0.056009863,
0.33971664 -0.056999981 0.056009863,
0.33971664 -0.037 0.056009863,
0.33971664 -0.024999976 0.056009863,
0.33971664 -0.0049999952 0.056009863,
0.33971664 0.0070000291 0.056009863,
0.33971664 0.02700001 0.056009863,
0.33971664 0.039000034 0.056009863,
0.33971664 0.059000015 0.056009863,
0.33971664 0.07100004 0.056009863,
0.33971664 0.091000021 0.056009863,
0.33971664 0.10299999 0.056009863,
0.33971664 0.12300003 0.056009863,
0.33971664 0.13499999 0.056009863,
0.33971664 0.15500003 0.056009863,
0.33971664 0.167 0.056009863,
0.33971664 0.18700004 0.056009863,
0.33971664 0.199 0.056009863,
0.33971664 0.21900004 0.056009863,
0.33971664 0.23100001 0.056009863,
0.33971664 0.25099999 0.056009863,
0.33971664 0.26300001 0.056009863,
0.33971664 0.28299999 0.056009863,
0.33971664 0.29500002 0.056009863,
0.33971664 0.315 0.056009863,
0.33971664 0.32699996 0.056009863,
0.33971664 0.34700006 0.056009863,
0.33971664 0.35900003 0.056009863,
0.33971664 0.37900001 0.056009863,
0.33971664 0.39099997 0.056009863,
0.33971664 0.41099995 0.056009863,
0.33971664 0.42300004 0.056009863,
0.33971664 0.44300002 0.056009863,
0.33971664 0.45499998 0.056009863,
0.33971664 0.47499996 0.056009863,
0.33971664 0.48700005 0.056009863,
0.33971664 0.50700003 0.056009863,
0.33971664 0.51899999 0.056009863,
0.33971664 0.53899997 0.056009863,
0.33971664 0.55100006 0.056009863,
0.33971664 0.57100004 0.056009863,
0.33971664 0.583 0.056009863,
0.33971664 0.60299999 0.056009863,
0.33971664 0.61500007 0.056009863,
0.33971664 0.63500005 0.056009863,
0.33971664 0.64700001 0.056009863,
0.33971664 0.667 0.056009863,
0.33971664 0.67899996 0.056009863,
0.33971664 0.69900006 0.056009863,
0.34121665 -0.69550002 0.058009859,
0.34121665 -0.6785 0.058009859,
0.34121665 -0.66350001 0.058009859,
0.34121665 -0.64649999 0.058009859,
0.34121665 -0.63150001 0.058009859,
0.34121665 -0.61449999 0.058009859,
0.34121665 -0.5995 0.058009859,
0.34121665 -0.58249998 0.058009859,
0.34121665 -0.5675 0.058009859,
0.34121665 -0.55049998 0.058009859,
0.34121665 -0.53549999 0.058009859,
0.34121665 -0.51849997 0.058009859,
0.34121665 -0.50349998 0.058009859,
0.34121665 -0.48649999 0.058009859,
0.34121665 -0.47149998 0.058009859,
0.34121665 -0.45449999 0.058009859,
0.34121665 -0.43949997 0.058009859,
0.34121665 -0.42249998 0.058009859,
0.34121665 -0.4075 0.058009859,
0.34121665 -0.39049998 0.058009859,
0.34121665 -0.37549999 0.058009859,
0.34121665 -0.35849997 0.058009859,
0.34121665 -0.34349999 0.058009859,
0.34121665 -0.3265 0.058009859,
0.34121665 -0.31149998 0.058009859,
0.34121665 -0.29449999 0.058009859,
0.34121665 -0.27949998 0.058009859,
0.34121665 -0.26249999 0.058009859,
0.34121665 -0.2475 0.058009859,
0.34121665 -0.23049998 0.058009859,
0.34121665 -0.2155 0.058009859,
0.34121665 -0.19849998 0.058009859,
0.34121665 -0.18349999 0.058009859,
0.34121665 -0.16649997 0.058009859,
0.34121665 -0.15149999 0.058009859,
0.34121665 -0.13449997 0.058009859,
0.34121665 -0.11949998 0.058009859,
0.34121665 -0.10249996 0.058009859,
0.34121665 -0.087499976 0.058009859,
0.34121665 -0.070500016 0.058009859,
0.34121665 -0.055499971 0.058009859,
0.34121665 -0.038500011 0.058009859,
0.34121665 -0.023499966 0.058009859,
0.34121665 -0.0065000057 0.058009859,
0.34121665 0.0085000396 0.058009859,
0.34121665 0.0255 0.058009859,
0.34121665 0.040499985 0.058009859,
0.34121665 0.057500005 0.058009859,
0.34121665 0.07249999 0.058009859,
0.34121665 0.08950001 0.058009859,
0.34121665 0.1045 0.058009859,
0.34121665 0.12150002 0.058009859,
0.34121665 0.1365 0.058009859,
0.34121665 0.15350002 0.058009859,
0.34121665 0.16850001 0.058009859,
0.34121665 0.18550003 0.058009859,
0.34121665 0.20050001 0.058009859,
0.34121665 0.21750003 0.058009859,
0.34121665 0.23250002 0.058009859,
0.34121665 0.24950004 0.058009859,
0.34121665 0.26450002 0.058009859,
0.34121665 0.28150004 0.058009859,
0.34121665 0.29650003 0.058009859,
0.34121665 0.31349999 0.058009859,
0.34121665 0.32849997 0.058009859,
0.34121665 0.34550005 0.058009859,
0.34121665 0.36050004 0.058009859,
0.34121665 0.3775 0.058009859,
0.34121665 0.39249998 0.058009859,
0.34121665 0.40950006 0.058009859,
0.34121665 0.42450005 0.058009859,
0.34121665 0.44150001 0.058009859,
0.34121665 0.45649999 0.058009859,
0.34121665 0.47349995 0.058009859,
0.34121665 0.48850006 0.058009859,
0.34121665 0.50550002 0.058009859,
0.34121665 0.5205 0.058009859,
0.34121665 0.53749996 0.058009859,
0.34121665 0.55250007 0.058009859,
0.34121665 0.56950003 0.058009859,
0.34121665 0.58450001 0.058009859,
0.34121665 0.60149997 0.058009859,
0.34121665 0.61649996 0.058009859,
0.34121665 0.63350004 0.058009859,
0.34121665 0.64850003 0.058009859,
0.34121665 0.66549999 0.058009859,
0.34121665 0.68049997 0.058009859,
0.34121665 0.69750005 0.058009859,
0.34121665 -0.69550002 0.056009863,
0.34121665 -0.6785 0.056009863,
0.34121665 -0.66350001 0.056009863,
0.34121665 -0.64649999 0.056009863,
0.34121665 -0.63150001 0.056009863,
0.34121665 -0.61449999 0.056009863,
0.34121665 -0.5995 0.056009863,
0.34121665 -0.58249998 0.056009863,
0.34121665 -0.5675 0.056009863,
0.34121665 -0.55049998 0.056009863,
0.34121665 -0.53549999 0.056009863,
0.34121665 -0.51849997 0.056009863,
0.34121665 -0.50349998 0.056009863,
0.34121665 -0.48649999 0.056009863,
0.34121665 -0.47149998 0.056009863,
0.34121665 -0.45449999 0.056009863,
0.34121665 -0.43949997 0.056009863,
0.34121665 -0.42249998 0.056009863,
0.34121665 -0.4075 0.056009863,
0.34121665 -0.39049998 0.056009863,
0.34121665 -0.37549999 0.056009863,
0.34121665 -0.35849997 0.056009863,
0.34121665 -0.34349999 0.056009863,
0.34121665 -0.3265 0.056009863,
0.34121665 -0.31149998 0.056009863,
0.34121665 -0.29449999 0.056009863,
0.34121665 -0.27949998 0.056009863,
0.34121665 -0.26249999 0.056009863,
0.34121665 -0.2475 0.056009863,
0.34121665 -0.23049998 0.056009863,
0.34121665 -0.2155 0.056009863,
0.34121665 -0.19849998 0.056009863,
0.34121665 -0.18349999 0.056009863,
0.34121665 -0.16649997 0.056009863,
0.34121665 -0.15149999 0.056009863,
0.34121665 -0.13449997 0.056009863,
0.34121665 -0.11949998 0.056009863,
0.34121665 -0.10249996 0.056009863,
0.34121665 -0.087499976 0.056009863,
0.34121665 -0.070500016 0.056009863,
0.34121665 -0.055499971 0.056009863,
0.34121665 -0.038500011 0.056009863,
0.34121665 -0.023499966 0.056009863,
0.34121665 -0.0065000057 0.056009863,
0.34121665 0.0085000396 0.056009863,
0.34121665 0.0255 0.056009863,
0.34121665 0.040499985 0.056009863,
0.34121665 0.057500005 0.056009863,
0.34121665 0.07249999 0.056009863,
0.34121665 0.08950001 0.056009863,
0.34121665 0.1045 0.056009863,
0.34121665 0.12150002 0.056009863,
0.34121665 0.1365 0.056009863,
0.34121665 0.15350002 0.056009863,
0.34121665 0.16850001 0.056009863,
0.34121665 0.18550003 0.056009863,
0.34121665 0.20050001 0.056009863,
0.34121665 0.21750003 0.056009863,
0.34121665 0.23250002 0.056009863,
0.34121665 0.24950004 0.056009863,
0.34121665 0.26450002 0.056009863,
0.34121665 0.28150004 0.056009863,
0.34121665 0.29650003 0.056009863,
0.34121665 0.31349999 0.056009863,
0.34121665 0.32849997 0.056009863,
0.34121665 0.34550005 0.056009863,
0.34121665 0.36050004 0.056009863,
0.34121665 0.3775 0.056009863,
0.34121665 0.39249998 0.056009863,
0.34121665 0.40950006 0.056009863,
0.34121665 0.42450005 0.056009863,
0.34121665 0.44150001 0.056009863,
0.34121665 0.45649999 0.056009863,
0.34121665 0.47349995 0.056009863,
0.34121665 0.48850006 0.056009863,
0.34121665 0.50550002 0.056009863,
0.34121665 0.5205 0.056009863,
0.34121665 0.53749996 0.056009863,
0.34121665 0.55250007 0.056009863,
0.34121665 0.56950003 0.056009863,
0.34121665 0.58450001 0.056009863,
0.34121665 0.60149997 0.056009863,
0.34121665 0.61649996 0.056009863,
0.34121665 0.63350004 0.056009863,
0.34121665 0.64850003 0.056009863,
0.34121665 0.66549999 0.056009863,
0.34121665 0.68049997 0.056009863,
0.34121665 0.69750005 0.056009863,
0.34571666 -0.69999999 0.058009859,
0.34571666 -0.69849998 0.058009859,
0.34571666 -0.671 0.058009859,
0.34571666 -0.639 0.058009859,
0.34571666 -0.60699999 0.058009859,
0.34571666 -0.54299998 0.058009859,
0.34571666 -0.51099998 0.058009859,
0.34571666 -0.47899997 0.058009859,
0.34571666 -0.447 0.058009859,
0.34571666 -0.41499999 0.058009859,
0.34571666 -0.35099998 0.058009859,
0.34571666 -0.31899998 0.058009859,
0.34571666 -0.287 0.058009859,
0.34571666 -0.255 0.058009859,
0.34571666 -0.19099998 0.058009859,
0.34571666 -0.15899998 0.058009859,
0.34571666 -0.12699997 0.058009859,
0.34571666 -0.094999969 0.058009859,
0.34571666 0.00099998713 0.058009859,
0.34571666 0.032999992 0.058009859,
0.34571666 0.064999998 0.058009859,
0.34571666 0.097000003 0.058009859,
0.34571666 0.16100001 0.058009859,
0.34571666 0.19300002 0.058009859,
0.34571666 0.22500002 0.058009859,
0.34571666 0.25700003 0.058009859,
0.34571666 0.28900003 0.058009859,
0.34571666 0.35299999 0.058009859,
0.34571666 0.38500005 0.058009859,
0.34571666 0.417 0.058009859,
0.34571666 0.44900006 0.058009859,
0.34571666 0.51300007 0.058009859,
0.34571666 0.54500002 0.058009859,
0.34571666 0.57699996 0.058009859,
0.34571666 0.60900003 0.058009859,
0.34571666 0.64099997 0.058009859,
0.34571666 0.69999999 0.058009859,
0.34571666 -0.69999999 0.056009863,
0.34571666 -0.69849998 0.056009863,
0.34571666 -0.671 0.056009863,
0.34571666 -0.639 0.056009863,
0.34571666 -0.60699999 0.056009863,
0.34571666 -0.54299998 0.056009863,
0.34571666 -0.51099998 0.056009863,
0.34571666 -0.47899997 0.056009863,
0.34571666 -0.447 0.056009863,
0.34571666 -0.41499999 0.056009863,
0.34571666 -0.35099998 0.056009863,
0.34571666 -0.31899998 0.056009863,
0.34571666 -0.287 0.056009863,
0.34571666 -0.255 0.056009863,
0.34571666 -0.19099998 0.056009863,
0.34571666 -0.15899998 0.056009863,
0.34571666 -0.12699997 0.056009863,
0.34571666 -0.094999969 0.056009863,
0.34571666 0.00099998713 0.056009863,
0.34571666 0.032999992 0.056009863,
0.34571666 0.064999998 0.056009863,
0.34571666 0.097000003 0.056009863,
0.34571666 0.16100001 0.056009863,
0.34571666 0.19300002 0.056009863,
0.34571666 0.22500002 0.056009863,
0.34571666 0.25700003 0.056009863,
0.34571666 0.28900003 0.056009863,
0.34571666 0.35299999 0.056009863,
0.34571666 0.38500005 0.056009863,
0.34571666 0.417 0.056009863,
0.34571666 0.44900006 0.056009863,
0.34571666 0.51300007 0.056009863,
0.34571666 0.54500002 0.056009863,
0.34571666 0.57699996 0.056009863,
0.34571666 0.60900003 0.056009863,
0.34571666 0.64099997 0.056009863,
0.34571666 0.69999999 0.056009863,
0.35021666 -0.69550002 0.058009859,
0.35021666 -0.6785 0.058009859,
0.35021666 -0.66350001 0.058009859,
0.35021666 -0.64649999 0.058009859,
0.35021666 -0.63150001 0.058009859,
0.35021666 -0.61449999 0.058009859,
0.35021666 -0.5995 0.058009859,
0.35021666 -0.58249998 0.058009859,
0.35021666 -0.5675 0.058009859,
0.35021666 -0.55049998 0.058009859,
0.35021666 -0.53549999 0.058009859,
0.35021666 -0.51849997 0.058009859,
0.35021666 -0.50349998 0.058009859,
0.35021666 -0.48649999 0.058009859,
0.35021666 -0.47149998 0.058009859,
0.35021666 -0.45449999 0.058009859,
0.35021666 -0.43949997 0.058009859,
0.35021666 -0.42249998 0.058009859,
0.35021666 -0.4075 0.058009859,
0.35021666 -0.39049998 0.058009859,
0.35021666 -0.37549999 0.058009859,
0.35021666 -0.35849997 0.058009859,
0.35021666 -0.34349999 0.058009859,
0.35021666 -0.3265 0.058009859,
0.35021666 -0.31149998 0.058009859,
0.35021666 -0.29449999 0.058009859,
0.35021666 -0.27949998 0.058009859,
0.35021666 -0.26249999 0.058009859,
0.35021666 -0.2475 0.058009859,
0.35021666 -0.23049998 0.058009859,
0.35021666 -0.2155 0.058009859,
0.35021666 -0.19849998 0.058009859,
0.35021666 -0.18349999 0.058009859,
0.35021666 -0.16649997 0.058009859,
0.35021666 -0.15149999 0.058009859,
0.35021666 -0.13449997 0.058009859,
0.35021666 -0.11949998 0.058009859,
0.35021666 -0.10249996 0.058009859,
0.35021666 -0.087499976 0.058009859,
0.35021666 -0.070500016 0.058009859,
0.35021666 -0.055499971 0.058009859,
0.35021666 -0.038500011 0.058009859,
0.35021666 -0.023499966 0.058009859,
0.35021666 -0.0065000057 0.058009859,
0.35021666 0.0085000396 0.058009859,
0.35021666 0.0255 0.058009859,
0.35021666 0.040499985 0.058009859,
0.35021666 0.057500005 0.058009859,
0.35021666 0.07249999 0.058009859,
0.35021666 0.08950001 0.058009859,
0.35021666 0.1045 0.058009859,
0.35021666 0.12150002 0.058009859,
0.35021666 0.1365 0.058009859,
0.35021666 0.15350002 0.058009859,
0.35021666 0.16850001 0.058009859,
0.35021666 0.18550003 0.058009859,
0.35021666 0.20050001 0.058009859,
0.35021666 0.21750003 0.058009859,
0.35021666 0.23250002 0.058009859,
0.35021666 0.24950004 0.058009859,
0.35021666 0.26450002 0.058009859,
0.35021666 0.28150004 0.058009859,
0.35021666 0.29650003 0.058009859,
0.35021666 0.31349999 0.058009859,
0.35021666 0.32849997 0.058009859,
0.35021666 0.34550005 0.058009859,
0.35021666 0.36050004 0.058009859,
0.35021666 0.3775 0.058009859,
0.35021666 0.39249998 0.058009859,
0.35021666 0.40950006 0.058009859,
0.35021666 0.42450005 0.058009859,
0.35021666 0.44150001 0.058009859,
0.35021666 0.45649999 0.058009859,
0.35021666 0.47349995 0.058009859,
0.35021666 0.48850006 0.058009859,
0.35021666 0.50550002 0.058009859,
0.35021666 0.5205 0.058009859,
0.35021666 0.53749996 0.058009859,
0.35021666 0.55250007 0.058009859,
0.35021666 0.56950003 0.058009859,
0.35021666 0.58450001 0.058009859,
0.35021666 0.60149997 0.058009859,
0.35021666 0.61649996 0.058009859,
0.35021666 0.63350004 0.058009859,
0.35021666 0.64850003 0.058009859,
0.35021666 0.66549999 0.058009859,
0.35021666 0.68049997 0.058009859,
0.35021666 0.69750005 0.058009859,
0.35021666 -0.69550002 0.056009863,
0.35021666 -0.6785 0.056009863,
0.35021666 -0.66350001 0.056009863,
0.35021666 -0.64649999 0.056009863,
0.35021666 -0.63150001 0.056009863,
0.35021666 -0.61449999 0.056009863,
0.35021666 -0.5995 0.056009863,
0.35021666 -0.58249998 0.056009863,
0.35021666 -0.5675 0.056009863,
0.35021666 -0.55049998 0.056009863,
0.35021666 -0.53549999 0.056009863,
0.35021666 -0.51849997 0.056009863,
0.35021666 -0.50349998 0.056009863,
0.35021666 -0.48649999 0.056009863,
0.35021666 -0.47149998 0.056009863,
0.35021666 -0.45449999 0.056009863,
0.35021666 -0.43949997 0.056009863,
0.35021666 -0.42249998 0.056009863,
0.35021666 -0.4075 0.056009863,
0.35021666 -0.39049998 0.056009863,
0.35021666 -0.37549999 0.056009863,
0.35021666 -0.35849997 0.056009863,
0.35021666 -0.34349999 0.056009863,
0.35021666 -0.3265 0.056009863,
0.35021666 -0.31149998 0.056009863,
0.35021666 -0.29449999 0.056009863,
0.35021666 -0.27949998 0.056009863,
0.35021666 -0.26249999 0.056009863,
0.35021666 -0.2475 0.056009863,
0.35021666 -0.23049998 0.056009863,
0.35021666 -0.2155 0.056009863,
0.35021666 -0.19849998 0.056009863,
0.35021666 -0.18349999 0.056009863,
0.35021666 -0.16649997 0.056009863,
0.35021666 -0.15149999 0.056009863,
0.35021666 -0.13449997 0.056009863,
0.35021666 -0.11949998 0.056009863,
0.35021666 -0.10249996 0.056009863,
0.35021666 -0.087499976 0.056009863,
0.35021666 -0.070500016 0.056009863,
0.35021666 -0.055499971 0.056009863,
0.35021666 -0.038500011 0.056009863,
0.35021666 -0.023499966 0.056009863,
0.35021666 -0.0065000057 0.056009863,
0.35021666 0.0085000396 0.056009863,
0.35021666 0.0255 0.056009863,
0.35021666 0.040499985 0.056009863,
0.35021666 0.057500005 0.056009863,
0.35021666 0.07249999 0.056009863,
0.35021666 0.08950001 0.056009863,
0.35021666 0.1045 0.056009863,
0.35021666 0.12150002 0.056009863,
0.35021666 0.1365 0.056009863,
0.35021666 0.15350002 0.056009863,
0.35021666 0.16850001 0.056009863,
0.35021666 0.18550003 0.056009863,
0.35021666 0.20050001 0.056009863,
0.35021666 0.21750003 0.056009863,
0.35021666 0.23250002 0.056009863,
0.35021666 0.24950004 0.056009863,
0.35021666 0.26450002 0.056009863,
0.35021666 0.28150004 0.056009863,
0.35021666 0.29650003 0.056009863,
0.35021666 0.31349999 0.056009863,
0.35021666 0.32849997 0.056009863,
0.35021666 0.34550005 0.056009863,
0.35021666 0.36050004 0.056009863,
0.35021666 0.3775 0.056009863,
0.35021666 0.39249998 0.056009863,
0.35021666 0.40950006 0.056009863,
0.35021666 0.42450005 0.056009863,
0.35021666 0.44150001 0.056009863,
0.35021666 0.45649999 0.056009863,
0.35021666 0.47349995 0.056009863,
0.35021666 0.48850006 0.056009863,
0.35021666 0.50550002 0.056009863,
0.35021666 0.5205 0.056009863,
0.35021666 0.53749996 0.056009863,
0.35021666 0.55250007 0.056009863,
0.35021666 0.56950003 0.056009863,
0.35021666 0.58450001 0.056009863,
0.35021666 0.60149997 0.056009863,
0.35021666 0.61649996 0.056009863,
0.35021666 0.63350004 0.056009863,
0.35021666 0.64850003 0.056009863,
0.35021666 0.66549999 0.056009863,
0.35021666 0.68049997 0.056009863,
0.35021666 0.69750005 0.056009863,
0.35171664 -0.69699997 0.058009859,
0.35171664 -0.67699999 0.058009859,
0.35171664 -0.66499996 0.058009859,
0.35171664 -0.64499998 0.058009859,
0.35171664 -0.63300002 0.058009859,
0.35171664 -0.61299998 0.058009859,
0.35171664 -0.60100001 0.058009859,
0.35171664 -0.58099997 0.058009859,
0.35171664 -0.56900001 0.058009859,
0.35171664 -0.54900002 0.058009859,
0.35171664 -0.537 0.058009859,
0.35171664 -0.51699996 0.058009859,
0.35171664 -0.505 0.058009859,
0.35171664 -0.48499998 0.058009859,
0.35171664 -0.47299999 0.058009859,
0.35171664 -0.45300001 0.058009859,
0.35171664 -0.44099998 0.058009859,
0.35171664 -0.42099997 0.058009859,
0.35171664 -0.40899998 0.058009859,
0.35171664 -0.389 0.058009859,
0.35171664 -0.37699997 0.058009859,
0.35171664 -0.35699999 0.058009859,
0.35171664 -0.345 0.058009859,
0.35171664 -0.32499999 0.058009859,
0.35171664 -0.31299999 0.058009859,
0.35171664 -0.29299998 0.058009859,
0.35171664 -0.28099999 0.058009859,
0.35171664 -0.26099998 0.058009859,
0.35171664 -0.24899998 0.058009859,
0.35171664 -0.229 0.058009859,
0.35171664 -0.21699998 0.058009859,
0.35171664 -0.19699997 0.058009859,
0.35171664 -0.185 0.058009859,
0.35171664 -0.16499996 0.058009859,
0.35171664 -0.153 0.058009859,
0.35171664 -0.13300002 0.058009859,
0.35171664 -0.12099999 0.058009859,
0.35171664 -0.10100001 0.058009859,
0.35171664 -0.088999987 0.058009859,
0.35171664 -0.069000006 0.058009859,
0.35171664 -0.056999981 0.058009859,
0.35171664 -0.037 0.058009859,
0.35171664 -0.024999976 0.058009859,
0.35171664 -0.0049999952 0.058009859,
0.35171664 0.0070000291 0.058009859,
0.35171664 0.02700001 0.058009859,
0.35171664 0.039000034 0.058009859,
0.35171664 0.059000015 0.058009859,
0.35171664 0.07100004 0.058009859,
0.35171664 0.091000021 0.058009859,
0.35171664 0.10299999 0.058009859,
0.35171664 0.12300003 0.058009859,
0.35171664 0.13499999 0.058009859,
0.35171664 0.15500003 0.058009859,
0.35171664 0.167 0.058009859,
0.35171664 0.18700004 0.058009859,
0.35171664 0.199 0.058009859,
0.35171664 0.21900004 0.058009859,
0.35171664 0.23100001 0.058009859,
0.35171664 0.25099999 0.058009859,
0.35171664 0.26300001 0.058009859,
0.35171664 0.28299999 0.058009859,
0.35171664 0.29500002 0.058009859,
0.35171664 0.315 0.058009859,
0.35171664 0.32699996 0.058009859,
0.35171664 0.34700006 0.058009859,
0.35171664 0.35900003 0.058009859,
0.35171664 0.37900001 0.058009859,
0.35171664 0.39099997 0.058009859,
0.35171664 0.41099995 0.058009859,
0.35171664 0.42300004 0.058009859,
0.35171664 0.44300002 0.058009859,
0.35171664 0.45499998 0.058009859,
0.35171664 0.47499996 0.058009859,
0.35171664 0.48700005 0.058009859,
0.35171664 0.50700003 0.058009859,
0.35171664 0.51899999 0.058009859,
0.35171664 0.53899997 0.058009859,
0.35171664 0.55100006 0.058009859,
0.35171664 0.57100004 0.058009859,
0.35171664 0.583 0.058009859,
0.35171664 0.60299999 0.058009859,
0.35171664 0.61500007 0.058009859,
0.35171664 0.63500005 0.058009859,
0.35171664 0.64700001 0.058009859,
0.35171664 0.667 0.058009859,
0.35171664 0.67899996 0.058009859,
0.35171664 0.69900006 0.058009859,
0.35171664 -0.69699997 0.056009863,
0.35171664 -0.67699999 0.056009863,
0.35171664 -0.66499996 0.056009863,
0.35171664 -0.64499998 0.056009863,
0.35171664 -0.63300002 0.056009863,
0.35171664 -0.61299998 0.056009863,
0.35171664 -0.60100001 0.056009863,
0.35171664 -0.58099997 0.056009863,
0.35171664 -0.56900001 0.056009863,
0.35171664 -0.54900002 0.056009863,
0.35171664 -0.537 0.056009863,
0.35171664 -0.51699996 0.056009863,
0.35171664 -0.505 0.056009863,
0.35171664 -0.48499998 0.056009863,
0.35171664 -0.47299999 0.056009863,
0.35171664 -0.45300001 0.056009863,
0.35171664 -0.44099998 0.056009863,
0.35171664 -0.42099997 0.056009863,
0.35171664 -0.40899998 0.056009863,
0.35171664 -0.389 0.056009863,
0.35171664 -0.37699997 0.056009863,
0.35171664 -0.35699999 0.056009863,
0.35171664 -0.345 0.056009863,
0.35171664 -0.32499999 0.056009863,
0.35171664 -0.31299999 0.056009863,
0.35171664 -0.29299998 0.056009863,
0.35171664 -0.28099999 0.056009863,
0.35171664 -0.26099998 0.056009863,
0.35171664 -0.24899998 0.056009863,
0.35171664 -0.229 0.056009863,
0.35171664 -0.21699998 0.056009863,
0.35171664 -0.19699997 0.056009863,
0.35171664 -0.185 0.056009863,
0.35171664 -0.16499996 0.056009863,
0.35171664 -0.153 0.056009863,
0.35171664 -0.13300002 0.056009863,
0.35171664 -0.12099999 0.056009863,
0.35171664 -0.10100001 0.056009863,
0.35171664 -0.088999987 0.056009863,
0.35171664 -0.069000006 0.056009863,
0.35171664 -0.056999981 0.056009863,
0.35171664 -0.037 0.056009863,
0.35171664 -0.024999976 0.056009863,
0.35171664 -0.0049999952 0.056009863,
0.35171664 0.0070000291 0.056009863,
0.35171664 0.02700001 0.056009863,
0.35171664 0.039000034 0.056009863,
0.35171664 0.059000015 0.056009863,
0.35171664 0.07100004 0.056009863,
0.35171664 0.091000021 0.056009863,
0.35171664 0.10299999 0.056009863,
0.35171664 0.12300003 0.056009863,
0.35171664 0.13499999 0.056009863,
0.35171664 0.15500003 0.056009863,
0.35171664 0.167 0.056009863,
0.35171664 0.18700004 0.056009863,
0.35171664 0.199 0.056009863,
0.35171664 0.21900004 0.056009863,
0.35171664 0.23100001 0.056009863,
0.35171664 0.25099999 0.056009863,
0.35171664 0.26300001 0.056009863,
0.35171664 0.28299999 0.056009863,
0.35171664 0.29500002 0.056009863,
0.35171664 0.315 0.056009863,
0.35171664 0.32699996 0.056009863,
0.35171664 0.34700006 0.056009863,
0.35171664 0.35900003 0.056009863,
0.35171664 0.37900001 0.056009863,
0.35171664 0.39099997 0.056009863,
0.35171664 0.41099995 0.056009863,
0.35171664 0.42300004 0.056009863,
0.35171664 0.44300002 0.056009863,
0.35171664 0.45499998 0.056009863,
0.35171664 0.47499996 0.056009863,
0.35171664 0.48700005 0.056009863,
0.35171664 0.50700003 0.056009863,
0.35171664 0.51899999 0.056009863,
0.35171664 0.53899997 0.056009863,
0.35171664 0.55100006 0.056009863,
0.35171664 0.57100004 0.056009863,
0.35171664 0.583 0.056009863,
0.35171664 0.60299999 0.056009863,
0.35171664 0.61500007 0.056009863,
0.35171664 0.63500005 0.056009863,
0.35171664 0.64700001 0.056009863,
0.35171664 0.667 0.056009863,
0.35171664 0.67899996 0.056009863,
0.35171664 0.69900006 0.056009863,
0.35321665 -0.69550002 0.058009859,
0.35321665 -0.6785 0.058009859,
0.35321665 -0.66350001 0.058009859,
0.35321665 -0.64649999 0.058009859,
0.35321665 -0.63150001 0.058009859,
0.35321665 -0.61449999 0.058009859,
0.35321665 -0.5995 0.058009859,
0.35321665 -0.58249998 0.058009859,
0.35321665 -0.5675 0.058009859,
0.35321665 -0.55049998 0.058009859,
0.35321665 -0.53549999 0.058009859,
0.35321665 -0.51849997 0.058009859,
0.35321665 -0.50349998 0.058009859,
0.35321665 -0.48649999 0.058009859,
0.35321665 -0.47149998 0.058009859,
0.35321665 -0.45449999 0.058009859,
0.35321665 -0.43949997 0.058009859,
0.35321665 -0.42249998 0.058009859,
0.35321665 -0.4075 0.058009859,
0.35321665 -0.39049998 0.058009859,
0.35321665 -0.37549999 0.058009859,
0.35321665 -0.35849997 0.058009859,
0.35321665 -0.34349999 0.058009859,
0.35321665 -0.3265 0.058009859,
0.35321665 -0.31149998 0.058009859,
0.35321665 -0.29449999 0.058009859,
0.35321665 -0.27949998 0.058009859,
0.35321665 -0.26249999 0.058009859,
0.35321665 -0.2475 0.058009859,
0.35321665 -0.23049998 0.058009859,
0.35321665 -0.2155 0.058009859,
0.35321665 -0.19849998 0.058009859,
0.35321665 -0.18349999 0.058009859,
0.35321665 -0.16649997 0.058009859,
0.35321665 -0.15149999 0.058009859,
0.35321665 -0.13449997 0.058009859,
0.35321665 -0.11949998 0.058009859,
0.35321665 -0.10249996 0.058009859,
0.35321665 -0.087499976 0.058009859,
0.35321665 -0.070500016 0.058009859,
0.35321665 -0.055499971 0.058009859,
0.35321665 -0.038500011 0.058009859,
0.35321665 -0.023499966 0.058009859,
0.35321665 -0.0065000057 0.058009859,
0.35321665 0.0085000396 0.058009859,
0.35321665 0.0255 0.058009859,
0.35321665 0.040499985 0.058009859,
0.35321665 0.057500005 0.058009859,
0.35321665 0.07249999 0.058009859,
0.35321665 0.08950001 0.058009859,
0.35321665 0.1045 0.058009859,
0.35321665 0.12150002 0.058009859,
0.35321665 0.1365 0.058009859,
0.35321665 0.15350002 0.058009859,
0.35321665 0.16850001 0.058009859,
0.35321665 0.18550003 0.058009859,
0.35321665 0.20050001 0.058009859,
0.35321665 0.21750003 0.058009859,
0.35321665 0.23250002 0.058009859,
0.35321665 0.24950004 0.058009859,
0.35321665 0.26450002 0.058009859,
0.35321665 0.28150004 0.058009859,
0.35321665 0.29650003 0.058009859,
0.35321665 0.31349999 0.058009859,
0.35321665 0.32849997 0.058009859,
0.35321665 0.34550005 0.058009859,
0.35321665 0.36050004 0.058009859,
0.35321665 0.3775 0.058009859,
0.35321665 0.39249998 0.058009859,
0.35321665 0.40950006 0.058009859,
0.35321665 0.42450005 0.058009859,
0.35321665 0.44150001 0.058009859,
0.35321665 0.45649999 0.058009859,
0.35321665 0.47349995 0.058009859,
0.35321665 0.48850006 0.058009859,
0.35321665 0.50550002 0.058009859,
0.35321665 0.5205 0.058009859,
0.35321665 0.53749996 0.058009859,
0.35321665 0.55250007 0.058009859,
0.35321665 0.56950003 0.058009859,
0.35321665 0.58450001 0.058009859,
0.35321665 0.60149997 0.058009859,
0.35321665 0.61649996 0.058009859,
0.35321665 0.63350004 0.058009859,
0.35321665 0.64850003 0.058009859,
0.35321665 0.66549999 0.058009859,
0.35321665 0.68049997 0.058009859,
0.35321665 0.69750005 0.058009859,
0.35321665 -0.69550002 0.056009863,
0.35321665 -0.6785 0.056009863,
0.35321665 -0.66350001 0.056009863,
0.35321665 -0.64649999 0.056009863,
0.35321665 -0.63150001 0.056009863,
0.35321665 -0.61449999 0.056009863,
0.35321665 -0.5995 0.056009863,
0.35321665 -0.58249998 0.056009863,
0.35321665 -0.5675 0.056009863,
0.35321665 -0.55049998 0.056009863,
0.35321665 -0.53549999 0.056009863,
0.35321665 -0.51849997 0.056009863,
0.35321665 -0.50349998 0.056009863,
0.35321665 -0.48649999 0.056009863,
0.35321665 -0.47149998 0.056009863,
0.35321665 -0.45449999 0.056009863,
0.35321665 -0.43949997 0.056009863,
0.35321665 -0.42249998 0.056009863,
0.35321665 -0.4075 0.056009863,
0.35321665 -0.39049998 0.056009863,
0.35321665 -0.37549999 0.056009863,
0.35321665 -0.35849997 0.056009863,
0.35321665 -0.34349999 0.056009863,
0.35321665 -0.3265 0.056009863,
0.35321665 -0.31149998 0.056009863,
0.35321665 -0.29449999 0.056009863,
0.35321665 -0.27949998 0.056009863,
0.35321665 -0.26249999 0.056009863,
0.35321665 -0.2475 0.056009863,
0.35321665 -0.23049998 0.056009863,
0.35321665 -0.2155 0.056009863,
0.35321665 -0.19849998 0.056009863,
0.35321665 -0.18349999 0.056009863,
0.35321665 -0.16649997 0.056009863,
0.35321665 -0.15149999 0.056009863,
0.35321665 -0.13449997 0.056009863,
0.35321665 -0.11949998 0.056009863,
0.35321665 -0.10249996 0.056009863,
0.35321665 -0.087499976 0.056009863,
0.35321665 -0.070500016 0.056009863,
0.35321665 -0.055499971 0.056009863,
0.35321665 -0.038500011 0.056009863,
0.35321665 -0.023499966 0.056009863,
0.35321665 -0.0065000057 0.056009863,
0.35321665 0.0085000396 0.056009863,
0.35321665 0.0255 0.056009863,
0.35321665 0.040499985 0.056009863,
0.35321665 0.057500005 0.056009863,
0.35321665 0.07249999 0.056009863,
0.35321665 0.08950001 0.056009863,
0.35321665 0.1045 0.056009863,
0.35321665 0.12150002 0.056009863,
0.35321665 0.1365 0.056009863,
0.35321665 0.15350002 0.056009863,
0.35321665 0.16850001 0.056009863,
0.35321665 0.18550003 0.056009863,
0.35321665 0.20050001 0.056009863,
0.35321665 0.21750003 0.056009863,
0.35321665 0.23250002 0.056009863,
0.35321665 0.24950004 0.056009863,
0.35321665 0.26450002 0.056009863,
0.35321665 0.28150004 0.056009863,
0.35321665 0.29650003 0.056009863,
0.35321665 0.31349999 0.056009863,
0.35321665 0.32849997 0.056009863,
0.35321665 0.34550005 0.056009863,
0.35321665 0.36050004 0.056009863,
0.35321665 0.3775 0.056009863,
0.35321665 0.39249998 0.056009863,
0.35321665 0.40950006 0.056009863,
0.35321665 0.42450005 0.056009863,
0.35321665 0.44150001 0.056009863,
0.35321665 0.45649999 0.056009863,
0.35321665 0.47349995 0.056009863,
0.35321665 0.48850006 0.056009863,
0.35321665 0.50550002 0.056009863,
0.35321665 0.5205 0.056009863,
0.35321665 0.53749996 0.056009863,
0.35321665 0.55250007 0.056009863,
0.35321665 0.56950003 0.056009863,
0.35321665 0.58450001 0.056009863,
0.35321665 0.60149997 0.056009863,
0.35321665 0.61649996 0.056009863,
0.35321665 0.63350004 0.056009863,
0.35321665 0.64850003 0.056009863,
0.35321665 0.66549999 0.056009863,
0.35321665 0.68049997 0.056009863,
0.35321665 0.69750005 0.056009863,
0.35471666 -0.69999999 0.056009863,
0.35471666 -0.69849998 0.056009863,
0.35471666 -0.671 0.056009863,
0.35471666 -0.639 0.056009863,
0.35471666 -0.60699999 0.056009863,
0.35471666 -0.54299998 0.056009863,
0.35471666 -0.51099998 0.056009863,
0.35471666 -0.47899997 0.056009863,
0.35471666 -0.447 0.056009863,
0.35471666 -0.41499999 0.056009863,
0.35471666 -0.35099998 0.056009863,
0.35471666 -0.31899998 0.056009863,
0.35471666 -0.287 0.056009863,
0.35471666 -0.255 0.056009863,
0.35471666 -0.19099998 0.056009863,
0.35471666 -0.15899998 0.056009863,
0.35471666 -0.12699997 0.056009863,
0.35471666 -0.094999969 0.056009863,
0.35471666 0.00099998713 0.056009863,
0.35471666 0.032999992 0.056009863,
0.35471666 0.064999998 0.056009863,
0.35471666 0.097000003 0.056009863,
0.35471666 0.16100001 0.056009863,
0.35471666 0.19300002 0.056009863,
0.35471666 0.22500002 0.056009863,
0.35471666 0.25700003 0.056009863,
0.35471666 0.28900003 0.056009863,
0.35471666 0.35299999 0.056009863,
0.35471666 0.38500005 0.056009863,
0.35471666 0.417 0.056009863,
0.35471666 0.44900006 0.056009863,
0.35471666 0.51300007 0.056009863,
0.35471666 0.54500002 0.056009863,
0.35471666 0.57699996 0.056009863,
0.35471666 0.60900003 0.056009863,
0.35471666 0.64099997 0.056009863,
0.35471666 0.69999999 0.056009863,
0.35621664 -0.69999999 0.058009859,
0.35621664 -0.69849998 0.058009859,
0.35621664 -0.671 0.058009859,
0.35621664 -0.639 0.058009859,
0.35621664 -0.60699999 0.058009859,
0.35621664 -0.54299998 0.058009859,
0.35621664 -0.51099998 0.058009859,
0.35621664 -0.47899997 0.058009859,
0.35621664 -0.447 0.058009859,
0.35621664 -0.41499999 0.058009859,
0.35621664 -0.35099998 0.058009859,
0.35621664 -0.31899998 0.058009859,
0.35621664 -0.287 0.058009859,
0.35621664 -0.255 0.058009859,
0.35621664 -0.19099998 0.058009859,
0.35621664 -0.15899998 0.058009859,
0.35621664 -0.12699997 0.058009859,
0.35621664 -0.094999969 0.058009859,
0.35621664 0.00099998713 0.058009859,
0.35621664 0.032999992 0.058009859,
0.35621664 0.064999998 0.058009859,
0.35621664 0.097000003 0.058009859,
0.35621664 0.16100001 0.058009859,
0.35621664 0.19300002 0.058009859,
0.35621664 0.22500002 0.058009859,
0.35621664 0.25700003 0.058009859,
0.35621664 0.28900003 0.058009859,
0.35621664 0.35299999 0.058009859,
0.35621664 0.38500005 0.058009859,
0.35621664 0.417 0.058009859,
0.35621664 0.44900006 0.058009859,
0.35621664 0.51300007 0.058009859,
0.35621664 0.54500002 0.058009859,
0.35621664 0.57699996 0.058009859,
0.35621664 0.60900003 0.058009859,
0.35621664 0.64099997 0.058009859,
0.35621664 0.69999999 0.058009859,
0.35621664 -0.69999999 0.056009863,
0.35621664 -0.69849998 0.056009863,
0.35621664 -0.671 0.056009863,
0.35621664 -0.639 0.056009863,
0.35621664 -0.60699999 0.056009863,
0.35621664 -0.54299998 0.056009863,
0.35621664 -0.51099998 0.056009863,
0.35621664 -0.47899997 0.056009863,
0.35621664 -0.447 0.056009863,
0.35621664 -0.41499999 0.056009863,
0.35621664 -0.35099998 0.056009863,
0.35621664 -0.31899998 0.056009863,
0.35621664 -0.287 0.056009863,
0.35621664 -0.255 0.056009863,
0.35621664 -0.19099998 0.056009863,
0.35621664 -0.15899998 0.056009863,
0.35621664 -0.12699997 0.056009863,
0.35621664 -0.094999969 0.056009863,
0.35621664 0.00099998713 0.056009863,
0.35621664 0.032999992 0.056009863,
0.35621664 0.064999998 0.056009863,
0.35621664 0.097000003 0.056009863,
0.35621664 0.16100001 0.056009863,
0.35621664 0.19300002 0.056009863,
0.35621664 0.22500002 0.056009863,
0.35621664 0.25700003 0.056009863,
0.35621664 0.28900003 0.056009863,
0.35621664 0.35299999 0.056009863,
0.35621664 0.38500005 0.056009863,
0.35621664 0.417 0.056009863,
0.35621664 0.44900006 0.056009863,
0.35621664 0.51300007 0.056009863,
0.35621664 0.54500002 0.056009863,
0.35621664 0.57699996 0.056009863,
0.35621664 0.60900003 0.056009863,
0.35621664 0.64099997 0.056009863,
0.35621664 0.69999999 0.056009863,
0.35621664 -0.69999999 0.04000986,
0.35621664 0.69999999 0.04000986,
0.35821664 -0.69999999 0.056009863,
0.35821664 0.69999999 0.056009863,
0.35821664 -0.69999999 0.04000986,
0.35821664 0.69999999 0.04000986
] }
normal Normal { vector [
-1 0 0,
0 0 -1,
0 -1 0,
0 1 0,
0 0 1,
0 -1 0,
0 1 0,
0 0 -1,
0 1 0,
0 0 1,
0 -1 0,
1 0 0
] }
coordIndex [
1363,1359,1357,-1,
79,3,77,-1,
77,3,1,-1,
1,40,77,-1,
77,40,116,-1,
77,116,718,-1,
718,116,681,-1,
718,681,1283,-1,
1283,681,1320,-1,
1283,1320,1357,-1,
1357,1320,1361,-1,
1357,1361,1363,-1,
79,78,3,-1,
3,78,2,-1,
79,77,76,-1,
76,75,79,-1,
79,75,74,-1,
79,74,73,-1,
73,72,79,-1,
79,72,71,-1,
79,71,70,-1,
70,69,79,-1,
79,69,68,-1,
79,68,78,-1,
78,68,67,-1,
78,67,66,-1,
78,60,59,-1,
59,58,78,-1,
78,58,57,-1,
78,57,56,-1,
66,65,78,-1,
78,65,64,-1,
78,64,63,-1,
56,55,78,-1,
78,55,54,-1,
78,54,53,-1,
53,52,78,-1,
78,52,51,-1,
78,51,50,-1,
63,62,78,-1,
78,62,61,-1,
78,61,60,-1,
50,49,78,-1,
78,49,48,-1,
78,48,47,-1,
47,46,78,-1,
78,46,45,-1,
78,45,44,-1,
44,43,78,-1,
78,43,42,-1,
78,42,41,-1,
289,465,76,-1,
642,466,291,-1,
291,466,290,-1,
76,465,717,-1,
717,465,641,-1,
717,641,642,-1,
289,76,290,-1,
290,76,77,-1,
290,77,291,-1,
291,467,642,-1,
642,467,643,-1,
642,643,717,-1,
717,643,718,-1,
643,644,718,-1,
718,644,468,-1,
718,468,77,-1,
77,468,292,-1,
77,292,291,-1,
894,718,1070,-1,
1070,718,1283,-1,
893,1068,892,-1,
1068,893,1244,-1,
1244,893,1069,-1,
1244,1069,1245,-1,
894,893,718,-1,
718,893,892,-1,
718,892,717,-1,
717,892,891,-1,
717,891,1282,-1,
1282,891,1067,-1,
1282,1067,1243,-1,
1243,1244,1282,-1,
1282,1244,1245,-1,
1282,1245,1283,-1,
1283,1245,1246,-1,
1283,1246,1070,-1,
75,463,716,-1,
716,463,639,-1,
716,639,717,-1,
639,640,717,-1,
717,640,464,-1,
717,464,76,-1,
76,464,288,-1,
76,288,75,-1,
75,288,287,-1,
75,287,463,-1,
1065,1241,1281,-1,
1281,1241,1242,-1,
1281,1242,1282,-1,
1282,1242,1066,-1,
1282,1066,717,-1,
717,1066,890,-1,
717,890,716,-1,
716,890,889,-1,
716,889,1281,-1,
1281,889,1065,-1,
74,461,715,-1,
715,461,637,-1,
715,637,716,-1,
637,638,716,-1,
716,638,462,-1,
716,462,75,-1,
75,462,286,-1,
75,286,74,-1,
74,286,285,-1,
74,285,461,-1,
1063,1239,1280,-1,
1280,1239,1240,-1,
1280,1240,1281,-1,
1281,1240,1064,-1,
1281,1064,716,-1,
716,1064,888,-1,
716,888,715,-1,
715,888,887,-1,
715,887,1280,-1,
1280,887,1063,-1,
73,459,714,-1,
714,459,635,-1,
714,635,715,-1,
635,636,715,-1,
715,636,460,-1,
715,460,74,-1,
74,460,284,-1,
74,284,73,-1,
73,284,283,-1,
73,283,459,-1,
1061,1237,1279,-1,
1279,1237,1238,-1,
1279,1238,1280,-1,
1280,1238,1062,-1,
1280,1062,715,-1,
715,1062,886,-1,
715,886,714,-1,
714,886,885,-1,
714,885,1279,-1,
1279,885,1061,-1,
72,457,713,-1,
713,457,633,-1,
713,633,714,-1,
633,634,714,-1,
714,634,458,-1,
714,458,73,-1,
73,458,282,-1,
73,282,72,-1,
72,282,281,-1,
72,281,457,-1,
883,1059,1278,-1,
1059,1235,1278,-1,
1278,1235,1236,-1,
1278,1236,1279,-1,
1279,1236,1060,-1,
1279,1060,714,-1,
714,1060,884,-1,
714,884,713,-1,
713,884,883,-1,
277,453,71,-1,
630,454,279,-1,
279,454,278,-1,
71,453,712,-1,
712,453,629,-1,
712,629,630,-1,
277,71,278,-1,
278,71,72,-1,
278,72,279,-1,
279,455,630,-1,
630,455,631,-1,
630,631,712,-1,
712,631,713,-1,
631,632,713,-1,
713,632,456,-1,
713,456,72,-1,
72,456,280,-1,
72,280,279,-1,
883,1278,713,-1,
713,1278,1058,-1,
713,1058,882,-1,
881,1056,880,-1,
1056,881,1232,-1,
1232,881,1057,-1,
1232,1057,1233,-1,
882,881,713,-1,
713,881,880,-1,
713,880,712,-1,
712,880,879,-1,
712,879,1277,-1,
1277,879,1055,-1,
1277,1055,1231,-1,
1231,1232,1277,-1,
1277,1232,1233,-1,
1277,1233,1278,-1,
1278,1233,1234,-1,
1278,1234,1058,-1,
70,451,711,-1,
711,451,627,-1,
711,627,712,-1,
627,628,712,-1,
712,628,452,-1,
712,452,71,-1,
71,452,276,-1,
71,276,70,-1,
70,276,275,-1,
70,275,451,-1,
1277,1054,712,-1,
712,1054,878,-1,
712,878,711,-1,
711,878,877,-1,
711,877,1276,-1,
877,1053,1276,-1,
1276,1053,1229,-1,
1276,1229,1277,-1,
1277,1229,1230,-1,
1277,1230,1054,-1,
69,449,710,-1,
710,449,625,-1,
710,625,711,-1,
625,626,711,-1,
711,626,450,-1,
711,450,70,-1,
70,450,274,-1,
70,274,69,-1,
69,274,273,-1,
69,273,449,-1,
1276,1052,711,-1,
711,1052,876,-1,
711,876,710,-1,
710,876,875,-1,
710,875,1275,-1,
875,1051,1275,-1,
1275,1051,1227,-1,
1275,1227,1276,-1,
1276,1227,1228,-1,
1276,1228,1052,-1,
447,623,709,-1,
709,623,710,-1,
623,624,710,-1,
710,624,448,-1,
710,448,69,-1,
69,448,272,-1,
69,272,68,-1,
68,272,271,-1,
1275,1050,710,-1,
710,1050,874,-1,
710,874,709,-1,
709,874,873,-1,
709,873,1274,-1,
873,1049,1274,-1,
1274,1049,1225,-1,
1274,1225,1275,-1,
1275,1225,1226,-1,
1275,1226,1050,-1,
68,446,270,-1,
620,444,269,-1,
269,444,268,-1,
67,443,708,-1,
708,443,619,-1,
708,619,620,-1,
621,622,709,-1,
271,447,68,-1,
68,447,709,-1,
68,709,446,-1,
446,709,622,-1,
270,269,68,-1,
68,269,268,-1,
68,268,67,-1,
67,268,267,-1,
67,267,443,-1,
1273,1045,1221,-1,
1045,1273,869,-1,
869,1273,708,-1,
869,708,870,-1,
871,1047,1222,-1,
1222,1047,1223,-1,
1274,1048,709,-1,
709,1048,872,-1,
709,872,871,-1,
1221,1222,1273,-1,
1273,1222,1223,-1,
1273,1223,1274,-1,
1274,1223,1224,-1,
1274,1224,1048,-1,
269,445,620,-1,
620,445,621,-1,
620,621,708,-1,
708,621,709,-1,
708,709,870,-1,
870,709,871,-1,
870,871,1046,-1,
1046,871,1222,-1,
66,441,707,-1,
707,441,617,-1,
707,617,708,-1,
617,618,708,-1,
708,618,442,-1,
708,442,67,-1,
67,442,266,-1,
67,266,66,-1,
66,266,265,-1,
66,265,441,-1,
1043,1219,1272,-1,
1272,1219,1220,-1,
1272,1220,1273,-1,
1273,1220,1044,-1,
1273,1044,708,-1,
708,1044,868,-1,
708,868,707,-1,
707,868,867,-1,
707,867,1272,-1,
1272,867,1043,-1,
65,439,706,-1,
706,439,615,-1,
706,615,707,-1,
615,616,707,-1,
707,616,440,-1,
707,440,66,-1,
66,440,264,-1,
66,264,65,-1,
65,264,263,-1,
65,263,439,-1,
1041,1217,1271,-1,
1271,1217,1218,-1,
1271,1218,1272,-1,
1272,1218,1042,-1,
1272,1042,707,-1,
707,1042,866,-1,
707,866,706,-1,
706,866,865,-1,
706,865,1271,-1,
1271,865,1041,-1,
706,438,65,-1,
65,438,262,-1,
65,262,64,-1,
262,261,64,-1,
64,261,437,-1,
64,437,705,-1,
705,437,613,-1,
705,613,706,-1,
706,613,614,-1,
706,614,438,-1,
1271,1040,706,-1,
706,1040,864,-1,
706,864,705,-1,
705,864,863,-1,
705,863,1270,-1,
863,1039,1270,-1,
1270,1039,1215,-1,
1270,1215,1271,-1,
1271,1215,1216,-1,
1271,1216,1040,-1,
705,436,64,-1,
64,436,260,-1,
64,260,63,-1,
260,259,63,-1,
63,259,435,-1,
63,435,704,-1,
704,435,611,-1,
704,611,705,-1,
705,611,612,-1,
705,612,436,-1,
1270,1038,705,-1,
705,1038,862,-1,
705,862,704,-1,
704,862,861,-1,
861,1037,1269,-1,
1269,1037,1213,-1,
1269,1213,1270,-1,
1270,1213,1214,-1,
1270,1214,1038,-1,
255,431,62,-1,
608,432,257,-1,
257,432,256,-1,
62,431,703,-1,
703,431,607,-1,
703,607,608,-1,
255,62,256,-1,
256,62,63,-1,
256,63,257,-1,
257,433,608,-1,
608,433,609,-1,
608,609,703,-1,
703,609,704,-1,
609,610,704,-1,
704,610,434,-1,
704,434,63,-1,
63,434,258,-1,
63,258,257,-1,
861,1269,704,-1,
704,1269,1036,-1,
704,1036,860,-1,
859,1034,858,-1,
1034,859,1210,-1,
1210,859,1035,-1,
1210,1035,1211,-1,
860,859,704,-1,
704,859,858,-1,
704,858,703,-1,
703,858,857,-1,
703,857,1268,-1,
1268,857,1033,-1,
1268,1033,1209,-1,
1209,1210,1268,-1,
1268,1210,1211,-1,
1268,1211,1269,-1,
1269,1211,1212,-1,
1269,1212,1036,-1,
61,429,702,-1,
702,429,605,-1,
702,605,703,-1,
605,606,703,-1,
703,606,430,-1,
703,430,62,-1,
62,430,254,-1,
62,254,61,-1,
61,254,253,-1,
61,253,429,-1,
1031,1207,1267,-1,
1267,1207,1208,-1,
1267,1208,1268,-1,
1268,1208,1032,-1,
1268,1032,703,-1,
703,1032,856,-1,
703,856,702,-1,
702,856,855,-1,
702,855,1267,-1,
1267,855,1031,-1,
60,427,701,-1,
701,427,603,-1,
701,603,702,-1,
603,604,702,-1,
702,604,428,-1,
702,428,61,-1,
61,428,252,-1,
61,252,60,-1,
60,252,251,-1,
60,251,427,-1,
1029,1205,1266,-1,
1266,1205,1206,-1,
1266,1206,1267,-1,
1267,1206,1030,-1,
1267,1030,702,-1,
702,1030,854,-1,
702,854,701,-1,
701,854,853,-1,
701,853,1266,-1,
1266,853,1029,-1,
59,425,700,-1,
700,425,601,-1,
700,601,701,-1,
601,602,701,-1,
701,602,426,-1,
701,426,60,-1,
60,426,250,-1,
60,250,59,-1,
59,250,249,-1,
59,249,425,-1,
1027,1203,1265,-1,
1265,1203,1204,-1,
1265,1204,1266,-1,
1266,1204,1028,-1,
1266,1028,701,-1,
701,1028,852,-1,
701,852,700,-1,
700,852,851,-1,
596,420,245,-1,
247,423,598,-1,
58,59,244,-1,
700,699,599,-1,
599,600,700,-1,
700,600,424,-1,
700,424,59,-1,
59,424,248,-1,
59,248,247,-1,
598,422,247,-1,
247,422,246,-1,
247,246,59,-1,
59,246,245,-1,
59,245,244,-1,
244,245,420,-1,
244,243,58,-1,
58,243,419,-1,
58,419,699,-1,
699,419,595,-1,
699,595,596,-1,
245,421,596,-1,
596,421,597,-1,
596,597,699,-1,
699,597,598,-1,
699,598,599,-1,
599,598,423,-1,
1026,700,1265,-1,
1265,700,851,-1,
1265,851,1027,-1,
1198,1022,847,-1,
847,1022,846,-1,
1024,849,1200,-1,
1200,849,1025,-1,
1024,848,849,-1,
849,848,700,-1,
849,700,850,-1,
850,700,1026,-1,
848,847,700,-1,
700,847,846,-1,
700,846,699,-1,
699,846,845,-1,
699,845,1264,-1,
1264,1201,1265,-1,
1265,1201,1202,-1,
1265,1202,1026,-1,
845,1021,1264,-1,
1264,1021,1197,-1,
1264,1197,1198,-1,
847,1023,1198,-1,
1198,1023,1199,-1,
1198,1199,1264,-1,
1264,1199,1200,-1,
1264,1200,1201,-1,
1201,1200,1025,-1,
57,417,698,-1,
698,417,593,-1,
698,593,699,-1,
593,594,699,-1,
699,594,418,-1,
699,418,58,-1,
58,418,242,-1,
58,242,57,-1,
57,242,241,-1,
57,241,417,-1,
1264,1020,699,-1,
699,1020,844,-1,
699,844,698,-1,
698,844,843,-1,
698,843,1263,-1,
843,1019,1263,-1,
1263,1019,1195,-1,
1263,1195,1264,-1,
1264,1195,1196,-1,
1264,1196,1020,-1,
56,415,697,-1,
697,415,591,-1,
697,591,698,-1,
591,592,698,-1,
698,592,416,-1,
698,416,57,-1,
57,416,240,-1,
57,240,56,-1,
56,240,239,-1,
56,239,415,-1,
1263,1018,698,-1,
698,1018,842,-1,
698,842,697,-1,
697,842,841,-1,
697,841,1262,-1,
841,1017,1262,-1,
1262,1017,1193,-1,
1262,1193,1263,-1,
1263,1193,1194,-1,
1263,1194,1018,-1,
55,413,696,-1,
696,413,589,-1,
696,589,697,-1,
589,590,697,-1,
697,590,414,-1,
697,414,56,-1,
56,414,238,-1,
56,238,55,-1,
55,238,237,-1,
55,237,413,-1,
1262,1016,697,-1,
697,1016,840,-1,
697,840,696,-1,
696,840,839,-1,
839,1015,1261,-1,
1261,1015,1191,-1,
1261,1191,1262,-1,
1262,1191,1192,-1,
1262,1192,1016,-1,
235,411,586,-1,
586,411,587,-1,
696,412,55,-1,
55,412,236,-1,
55,236,235,-1,
586,410,235,-1,
235,410,234,-1,
235,234,55,-1,
55,234,54,-1,
585,695,409,-1,
409,695,54,-1,
409,54,233,-1,
233,54,234,-1,
585,586,695,-1,
695,586,587,-1,
695,587,696,-1,
696,587,588,-1,
696,588,412,-1,
839,1261,696,-1,
696,1261,1014,-1,
696,1014,838,-1,
837,1012,836,-1,
1012,837,1188,-1,
1188,837,1013,-1,
1188,1013,1189,-1,
838,837,696,-1,
696,837,836,-1,
696,836,695,-1,
695,836,835,-1,
695,835,1260,-1,
1260,835,1011,-1,
1260,1011,1187,-1,
1187,1188,1260,-1,
1260,1188,1189,-1,
1260,1189,1261,-1,
1261,1189,1190,-1,
1261,1190,1014,-1,
695,408,54,-1,
54,408,232,-1,
54,232,53,-1,
232,231,53,-1,
53,231,407,-1,
53,407,694,-1,
694,407,583,-1,
694,583,695,-1,
695,583,584,-1,
695,584,408,-1,
1260,1010,695,-1,
695,1010,834,-1,
695,834,694,-1,
694,834,833,-1,
694,833,1259,-1,
833,1009,1259,-1,
1259,1009,1185,-1,
1259,1185,1260,-1,
1260,1185,1186,-1,
1260,1186,1010,-1,
694,406,53,-1,
53,406,230,-1,
53,230,52,-1,
230,229,52,-1,
52,229,405,-1,
52,405,693,-1,
693,405,581,-1,
693,581,694,-1,
694,581,582,-1,
694,582,406,-1,
1259,1008,694,-1,
694,1008,832,-1,
694,832,693,-1,
693,832,831,-1,
693,831,1258,-1,
831,1007,1258,-1,
1258,1007,1183,-1,
1258,1183,1259,-1,
1259,1183,1184,-1,
1259,1184,1008,-1,
693,404,52,-1,
52,404,228,-1,
52,228,51,-1,
228,227,51,-1,
51,227,403,-1,
51,403,692,-1,
692,403,579,-1,
692,579,693,-1,
693,579,580,-1,
693,580,404,-1,
1258,1006,693,-1,
693,1006,830,-1,
693,830,692,-1,
692,830,829,-1,
829,1005,1257,-1,
1257,1005,1181,-1,
1257,1181,1258,-1,
1258,1181,1182,-1,
1258,1182,1006,-1,
223,399,50,-1,
576,400,225,-1,
225,400,224,-1,
50,399,691,-1,
691,399,575,-1,
691,575,576,-1,
223,50,224,-1,
224,50,51,-1,
224,51,225,-1,
225,401,576,-1,
576,401,577,-1,
576,577,691,-1,
691,577,692,-1,
577,578,692,-1,
692,578,402,-1,
692,402,51,-1,
51,402,226,-1,
51,226,225,-1,
829,1257,692,-1,
692,1257,1004,-1,
692,1004,828,-1,
827,1002,826,-1,
1002,827,1178,-1,
1178,827,1003,-1,
1178,1003,1179,-1,
828,827,692,-1,
692,827,826,-1,
692,826,691,-1,
691,826,825,-1,
691,825,1256,-1,
1256,825,1001,-1,
1256,1001,1177,-1,
1177,1178,1256,-1,
1256,1178,1179,-1,
1256,1179,1257,-1,
1257,1179,1180,-1,
1257,1180,1004,-1,
49,397,690,-1,
690,397,573,-1,
690,573,691,-1,
573,574,691,-1,
691,574,398,-1,
691,398,50,-1,
50,398,222,-1,
50,222,49,-1,
49,222,221,-1,
49,221,397,-1,
1256,1000,691,-1,
691,1000,824,-1,
691,824,690,-1,
690,824,823,-1,
690,823,1255,-1,
823,999,1255,-1,
1255,999,1175,-1,
1255,1175,1256,-1,
1256,1175,1176,-1,
1256,1176,1000,-1,
48,395,689,-1,
689,395,571,-1,
689,571,690,-1,
571,572,690,-1,
690,572,396,-1,
690,396,49,-1,
49,396,220,-1,
49,220,48,-1,
48,220,219,-1,
48,219,395,-1,
997,1173,1254,-1,
1254,1173,1174,-1,
1254,1174,1255,-1,
1255,1174,998,-1,
1255,998,690,-1,
690,998,822,-1,
690,822,689,-1,
689,822,821,-1,
689,821,1254,-1,
1254,821,997,-1,
47,393,688,-1,
688,393,569,-1,
688,569,689,-1,
569,570,689,-1,
689,570,394,-1,
689,394,48,-1,
48,394,218,-1,
48,218,47,-1,
47,218,217,-1,
47,217,393,-1,
995,1171,1253,-1,
1253,1171,1172,-1,
1253,1172,1254,-1,
1254,1172,996,-1,
1254,996,689,-1,
689,996,820,-1,
689,820,688,-1,
688,820,819,-1,
688,819,1253,-1,
1253,819,995,-1,
688,392,47,-1,
47,392,216,-1,
47,216,46,-1,
216,215,46,-1,
46,215,391,-1,
46,391,687,-1,
687,391,567,-1,
687,567,688,-1,
688,567,568,-1,
688,568,392,-1,
1253,994,688,-1,
688,994,818,-1,
688,818,687,-1,
687,818,817,-1,
817,993,1252,-1,
1252,993,1169,-1,
1252,1169,1253,-1,
1253,1169,1170,-1,
1253,1170,994,-1,
211,387,45,-1,
564,388,213,-1,
213,388,212,-1,
45,387,686,-1,
686,387,563,-1,
686,563,564,-1,
211,45,212,-1,
212,45,46,-1,
212,46,213,-1,
213,389,564,-1,
564,389,565,-1,
564,565,686,-1,
686,565,687,-1,
565,566,687,-1,
687,566,390,-1,
687,390,46,-1,
46,390,214,-1,
46,214,213,-1,
817,1252,687,-1,
687,1252,992,-1,
687,992,816,-1,
815,990,814,-1,
990,815,1166,-1,
1166,815,991,-1,
1166,991,1167,-1,
816,815,687,-1,
687,815,814,-1,
687,814,686,-1,
686,814,813,-1,
686,813,1251,-1,
1251,813,989,-1,
1251,989,1165,-1,
1165,1166,1251,-1,
1251,1166,1167,-1,
1251,1167,1252,-1,
1252,1167,1168,-1,
1252,1168,992,-1,
44,385,685,-1,
685,385,561,-1,
685,561,686,-1,
561,562,686,-1,
686,562,386,-1,
686,386,45,-1,
45,386,210,-1,
45,210,44,-1,
44,210,209,-1,
44,209,385,-1,
1251,988,686,-1,
686,988,812,-1,
686,812,685,-1,
685,812,811,-1,
685,811,1250,-1,
811,987,1250,-1,
1250,987,1163,-1,
1250,1163,1251,-1,
1251,1163,1164,-1,
1251,1164,988,-1,
43,383,684,-1,
684,383,559,-1,
684,559,685,-1,
559,560,685,-1,
685,560,384,-1,
685,384,44,-1,
44,384,208,-1,
44,208,43,-1,
43,208,207,-1,
43,207,383,-1,
1250,986,685,-1,
685,986,810,-1,
685,810,684,-1,
684,810,809,-1,
684,809,1249,-1,
809,985,1249,-1,
1249,985,1161,-1,
1249,1161,1250,-1,
1250,1161,1162,-1,
1250,1162,986,-1,
381,557,683,-1,
683,557,684,-1,
557,558,684,-1,
684,558,382,-1,
684,382,43,-1,
43,382,206,-1,
43,206,42,-1,
42,206,205,-1,
983,1159,1248,-1,
1248,1159,1160,-1,
1248,1160,1249,-1,
1249,1160,984,-1,
1249,984,684,-1,
684,984,808,-1,
684,808,683,-1,
683,808,807,-1,
205,381,42,-1,
42,381,683,-1,
42,683,41,-1,
41,683,682,-1,
807,983,683,-1,
683,983,1248,-1,
683,1248,682,-1,
682,1248,1247,-1,
1283,1357,1282,-1,
1282,1357,1356,-1,
1282,1356,1281,-1,
1281,1356,1355,-1,
1281,1355,1280,-1,
1280,1355,1354,-1,
1280,1354,1279,-1,
1279,1354,1353,-1,
1279,1353,1278,-1,
1278,1353,1352,-1,
1278,1352,1277,-1,
1277,1352,1351,-1,
1277,1351,1276,-1,
1276,1351,1350,-1,
1276,1350,1275,-1,
1275,1350,1349,-1,
1275,1349,1274,-1,
1274,1349,1348,-1,
1274,1348,1273,-1,
1273,1348,1347,-1,
1273,1347,1272,-1,
1272,1347,1346,-1,
1272,1346,1271,-1,
1271,1346,1345,-1,
1271,1345,1270,-1,
1270,1345,1344,-1,
1270,1344,1269,-1,
1269,1344,1343,-1,
1269,1343,1268,-1,
1268,1343,1342,-1,
1268,1342,1267,-1,
1267,1342,1341,-1,
1267,1341,1266,-1,
1266,1341,1340,-1,
1266,1340,1265,-1,
1265,1340,1339,-1,
1265,1339,1264,-1,
1264,1339,1338,-1,
1264,1338,1263,-1,
1263,1338,1337,-1,
1263,1337,1262,-1,
1262,1337,1336,-1,
1262,1336,1261,-1,
1261,1336,1335,-1,
1261,1335,1260,-1,
1260,1335,1334,-1,
1260,1334,1259,-1,
1259,1334,1333,-1,
1259,1333,1258,-1,
1258,1333,1332,-1,
1258,1332,1257,-1,
1257,1332,1331,-1,
1257,1331,1256,-1,
1256,1331,1330,-1,
1256,1330,1255,-1,
1255,1330,1329,-1,
1255,1329,1254,-1,
1254,1329,1328,-1,
1254,1328,1253,-1,
1253,1328,1327,-1,
1253,1327,1252,-1,
1252,1327,1326,-1,
1252,1326,1251,-1,
1251,1326,1325,-1,
1251,1325,1250,-1,
1250,1325,1324,-1,
1250,1324,1249,-1,
1249,1324,1323,-1,
1249,1323,1248,-1,
1248,1323,1322,-1,
1248,1322,1247,-1,
1247,1322,1321,-1,
1321,1322,1358,-1,
1358,1322,1323,-1,
1358,1323,1324,-1,
1324,1325,1358,-1,
1358,1325,1326,-1,
1358,1326,1327,-1,
1327,1328,1358,-1,
1358,1328,1329,-1,
1358,1329,1330,-1,
1330,1331,1358,-1,
1358,1331,1332,-1,
1358,1332,1359,-1,
1359,1332,1333,-1,
1359,1333,1334,-1,
1340,1341,1359,-1,
1359,1341,1342,-1,
1342,1343,1359,-1,
1359,1343,1344,-1,
1359,1344,1345,-1,
1345,1346,1359,-1,
1359,1346,1347,-1,
1359,1347,1348,-1,
1334,1335,1359,-1,
1359,1335,1336,-1,
1359,1336,1337,-1,
1348,1349,1359,-1,
1359,1349,1350,-1,
1359,1350,1351,-1,
1337,1338,1359,-1,
1359,1338,1339,-1,
1359,1339,1340,-1,
1351,1352,1359,-1,
1359,1352,1353,-1,
1359,1353,1354,-1,
1354,1355,1359,-1,
1359,1355,1356,-1,
1359,1356,1357,-1,
1363,1362,1359,-1,
1359,1362,1358,-1,
1361,1360,1363,-1,
1363,1360,1362,-1,
1284,1360,1320,-1,
1320,1360,1361,-1,
1077,901,1288,-1,
1089,913,1293,-1,
1099,923,1297,-1,
1121,945,1305,-1,
1133,957,1310,-1,
1143,967,1314,-1,
1155,979,1319,-1,
982,1320,681,-1,
804,681,680,-1,
1319,979,680,-1,
680,979,803,-1,
680,803,804,-1,
982,1158,1320,-1,
1320,1158,1157,-1,
1320,1157,1319,-1,
1155,1319,1156,-1,
1156,1319,1157,-1,
1156,1157,980,-1,
980,1157,981,-1,
980,981,804,-1,
804,981,805,-1,
804,805,681,-1,
681,805,806,-1,
681,806,982,-1,
202,378,555,-1,
555,378,554,-1,
115,201,202,-1,
555,379,202,-1,
202,379,203,-1,
202,203,115,-1,
115,203,116,-1,
556,681,380,-1,
380,681,116,-1,
380,116,204,-1,
204,116,203,-1,
556,555,681,-1,
681,555,554,-1,
681,554,680,-1,
680,554,553,-1,
680,553,115,-1,
115,553,377,-1,
115,377,201,-1,
1318,977,679,-1,
679,977,801,-1,
679,801,680,-1,
801,802,680,-1,
680,802,978,-1,
680,978,1319,-1,
1319,978,1154,-1,
1319,1154,1318,-1,
1318,1154,1153,-1,
1318,1153,977,-1,
375,199,114,-1,
114,199,200,-1,
114,200,115,-1,
115,200,376,-1,
115,376,680,-1,
680,376,552,-1,
680,552,679,-1,
679,552,551,-1,
679,551,114,-1,
114,551,375,-1,
1317,975,678,-1,
678,975,799,-1,
678,799,679,-1,
799,800,679,-1,
679,800,976,-1,
679,976,1318,-1,
1318,976,1152,-1,
1318,1152,1317,-1,
1317,1152,1151,-1,
1317,1151,975,-1,
114,113,197,-1,
197,198,114,-1,
114,198,374,-1,
114,374,679,-1,
679,374,550,-1,
679,550,678,-1,
678,550,549,-1,
678,549,113,-1,
113,549,373,-1,
113,373,197,-1,
1316,973,677,-1,
677,973,797,-1,
677,797,678,-1,
797,798,678,-1,
678,798,974,-1,
678,974,1317,-1,
1317,974,1150,-1,
1317,1150,1316,-1,
1316,1150,1149,-1,
1316,1149,973,-1,
113,112,195,-1,
195,196,113,-1,
113,196,372,-1,
113,372,678,-1,
678,372,548,-1,
678,548,677,-1,
677,548,547,-1,
677,547,112,-1,
112,547,371,-1,
112,371,195,-1,
971,795,676,-1,
676,795,677,-1,
795,796,677,-1,
677,796,972,-1,
677,972,1316,-1,
1316,972,1148,-1,
1316,1148,1315,-1,
1315,1148,1147,-1,
369,193,111,-1,
111,193,194,-1,
111,194,112,-1,
112,194,370,-1,
112,370,677,-1,
677,370,546,-1,
677,546,676,-1,
676,546,545,-1,
676,545,111,-1,
111,545,369,-1,
1147,971,1315,-1,
1315,971,676,-1,
1315,676,970,-1,
792,676,675,-1,
1314,967,675,-1,
675,967,791,-1,
675,791,792,-1,
970,1146,1315,-1,
1315,1146,1145,-1,
1315,1145,1314,-1,
1143,1314,1144,-1,
1144,1314,1145,-1,
1144,1145,968,-1,
968,1145,969,-1,
968,969,792,-1,
792,969,793,-1,
792,793,676,-1,
676,793,794,-1,
676,794,970,-1,
190,366,543,-1,
543,366,542,-1,
110,189,190,-1,
543,367,190,-1,
190,367,191,-1,
190,191,110,-1,
110,191,111,-1,
191,192,111,-1,
111,192,368,-1,
111,368,676,-1,
676,368,544,-1,
544,543,676,-1,
676,543,542,-1,
676,542,675,-1,
675,542,541,-1,
675,541,110,-1,
110,541,365,-1,
110,365,189,-1,
1313,965,674,-1,
674,965,789,-1,
674,789,675,-1,
789,790,675,-1,
675,790,966,-1,
675,966,1314,-1,
1314,966,1142,-1,
1314,1142,1313,-1,
1313,1142,1141,-1,
1313,1141,965,-1,
110,109,187,-1,
187,188,110,-1,
110,188,364,-1,
110,364,675,-1,
675,364,540,-1,
675,540,674,-1,
674,540,539,-1,
674,539,109,-1,
109,539,363,-1,
109,363,187,-1,
1312,963,673,-1,
673,963,787,-1,
673,787,674,-1,
787,788,674,-1,
674,788,964,-1,
674,964,1313,-1,
1313,964,1140,-1,
1313,1140,1312,-1,
1312,1140,1139,-1,
1312,1139,963,-1,
109,108,185,-1,
185,186,109,-1,
109,186,362,-1,
109,362,674,-1,
674,362,538,-1,
674,538,673,-1,
673,538,537,-1,
673,537,108,-1,
108,537,361,-1,
108,361,185,-1,
961,785,672,-1,
672,785,673,-1,
785,786,673,-1,
673,786,962,-1,
673,962,1312,-1,
1312,962,1138,-1,
1312,1138,1311,-1,
1311,1138,1137,-1,
108,107,183,-1,
183,184,108,-1,
108,184,360,-1,
108,360,673,-1,
673,360,536,-1,
673,536,672,-1,
672,536,535,-1,
672,535,107,-1,
107,535,359,-1,
107,359,183,-1,
1137,961,1311,-1,
1311,961,672,-1,
1311,672,960,-1,
782,672,671,-1,
1310,957,671,-1,
671,957,781,-1,
671,781,782,-1,
960,1136,1311,-1,
1311,1136,1135,-1,
1311,1135,1310,-1,
1133,1310,1134,-1,
1134,1310,1135,-1,
1134,1135,958,-1,
958,1135,959,-1,
958,959,782,-1,
782,959,783,-1,
782,783,672,-1,
672,783,784,-1,
672,784,960,-1,
180,357,181,-1,
179,180,106,-1,
106,180,181,-1,
106,181,107,-1,
181,182,107,-1,
107,182,358,-1,
107,358,672,-1,
672,358,534,-1,
357,180,533,-1,
533,180,356,-1,
533,356,532,-1,
534,533,672,-1,
672,533,532,-1,
672,532,671,-1,
671,532,531,-1,
671,531,106,-1,
106,531,355,-1,
106,355,179,-1,
1309,955,670,-1,
670,955,779,-1,
670,779,671,-1,
779,780,671,-1,
671,780,956,-1,
671,956,1310,-1,
1310,956,1132,-1,
1310,1132,1309,-1,
1309,1132,1131,-1,
1309,1131,955,-1,
106,105,177,-1,
177,178,106,-1,
106,178,354,-1,
106,354,671,-1,
671,354,530,-1,
671,530,670,-1,
670,530,529,-1,
670,529,105,-1,
105,529,353,-1,
105,353,177,-1,
1308,953,669,-1,
669,953,777,-1,
669,777,670,-1,
777,778,670,-1,
670,778,954,-1,
670,954,1309,-1,
1309,954,1130,-1,
1309,1130,1308,-1,
1308,1130,1129,-1,
1308,1129,953,-1,
105,104,175,-1,
175,176,105,-1,
105,176,352,-1,
105,352,670,-1,
670,352,528,-1,
670,528,669,-1,
669,528,527,-1,
669,527,104,-1,
104,527,351,-1,
104,351,175,-1,
1307,951,668,-1,
668,951,775,-1,
668,775,669,-1,
775,776,669,-1,
669,776,952,-1,
669,952,1308,-1,
1308,952,1128,-1,
1308,1128,1307,-1,
1307,1128,1127,-1,
1307,1127,951,-1,
104,103,173,-1,
173,174,104,-1,
104,174,350,-1,
104,350,669,-1,
669,350,526,-1,
669,526,668,-1,
668,526,525,-1,
668,525,103,-1,
103,525,349,-1,
103,349,173,-1,
949,773,667,-1,
667,773,668,-1,
773,774,668,-1,
668,774,950,-1,
668,950,1307,-1,
1307,950,1126,-1,
1307,1126,1306,-1,
1306,1126,1125,-1,
103,102,171,-1,
171,172,103,-1,
103,172,348,-1,
103,348,668,-1,
668,348,524,-1,
668,524,667,-1,
667,524,523,-1,
667,523,102,-1,
102,523,347,-1,
102,347,171,-1,
1125,949,1306,-1,
1306,949,667,-1,
1306,667,948,-1,
770,667,666,-1,
1305,945,666,-1,
666,945,769,-1,
666,769,770,-1,
948,1124,1306,-1,
1306,1124,1123,-1,
1306,1123,1305,-1,
1121,1305,1122,-1,
1122,1305,1123,-1,
1122,1123,946,-1,
946,1123,947,-1,
946,947,770,-1,
770,947,771,-1,
770,771,667,-1,
667,771,772,-1,
667,772,948,-1,
168,344,521,-1,
521,344,520,-1,
101,167,168,-1,
521,345,168,-1,
168,345,169,-1,
168,169,101,-1,
101,169,102,-1,
169,170,102,-1,
102,170,346,-1,
102,346,667,-1,
667,346,522,-1,
522,521,667,-1,
667,521,520,-1,
667,520,666,-1,
666,520,519,-1,
666,519,101,-1,
101,519,343,-1,
101,343,167,-1,
1304,943,665,-1,
665,943,767,-1,
665,767,666,-1,
767,768,666,-1,
666,768,944,-1,
666,944,1305,-1,
1305,944,1120,-1,
1305,1120,1304,-1,
1304,1120,1119,-1,
1304,1119,943,-1,
101,100,165,-1,
165,166,101,-1,
101,166,342,-1,
101,342,666,-1,
666,342,518,-1,
666,518,665,-1,
665,518,517,-1,
665,517,100,-1,
100,517,341,-1,
100,341,165,-1,
1303,941,664,-1,
664,941,765,-1,
664,765,665,-1,
765,766,665,-1,
665,766,942,-1,
665,942,1304,-1,
1304,942,1118,-1,
1304,1118,1303,-1,
1303,1118,1117,-1,
1303,1117,941,-1,
100,99,163,-1,
163,164,100,-1,
100,164,340,-1,
100,340,665,-1,
665,340,516,-1,
665,516,664,-1,
664,516,515,-1,
664,515,99,-1,
99,515,339,-1,
99,339,163,-1,
939,763,663,-1,
663,763,664,-1,
763,764,664,-1,
664,764,940,-1,
664,940,1303,-1,
1303,940,1116,-1,
1303,1116,1302,-1,
1302,1116,1115,-1,
98,337,161,-1,
98,161,99,-1,
161,162,99,-1,
99,162,338,-1,
99,338,664,-1,
664,338,514,-1,
664,514,663,-1,
663,514,513,-1,
1115,939,1302,-1,
1302,939,663,-1,
1302,663,938,-1,
758,663,662,-1,
938,1114,1302,-1,
1302,1114,1113,-1,
1302,1113,1301,-1,
1110,1109,1301,-1,
1301,1109,933,-1,
1301,933,662,-1,
662,933,757,-1,
662,757,758,-1,
760,663,759,-1,
759,663,758,-1,
759,758,935,-1,
935,758,934,-1,
935,934,1111,-1,
934,1110,1111,-1,
1111,1110,1301,-1,
1111,1301,1112,-1,
1112,1301,1113,-1,
1112,1113,936,-1,
936,1113,937,-1,
936,937,760,-1,
760,937,761,-1,
760,761,663,-1,
663,761,762,-1,
663,762,938,-1,
334,511,158,-1,
158,511,335,-1,
158,335,159,-1,
333,157,156,-1,
156,157,97,-1,
156,97,155,-1,
336,663,98,-1,
98,663,513,-1,
98,513,337,-1,
157,158,97,-1,
97,158,159,-1,
97,159,98,-1,
98,159,160,-1,
98,160,336,-1,
333,156,509,-1,
509,156,332,-1,
509,332,508,-1,
334,510,511,-1,
511,510,663,-1,
511,663,512,-1,
512,663,336,-1,
510,509,663,-1,
663,509,508,-1,
663,508,662,-1,
662,508,507,-1,
662,507,97,-1,
97,507,331,-1,
97,331,155,-1,
1300,931,661,-1,
661,931,755,-1,
661,755,662,-1,
755,756,662,-1,
662,756,932,-1,
662,932,1301,-1,
1301,932,1108,-1,
1301,1108,1300,-1,
1300,1108,1107,-1,
1300,1107,931,-1,
97,96,153,-1,
153,154,97,-1,
97,154,330,-1,
97,330,662,-1,
662,330,506,-1,
662,506,661,-1,
661,506,505,-1,
661,505,96,-1,
96,505,329,-1,
96,329,153,-1,
1299,929,660,-1,
660,929,753,-1,
660,753,661,-1,
753,754,661,-1,
661,754,930,-1,
661,930,1300,-1,
1300,930,1106,-1,
1300,1106,1299,-1,
1299,1106,1105,-1,
1299,1105,929,-1,
96,95,151,-1,
151,152,96,-1,
96,152,328,-1,
96,328,661,-1,
661,328,504,-1,
661,504,660,-1,
660,504,503,-1,
660,503,95,-1,
95,503,327,-1,
95,327,151,-1,
927,751,659,-1,
659,751,660,-1,
751,752,660,-1,
660,752,928,-1,
660,928,1299,-1,
1299,928,1104,-1,
1299,1104,1298,-1,
1298,1104,1103,-1,
95,94,149,-1,
149,150,95,-1,
95,150,326,-1,
95,326,660,-1,
660,326,502,-1,
660,502,659,-1,
659,502,501,-1,
659,501,94,-1,
94,501,325,-1,
94,325,149,-1,
1103,927,1298,-1,
1298,927,659,-1,
1298,659,926,-1,
748,659,658,-1,
1297,923,658,-1,
658,923,747,-1,
658,747,748,-1,
926,1102,1298,-1,
1298,1102,1101,-1,
1298,1101,1297,-1,
1099,1297,1100,-1,
1100,1297,1101,-1,
1100,1101,924,-1,
924,1101,925,-1,
924,925,748,-1,
748,925,749,-1,
748,749,659,-1,
659,749,750,-1,
659,750,926,-1,
146,323,147,-1,
323,146,499,-1,
499,146,322,-1,
499,322,498,-1,
145,146,93,-1,
93,146,147,-1,
93,147,94,-1,
147,148,94,-1,
94,148,324,-1,
94,324,659,-1,
659,324,500,-1,
500,499,659,-1,
659,499,498,-1,
659,498,658,-1,
658,498,497,-1,
658,497,93,-1,
93,497,321,-1,
93,321,145,-1,
1296,921,657,-1,
657,921,745,-1,
657,745,658,-1,
745,746,658,-1,
658,746,922,-1,
658,922,1297,-1,
1297,922,1098,-1,
1297,1098,1296,-1,
1296,1098,1097,-1,
1296,1097,921,-1,
93,92,143,-1,
143,144,93,-1,
93,144,320,-1,
93,320,658,-1,
658,320,496,-1,
658,496,657,-1,
657,496,495,-1,
657,495,92,-1,
92,495,319,-1,
92,319,143,-1,
1295,919,656,-1,
656,919,743,-1,
656,743,657,-1,
743,744,657,-1,
657,744,920,-1,
657,920,1296,-1,
1296,920,1096,-1,
1296,1096,1295,-1,
1295,1096,1095,-1,
1295,1095,919,-1,
92,91,141,-1,
141,142,92,-1,
92,142,318,-1,
92,318,657,-1,
657,318,494,-1,
657,494,656,-1,
656,494,493,-1,
656,493,91,-1,
91,493,317,-1,
91,317,141,-1,
917,741,655,-1,
655,741,656,-1,
741,742,656,-1,
656,742,918,-1,
656,918,1295,-1,
1295,918,1094,-1,
1295,1094,1294,-1,
1294,1094,1093,-1,
91,90,139,-1,
139,140,91,-1,
91,140,316,-1,
91,316,656,-1,
656,316,492,-1,
656,492,655,-1,
655,492,491,-1,
655,491,90,-1,
90,491,315,-1,
90,315,139,-1,
1093,917,1294,-1,
1294,917,655,-1,
1294,655,916,-1,
738,655,654,-1,
1293,913,654,-1,
654,913,737,-1,
654,737,738,-1,
916,1092,1294,-1,
1294,1092,1091,-1,
1294,1091,1293,-1,
1089,1293,1090,-1,
1090,1293,1091,-1,
1090,1091,914,-1,
914,1091,915,-1,
914,915,738,-1,
738,915,739,-1,
738,739,655,-1,
655,739,740,-1,
655,740,916,-1,
136,312,489,-1,
489,312,488,-1,
89,135,136,-1,
489,313,136,-1,
136,313,137,-1,
136,137,89,-1,
89,137,90,-1,
137,138,90,-1,
90,138,314,-1,
90,314,655,-1,
655,314,490,-1,
490,489,655,-1,
655,489,488,-1,
655,488,654,-1,
654,488,487,-1,
654,487,89,-1,
89,487,311,-1,
89,311,135,-1,
1292,911,653,-1,
653,911,735,-1,
653,735,654,-1,
735,736,654,-1,
654,736,912,-1,
654,912,1293,-1,
1293,912,1088,-1,
1293,1088,1292,-1,
1292,1088,1087,-1,
1292,1087,911,-1,
89,88,133,-1,
133,134,89,-1,
89,134,310,-1,
89,310,654,-1,
654,310,486,-1,
654,486,653,-1,
653,486,485,-1,
653,485,88,-1,
88,485,309,-1,
88,309,133,-1,
1291,909,652,-1,
652,909,733,-1,
652,733,653,-1,
733,734,653,-1,
653,734,910,-1,
653,910,1292,-1,
1292,910,1086,-1,
1292,1086,1291,-1,
1291,1086,1085,-1,
1291,1085,909,-1,
88,87,131,-1,
131,132,88,-1,
88,132,308,-1,
88,308,653,-1,
653,308,484,-1,
653,484,652,-1,
652,484,483,-1,
652,483,87,-1,
87,483,307,-1,
87,307,131,-1,
1290,907,651,-1,
651,907,731,-1,
651,731,652,-1,
731,732,652,-1,
652,732,908,-1,
652,908,1291,-1,
1291,908,1084,-1,
1291,1084,1290,-1,
1290,1084,1083,-1,
1290,1083,907,-1,
87,86,129,-1,
129,130,87,-1,
87,130,306,-1,
87,306,652,-1,
652,306,482,-1,
652,482,651,-1,
651,482,481,-1,
651,481,86,-1,
86,481,305,-1,
86,305,129,-1,
905,729,650,-1,
650,729,651,-1,
729,730,651,-1,
651,730,906,-1,
651,906,1290,-1,
1290,906,1082,-1,
1290,1082,1289,-1,
1289,1082,1081,-1,
86,85,127,-1,
127,128,86,-1,
86,128,304,-1,
86,304,651,-1,
651,304,480,-1,
651,480,650,-1,
650,480,479,-1,
650,479,85,-1,
85,479,303,-1,
85,303,127,-1,
1081,905,1289,-1,
1289,905,650,-1,
1289,650,904,-1,
726,650,649,-1,
904,1080,1289,-1,
1289,1080,1079,-1,
1289,1079,1288,-1,
1288,901,649,-1,
649,901,725,-1,
649,725,726,-1,
1077,1288,1078,-1,
1078,1288,1079,-1,
1078,1079,902,-1,
902,1079,903,-1,
902,903,726,-1,
726,903,727,-1,
726,727,650,-1,
650,727,728,-1,
650,728,904,-1,
124,300,477,-1,
477,300,476,-1,
84,123,124,-1,
477,301,124,-1,
124,301,125,-1,
124,125,84,-1,
84,125,85,-1,
125,126,85,-1,
85,126,302,-1,
85,302,650,-1,
650,302,478,-1,
478,477,650,-1,
650,477,476,-1,
650,476,649,-1,
649,476,475,-1,
649,475,84,-1,
84,475,299,-1,
84,299,123,-1,
1287,899,648,-1,
648,899,723,-1,
648,723,649,-1,
723,724,649,-1,
649,724,900,-1,
649,900,1288,-1,
1288,900,1076,-1,
1288,1076,1287,-1,
1287,1076,1075,-1,
1287,1075,899,-1,
84,83,121,-1,
121,122,84,-1,
84,122,298,-1,
84,298,649,-1,
649,298,474,-1,
649,474,648,-1,
648,474,473,-1,
648,473,83,-1,
83,473,297,-1,
83,297,121,-1,
1286,897,647,-1,
647,897,721,-1,
647,721,648,-1,
721,722,648,-1,
648,722,898,-1,
648,898,1287,-1,
1287,898,1074,-1,
1287,1074,1286,-1,
1286,1074,1073,-1,
1286,1073,897,-1,
83,82,119,-1,
119,120,83,-1,
83,120,296,-1,
83,296,648,-1,
648,296,472,-1,
648,472,647,-1,
647,472,471,-1,
647,471,82,-1,
82,471,295,-1,
82,295,119,-1,
895,719,646,-1,
646,719,647,-1,
1071,1285,1072,-1,
1072,1285,1286,-1,
1072,1286,896,-1,
896,1286,647,-1,
896,647,720,-1,
720,647,719,-1,
469,646,470,-1,
470,646,647,-1,
470,647,294,-1,
294,647,82,-1,
294,82,118,-1,
118,82,81,-1,
118,81,117,-1,
117,81,293,-1,
1071,895,1285,-1,
1285,895,646,-1,
1285,646,1284,-1,
1284,646,645,-1,
469,293,646,-1,
646,293,81,-1,
646,81,645,-1,
645,81,80,-1,
116,40,115,-1,
115,40,39,-1,
115,39,114,-1,
114,39,38,-1,
114,38,113,-1,
113,38,37,-1,
113,37,112,-1,
112,37,36,-1,
112,36,111,-1,
111,36,35,-1,
111,35,110,-1,
110,35,34,-1,
110,34,109,-1,
109,34,33,-1,
109,33,108,-1,
108,33,32,-1,
108,32,107,-1,
107,32,31,-1,
107,31,106,-1,
106,31,30,-1,
106,30,105,-1,
105,30,29,-1,
105,29,104,-1,
104,29,28,-1,
104,28,103,-1,
103,28,27,-1,
103,27,102,-1,
102,27,26,-1,
102,26,101,-1,
101,26,25,-1,
101,25,100,-1,
100,25,24,-1,
100,24,99,-1,
99,24,23,-1,
99,23,98,-1,
98,23,22,-1,
98,22,97,-1,
97,22,21,-1,
97,21,96,-1,
96,21,20,-1,
96,20,95,-1,
95,20,19,-1,
95,19,94,-1,
94,19,18,-1,
94,18,93,-1,
93,18,17,-1,
93,17,92,-1,
92,17,16,-1,
92,16,91,-1,
91,16,15,-1,
91,15,90,-1,
90,15,14,-1,
90,14,89,-1,
89,14,13,-1,
89,13,88,-1,
88,13,12,-1,
88,12,87,-1,
87,12,11,-1,
87,11,86,-1,
86,11,10,-1,
86,10,85,-1,
85,10,9,-1,
85,9,84,-1,
84,9,8,-1,
84,8,83,-1,
83,8,7,-1,
83,7,82,-1,
82,7,6,-1,
82,6,81,-1,
81,6,5,-1,
81,5,80,-1,
80,5,4,-1,
0,4,1,-1,
1,4,40,-1,
3,2,1,-1,
1,2,0,-1,
1321,1358,1362,-1,
4,0,41,-1,
41,0,2,-1,
41,2,78,-1,
1362,1360,1321,-1,
1321,1360,1284,-1,
1321,1284,1247,-1,
1247,1284,682,-1,
682,1284,645,-1,
682,645,41,-1,
41,645,80,-1,
41,80,4,-1,
1071,1072,1159,-1,
1159,1072,1160,-1,
983,895,1159,-1,
1159,895,1071,-1,
807,719,983,-1,
983,719,895,-1,
720,719,808,-1,
808,719,807,-1,
984,896,808,-1,
808,896,720,-1,
1160,1072,984,-1,
984,1072,896,-1,
1073,1074,1161,-1,
1161,1074,1162,-1,
985,897,1161,-1,
1161,897,1073,-1,
809,721,985,-1,
985,721,897,-1,
722,721,810,-1,
810,721,809,-1,
986,898,810,-1,
810,898,722,-1,
1162,1074,986,-1,
986,1074,898,-1,
1075,1076,1163,-1,
1163,1076,1164,-1,
987,899,1163,-1,
1163,899,1075,-1,
811,723,987,-1,
987,723,899,-1,
724,723,812,-1,
812,723,811,-1,
988,900,812,-1,
812,900,724,-1,
1164,1076,988,-1,
988,1076,900,-1,
1077,1078,1165,-1,
1165,1078,1166,-1,
989,901,1165,-1,
1165,901,1077,-1,
813,725,989,-1,
989,725,901,-1,
726,725,814,-1,
814,725,813,-1,
990,902,814,-1,
814,902,726,-1,
1166,1078,990,-1,
990,1078,902,-1,
1079,1080,1167,-1,
1167,1080,1168,-1,
991,903,1167,-1,
1167,903,1079,-1,
815,727,991,-1,
991,727,903,-1,
728,727,816,-1,
816,727,815,-1,
992,904,816,-1,
816,904,728,-1,
1168,1080,992,-1,
992,1080,904,-1,
1081,1082,1169,-1,
1169,1082,1170,-1,
993,905,1169,-1,
1169,905,1081,-1,
817,729,993,-1,
993,729,905,-1,
730,729,818,-1,
818,729,817,-1,
994,906,818,-1,
818,906,730,-1,
1170,1082,994,-1,
994,1082,906,-1,
1083,1084,1171,-1,
1171,1084,1172,-1,
995,907,1171,-1,
1171,907,1083,-1,
819,731,995,-1,
995,731,907,-1,
732,731,820,-1,
820,731,819,-1,
996,908,820,-1,
820,908,732,-1,
1172,1084,996,-1,
996,1084,908,-1,
1085,1086,1173,-1,
1173,1086,1174,-1,
997,909,1173,-1,
1173,909,1085,-1,
821,733,997,-1,
997,733,909,-1,
734,733,822,-1,
822,733,821,-1,
998,910,822,-1,
822,910,734,-1,
1174,1086,998,-1,
998,1086,910,-1,
1087,1088,1175,-1,
1175,1088,1176,-1,
999,911,1175,-1,
1175,911,1087,-1,
823,735,999,-1,
999,735,911,-1,
736,735,824,-1,
824,735,823,-1,
1000,912,824,-1,
824,912,736,-1,
1176,1088,1000,-1,
1000,1088,912,-1,
1089,1090,1177,-1,
1177,1090,1178,-1,
1001,913,1177,-1,
1177,913,1089,-1,
825,737,1001,-1,
1001,737,913,-1,
738,737,826,-1,
826,737,825,-1,
1002,914,826,-1,
826,914,738,-1,
1178,1090,1002,-1,
1002,1090,914,-1,
1091,1092,1179,-1,
1179,1092,1180,-1,
1003,915,1179,-1,
1179,915,1091,-1,
827,739,1003,-1,
1003,739,915,-1,
740,739,828,-1,
828,739,827,-1,
1004,916,828,-1,
828,916,740,-1,
1180,1092,1004,-1,
1004,1092,916,-1,
1093,1094,1181,-1,
1181,1094,1182,-1,
1005,917,1181,-1,
1181,917,1093,-1,
829,741,1005,-1,
1005,741,917,-1,
742,741,830,-1,
830,741,829,-1,
1006,918,830,-1,
830,918,742,-1,
1182,1094,1006,-1,
1006,1094,918,-1,
1095,1096,1183,-1,
1183,1096,1184,-1,
1007,919,1183,-1,
1183,919,1095,-1,
831,743,1007,-1,
1007,743,919,-1,
744,743,832,-1,
832,743,831,-1,
1008,920,832,-1,
832,920,744,-1,
1184,1096,1008,-1,
1008,1096,920,-1,
1097,1098,1185,-1,
1185,1098,1186,-1,
1009,921,1185,-1,
1185,921,1097,-1,
833,745,1009,-1,
1009,745,921,-1,
746,745,834,-1,
834,745,833,-1,
1010,922,834,-1,
834,922,746,-1,
1186,1098,1010,-1,
1010,1098,922,-1,
1099,1100,1187,-1,
1187,1100,1188,-1,
1011,923,1187,-1,
1187,923,1099,-1,
835,747,1011,-1,
1011,747,923,-1,
748,747,836,-1,
836,747,835,-1,
1012,924,836,-1,
836,924,748,-1,
1188,1100,1012,-1,
1012,1100,924,-1,
1101,1102,1189,-1,
1189,1102,1190,-1,
1013,925,1189,-1,
1189,925,1101,-1,
837,749,1013,-1,
1013,749,925,-1,
750,749,838,-1,
838,749,837,-1,
1014,926,838,-1,
838,926,750,-1,
1190,1102,1014,-1,
1014,1102,926,-1,
1103,1104,1191,-1,
1191,1104,1192,-1,
1015,927,1191,-1,
1191,927,1103,-1,
839,751,1015,-1,
1015,751,927,-1,
752,751,840,-1,
840,751,839,-1,
1016,928,840,-1,
840,928,752,-1,
1192,1104,1016,-1,
1016,1104,928,-1,
1105,1106,1193,-1,
1193,1106,1194,-1,
1017,929,1193,-1,
1193,929,1105,-1,
841,753,1017,-1,
1017,753,929,-1,
754,753,842,-1,
842,753,841,-1,
1018,930,842,-1,
842,930,754,-1,
1194,1106,1018,-1,
1018,1106,930,-1,
1107,1108,1195,-1,
1195,1108,1196,-1,
1019,931,1195,-1,
1195,931,1107,-1,
843,755,1019,-1,
1019,755,931,-1,
756,755,844,-1,
844,755,843,-1,
1020,932,844,-1,
844,932,756,-1,
1196,1108,1020,-1,
1020,1108,932,-1,
1109,1110,1197,-1,
1197,1110,1198,-1,
1021,933,1197,-1,
1197,933,1109,-1,
845,757,1021,-1,
1021,757,933,-1,
758,757,846,-1,
846,757,845,-1,
1022,934,846,-1,
846,934,758,-1,
1198,1110,1022,-1,
1022,1110,934,-1,
1111,1112,1199,-1,
1199,1112,1200,-1,
1023,935,1199,-1,
1199,935,1111,-1,
847,759,1023,-1,
1023,759,935,-1,
760,759,848,-1,
848,759,847,-1,
1024,936,848,-1,
848,936,760,-1,
1200,1112,1024,-1,
1024,1112,936,-1,
1113,1114,1201,-1,
1201,1114,1202,-1,
1025,937,1201,-1,
1201,937,1113,-1,
849,761,1025,-1,
1025,761,937,-1,
762,761,850,-1,
850,761,849,-1,
1026,938,850,-1,
850,938,762,-1,
1202,1114,1026,-1,
1026,1114,938,-1,
1115,1116,1203,-1,
1203,1116,1204,-1,
1027,939,1203,-1,
1203,939,1115,-1,
851,763,1027,-1,
1027,763,939,-1,
764,763,852,-1,
852,763,851,-1,
1028,940,852,-1,
852,940,764,-1,
1204,1116,1028,-1,
1028,1116,940,-1,
1117,1118,1205,-1,
1205,1118,1206,-1,
1029,941,1205,-1,
1205,941,1117,-1,
853,765,1029,-1,
1029,765,941,-1,
766,765,854,-1,
854,765,853,-1,
1030,942,854,-1,
854,942,766,-1,
1206,1118,1030,-1,
1030,1118,942,-1,
1119,1120,1207,-1,
1207,1120,1208,-1,
1031,943,1207,-1,
1207,943,1119,-1,
855,767,1031,-1,
1031,767,943,-1,
768,767,856,-1,
856,767,855,-1,
1032,944,856,-1,
856,944,768,-1,
1208,1120,1032,-1,
1032,1120,944,-1,
1121,1122,1209,-1,
1209,1122,1210,-1,
1033,945,1209,-1,
1209,945,1121,-1,
857,769,1033,-1,
1033,769,945,-1,
770,769,858,-1,
858,769,857,-1,
1034,946,858,-1,
858,946,770,-1,
1210,1122,1034,-1,
1034,1122,946,-1,
1123,1124,1211,-1,
1211,1124,1212,-1,
1035,947,1211,-1,
1211,947,1123,-1,
859,771,1035,-1,
1035,771,947,-1,
772,771,860,-1,
860,771,859,-1,
1036,948,860,-1,
860,948,772,-1,
1212,1124,1036,-1,
1036,1124,948,-1,
1125,1126,1213,-1,
1213,1126,1214,-1,
1037,949,1213,-1,
1213,949,1125,-1,
861,773,1037,-1,
1037,773,949,-1,
774,773,862,-1,
862,773,861,-1,
1038,950,862,-1,
862,950,774,-1,
1214,1126,1038,-1,
1038,1126,950,-1,
1127,1128,1215,-1,
1215,1128,1216,-1,
1039,951,1215,-1,
1215,951,1127,-1,
863,775,1039,-1,
1039,775,951,-1,
776,775,864,-1,
864,775,863,-1,
1040,952,864,-1,
864,952,776,-1,
1216,1128,1040,-1,
1040,1128,952,-1,
1129,1130,1217,-1,
1217,1130,1218,-1,
1041,953,1217,-1,
1217,953,1129,-1,
865,777,1041,-1,
1041,777,953,-1,
778,777,866,-1,
866,777,865,-1,
1042,954,866,-1,
866,954,778,-1,
1218,1130,1042,-1,
1042,1130,954,-1,
1131,1132,1219,-1,
1219,1132,1220,-1,
1043,955,1219,-1,
1219,955,1131,-1,
867,779,1043,-1,
1043,779,955,-1,
780,779,868,-1,
868,779,867,-1,
1044,956,868,-1,
868,956,780,-1,
1220,1132,1044,-1,
1044,1132,956,-1,
1133,1134,1221,-1,
1221,1134,1222,-1,
1045,957,1221,-1,
1221,957,1133,-1,
869,781,1045,-1,
1045,781,957,-1,
782,781,870,-1,
870,781,869,-1,
1046,958,870,-1,
870,958,782,-1,
1222,1134,1046,-1,
1046,1134,958,-1,
1135,1136,1223,-1,
1223,1136,1224,-1,
1047,959,1223,-1,
1223,959,1135,-1,
871,783,1047,-1,
1047,783,959,-1,
784,783,872,-1,
872,783,871,-1,
1048,960,872,-1,
872,960,784,-1,
1224,1136,1048,-1,
1048,1136,960,-1,
1137,1138,1225,-1,
1225,1138,1226,-1,
1049,961,1225,-1,
1225,961,1137,-1,
873,785,1049,-1,
1049,785,961,-1,
786,785,874,-1,
874,785,873,-1,
1050,962,874,-1,
874,962,786,-1,
1226,1138,1050,-1,
1050,1138,962,-1,
1139,1140,1227,-1,
1227,1140,1228,-1,
1051,963,1227,-1,
1227,963,1139,-1,
875,787,1051,-1,
1051,787,963,-1,
788,787,876,-1,
876,787,875,-1,
1052,964,876,-1,
876,964,788,-1,
1228,1140,1052,-1,
1052,1140,964,-1,
1141,1142,1229,-1,
1229,1142,1230,-1,
1053,965,1229,-1,
1229,965,1141,-1,
877,789,1053,-1,
1053,789,965,-1,
790,789,878,-1,
878,789,877,-1,
1054,966,878,-1,
878,966,790,-1,
1230,1142,1054,-1,
1054,1142,966,-1,
1143,1144,1231,-1,
1231,1144,1232,-1,
1055,967,1231,-1,
1231,967,1143,-1,
879,791,1055,-1,
1055,791,967,-1,
792,791,880,-1,
880,791,879,-1,
1056,968,880,-1,
880,968,792,-1,
1232,1144,1056,-1,
1056,1144,968,-1,
1145,1146,1233,-1,
1233,1146,1234,-1,
1057,969,1233,-1,
1233,969,1145,-1,
881,793,1057,-1,
1057,793,969,-1,
794,793,882,-1,
882,793,881,-1,
1058,970,882,-1,
882,970,794,-1,
1234,1146,1058,-1,
1058,1146,970,-1,
1147,1148,1235,-1,
1235,1148,1236,-1,
1059,971,1235,-1,
1235,971,1147,-1,
883,795,1059,-1,
1059,795,971,-1,
796,795,884,-1,
884,795,883,-1,
1060,972,884,-1,
884,972,796,-1,
1236,1148,1060,-1,
1060,1148,972,-1,
1149,1150,1237,-1,
1237,1150,1238,-1,
1061,973,1237,-1,
1237,973,1149,-1,
885,797,1061,-1,
1061,797,973,-1,
798,797,886,-1,
886,797,885,-1,
1062,974,886,-1,
886,974,798,-1,
1238,1150,1062,-1,
1062,1150,974,-1,
1151,1152,1239,-1,
1239,1152,1240,-1,
1063,975,1239,-1,
1239,975,1151,-1,
887,799,1063,-1,
1063,799,975,-1,
800,799,888,-1,
888,799,887,-1,
1064,976,888,-1,
888,976,800,-1,
1240,1152,1064,-1,
1064,1152,976,-1,
1153,1154,1241,-1,
1241,1154,1242,-1,
1065,977,1241,-1,
1241,977,1153,-1,
889,801,1065,-1,
1065,801,977,-1,
802,801,890,-1,
890,801,889,-1,
1066,978,890,-1,
890,978,802,-1,
1242,1154,1066,-1,
1066,1154,978,-1,
1155,1156,1243,-1,
1243,1156,1244,-1,
1067,979,1243,-1,
1243,979,1155,-1,
891,803,1067,-1,
1067,803,979,-1,
804,803,892,-1,
892,803,891,-1,
1068,980,892,-1,
892,980,804,-1,
1244,1156,1068,-1,
1068,1156,980,-1,
1157,1158,1245,-1,
1245,1158,1246,-1,
1069,981,1245,-1,
1245,981,1157,-1,
893,805,1069,-1,
1069,805,981,-1,
806,805,894,-1,
894,805,893,-1,
1070,982,894,-1,
894,982,806,-1,
1246,1158,1070,-1,
1070,1158,982,-1,
118,117,206,-1,
206,117,205,-1,
293,381,117,-1,
117,381,205,-1,
469,557,293,-1,
293,557,381,-1,
469,470,557,-1,
557,470,558,-1,
294,382,470,-1,
470,382,558,-1,
118,206,294,-1,
294,206,382,-1,
120,119,208,-1,
208,119,207,-1,
295,383,119,-1,
119,383,207,-1,
471,559,295,-1,
295,559,383,-1,
471,472,559,-1,
559,472,560,-1,
296,384,472,-1,
472,384,560,-1,
120,208,296,-1,
296,208,384,-1,
122,121,210,-1,
210,121,209,-1,
297,385,121,-1,
121,385,209,-1,
473,561,297,-1,
297,561,385,-1,
473,474,561,-1,
561,474,562,-1,
298,386,474,-1,
474,386,562,-1,
122,210,298,-1,
298,210,386,-1,
124,123,212,-1,
212,123,211,-1,
299,387,123,-1,
123,387,211,-1,
475,563,299,-1,
299,563,387,-1,
475,476,563,-1,
563,476,564,-1,
300,388,476,-1,
476,388,564,-1,
124,212,300,-1,
300,212,388,-1,
126,125,214,-1,
214,125,213,-1,
301,389,125,-1,
125,389,213,-1,
477,565,301,-1,
301,565,389,-1,
477,478,565,-1,
565,478,566,-1,
302,390,478,-1,
478,390,566,-1,
126,214,302,-1,
302,214,390,-1,
128,127,216,-1,
216,127,215,-1,
303,391,127,-1,
127,391,215,-1,
479,567,303,-1,
303,567,391,-1,
479,480,567,-1,
567,480,568,-1,
304,392,480,-1,
480,392,568,-1,
128,216,304,-1,
304,216,392,-1,
130,129,218,-1,
218,129,217,-1,
305,393,129,-1,
129,393,217,-1,
481,569,305,-1,
305,569,393,-1,
481,482,569,-1,
569,482,570,-1,
306,394,482,-1,
482,394,570,-1,
130,218,306,-1,
306,218,394,-1,
132,131,220,-1,
220,131,219,-1,
307,395,131,-1,
131,395,219,-1,
483,571,307,-1,
307,571,395,-1,
483,484,571,-1,
571,484,572,-1,
308,396,484,-1,
484,396,572,-1,
132,220,308,-1,
308,220,396,-1,
134,133,222,-1,
222,133,221,-1,
309,397,133,-1,
133,397,221,-1,
485,573,309,-1,
309,573,397,-1,
485,486,573,-1,
573,486,574,-1,
310,398,486,-1,
486,398,574,-1,
134,222,310,-1,
310,222,398,-1,
136,135,224,-1,
224,135,223,-1,
311,399,135,-1,
135,399,223,-1,
487,575,311,-1,
311,575,399,-1,
487,488,575,-1,
575,488,576,-1,
312,400,488,-1,
488,400,576,-1,
136,224,312,-1,
312,224,400,-1,
138,137,226,-1,
226,137,225,-1,
313,401,137,-1,
137,401,225,-1,
489,577,313,-1,
313,577,401,-1,
489,490,577,-1,
577,490,578,-1,
314,402,490,-1,
490,402,578,-1,
138,226,314,-1,
314,226,402,-1,
140,139,228,-1,
228,139,227,-1,
315,403,139,-1,
139,403,227,-1,
491,579,315,-1,
315,579,403,-1,
491,492,579,-1,
579,492,580,-1,
316,404,492,-1,
492,404,580,-1,
140,228,316,-1,
316,228,404,-1,
142,141,230,-1,
230,141,229,-1,
317,405,141,-1,
141,405,229,-1,
493,581,317,-1,
317,581,405,-1,
493,494,581,-1,
581,494,582,-1,
318,406,494,-1,
494,406,582,-1,
142,230,318,-1,
318,230,406,-1,
144,143,232,-1,
232,143,231,-1,
319,407,143,-1,
143,407,231,-1,
495,583,319,-1,
319,583,407,-1,
495,496,583,-1,
583,496,584,-1,
320,408,496,-1,
496,408,584,-1,
144,232,320,-1,
320,232,408,-1,
146,145,234,-1,
234,145,233,-1,
321,409,145,-1,
145,409,233,-1,
497,585,321,-1,
321,585,409,-1,
497,498,585,-1,
585,498,586,-1,
322,410,498,-1,
498,410,586,-1,
146,234,322,-1,
322,234,410,-1,
148,147,236,-1,
236,147,235,-1,
323,411,147,-1,
147,411,235,-1,
499,587,323,-1,
323,587,411,-1,
499,500,587,-1,
587,500,588,-1,
324,412,500,-1,
500,412,588,-1,
148,236,324,-1,
324,236,412,-1,
150,149,238,-1,
238,149,237,-1,
325,413,149,-1,
149,413,237,-1,
501,589,325,-1,
325,589,413,-1,
501,502,589,-1,
589,502,590,-1,
326,414,502,-1,
502,414,590,-1,
150,238,326,-1,
326,238,414,-1,
152,151,240,-1,
240,151,239,-1,
327,415,151,-1,
151,415,239,-1,
503,591,327,-1,
327,591,415,-1,
503,504,591,-1,
591,504,592,-1,
328,416,504,-1,
504,416,592,-1,
152,240,328,-1,
328,240,416,-1,
154,153,242,-1,
242,153,241,-1,
329,417,153,-1,
153,417,241,-1,
505,593,329,-1,
329,593,417,-1,
505,506,593,-1,
593,506,594,-1,
330,418,506,-1,
506,418,594,-1,
154,242,330,-1,
330,242,418,-1,
156,155,244,-1,
244,155,243,-1,
331,419,155,-1,
155,419,243,-1,
507,595,331,-1,
331,595,419,-1,
507,508,595,-1,
595,508,596,-1,
332,420,508,-1,
508,420,596,-1,
156,244,332,-1,
332,244,420,-1,
158,157,246,-1,
246,157,245,-1,
333,421,157,-1,
157,421,245,-1,
509,597,333,-1,
333,597,421,-1,
509,510,597,-1,
597,510,598,-1,
334,422,510,-1,
510,422,598,-1,
158,246,334,-1,
334,246,422,-1,
160,159,248,-1,
248,159,247,-1,
335,423,159,-1,
159,423,247,-1,
511,599,335,-1,
335,599,423,-1,
511,512,599,-1,
599,512,600,-1,
336,424,512,-1,
512,424,600,-1,
160,248,336,-1,
336,248,424,-1,
162,161,250,-1,
250,161,249,-1,
337,425,161,-1,
161,425,249,-1,
513,601,337,-1,
337,601,425,-1,
513,514,601,-1,
601,514,602,-1,
338,426,514,-1,
514,426,602,-1,
162,250,338,-1,
338,250,426,-1,
164,163,252,-1,
252,163,251,-1,
339,427,163,-1,
163,427,251,-1,
515,603,339,-1,
339,603,427,-1,
515,516,603,-1,
603,516,604,-1,
340,428,516,-1,
516,428,604,-1,
164,252,340,-1,
340,252,428,-1,
166,165,254,-1,
254,165,253,-1,
341,429,165,-1,
165,429,253,-1,
517,605,341,-1,
341,605,429,-1,
517,518,605,-1,
605,518,606,-1,
342,430,518,-1,
518,430,606,-1,
166,254,342,-1,
342,254,430,-1,
168,167,256,-1,
256,167,255,-1,
343,431,167,-1,
167,431,255,-1,
519,607,343,-1,
343,607,431,-1,
519,520,607,-1,
607,520,608,-1,
344,432,520,-1,
520,432,608,-1,
168,256,344,-1,
344,256,432,-1,
170,169,258,-1,
258,169,257,-1,
345,433,169,-1,
169,433,257,-1,
521,609,345,-1,
345,609,433,-1,
521,522,609,-1,
609,522,610,-1,
346,434,522,-1,
522,434,610,-1,
170,258,346,-1,
346,258,434,-1,
172,171,260,-1,
260,171,259,-1,
347,435,171,-1,
171,435,259,-1,
523,611,347,-1,
347,611,435,-1,
523,524,611,-1,
611,524,612,-1,
348,436,524,-1,
524,436,612,-1,
172,260,348,-1,
348,260,436,-1,
174,173,262,-1,
262,173,261,-1,
349,437,173,-1,
173,437,261,-1,
525,613,349,-1,
349,613,437,-1,
525,526,613,-1,
613,526,614,-1,
350,438,526,-1,
526,438,614,-1,
174,262,350,-1,
350,262,438,-1,
176,175,264,-1,
264,175,263,-1,
351,439,175,-1,
175,439,263,-1,
527,615,351,-1,
351,615,439,-1,
527,528,615,-1,
615,528,616,-1,
352,440,528,-1,
528,440,616,-1,
176,264,352,-1,
352,264,440,-1,
178,177,266,-1,
266,177,265,-1,
353,441,177,-1,
177,441,265,-1,
529,617,353,-1,
353,617,441,-1,
529,530,617,-1,
617,530,618,-1,
354,442,530,-1,
530,442,618,-1,
178,266,354,-1,
354,266,442,-1,
180,179,268,-1,
268,179,267,-1,
355,443,179,-1,
179,443,267,-1,
531,619,355,-1,
355,619,443,-1,
531,532,619,-1,
619,532,620,-1,
356,444,532,-1,
532,444,620,-1,
180,268,356,-1,
356,268,444,-1,
182,181,270,-1,
270,181,269,-1,
357,445,181,-1,
181,445,269,-1,
533,621,357,-1,
357,621,445,-1,
533,534,621,-1,
621,534,622,-1,
358,446,534,-1,
534,446,622,-1,
182,270,358,-1,
358,270,446,-1,
184,183,272,-1,
272,183,271,-1,
359,447,183,-1,
183,447,271,-1,
535,623,359,-1,
359,623,447,-1,
535,536,623,-1,
623,536,624,-1,
360,448,536,-1,
536,448,624,-1,
184,272,360,-1,
360,272,448,-1,
186,185,274,-1,
274,185,273,-1,
361,449,185,-1,
185,449,273,-1,
537,625,361,-1,
361,625,449,-1,
537,538,625,-1,
625,538,626,-1,
362,450,538,-1,
538,450,626,-1,
186,274,362,-1,
362,274,450,-1,
188,187,276,-1,
276,187,275,-1,
363,451,187,-1,
187,451,275,-1,
539,627,363,-1,
363,627,451,-1,
539,540,627,-1,
627,540,628,-1,
364,452,540,-1,
540,452,628,-1,
188,276,364,-1,
364,276,452,-1,
190,189,278,-1,
278,189,277,-1,
365,453,189,-1,
189,453,277,-1,
541,629,365,-1,
365,629,453,-1,
541,542,629,-1,
629,542,630,-1,
366,454,542,-1,
542,454,630,-1,
190,278,366,-1,
366,278,454,-1,
192,191,280,-1,
280,191,279,-1,
367,455,191,-1,
191,455,279,-1,
543,631,367,-1,
367,631,455,-1,
543,544,631,-1,
631,544,632,-1,
368,456,544,-1,
544,456,632,-1,
192,280,368,-1,
368,280,456,-1,
194,193,282,-1,
282,193,281,-1,
369,457,193,-1,
193,457,281,-1,
545,633,369,-1,
369,633,457,-1,
545,546,633,-1,
633,546,634,-1,
370,458,546,-1,
546,458,634,-1,
194,282,370,-1,
370,282,458,-1,
196,195,284,-1,
284,195,283,-1,
371,459,195,-1,
195,459,283,-1,
547,635,371,-1,
371,635,459,-1,
547,548,635,-1,
635,548,636,-1,
372,460,548,-1,
548,460,636,-1,
196,284,372,-1,
372,284,460,-1,
198,197,286,-1,
286,197,285,-1,
373,461,197,-1,
197,461,285,-1,
549,637,373,-1,
373,637,461,-1,
549,550,637,-1,
637,550,638,-1,
374,462,550,-1,
550,462,638,-1,
198,286,374,-1,
374,286,462,-1,
200,199,288,-1,
288,199,287,-1,
375,463,199,-1,
199,463,287,-1,
551,639,375,-1,
375,639,463,-1,
551,552,639,-1,
639,552,640,-1,
376,464,552,-1,
552,464,640,-1,
200,288,376,-1,
376,288,464,-1,
202,201,290,-1,
290,201,289,-1,
377,465,201,-1,
201,465,289,-1,
553,641,377,-1,
377,641,465,-1,
553,554,641,-1,
641,554,642,-1,
378,466,554,-1,
554,466,642,-1,
202,290,378,-1,
378,290,466,-1,
204,203,292,-1,
292,203,291,-1,
379,467,203,-1,
203,467,291,-1,
555,643,379,-1,
379,643,467,-1,
555,556,643,-1,
643,556,644,-1,
380,468,556,-1,
556,468,644,-1,
204,292,380,-1,
380,292,468,-1
]
normalIndex [
6,6,6,-1,
6,6,6,-1,
6,6,6,-1,
6,6,6,-1,
6,6,6,-1,
6,6,6,-1,
6,6,6,-1,
6,6,6,-1,
6,6,6,-1,
6,6,6,-1,
6,6,6,-1,
6,6,6,-1,
1,1,1,-1,
1,1,1,-1,
11,11,11,-1,
11,11,11,-1,
11,11,11,-1,
11,11,11,-1,
11,11,11,-1,
11,11,11,-1,
11,11,11,-1,
11,11,11,-1,
11,11,11,-1,
11,11,11,-1,
11,11,11,-1,
11,11,11,-1,
11,11,11,-1,
11,11,11,-1,
11,11,11,-1,
11,11,11,-1,
11,11,11,-1,
11,11,11,-1,
11,11,11,-1,
11,11,11,-1,
11,11,11,-1,
11,11,11,-1,
11,11,11,-1,
11,11,11,-1,
11,11,11,-1,
11,11,11,-1,
11,11,11,-1,
11,11,11,-1,
11,11,11,-1,
11,11,11,-1,
11,11,11,-1,
11,11,11,-1,
11,11,11,-1,
11,11,11,-1,
11,11,11,-1,
11,11,11,-1,
11,11,11,-1,
7,7,7,-1,
7,7,7,-1,
7,7,7,-1,
7,7,7,-1,
7,7,7,-1,
7,7,7,-1,
7,7,7,-1,
7,7,7,-1,
7,7,7,-1,
7,7,7,-1,
7,7,7,-1,
7,7,7,-1,
7,7,7,-1,
7,7,7,-1,
7,7,7,-1,
7,7,7,-1,
7,7,7,-1,
7,7,7,-1,
7,7,7,-1,
7,7,7,-1,
7,7,7,-1,
7,7,7,-1,
7,7,7,-1,
7,7,7,-1,
7,7,7,-1,
7,7,7,-1,
7,7,7,-1,
7,7,7,-1,
7,7,7,-1,
7,7,7,-1,
7,7,7,-1,
7,7,7,-1,
7,7,7,-1,
7,7,7,-1,
7,7,7,-1,
7,7,7,-1,
7,7,7,-1,
7,7,7,-1,
7,7,7,-1,
7,7,7,-1,
7,7,7,-1,
7,7,7,-1,
7,7,7,-1,
7,7,7,-1,
7,7,7,-1,
7,7,7,-1,
7,7,7,-1,
7,7,7,-1,
7,7,7,-1,
7,7,7,-1,
7,7,7,-1,
7,7,7,-1,
7,7,7,-1,
7,7,7,-1,
7,7,7,-1,
7,7,7,-1,
7,7,7,-1,
7,7,7,-1,
7,7,7,-1,
7,7,7,-1,
7,7,7,-1,
7,7,7,-1,
7,7,7,-1,
7,7,7,-1,
7,7,7,-1,
7,7,7,-1,
7,7,7,-1,
7,7,7,-1,
7,7,7,-1,
7,7,7,-1,
7,7,7,-1,
7,7,7,-1,
7,7,7,-1,
7,7,7,-1,
7,7,7,-1,
7,7,7,-1,
7,7,7,-1,
7,7,7,-1,
7,7,7,-1,
7,7,7,-1,
7,7,7,-1,
7,7,7,-1,
7,7,7,-1,
7,7,7,-1,
7,7,7,-1,
7,7,7,-1,
7,7,7,-1,
7,7,7,-1,
7,7,7,-1,
7,7,7,-1,
7,7,7,-1,
7,7,7,-1,
7,7,7,-1,
7,7,7,-1,
7,7,7,-1,
7,7,7,-1,
7,7,7,-1,
7,7,7,-1,
7,7,7,-1,
7,7,7,-1,
7,7,7,-1,
7,7,7,-1,
7,7,7,-1,
7,7,7,-1,
7,7,7,-1,
7,7,7,-1,
7,7,7,-1,
7,7,7,-1,
7,7,7,-1,
7,7,7,-1,
7,7,7,-1,
7,7,7,-1,
7,7,7,-1,
7,7,7,-1,
7,7,7,-1,
7,7,7,-1,
7,7,7,-1,
7,7,7,-1,
7,7,7,-1,
7,7,7,-1,
7,7,7,-1,
7,7,7,-1,
7,7,7,-1,
7,7,7,-1,
7,7,7,-1,
7,7,7,-1,
7,7,7,-1,
7,7,7,-1,
7,7,7,-1,
7,7,7,-1,
7,7,7,-1,
7,7,7,-1,
7,7,7,-1,
7,7,7,-1,
7,7,7,-1,
7,7,7,-1,
7,7,7,-1,
7,7,7,-1,
7,7,7,-1,
7,7,7,-1,
7,7,7,-1,
7,7,7,-1,
7,7,7,-1,
7,7,7,-1,
7,7,7,-1,
7,7,7,-1,
7,7,7,-1,
7,7,7,-1,
7,7,7,-1,
7,7,7,-1,
7,7,7,-1,
7,7,7,-1,
7,7,7,-1,
7,7,7,-1,
7,7,7,-1,
7,7,7,-1,
7,7,7,-1,
7,7,7,-1,
7,7,7,-1,
7,7,7,-1,
7,7,7,-1,
7,7,7,-1,
7,7,7,-1,
7,7,7,-1,
7,7,7,-1,
7,7,7,-1,
7,7,7,-1,
7,7,7,-1,
7,7,7,-1,
7,7,7,-1,
7,7,7,-1,
7,7,7,-1,
7,7,7,-1,
7,7,7,-1,
7,7,7,-1,
7,7,7,-1,
7,7,7,-1,
7,7,7,-1,
7,7,7,-1,
7,7,7,-1,
7,7,7,-1,
7,7,7,-1,
7,7,7,-1,
7,7,7,-1,
7,7,7,-1,
7,7,7,-1,
7,7,7,-1,
7,7,7,-1,
7,7,7,-1,
7,7,7,-1,
7,7,7,-1,
7,7,7,-1,
7,7,7,-1,
7,7,7,-1,
7,7,7,-1,
7,7,7,-1,
7,7,7,-1,
7,7,7,-1,
7,7,7,-1,
7,7,7,-1,
7,7,7,-1,
7,7,7,-1,
7,7,7,-1,
7,7,7,-1,
7,7,7,-1,
7,7,7,-1,
7,7,7,-1,
7,7,7,-1,
7,7,7,-1,
7,7,7,-1,
7,7,7,-1,
7,7,7,-1,
7,7,7,-1,
7,7,7,-1,
7,7,7,-1,
7,7,7,-1,
7,7,7,-1,
7,7,7,-1,
7,7,7,-1,
7,7,7,-1,
7,7,7,-1,
7,7,7,-1,
7,7,7,-1,
7,7,7,-1,
7,7,7,-1,
7,7,7,-1,
7,7,7,-1,
7,7,7,-1,
7,7,7,-1,
7,7,7,-1,
7,7,7,-1,
7,7,7,-1,
7,7,7,-1,
7,7,7,-1,
7,7,7,-1,
7,7,7,-1,
7,7,7,-1,
7,7,7,-1,
7,7,7,-1,
7,7,7,-1,
7,7,7,-1,
7,7,7,-1,
7,7,7,-1,
7,7,7,-1,
7,7,7,-1,
7,7,7,-1,
7,7,7,-1,
7,7,7,-1,
7,7,7,-1,
7,7,7,-1,
7,7,7,-1,
7,7,7,-1,
7,7,7,-1,
7,7,7,-1,
7,7,7,-1,
7,7,7,-1,
7,7,7,-1,
7,7,7,-1,
7,7,7,-1,
7,7,7,-1,
7,7,7,-1,
7,7,7,-1,
7,7,7,-1,
7,7,7,-1,
7,7,7,-1,
7,7,7,-1,
7,7,7,-1,
7,7,7,-1,
7,7,7,-1,
7,7,7,-1,
7,7,7,-1,
7,7,7,-1,
7,7,7,-1,
7,7,7,-1,
7,7,7,-1,
7,7,7,-1,
7,7,7,-1,
7,7,7,-1,
7,7,7,-1,
7,7,7,-1,
7,7,7,-1,
7,7,7,-1,
7,7,7,-1,
7,7,7,-1,
7,7,7,-1,
7,7,7,-1,
7,7,7,-1,
7,7,7,-1,
7,7,7,-1,
7,7,7,-1,
7,7,7,-1,
7,7,7,-1,
7,7,7,-1,
7,7,7,-1,
7,7,7,-1,
7,7,7,-1,
7,7,7,-1,
7,7,7,-1,
7,7,7,-1,
7,7,7,-1,
7,7,7,-1,
7,7,7,-1,
7,7,7,-1,
7,7,7,-1,
7,7,7,-1,
7,7,7,-1,
7,7,7,-1,
7,7,7,-1,
7,7,7,-1,
7,7,7,-1,
7,7,7,-1,
7,7,7,-1,
7,7,7,-1,
7,7,7,-1,
7,7,7,-1,
7,7,7,-1,
7,7,7,-1,
7,7,7,-1,
7,7,7,-1,
7,7,7,-1,
7,7,7,-1,
7,7,7,-1,
7,7,7,-1,
7,7,7,-1,
7,7,7,-1,
7,7,7,-1,
7,7,7,-1,
7,7,7,-1,
7,7,7,-1,
7,7,7,-1,
7,7,7,-1,
7,7,7,-1,
7,7,7,-1,
7,7,7,-1,
7,7,7,-1,
7,7,7,-1,
7,7,7,-1,
7,7,7,-1,
7,7,7,-1,
7,7,7,-1,
7,7,7,-1,
7,7,7,-1,
7,7,7,-1,
7,7,7,-1,
7,7,7,-1,
7,7,7,-1,
7,7,7,-1,
7,7,7,-1,
7,7,7,-1,
7,7,7,-1,
7,7,7,-1,
7,7,7,-1,
7,7,7,-1,
7,7,7,-1,
7,7,7,-1,
7,7,7,-1,
7,7,7,-1,
7,7,7,-1,
7,7,7,-1,
7,7,7,-1,
7,7,7,-1,
7,7,7,-1,
7,7,7,-1,
7,7,7,-1,
7,7,7,-1,
7,7,7,-1,
7,7,7,-1,
7,7,7,-1,
7,7,7,-1,
7,7,7,-1,
7,7,7,-1,
7,7,7,-1,
7,7,7,-1,
7,7,7,-1,
7,7,7,-1,
7,7,7,-1,
7,7,7,-1,
7,7,7,-1,
7,7,7,-1,
7,7,7,-1,
7,7,7,-1,
7,7,7,-1,
7,7,7,-1,
7,7,7,-1,
7,7,7,-1,
7,7,7,-1,
7,7,7,-1,
7,7,7,-1,
7,7,7,-1,
7,7,7,-1,
7,7,7,-1,
7,7,7,-1,
7,7,7,-1,
7,7,7,-1,
7,7,7,-1,
7,7,7,-1,
7,7,7,-1,
7,7,7,-1,
7,7,7,-1,
7,7,7,-1,
7,7,7,-1,
7,7,7,-1,
7,7,7,-1,
7,7,7,-1,
7,7,7,-1,
7,7,7,-1,
7,7,7,-1,
7,7,7,-1,
7,7,7,-1,
7,7,7,-1,
7,7,7,-1,
7,7,7,-1,
7,7,7,-1,
7,7,7,-1,
7,7,7,-1,
7,7,7,-1,
7,7,7,-1,
7,7,7,-1,
7,7,7,-1,
7,7,7,-1,
7,7,7,-1,
7,7,7,-1,
7,7,7,-1,
7,7,7,-1,
7,7,7,-1,
7,7,7,-1,
7,7,7,-1,
7,7,7,-1,
7,7,7,-1,
7,7,7,-1,
7,7,7,-1,
7,7,7,-1,
7,7,7,-1,
7,7,7,-1,
7,7,7,-1,
7,7,7,-1,
7,7,7,-1,
7,7,7,-1,
7,7,7,-1,
7,7,7,-1,
7,7,7,-1,
7,7,7,-1,
7,7,7,-1,
7,7,7,-1,
7,7,7,-1,
7,7,7,-1,
7,7,7,-1,
7,7,7,-1,
7,7,7,-1,
7,7,7,-1,
7,7,7,-1,
7,7,7,-1,
7,7,7,-1,
7,7,7,-1,
7,7,7,-1,
7,7,7,-1,
7,7,7,-1,
7,7,7,-1,
7,7,7,-1,
7,7,7,-1,
7,7,7,-1,
7,7,7,-1,
7,7,7,-1,
7,7,7,-1,
7,7,7,-1,
7,7,7,-1,
7,7,7,-1,
7,7,7,-1,
7,7,7,-1,
7,7,7,-1,
7,7,7,-1,
7,7,7,-1,
7,7,7,-1,
7,7,7,-1,
7,7,7,-1,
7,7,7,-1,
7,7,7,-1,
7,7,7,-1,
7,7,7,-1,
7,7,7,-1,
7,7,7,-1,
7,7,7,-1,
7,7,7,-1,
7,7,7,-1,
7,7,7,-1,
7,7,7,-1,
7,7,7,-1,
7,7,7,-1,
7,7,7,-1,
7,7,7,-1,
7,7,7,-1,
7,7,7,-1,
7,7,7,-1,
7,7,7,-1,
7,7,7,-1,
7,7,7,-1,
7,7,7,-1,
7,7,7,-1,
7,7,7,-1,
7,7,7,-1,
7,7,7,-1,
7,7,7,-1,
7,7,7,-1,
7,7,7,-1,
7,7,7,-1,
7,7,7,-1,
7,7,7,-1,
7,7,7,-1,
7,7,7,-1,
7,7,7,-1,
7,7,7,-1,
7,7,7,-1,
7,7,7,-1,
7,7,7,-1,
7,7,7,-1,
7,7,7,-1,
7,7,7,-1,
7,7,7,-1,
7,7,7,-1,
7,7,7,-1,
7,7,7,-1,
7,7,7,-1,
7,7,7,-1,
7,7,7,-1,
7,7,7,-1,
7,7,7,-1,
7,7,7,-1,
7,7,7,-1,
7,7,7,-1,
7,7,7,-1,
7,7,7,-1,
7,7,7,-1,
7,7,7,-1,
7,7,7,-1,
7,7,7,-1,
7,7,7,-1,
7,7,7,-1,
7,7,7,-1,
7,7,7,-1,
7,7,7,-1,
7,7,7,-1,
7,7,7,-1,
7,7,7,-1,
7,7,7,-1,
7,7,7,-1,
7,7,7,-1,
7,7,7,-1,
7,7,7,-1,
7,7,7,-1,
7,7,7,-1,
7,7,7,-1,
7,7,7,-1,
7,7,7,-1,
7,7,7,-1,
7,7,7,-1,
7,7,7,-1,
7,7,7,-1,
7,7,7,-1,
7,7,7,-1,
7,7,7,-1,
7,7,7,-1,
7,7,7,-1,
7,7,7,-1,
7,7,7,-1,
7,7,7,-1,
7,7,7,-1,
7,7,7,-1,
7,7,7,-1,
7,7,7,-1,
7,7,7,-1,
7,7,7,-1,
7,7,7,-1,
7,7,7,-1,
7,7,7,-1,
7,7,7,-1,
7,7,7,-1,
7,7,7,-1,
7,7,7,-1,
7,7,7,-1,
7,7,7,-1,
7,7,7,-1,
7,7,7,-1,
7,7,7,-1,
7,7,7,-1,
7,7,7,-1,
7,7,7,-1,
7,7,7,-1,
7,7,7,-1,
7,7,7,-1,
7,7,7,-1,
7,7,7,-1,
7,7,7,-1,
7,7,7,-1,
7,7,7,-1,
7,7,7,-1,
7,7,7,-1,
7,7,7,-1,
7,7,7,-1,
7,7,7,-1,
7,7,7,-1,
7,7,7,-1,
7,7,7,-1,
7,7,7,-1,
7,7,7,-1,
7,7,7,-1,
7,7,7,-1,
7,7,7,-1,
7,7,7,-1,
7,7,7,-1,
7,7,7,-1,
7,7,7,-1,
7,7,7,-1,
7,7,7,-1,
7,7,7,-1,
7,7,7,-1,
7,7,7,-1,
7,7,7,-1,
7,7,7,-1,
7,7,7,-1,
7,7,7,-1,
7,7,7,-1,
7,7,7,-1,
7,7,7,-1,
7,7,7,-1,
7,7,7,-1,
7,7,7,-1,
7,7,7,-1,
7,7,7,-1,
7,7,7,-1,
7,7,7,-1,
7,7,7,-1,
7,7,7,-1,
7,7,7,-1,
7,7,7,-1,
7,7,7,-1,
7,7,7,-1,
7,7,7,-1,
7,7,7,-1,
7,7,7,-1,
7,7,7,-1,
7,7,7,-1,
7,7,7,-1,
7,7,7,-1,
7,7,7,-1,
7,7,7,-1,
7,7,7,-1,
7,7,7,-1,
7,7,7,-1,
7,7,7,-1,
7,7,7,-1,
7,7,7,-1,
7,7,7,-1,
7,7,7,-1,
7,7,7,-1,
7,7,7,-1,
7,7,7,-1,
7,7,7,-1,
7,7,7,-1,
7,7,7,-1,
7,7,7,-1,
7,7,7,-1,
7,7,7,-1,
7,7,7,-1,
7,7,7,-1,
7,7,7,-1,
7,7,7,-1,
7,7,7,-1,
7,7,7,-1,
7,7,7,-1,
7,7,7,-1,
7,7,7,-1,
7,7,7,-1,
7,7,7,-1,
7,7,7,-1,
7,7,7,-1,
7,7,7,-1,
7,7,7,-1,
7,7,7,-1,
7,7,7,-1,
7,7,7,-1,
7,7,7,-1,
7,7,7,-1,
7,7,7,-1,
7,7,7,-1,
7,7,7,-1,
7,7,7,-1,
7,7,7,-1,
7,7,7,-1,
7,7,7,-1,
7,7,7,-1,
7,7,7,-1,
7,7,7,-1,
7,7,7,-1,
7,7,7,-1,
7,7,7,-1,
7,7,7,-1,
7,7,7,-1,
7,7,7,-1,
7,7,7,-1,
7,7,7,-1,
7,7,7,-1,
7,7,7,-1,
7,7,7,-1,
7,7,7,-1,
7,7,7,-1,
7,7,7,-1,
7,7,7,-1,
7,7,7,-1,
7,7,7,-1,
7,7,7,-1,
7,7,7,-1,
7,7,7,-1,
7,7,7,-1,
7,7,7,-1,
7,7,7,-1,
7,7,7,-1,
7,7,7,-1,
7,7,7,-1,
7,7,7,-1,
7,7,7,-1,
7,7,7,-1,
7,7,7,-1,
7,7,7,-1,
7,7,7,-1,
7,7,7,-1,
7,7,7,-1,
7,7,7,-1,
7,7,7,-1,
7,7,7,-1,
7,7,7,-1,
7,7,7,-1,
7,7,7,-1,
7,7,7,-1,
7,7,7,-1,
7,7,7,-1,
7,7,7,-1,
7,7,7,-1,
7,7,7,-1,
7,7,7,-1,
7,7,7,-1,
7,7,7,-1,
7,7,7,-1,
7,7,7,-1,
7,7,7,-1,
7,7,7,-1,
7,7,7,-1,
7,7,7,-1,
7,7,7,-1,
7,7,7,-1,
7,7,7,-1,
7,7,7,-1,
7,7,7,-1,
7,7,7,-1,
7,7,7,-1,
7,7,7,-1,
7,7,7,-1,
7,7,7,-1,
7,7,7,-1,
7,7,7,-1,
7,7,7,-1,
7,7,7,-1,
7,7,7,-1,
7,7,7,-1,
7,7,7,-1,
7,7,7,-1,
7,7,7,-1,
7,7,7,-1,
7,7,7,-1,
7,7,7,-1,
7,7,7,-1,
7,7,7,-1,
7,7,7,-1,
7,7,7,-1,
7,7,7,-1,
7,7,7,-1,
7,7,7,-1,
7,7,7,-1,
7,7,7,-1,
7,7,7,-1,
7,7,7,-1,
7,7,7,-1,
7,7,7,-1,
7,7,7,-1,
7,7,7,-1,
7,7,7,-1,
7,7,7,-1,
7,7,7,-1,
7,7,7,-1,
7,7,7,-1,
7,7,7,-1,
7,7,7,-1,
7,7,7,-1,
7,7,7,-1,
7,7,7,-1,
7,7,7,-1,
7,7,7,-1,
7,7,7,-1,
7,7,7,-1,
7,7,7,-1,
7,7,7,-1,
7,7,7,-1,
7,7,7,-1,
7,7,7,-1,
7,7,7,-1,
7,7,7,-1,
7,7,7,-1,
7,7,7,-1,
7,7,7,-1,
7,7,7,-1,
7,7,7,-1,
7,7,7,-1,
7,7,7,-1,
7,7,7,-1,
7,7,7,-1,
7,7,7,-1,
7,7,7,-1,
7,7,7,-1,
7,7,7,-1,
7,7,7,-1,
7,7,7,-1,
7,7,7,-1,
7,7,7,-1,
7,7,7,-1,
7,7,7,-1,
7,7,7,-1,
7,7,7,-1,
7,7,7,-1,
7,7,7,-1,
7,7,7,-1,
7,7,7,-1,
7,7,7,-1,
7,7,7,-1,
7,7,7,-1,
7,7,7,-1,
7,7,7,-1,
7,7,7,-1,
7,7,7,-1,
7,7,7,-1,
7,7,7,-1,
7,7,7,-1,
7,7,7,-1,
7,7,7,-1,
7,7,7,-1,
7,7,7,-1,
7,7,7,-1,
7,7,7,-1,
7,7,7,-1,
7,7,7,-1,
7,7,7,-1,
7,7,7,-1,
7,7,7,-1,
7,7,7,-1,
7,7,7,-1,
7,7,7,-1,
7,7,7,-1,
7,7,7,-1,
7,7,7,-1,
7,7,7,-1,
7,7,7,-1,
7,7,7,-1,
7,7,7,-1,
7,7,7,-1,
7,7,7,-1,
7,7,7,-1,
7,7,7,-1,
7,7,7,-1,
7,7,7,-1,
7,7,7,-1,
7,7,7,-1,
7,7,7,-1,
7,7,7,-1,
7,7,7,-1,
7,7,7,-1,
7,7,7,-1,
7,7,7,-1,
7,7,7,-1,
7,7,7,-1,
7,7,7,-1,
7,7,7,-1,
7,7,7,-1,
7,7,7,-1,
7,7,7,-1,
7,7,7,-1,
7,7,7,-1,
7,7,7,-1,
7,7,7,-1,
7,7,7,-1,
7,7,7,-1,
7,7,7,-1,
7,7,7,-1,
7,7,7,-1,
7,7,7,-1,
7,7,7,-1,
7,7,7,-1,
7,7,7,-1,
7,7,7,-1,
7,7,7,-1,
7,7,7,-1,
7,7,7,-1,
7,7,7,-1,
7,7,7,-1,
7,7,7,-1,
7,7,7,-1,
7,7,7,-1,
7,7,7,-1,
7,7,7,-1,
7,7,7,-1,
7,7,7,-1,
7,7,7,-1,
7,7,7,-1,
7,7,7,-1,
7,7,7,-1,
7,7,7,-1,
7,7,7,-1,
7,7,7,-1,
7,7,7,-1,
7,7,7,-1,
7,7,7,-1,
7,7,7,-1,
7,7,7,-1,
0,0,0,-1,
0,0,0,-1,
0,0,0,-1,
0,0,0,-1,
0,0,0,-1,
0,0,0,-1,
0,0,0,-1,
0,0,0,-1,
0,0,0,-1,
0,0,0,-1,
0,0,0,-1,
0,0,0,-1,
0,0,0,-1,
0,0,0,-1,
0,0,0,-1,
0,0,0,-1,
0,0,0,-1,
0,0,0,-1,
0,0,0,-1,
0,0,0,-1,
0,0,0,-1,
0,0,0,-1,
0,0,0,-1,
0,0,0,-1,
0,0,0,-1,
0,0,0,-1,
0,0,0,-1,
0,0,0,-1,
0,0,0,-1,
0,0,0,-1,
0,0,0,-1,
0,0,0,-1,
0,0,0,-1,
0,0,0,-1,
0,0,0,-1,
0,0,0,-1,
0,0,0,-1,
1,1,1,-1,
1,1,1,-1,
11,11,11,-1,
11,11,11,-1,
9,11,9,-1,
9,11,11,-1,
4,4,4,-1,
4,4,4,-1,
4,4,4,-1,
4,4,4,-1,
4,4,4,-1,
4,4,4,-1,
4,4,4,-1,
4,4,4,-1,
4,4,4,-1,
4,4,4,-1,
4,4,4,-1,
4,4,4,-1,
4,4,4,-1,
4,4,4,-1,
4,4,4,-1,
4,4,4,-1,
4,4,4,-1,
4,4,4,-1,
4,4,4,-1,
4,4,4,-1,
4,4,4,-1,
4,4,4,-1,
4,4,4,-1,
4,4,4,-1,
4,4,4,-1,
4,4,4,-1,
4,4,4,-1,
4,4,4,-1,
4,4,4,-1,
4,4,4,-1,
4,4,4,-1,
4,4,4,-1,
4,4,4,-1,
4,4,4,-1,
4,4,4,-1,
4,4,4,-1,
4,4,4,-1,
4,4,4,-1,
4,4,4,-1,
4,4,4,-1,
4,4,4,-1,
4,4,4,-1,
4,4,4,-1,
4,4,4,-1,
4,4,4,-1,
4,4,4,-1,
4,4,4,-1,
4,4,4,-1,
4,4,4,-1,
4,4,4,-1,
4,4,4,-1,
4,4,4,-1,
4,4,4,-1,
4,4,4,-1,
4,4,4,-1,
4,4,4,-1,
4,4,4,-1,
4,4,4,-1,
4,4,4,-1,
4,4,4,-1,
4,4,4,-1,
4,4,4,-1,
4,4,4,-1,
4,4,4,-1,
4,4,4,-1,
4,4,4,-1,
4,4,4,-1,
4,4,4,-1,
4,4,4,-1,
4,4,4,-1,
4,4,4,-1,
4,4,4,-1,
4,4,4,-1,
4,4,4,-1,
4,4,4,-1,
4,4,4,-1,
4,4,4,-1,
4,4,4,-1,
4,4,4,-1,
4,4,4,-1,
4,4,4,-1,
4,4,4,-1,
4,4,4,-1,
4,4,4,-1,
4,4,4,-1,
4,4,4,-1,
4,4,4,-1,
4,4,4,-1,
4,4,4,-1,
4,4,4,-1,
4,4,4,-1,
4,4,4,-1,
4,4,4,-1,
4,4,4,-1,
4,4,4,-1,
4,4,4,-1,
4,4,4,-1,
4,4,4,-1,
4,4,4,-1,
4,4,4,-1,
4,4,4,-1,
4,4,4,-1,
4,4,4,-1,
4,4,4,-1,
4,4,4,-1,
4,4,4,-1,
4,4,4,-1,
4,4,4,-1,
4,4,4,-1,
4,4,4,-1,
4,4,4,-1,
4,4,4,-1,
4,4,4,-1,
4,4,4,-1,
4,4,4,-1,
4,4,4,-1,
4,4,4,-1,
4,4,4,-1,
4,4,4,-1,
4,4,4,-1,
4,4,4,-1,
4,4,4,-1,
4,4,4,-1,
4,4,4,-1,
4,4,4,-1,
4,4,4,-1,
4,4,4,-1,
4,4,4,-1,
4,4,4,-1,
4,4,4,-1,
4,4,4,-1,
4,4,4,-1,
4,4,4,-1,
4,4,4,-1,
4,4,4,-1,
4,4,4,-1,
4,4,4,-1,
4,4,4,-1,
4,4,4,-1,
4,4,4,-1,
4,4,4,-1,
4,4,4,-1,
4,4,4,-1,
4,4,4,-1,
4,4,4,-1,
4,4,4,-1,
4,4,4,-1,
4,4,4,-1,
4,4,4,-1,
4,4,4,-1,
4,4,4,-1,
4,4,4,-1,
4,4,4,-1,
4,4,4,-1,
4,4,4,-1,
4,4,4,-1,
4,4,4,-1,
4,4,4,-1,
4,4,4,-1,
4,4,4,-1,
4,4,4,-1,
4,4,4,-1,
4,4,4,-1,
4,4,4,-1,
4,4,4,-1,
4,4,4,-1,
4,4,4,-1,
4,4,4,-1,
4,4,4,-1,
4,4,4,-1,
4,4,4,-1,
4,4,4,-1,
4,4,4,-1,
4,4,4,-1,
4,4,4,-1,
4,4,4,-1,
4,4,4,-1,
4,4,4,-1,
4,4,4,-1,
4,4,4,-1,
4,4,4,-1,
4,4,4,-1,
4,4,4,-1,
4,4,4,-1,
4,4,4,-1,
4,4,4,-1,
4,4,4,-1,
4,4,4,-1,
4,4,4,-1,
4,4,4,-1,
4,4,4,-1,
4,4,4,-1,
4,4,4,-1,
4,4,4,-1,
4,4,4,-1,
4,4,4,-1,
4,4,4,-1,
4,4,4,-1,
4,4,4,-1,
4,4,4,-1,
4,4,4,-1,
4,4,4,-1,
4,4,4,-1,
4,4,4,-1,
4,4,4,-1,
4,4,4,-1,
4,4,4,-1,
4,4,4,-1,
4,4,4,-1,
4,4,4,-1,
4,4,4,-1,
4,4,4,-1,
4,4,4,-1,
4,4,4,-1,
4,4,4,-1,
4,4,4,-1,
4,4,4,-1,
4,4,4,-1,
4,4,4,-1,
4,4,4,-1,
4,4,4,-1,
4,4,4,-1,
4,4,4,-1,
4,4,4,-1,
4,4,4,-1,
4,4,4,-1,
4,4,4,-1,
4,4,4,-1,
4,4,4,-1,
4,4,4,-1,
4,4,4,-1,
4,4,4,-1,
4,4,4,-1,
4,4,4,-1,
4,4,4,-1,
4,4,4,-1,
4,4,4,-1,
4,4,4,-1,
4,4,4,-1,
4,4,4,-1,
4,4,4,-1,
4,4,4,-1,
4,4,4,-1,
4,4,4,-1,
4,4,4,-1,
4,4,4,-1,
4,4,4,-1,
4,4,4,-1,
4,4,4,-1,
4,4,4,-1,
4,4,4,-1,
4,4,4,-1,
4,4,4,-1,
4,4,4,-1,
4,4,4,-1,
4,4,4,-1,
4,4,4,-1,
4,4,4,-1,
4,4,4,-1,
4,4,4,-1,
4,4,4,-1,
4,4,4,-1,
4,4,4,-1,
4,4,4,-1,
4,4,4,-1,
4,4,4,-1,
4,4,4,-1,
4,4,4,-1,
4,4,4,-1,
4,4,4,-1,
4,4,4,-1,
4,4,4,-1,
4,4,4,-1,
4,4,4,-1,
4,4,4,-1,
4,4,4,-1,
4,4,4,-1,
4,4,4,-1,
4,4,4,-1,
4,4,4,-1,
4,4,4,-1,
4,4,4,-1,
4,4,4,-1,
4,4,4,-1,
4,4,4,-1,
4,4,4,-1,
4,4,4,-1,
4,4,4,-1,
4,4,4,-1,
4,4,4,-1,
4,4,4,-1,
4,4,4,-1,
4,4,4,-1,
4,4,4,-1,
4,4,4,-1,
4,4,4,-1,
4,4,4,-1,
4,4,4,-1,
4,4,4,-1,
4,4,4,-1,
4,4,4,-1,
4,4,4,-1,
4,4,4,-1,
4,4,4,-1,
4,4,4,-1,
4,4,4,-1,
4,4,4,-1,
4,4,4,-1,
4,4,4,-1,
4,4,4,-1,
4,4,4,-1,
4,4,4,-1,
4,4,4,-1,
4,4,4,-1,
4,4,4,-1,
4,4,4,-1,
4,4,4,-1,
4,4,4,-1,
4,4,4,-1,
4,4,4,-1,
4,4,4,-1,
4,4,4,-1,
4,4,4,-1,
4,4,4,-1,
4,4,4,-1,
4,4,4,-1,
4,4,4,-1,
4,4,4,-1,
4,4,4,-1,
4,4,4,-1,
4,4,4,-1,
4,4,4,-1,
4,4,4,-1,
4,4,4,-1,
4,4,4,-1,
4,4,4,-1,
4,4,4,-1,
4,4,4,-1,
4,4,4,-1,
4,4,4,-1,
4,4,4,-1,
4,4,4,-1,
4,4,4,-1,
4,4,4,-1,
4,4,4,-1,
4,4,4,-1,
4,4,4,-1,
4,4,4,-1,
4,4,4,-1,
4,4,4,-1,
4,4,4,-1,
4,4,4,-1,
4,4,4,-1,
4,4,4,-1,
4,4,4,-1,
4,4,4,-1,
4,4,4,-1,
4,4,4,-1,
4,4,4,-1,
4,4,4,-1,
4,4,4,-1,
4,4,4,-1,
4,4,4,-1,
4,4,4,-1,
4,4,4,-1,
4,4,4,-1,
4,4,4,-1,
4,4,4,-1,
4,4,4,-1,
4,4,4,-1,
4,4,4,-1,
4,4,4,-1,
4,4,4,-1,
4,4,4,-1,
4,4,4,-1,
4,4,4,-1,
4,4,4,-1,
4,4,4,-1,
4,4,4,-1,
4,4,4,-1,
4,4,4,-1,
4,4,4,-1,
4,4,4,-1,
4,4,4,-1,
4,4,4,-1,
4,4,4,-1,
4,4,4,-1,
4,4,4,-1,
4,4,4,-1,
4,4,4,-1,
4,4,4,-1,
4,4,4,-1,
4,4,4,-1,
4,4,4,-1,
4,4,4,-1,
4,4,4,-1,
4,4,4,-1,
4,4,4,-1,
4,4,4,-1,
4,4,4,-1,
4,4,4,-1,
4,4,4,-1,
4,4,4,-1,
4,4,4,-1,
4,4,4,-1,
4,4,4,-1,
4,4,4,-1,
4,4,4,-1,
4,4,4,-1,
4,4,4,-1,
4,4,4,-1,
4,4,4,-1,
4,4,4,-1,
4,4,4,-1,
4,4,4,-1,
4,4,4,-1,
4,4,4,-1,
4,4,4,-1,
4,4,4,-1,
4,4,4,-1,
4,4,4,-1,
4,4,4,-1,
4,4,4,-1,
4,4,4,-1,
4,4,4,-1,
4,4,4,-1,
4,4,4,-1,
4,4,4,-1,
4,4,4,-1,
4,4,4,-1,
4,4,4,-1,
4,4,4,-1,
4,4,4,-1,
4,4,4,-1,
4,4,4,-1,
4,4,4,-1,
4,4,4,-1,
4,4,4,-1,
4,4,4,-1,
4,4,4,-1,
4,4,4,-1,
4,4,4,-1,
4,4,4,-1,
4,4,4,-1,
4,4,4,-1,
4,4,4,-1,
4,4,4,-1,
4,4,4,-1,
4,4,4,-1,
4,4,4,-1,
4,4,4,-1,
4,4,4,-1,
4,4,4,-1,
4,4,4,-1,
4,4,4,-1,
4,4,4,-1,
4,4,4,-1,
4,4,4,-1,
4,4,4,-1,
4,4,4,-1,
4,4,4,-1,
4,4,4,-1,
4,4,4,-1,
4,4,4,-1,
4,4,4,-1,
4,4,4,-1,
4,4,4,-1,
4,4,4,-1,
4,4,4,-1,
4,4,4,-1,
4,4,4,-1,
4,4,4,-1,
4,4,4,-1,
4,4,4,-1,
4,4,4,-1,
4,4,4,-1,
4,4,4,-1,
4,4,4,-1,
4,4,4,-1,
4,4,4,-1,
4,4,4,-1,
4,4,4,-1,
4,4,4,-1,
4,4,4,-1,
4,4,4,-1,
4,4,4,-1,
4,4,4,-1,
4,4,4,-1,
4,4,4,-1,
4,4,4,-1,
4,4,4,-1,
4,4,4,-1,
4,4,4,-1,
4,4,4,-1,
4,4,4,-1,
4,4,4,-1,
4,4,4,-1,
4,4,4,-1,
4,4,4,-1,
4,4,4,-1,
4,4,4,-1,
4,4,4,-1,
4,4,4,-1,
4,4,4,-1,
4,4,4,-1,
4,4,4,-1,
4,4,4,-1,
4,4,4,-1,
4,4,4,-1,
4,4,4,-1,
4,4,4,-1,
4,4,4,-1,
4,4,4,-1,
4,4,4,-1,
4,4,4,-1,
4,4,4,-1,
4,4,4,-1,
4,4,4,-1,
4,4,4,-1,
4,4,4,-1,
4,4,4,-1,
4,4,4,-1,
4,4,4,-1,
4,4,4,-1,
4,4,4,-1,
4,4,4,-1,
4,4,4,-1,
4,4,4,-1,
4,4,4,-1,
4,4,4,-1,
4,4,4,-1,
4,4,4,-1,
4,4,4,-1,
4,4,4,-1,
4,4,4,-1,
4,4,4,-1,
4,4,4,-1,
4,4,4,-1,
4,4,4,-1,
4,4,4,-1,
4,4,4,-1,
4,4,4,-1,
4,4,4,-1,
4,4,4,-1,
4,4,4,-1,
4,4,4,-1,
4,4,4,-1,
4,4,4,-1,
4,4,4,-1,
4,4,4,-1,
4,4,4,-1,
4,4,4,-1,
4,4,4,-1,
4,4,4,-1,
4,4,4,-1,
4,4,4,-1,
4,4,4,-1,
4,4,4,-1,
4,4,4,-1,
4,4,4,-1,
4,4,4,-1,
4,4,4,-1,
4,4,4,-1,
4,4,4,-1,
4,4,4,-1,
4,4,4,-1,
4,4,4,-1,
4,4,4,-1,
4,4,4,-1,
4,4,4,-1,
4,4,4,-1,
4,4,4,-1,
4,4,4,-1,
4,4,4,-1,
4,4,4,-1,
4,4,4,-1,
4,4,4,-1,
4,4,4,-1,
4,4,4,-1,
4,4,4,-1,
4,4,4,-1,
4,4,4,-1,
4,4,4,-1,
4,4,4,-1,
4,4,4,-1,
4,4,4,-1,
4,4,4,-1,
4,4,4,-1,
4,4,4,-1,
4,4,4,-1,
4,4,4,-1,
4,4,4,-1,
4,4,4,-1,
4,4,4,-1,
4,4,4,-1,
4,4,4,-1,
4,4,4,-1,
4,4,4,-1,
4,4,4,-1,
4,4,4,-1,
4,4,4,-1,
4,4,4,-1,
4,4,4,-1,
4,4,4,-1,
4,4,4,-1,
4,4,4,-1,
4,4,4,-1,
4,4,4,-1,
4,4,4,-1,
4,4,4,-1,
4,4,4,-1,
4,4,4,-1,
4,4,4,-1,
4,4,4,-1,
4,4,4,-1,
4,4,4,-1,
4,4,4,-1,
4,4,4,-1,
4,4,4,-1,
4,4,4,-1,
4,4,4,-1,
4,4,4,-1,
4,4,4,-1,
4,4,4,-1,
4,4,4,-1,
4,4,4,-1,
4,4,4,-1,
4,4,4,-1,
4,4,4,-1,
4,4,4,-1,
4,4,4,-1,
4,4,4,-1,
4,4,4,-1,
4,4,4,-1,
4,4,4,-1,
4,4,4,-1,
4,4,4,-1,
4,4,4,-1,
4,4,4,-1,
4,4,4,-1,
4,4,4,-1,
4,4,4,-1,
4,4,4,-1,
4,4,4,-1,
4,4,4,-1,
4,4,4,-1,
4,4,4,-1,
4,4,4,-1,
4,4,4,-1,
4,4,4,-1,
4,4,4,-1,
4,4,4,-1,
4,4,4,-1,
4,4,4,-1,
4,4,4,-1,
4,4,4,-1,
4,4,4,-1,
4,4,4,-1,
4,4,4,-1,
4,4,4,-1,
4,4,4,-1,
4,4,4,-1,
4,4,4,-1,
4,4,4,-1,
4,4,4,-1,
4,4,4,-1,
4,4,4,-1,
4,4,4,-1,
4,4,4,-1,
4,4,4,-1,
4,4,4,-1,
4,4,4,-1,
4,4,4,-1,
4,4,4,-1,
4,4,4,-1,
4,4,4,-1,
4,4,4,-1,
4,4,4,-1,
4,4,4,-1,
4,4,4,-1,
4,4,4,-1,
4,4,4,-1,
4,4,4,-1,
4,4,4,-1,
4,4,4,-1,
4,4,4,-1,
4,4,4,-1,
4,4,4,-1,
4,4,4,-1,
4,4,4,-1,
4,4,4,-1,
4,4,4,-1,
4,4,4,-1,
4,4,4,-1,
4,4,4,-1,
4,4,4,-1,
4,4,4,-1,
4,4,4,-1,
4,4,4,-1,
4,4,4,-1,
4,4,4,-1,
4,4,4,-1,
4,4,4,-1,
4,4,4,-1,
4,4,4,-1,
4,4,4,-1,
4,4,4,-1,
4,4,4,-1,
4,4,4,-1,
4,4,4,-1,
4,4,4,-1,
4,4,4,-1,
4,4,4,-1,
4,4,4,-1,
4,4,4,-1,
4,4,4,-1,
4,4,4,-1,
4,4,4,-1,
4,4,4,-1,
4,4,4,-1,
4,4,4,-1,
4,4,4,-1,
4,4,4,-1,
4,4,4,-1,
4,4,4,-1,
4,4,4,-1,
4,4,4,-1,
4,4,4,-1,
4,4,4,-1,
4,4,4,-1,
4,4,4,-1,
4,4,4,-1,
4,4,4,-1,
4,4,4,-1,
4,4,4,-1,
4,4,4,-1,
4,4,4,-1,
4,4,4,-1,
4,4,4,-1,
4,4,4,-1,
4,4,4,-1,
4,4,4,-1,
4,4,4,-1,
4,4,4,-1,
4,4,4,-1,
4,4,4,-1,
4,4,4,-1,
4,4,4,-1,
4,4,4,-1,
4,4,4,-1,
4,4,4,-1,
4,4,4,-1,
4,4,4,-1,
4,4,4,-1,
4,4,4,-1,
4,4,4,-1,
4,4,4,-1,
4,4,4,-1,
4,4,4,-1,
4,4,4,-1,
4,4,4,-1,
4,4,4,-1,
4,4,4,-1,
4,4,4,-1,
4,4,4,-1,
4,4,4,-1,
4,4,4,-1,
4,4,4,-1,
4,4,4,-1,
4,4,4,-1,
4,4,4,-1,
4,4,4,-1,
4,4,4,-1,
4,4,4,-1,
4,4,4,-1,
4,4,4,-1,
4,4,4,-1,
4,4,4,-1,
4,4,4,-1,
4,4,4,-1,
4,4,4,-1,
4,4,4,-1,
4,4,4,-1,
4,4,4,-1,
4,4,4,-1,
4,4,4,-1,
4,4,4,-1,
4,4,4,-1,
4,4,4,-1,
4,4,4,-1,
4,4,4,-1,
4,4,4,-1,
4,4,4,-1,
4,4,4,-1,
4,4,4,-1,
4,4,4,-1,
4,4,4,-1,
4,4,4,-1,
4,4,4,-1,
4,4,4,-1,
4,4,4,-1,
4,4,4,-1,
4,4,4,-1,
4,4,4,-1,
4,4,4,-1,
4,4,4,-1,
4,4,4,-1,
4,4,4,-1,
4,4,4,-1,
4,4,4,-1,
4,4,4,-1,
4,4,4,-1,
4,4,4,-1,
4,4,4,-1,
4,4,4,-1,
4,4,4,-1,
4,4,4,-1,
4,4,4,-1,
4,4,4,-1,
4,4,4,-1,
4,4,4,-1,
4,4,4,-1,
4,4,4,-1,
4,4,4,-1,
4,4,4,-1,
4,4,4,-1,
4,4,4,-1,
4,4,4,-1,
4,4,4,-1,
4,4,4,-1,
4,4,4,-1,
4,4,4,-1,
4,4,4,-1,
4,4,4,-1,
4,4,4,-1,
4,4,4,-1,
4,4,4,-1,
4,4,4,-1,
4,4,4,-1,
4,4,4,-1,
4,4,4,-1,
4,4,4,-1,
4,4,4,-1,
4,4,4,-1,
4,4,4,-1,
4,4,4,-1,
4,4,4,-1,
4,4,4,-1,
4,4,4,-1,
4,4,4,-1,
4,4,4,-1,
4,4,4,-1,
4,4,4,-1,
4,4,4,-1,
4,4,4,-1,
4,4,4,-1,
4,4,4,-1,
4,4,4,-1,
4,4,4,-1,
4,4,4,-1,
4,4,4,-1,
4,4,4,-1,
4,4,4,-1,
4,4,4,-1,
4,4,4,-1,
4,4,4,-1,
4,4,4,-1,
4,4,4,-1,
4,4,4,-1,
4,4,4,-1,
4,4,4,-1,
4,4,4,-1,
4,4,4,-1,
4,4,4,-1,
4,4,4,-1,
4,4,4,-1,
4,4,4,-1,
4,4,4,-1,
4,4,4,-1,
4,4,4,-1,
4,4,4,-1,
4,4,4,-1,
4,4,4,-1,
4,4,4,-1,
4,4,4,-1,
4,4,4,-1,
4,4,4,-1,
4,4,4,-1,
4,4,4,-1,
4,4,4,-1,
4,4,4,-1,
4,4,4,-1,
4,4,4,-1,
4,4,4,-1,
4,4,4,-1,
4,4,4,-1,
4,4,4,-1,
4,4,4,-1,
4,4,4,-1,
4,4,4,-1,
4,4,4,-1,
4,4,4,-1,
4,4,4,-1,
4,4,4,-1,
4,4,4,-1,
4,4,4,-1,
4,4,4,-1,
4,4,4,-1,
4,4,4,-1,
4,4,4,-1,
4,4,4,-1,
4,4,4,-1,
4,4,4,-1,
4,4,4,-1,
4,4,4,-1,
4,4,4,-1,
4,4,4,-1,
4,4,4,-1,
4,4,4,-1,
4,4,4,-1,
0,9,0,-1,
0,9,9,-1,
0,0,0,-1,
0,0,0,-1,
5,5,5,-1,
5,5,5,-1,
5,5,5,-1,
5,5,5,-1,
5,5,5,-1,
5,5,5,-1,
5,5,5,-1,
5,5,5,-1,
5,5,5,-1,
5,5,5,-1,
5,5,5,-1,
5,5,5,-1,
0,0,0,-1,
0,0,0,-1,
8,8,0,-1,
0,8,0,-1,
11,11,8,-1,
8,11,8,-1,
11,11,11,-1,
11,11,11,-1,
2,2,11,-1,
11,2,11,-1,
0,0,2,-1,
2,0,2,-1,
0,0,0,-1,
0,0,0,-1,
8,8,0,-1,
0,8,0,-1,
11,11,8,-1,
8,11,8,-1,
11,11,11,-1,
11,11,11,-1,
2,2,11,-1,
11,2,11,-1,
0,0,2,-1,
2,0,2,-1,
0,0,0,-1,
0,0,0,-1,
8,8,0,-1,
0,8,0,-1,
11,11,8,-1,
8,11,8,-1,
11,11,11,-1,
11,11,11,-1,
2,2,11,-1,
11,2,11,-1,
0,0,2,-1,
2,0,2,-1,
0,0,0,-1,
0,0,0,-1,
8,8,0,-1,
0,8,0,-1,
11,11,8,-1,
8,11,8,-1,
11,11,11,-1,
11,11,11,-1,
2,2,11,-1,
11,2,11,-1,
0,0,2,-1,
2,0,2,-1,
0,0,0,-1,
0,0,0,-1,
8,8,0,-1,
0,8,0,-1,
11,11,8,-1,
8,11,8,-1,
11,11,11,-1,
11,11,11,-1,
2,2,11,-1,
11,2,11,-1,
0,0,2,-1,
2,0,2,-1,
0,0,0,-1,
0,0,0,-1,
8,8,0,-1,
0,8,0,-1,
11,11,8,-1,
8,11,8,-1,
11,11,11,-1,
11,11,11,-1,
2,2,11,-1,
11,2,11,-1,
0,0,2,-1,
2,0,2,-1,
0,0,0,-1,
0,0,0,-1,
8,8,0,-1,
0,8,0,-1,
11,11,8,-1,
8,11,8,-1,
11,11,11,-1,
11,11,11,-1,
2,2,11,-1,
11,2,11,-1,
0,0,2,-1,
2,0,2,-1,
0,0,0,-1,
0,0,0,-1,
8,8,0,-1,
0,8,0,-1,
11,11,8,-1,
8,11,8,-1,
11,11,11,-1,
11,11,11,-1,
2,2,11,-1,
11,2,11,-1,
0,0,2,-1,
2,0,2,-1,
0,0,0,-1,
0,0,0,-1,
8,8,0,-1,
0,8,0,-1,
11,11,8,-1,
8,11,8,-1,
11,11,11,-1,
11,11,11,-1,
2,2,11,-1,
11,2,11,-1,
0,0,2,-1,
2,0,2,-1,
0,0,0,-1,
0,0,0,-1,
8,8,0,-1,
0,8,0,-1,
11,11,8,-1,
8,11,8,-1,
11,11,11,-1,
11,11,11,-1,
2,2,11,-1,
11,2,11,-1,
0,0,2,-1,
2,0,2,-1,
0,0,0,-1,
0,0,0,-1,
8,8,0,-1,
0,8,0,-1,
11,11,8,-1,
8,11,8,-1,
11,11,11,-1,
11,11,11,-1,
2,2,11,-1,
11,2,11,-1,
0,0,2,-1,
2,0,2,-1,
0,0,0,-1,
0,0,0,-1,
8,8,0,-1,
0,8,0,-1,
11,11,8,-1,
8,11,8,-1,
11,11,11,-1,
11,11,11,-1,
2,2,11,-1,
11,2,11,-1,
0,0,2,-1,
2,0,2,-1,
0,0,0,-1,
0,0,0,-1,
8,8,0,-1,
0,8,0,-1,
11,11,8,-1,
8,11,8,-1,
11,11,11,-1,
11,11,11,-1,
2,2,11,-1,
11,2,11,-1,
0,0,2,-1,
2,0,2,-1,
0,0,0,-1,
0,0,0,-1,
8,8,0,-1,
0,8,0,-1,
11,11,8,-1,
8,11,8,-1,
11,11,11,-1,
11,11,11,-1,
2,2,11,-1,
11,2,11,-1,
0,0,2,-1,
2,0,2,-1,
0,0,0,-1,
0,0,0,-1,
8,8,0,-1,
0,8,0,-1,
11,11,8,-1,
8,11,8,-1,
11,11,11,-1,
11,11,11,-1,
2,2,11,-1,
11,2,11,-1,
0,0,2,-1,
2,0,2,-1,
0,0,0,-1,
0,0,0,-1,
8,8,0,-1,
0,8,0,-1,
11,11,8,-1,
8,11,8,-1,
11,11,11,-1,
11,11,11,-1,
2,2,11,-1,
11,2,11,-1,
0,0,2,-1,
2,0,2,-1,
0,0,0,-1,
0,0,0,-1,
8,8,0,-1,
0,8,0,-1,
11,11,8,-1,
8,11,8,-1,
11,11,11,-1,
11,11,11,-1,
2,2,11,-1,
11,2,11,-1,
0,0,2,-1,
2,0,2,-1,
0,0,0,-1,
0,0,0,-1,
8,8,0,-1,
0,8,0,-1,
11,11,8,-1,
8,11,8,-1,
11,11,11,-1,
11,11,11,-1,
2,2,11,-1,
11,2,11,-1,
0,0,2,-1,
2,0,2,-1,
0,0,0,-1,
0,0,0,-1,
8,8,0,-1,
0,8,0,-1,
11,11,8,-1,
8,11,8,-1,
11,11,11,-1,
11,11,11,-1,
2,2,11,-1,
11,2,11,-1,
0,0,2,-1,
2,0,2,-1,
0,0,0,-1,
0,0,0,-1,
8,8,0,-1,
0,8,0,-1,
11,11,8,-1,
8,11,8,-1,
11,11,11,-1,
11,11,11,-1,
2,2,11,-1,
11,2,11,-1,
0,0,2,-1,
2,0,2,-1,
0,0,0,-1,
0,0,0,-1,
8,8,0,-1,
0,8,0,-1,
11,11,8,-1,
8,11,8,-1,
11,11,11,-1,
11,11,11,-1,
2,2,11,-1,
11,2,11,-1,
0,0,2,-1,
2,0,2,-1,
0,0,0,-1,
0,0,0,-1,
8,8,0,-1,
0,8,0,-1,
11,11,8,-1,
8,11,8,-1,
11,11,11,-1,
11,11,11,-1,
2,2,11,-1,
11,2,11,-1,
0,0,2,-1,
2,0,2,-1,
0,0,0,-1,
0,0,0,-1,
8,8,0,-1,
0,8,0,-1,
11,11,8,-1,
8,11,8,-1,
11,11,11,-1,
11,11,11,-1,
2,2,11,-1,
11,2,11,-1,
0,0,2,-1,
2,0,2,-1,
0,0,0,-1,
0,0,0,-1,
8,8,0,-1,
0,8,0,-1,
11,11,8,-1,
8,11,8,-1,
11,11,11,-1,
11,11,11,-1,
2,2,11,-1,
11,2,11,-1,
0,0,2,-1,
2,0,2,-1,
0,0,0,-1,
0,0,0,-1,
8,8,0,-1,
0,8,0,-1,
11,11,8,-1,
8,11,8,-1,
11,11,11,-1,
11,11,11,-1,
2,2,11,-1,
11,2,11,-1,
0,0,2,-1,
2,0,2,-1,
0,0,0,-1,
0,0,0,-1,
8,8,0,-1,
0,8,0,-1,
11,11,8,-1,
8,11,8,-1,
11,11,11,-1,
11,11,11,-1,
2,2,11,-1,
11,2,11,-1,
0,0,2,-1,
2,0,2,-1,
0,0,0,-1,
0,0,0,-1,
8,8,0,-1,
0,8,0,-1,
11,11,8,-1,
8,11,8,-1,
11,11,11,-1,
11,11,11,-1,
2,2,11,-1,
11,2,11,-1,
0,0,2,-1,
2,0,2,-1,
0,0,0,-1,
0,0,0,-1,
8,8,0,-1,
0,8,0,-1,
11,11,8,-1,
8,11,8,-1,
11,11,11,-1,
11,11,11,-1,
2,2,11,-1,
11,2,11,-1,
0,0,2,-1,
2,0,2,-1,
0,0,0,-1,
0,0,0,-1,
8,8,0,-1,
0,8,0,-1,
11,11,8,-1,
8,11,8,-1,
11,11,11,-1,
11,11,11,-1,
2,2,11,-1,
11,2,11,-1,
0,0,2,-1,
2,0,2,-1,
0,0,0,-1,
0,0,0,-1,
8,8,0,-1,
0,8,0,-1,
11,11,8,-1,
8,11,8,-1,
11,11,11,-1,
11,11,11,-1,
2,2,11,-1,
11,2,11,-1,
0,0,2,-1,
2,0,2,-1,
0,0,0,-1,
0,0,0,-1,
8,8,0,-1,
0,8,0,-1,
11,11,8,-1,
8,11,8,-1,
11,11,11,-1,
11,11,11,-1,
2,2,11,-1,
11,2,11,-1,
0,0,2,-1,
2,0,2,-1,
0,0,0,-1,
0,0,0,-1,
8,8,0,-1,
0,8,0,-1,
11,11,8,-1,
8,11,8,-1,
11,11,11,-1,
11,11,11,-1,
2,2,11,-1,
11,2,11,-1,
0,0,2,-1,
2,0,2,-1,
0,0,0,-1,
0,0,0,-1,
8,8,0,-1,
0,8,0,-1,
11,11,8,-1,
8,11,8,-1,
11,11,11,-1,
11,11,11,-1,
2,2,11,-1,
11,2,11,-1,
0,0,2,-1,
2,0,2,-1,
0,0,0,-1,
0,0,0,-1,
8,8,0,-1,
0,8,0,-1,
11,11,8,-1,
8,11,8,-1,
11,11,11,-1,
11,11,11,-1,
2,2,11,-1,
11,2,11,-1,
0,0,2,-1,
2,0,2,-1,
0,0,0,-1,
0,0,0,-1,
8,8,0,-1,
0,8,0,-1,
11,11,8,-1,
8,11,8,-1,
11,11,11,-1,
11,11,11,-1,
2,2,11,-1,
11,2,11,-1,
0,0,2,-1,
2,0,2,-1,
0,0,0,-1,
0,0,0,-1,
8,8,0,-1,
0,8,0,-1,
11,11,8,-1,
8,11,8,-1,
11,11,11,-1,
11,11,11,-1,
2,2,11,-1,
11,2,11,-1,
0,0,2,-1,
2,0,2,-1,
0,0,0,-1,
0,0,0,-1,
8,8,0,-1,
0,8,0,-1,
11,11,8,-1,
8,11,8,-1,
11,11,11,-1,
11,11,11,-1,
2,2,11,-1,
11,2,11,-1,
0,0,2,-1,
2,0,2,-1,
0,0,0,-1,
0,0,0,-1,
8,8,0,-1,
0,8,0,-1,
11,11,8,-1,
8,11,8,-1,
11,11,11,-1,
11,11,11,-1,
2,2,11,-1,
11,2,11,-1,
0,0,2,-1,
2,0,2,-1,
0,0,0,-1,
0,0,0,-1,
8,8,0,-1,
0,8,0,-1,
11,11,8,-1,
8,11,8,-1,
11,11,11,-1,
11,11,11,-1,
2,2,11,-1,
11,2,11,-1,
0,0,2,-1,
2,0,2,-1,
0,0,0,-1,
0,0,0,-1,
8,8,0,-1,
0,8,0,-1,
11,11,8,-1,
8,11,8,-1,
11,11,11,-1,
11,11,11,-1,
2,2,11,-1,
11,2,11,-1,
0,0,2,-1,
2,0,2,-1,
0,0,0,-1,
0,0,0,-1,
8,8,0,-1,
0,8,0,-1,
11,11,8,-1,
8,11,8,-1,
11,11,11,-1,
11,11,11,-1,
2,2,11,-1,
11,2,11,-1,
0,0,2,-1,
2,0,2,-1,
0,0,0,-1,
0,0,0,-1,
8,8,0,-1,
0,8,0,-1,
11,11,8,-1,
8,11,8,-1,
11,11,11,-1,
11,11,11,-1,
2,2,11,-1,
11,2,11,-1,
0,0,2,-1,
2,0,2,-1,
0,0,0,-1,
0,0,0,-1,
8,8,0,-1,
0,8,0,-1,
11,11,8,-1,
8,11,8,-1,
11,11,11,-1,
11,11,11,-1,
2,2,11,-1,
11,2,11,-1,
0,0,2,-1,
2,0,2,-1,
0,0,0,-1,
0,0,0,-1,
8,8,0,-1,
0,8,0,-1,
11,11,8,-1,
8,11,8,-1,
11,11,11,-1,
11,11,11,-1,
2,2,11,-1,
11,2,11,-1,
0,0,2,-1,
2,0,2,-1,
11,11,11,-1,
11,11,11,-1,
3,3,11,-1,
11,3,11,-1,
0,0,3,-1,
3,0,3,-1,
0,0,0,-1,
0,0,0,-1,
10,10,0,-1,
0,10,0,-1,
11,11,10,-1,
10,11,10,-1,
11,11,11,-1,
11,11,11,-1,
3,3,11,-1,
11,3,11,-1,
0,0,3,-1,
3,0,3,-1,
0,0,0,-1,
0,0,0,-1,
10,10,0,-1,
0,10,0,-1,
11,11,10,-1,
10,11,10,-1,
11,11,11,-1,
11,11,11,-1,
3,3,11,-1,
11,3,11,-1,
0,0,3,-1,
3,0,3,-1,
0,0,0,-1,
0,0,0,-1,
10,10,0,-1,
0,10,0,-1,
11,11,10,-1,
10,11,10,-1,
11,11,11,-1,
11,11,11,-1,
3,3,11,-1,
11,3,11,-1,
0,0,3,-1,
3,0,3,-1,
0,0,0,-1,
0,0,0,-1,
10,10,0,-1,
0,10,0,-1,
11,11,10,-1,
10,11,10,-1,
11,11,11,-1,
11,11,11,-1,
3,3,11,-1,
11,3,11,-1,
0,0,3,-1,
3,0,3,-1,
0,0,0,-1,
0,0,0,-1,
10,10,0,-1,
0,10,0,-1,
11,11,10,-1,
10,11,10,-1,
11,11,11,-1,
11,11,11,-1,
3,3,11,-1,
11,3,11,-1,
0,0,3,-1,
3,0,3,-1,
0,0,0,-1,
0,0,0,-1,
10,10,0,-1,
0,10,0,-1,
11,11,10,-1,
10,11,10,-1,
11,11,11,-1,
11,11,11,-1,
3,3,11,-1,
11,3,11,-1,
0,0,3,-1,
3,0,3,-1,
0,0,0,-1,
0,0,0,-1,
10,10,0,-1,
0,10,0,-1,
11,11,10,-1,
10,11,10,-1,
11,11,11,-1,
11,11,11,-1,
3,3,11,-1,
11,3,11,-1,
0,0,3,-1,
3,0,3,-1,
0,0,0,-1,
0,0,0,-1,
10,10,0,-1,
0,10,0,-1,
11,11,10,-1,
10,11,10,-1,
11,11,11,-1,
11,11,11,-1,
3,3,11,-1,
11,3,11,-1,
0,0,3,-1,
3,0,3,-1,
0,0,0,-1,
0,0,0,-1,
10,10,0,-1,
0,10,0,-1,
11,11,10,-1,
10,11,10,-1,
11,11,11,-1,
11,11,11,-1,
3,3,11,-1,
11,3,11,-1,
0,0,3,-1,
3,0,3,-1,
0,0,0,-1,
0,0,0,-1,
10,10,0,-1,
0,10,0,-1,
11,11,10,-1,
10,11,10,-1,
11,11,11,-1,
11,11,11,-1,
3,3,11,-1,
11,3,11,-1,
0,0,3,-1,
3,0,3,-1,
0,0,0,-1,
0,0,0,-1,
10,10,0,-1,
0,10,0,-1,
11,11,10,-1,
10,11,10,-1,
11,11,11,-1,
11,11,11,-1,
3,3,11,-1,
11,3,11,-1,
0,0,3,-1,
3,0,3,-1,
0,0,0,-1,
0,0,0,-1,
10,10,0,-1,
0,10,0,-1,
11,11,10,-1,
10,11,10,-1,
11,11,11,-1,
11,11,11,-1,
3,3,11,-1,
11,3,11,-1,
0,0,3,-1,
3,0,3,-1,
0,0,0,-1,
0,0,0,-1,
10,10,0,-1,
0,10,0,-1,
11,11,10,-1,
10,11,10,-1,
11,11,11,-1,
11,11,11,-1,
3,3,11,-1,
11,3,11,-1,
0,0,3,-1,
3,0,3,-1,
0,0,0,-1,
0,0,0,-1,
10,10,0,-1,
0,10,0,-1,
11,11,10,-1,
10,11,10,-1,
11,11,11,-1,
11,11,11,-1,
3,3,11,-1,
11,3,11,-1,
0,0,3,-1,
3,0,3,-1,
0,0,0,-1,
0,0,0,-1,
10,10,0,-1,
0,10,0,-1,
11,11,10,-1,
10,11,10,-1,
11,11,11,-1,
11,11,11,-1,
3,3,11,-1,
11,3,11,-1,
0,0,3,-1,
3,0,3,-1,
0,0,0,-1,
0,0,0,-1,
10,10,0,-1,
0,10,0,-1,
11,11,10,-1,
10,11,10,-1,
11,11,11,-1,
11,11,11,-1,
3,3,11,-1,
11,3,11,-1,
0,0,3,-1,
3,0,3,-1,
0,0,0,-1,
0,0,0,-1,
10,10,0,-1,
0,10,0,-1,
11,11,10,-1,
10,11,10,-1,
11,11,11,-1,
11,11,11,-1,
3,3,11,-1,
11,3,11,-1,
0,0,3,-1,
3,0,3,-1,
0,0,0,-1,
0,0,0,-1,
10,10,0,-1,
0,10,0,-1,
11,11,10,-1,
10,11,10,-1,
11,11,11,-1,
11,11,11,-1,
3,3,11,-1,
11,3,11,-1,
0,0,3,-1,
3,0,3,-1,
0,0,0,-1,
0,0,0,-1,
10,10,0,-1,
0,10,0,-1,
11,11,10,-1,
10,11,10,-1,
11,11,11,-1,
11,11,11,-1,
3,3,11,-1,
11,3,11,-1,
0,0,3,-1,
3,0,3,-1,
0,0,0,-1,
0,0,0,-1,
10,10,0,-1,
0,10,0,-1,
11,11,10,-1,
10,11,10,-1,
11,11,11,-1,
11,11,11,-1,
3,3,11,-1,
11,3,11,-1,
0,0,3,-1,
3,0,3,-1,
0,0,0,-1,
0,0,0,-1,
10,10,0,-1,
0,10,0,-1,
11,11,10,-1,
10,11,10,-1,
11,11,11,-1,
11,11,11,-1,
3,3,11,-1,
11,3,11,-1,
0,0,3,-1,
3,0,3,-1,
0,0,0,-1,
0,0,0,-1,
10,10,0,-1,
0,10,0,-1,
11,11,10,-1,
10,11,10,-1,
11,11,11,-1,
11,11,11,-1,
3,3,11,-1,
11,3,11,-1,
0,0,3,-1,
3,0,3,-1,
0,0,0,-1,
0,0,0,-1,
10,10,0,-1,
0,10,0,-1,
11,11,10,-1,
10,11,10,-1,
11,11,11,-1,
11,11,11,-1,
3,3,11,-1,
11,3,11,-1,
0,0,3,-1,
3,0,3,-1,
0,0,0,-1,
0,0,0,-1,
10,10,0,-1,
0,10,0,-1,
11,11,10,-1,
10,11,10,-1,
11,11,11,-1,
11,11,11,-1,
3,3,11,-1,
11,3,11,-1,
0,0,3,-1,
3,0,3,-1,
0,0,0,-1,
0,0,0,-1,
10,10,0,-1,
0,10,0,-1,
11,11,10,-1,
10,11,10,-1,
11,11,11,-1,
11,11,11,-1,
3,3,11,-1,
11,3,11,-1,
0,0,3,-1,
3,0,3,-1,
0,0,0,-1,
0,0,0,-1,
10,10,0,-1,
0,10,0,-1,
11,11,10,-1,
10,11,10,-1,
11,11,11,-1,
11,11,11,-1,
3,3,11,-1,
11,3,11,-1,
0,0,3,-1,
3,0,3,-1,
0,0,0,-1,
0,0,0,-1,
10,10,0,-1,
0,10,0,-1,
11,11,10,-1,
10,11,10,-1,
11,11,11,-1,
11,11,11,-1,
3,3,11,-1,
11,3,11,-1,
0,0,3,-1,
3,0,3,-1,
0,0,0,-1,
0,0,0,-1,
10,10,0,-1,
0,10,0,-1,
11,11,10,-1,
10,11,10,-1,
11,11,11,-1,
11,11,11,-1,
3,3,11,-1,
11,3,11,-1,
0,0,3,-1,
3,0,3,-1,
0,0,0,-1,
0,0,0,-1,
10,10,0,-1,
0,10,0,-1,
11,11,10,-1,
10,11,10,-1,
11,11,11,-1,
11,11,11,-1,
3,3,11,-1,
11,3,11,-1,
0,0,3,-1,
3,0,3,-1,
0,0,0,-1,
0,0,0,-1,
10,10,0,-1,
0,10,0,-1,
11,11,10,-1,
10,11,10,-1,
11,11,11,-1,
11,11,11,-1,
3,3,11,-1,
11,3,11,-1,
0,0,3,-1,
3,0,3,-1,
0,0,0,-1,
0,0,0,-1,
10,10,0,-1,
0,10,0,-1,
11,11,10,-1,
10,11,10,-1,
11,11,11,-1,
11,11,11,-1,
3,3,11,-1,
11,3,11,-1,
0,0,3,-1,
3,0,3,-1,
0,0,0,-1,
0,0,0,-1,
10,10,0,-1,
0,10,0,-1,
11,11,10,-1,
10,11,10,-1,
11,11,11,-1,
11,11,11,-1,
3,3,11,-1,
11,3,11,-1,
0,0,3,-1,
3,0,3,-1,
0,0,0,-1,
0,0,0,-1,
10,10,0,-1,
0,10,0,-1,
11,11,10,-1,
10,11,10,-1,
11,11,11,-1,
11,11,11,-1,
3,3,11,-1,
11,3,11,-1,
0,0,3,-1,
3,0,3,-1,
0,0,0,-1,
0,0,0,-1,
10,10,0,-1,
0,10,0,-1,
11,11,10,-1,
10,11,10,-1,
11,11,11,-1,
11,11,11,-1,
3,3,11,-1,
11,3,11,-1,
0,0,3,-1,
3,0,3,-1,
0,0,0,-1,
0,0,0,-1,
10,10,0,-1,
0,10,0,-1,
11,11,10,-1,
10,11,10,-1,
11,11,11,-1,
11,11,11,-1,
3,3,11,-1,
11,3,11,-1,
0,0,3,-1,
3,0,3,-1,
0,0,0,-1,
0,0,0,-1,
10,10,0,-1,
0,10,0,-1,
11,11,10,-1,
10,11,10,-1,
11,11,11,-1,
11,11,11,-1,
3,3,11,-1,
11,3,11,-1,
0,0,3,-1,
3,0,3,-1,
0,0,0,-1,
0,0,0,-1,
10,10,0,-1,
0,10,0,-1,
11,11,10,-1,
10,11,10,-1,
11,11,11,-1,
11,11,11,-1,
3,3,11,-1,
11,3,11,-1,
0,0,3,-1,
3,0,3,-1,
0,0,0,-1,
0,0,0,-1,
10,10,0,-1,
0,10,0,-1,
11,11,10,-1,
10,11,10,-1,
11,11,11,-1,
11,11,11,-1,
3,3,11,-1,
11,3,11,-1,
0,0,3,-1,
3,0,3,-1,
0,0,0,-1,
0,0,0,-1,
10,10,0,-1,
0,10,0,-1,
11,11,10,-1,
10,11,10,-1,
11,11,11,-1,
11,11,11,-1,
3,3,11,-1,
11,3,11,-1,
0,0,3,-1,
3,0,3,-1,
0,0,0,-1,
0,0,0,-1,
10,10,0,-1,
0,10,0,-1,
11,11,10,-1,
10,11,10,-1,
11,11,11,-1,
11,11,11,-1,
3,3,11,-1,
11,3,11,-1,
0,0,3,-1,
3,0,3,-1,
0,0,0,-1,
0,0,0,-1,
10,10,0,-1,
0,10,0,-1,
11,11,10,-1,
10,11,10,-1,
11,11,11,-1,
11,11,11,-1,
3,3,11,-1,
11,3,11,-1,
0,0,3,-1,
3,0,3,-1,
0,0,0,-1,
0,0,0,-1,
10,10,0,-1,
0,10,0,-1,
11,11,10,-1,
10,11,10,-1,
11,11,11,-1,
11,11,11,-1,
3,3,11,-1,
11,3,11,-1,
0,0,3,-1,
3,0,3,-1,
0,0,0,-1,
0,0,0,-1,
10,10,0,-1,
0,10,0,-1,
11,11,10,-1,
10,11,10,-1,
11,11,11,-1,
11,11,11,-1,
3,3,11,-1,
11,3,11,-1,
0,0,3,-1,
3,0,3,-1,
0,0,0,-1,
0,0,0,-1,
10,10,0,-1,
0,10,0,-1,
11,11,10,-1,
10,11,10,-1
]
}
}
Shape {
appearance Appearance {
material Material {
ambientIntensity 0
diffuseColor 1 1 1
specularColor 0 0 0
shininess 0
transparency 0
}
texture DEF MELA_W908_ST7 ImageTexture {
repeatS TRUE
repeatT TRUE
url ["MELA_W908_ST7.jpg"]
}
}
geometry IndexedFaceSet {
normalPerVertex TRUE
solid TRUE
convex TRUE
coord Coordinate { point [
1.0495499 -0.69999999 0.30000988,
1.0495499 0.69999999 0.30000988,
1.0495499 -0.69999999 -0.29999015,
1.0495499 0.69999999 -0.29999015,
1.0705005 -0.59433156 0.30000988,
1.0705005 -0.48833066 0.30000988,
1.0705005 -0.38232976 0.30000988,
1.0705005 -0.27632883 0.30000988,
1.0705005 -0.1703279 0.30000988,
1.0705005 -0.064327002 0.30000988,
1.0705005 0.041673899 0.30000988,
1.0705005 0.1476748 0.30000988,
1.0705005 0.2536757 0.30000988,
1.0705005 0.35967666 0.30000988,
1.0705005 0.46567756 0.30000988,
1.0705005 0.57167846 0.30000988,
1.0705005 -0.59433156 -0.29999015,
1.0705005 -0.48833066 -0.29999015,
1.0705005 -0.38232976 -0.29999015,
1.0705005 -0.27632883 -0.29999015,
1.0705005 -0.1703279 -0.29999015,
1.0705005 -0.064327002 -0.29999015,
1.0705005 0.041673899 -0.29999015,
1.0705005 0.1476748 -0.29999015,
1.0705005 0.2536757 -0.29999015,
1.0705005 0.35967666 -0.29999015,
1.0705005 0.46567756 -0.29999015,
1.0705005 0.57167846 -0.29999015,
1.0706052 -0.60033065 0.30000988,
1.0706052 -0.49432975 0.30000988,
1.0706052 -0.38832885 0.30000988,
1.0706052 -0.28232792 0.30000988,
1.0706052 -0.17632699 0.30000988,
1.0706052 -0.07032609 0.30000988,
1.0706052 0.03567481 0.30000988,
1.0706052 0.14167571 0.30000988,
1.0706052 0.24767667 0.30000988,
1.0706052 0.35367757 0.30000988,
1.0706052 0.45967847 0.30000988,
1.0706052 0.56567937 0.30000988,
1.0706052 -0.60033065 -0.29999015,
1.0706052 -0.49432975 -0.29999015,
1.0706052 -0.38832885 -0.29999015,
1.0706052 -0.28232792 -0.29999015,
1.0706052 -0.17632699 -0.29999015,
1.0706052 -0.07032609 -0.29999015,
1.0706052 0.03567481 -0.29999015,
1.0706052 0.14167571 -0.29999015,
1.0706052 0.24767667 -0.29999015,
1.0706052 0.35367757 -0.29999015,
1.0706052 0.45967847 -0.29999015,
1.0706052 0.56567937 -0.29999015,
1.0895499 -0.69999999 0.30000988,
1.0895499 -0.59999996 0.30000988,
1.0895499 -0.59399909 0.30000988,
1.0895499 -0.49399906 0.30000988,
1.0895499 -0.48799816 0.30000988,
1.0895499 -0.38799816 0.30000988,
1.0895499 -0.38199726 0.30000988,
1.0895499 -0.28199723 0.30000988,
1.0895499 -0.27599633 0.30000988,
1.0895499 -0.1759963 0.30000988,
1.0895499 -0.16999543 0.30000988,
1.0895499 -0.069995403 0.30000988,
1.0895499 -0.063994527 0.30000988,
1.0895499 0.036005497 0.30000988,
1.0895499 0.042006433 0.30000988,
1.0895499 0.1420064 0.30000988,
1.0895499 0.14800733 0.30000988,
1.0895499 0.2480073 0.30000988,
1.0895499 0.25400823 0.30000988,
1.0895499 0.35400826 0.30000988,
1.0895499 0.36000913 0.30000988,
1.0895499 0.46000916 0.30000988,
1.0895499 0.46601003 0.30000988,
1.0895499 0.56601006 0.30000988,
1.0895499 0.57201093 0.30000988,
1.0895499 0.69999999 0.30000988,
1.0895499 -0.69999999 -0.29999015,
1.0895499 -0.59999996 -0.29999015,
1.0895499 -0.59399909 -0.29999015,
1.0895499 -0.49399906 -0.29999015,
1.0895499 -0.48799816 -0.29999015,
1.0895499 -0.38799816 -0.29999015,
1.0895499 -0.38199726 -0.29999015,
1.0895499 -0.28199723 -0.29999015,
1.0895499 -0.27599633 -0.29999015,
1.0895499 -0.1759963 -0.29999015,
1.0895499 -0.16999543 -0.29999015,
1.0895499 -0.069995403 -0.29999015,
1.0895499 -0.063994527 -0.29999015,
1.0895499 0.036005497 -0.29999015,
1.0895499 0.042006433 -0.29999015,
1.0895499 0.1420064 -0.29999015,
1.0895499 0.14800733 -0.29999015,
1.0895499 0.2480073 -0.29999015,
1.0895499 0.25400823 -0.29999015,
1.0895499 0.35400826 -0.29999015,
1.0895499 0.36000913 -0.29999015,
1.0895499 0.46000916 -0.29999015,
1.0895499 0.46601003 -0.29999015,
1.0895499 0.56601006 -0.29999015,
1.0895499 0.57201093 -0.29999015,
1.0895499 0.69999999 -0.29999015
] }
normal Normal { vector [
-1 0 0,
-0.0174524 0.999848 0,
0 0 1,
0 -1 0,
0 1 0,
0 0 -1,
0.0174524 -0.999848 0,
0.999848 0.0174524 0,
1 0 0
] }
texCoord TextureCoordinate { point [
-4.33375 0,
-4.33375 0.134675,
-4.33375 1,
-4.33375 3.02013,
-4.02898 0.134675,
-4.02898 1,
-4.02898 3.02013,
-4.02819 0.070538,
-4.02819 1,
-4.02819 3.02013,
-4.01469 0.134675,
-4.01469 1,
-4.01469 3.02013,
-4.0139 0.0708904,
-4.0139 1,
-4.0139 3.02013,
-3.77656 0.134675,
-3.77656 1,
-3.77656 3.02013,
-3.77577 0.070538,
-3.77577 1,
-3.77577 3.02013,
-3.76227 0.134675,
-3.76227 1,
-3.76227 3.02013,
-3.76149 0.0708904,
-3.76149 1,
-3.76149 3.02013,
-3.52415 0.134675,
-3.52415 1,
-3.52415 3.02013,
-3.52336 0.070538,
-3.52336 1,
-3.52336 3.02013,
-3.50986 0.134675,
-3.50986 1,
-3.50986 3.02013,
-3.50907 0.0708904,
-3.50907 1,
-3.50907 3.02013,
-3.27173 0.134675,
-3.27173 1,
-3.27173 3.02013,
-3.27094 0.070538,
-3.27094 1,
-3.27094 3.02013,
-3.25744 0.134675,
-3.25744 1,
-3.25744 3.02013,
-3.25666 0.0708904,
-3.25666 1,
-3.25666 3.02013,
-3.01932 0.134675,
-3.01932 1,
-3.01932 3.02013,
-3.01853 0.070538,
-3.01853 1,
-3.01853 3.02013,
-3.00503 0.134675,
-3.00503 1,
-3.00503 3.02013,
-3.00424 0.0708904,
-3.00424 1,
-3.00424 3.02013,
-2.7669 0.134675,
-2.7669 1,
-2.7669 3.02013,
-2.76611 0.070538,
-2.76611 1,
-2.76611 3.02013,
-2.75261 0.134675,
-2.75261 1,
-2.75261 3.02013,
-2.75183 0.0708904,
-2.75183 1,
-2.75183 3.02013,
-2.51449 0.134675,
-2.51449 1,
-2.51449 3.02013,
-2.5137 0.070538,
-2.5137 1,
-2.5137 3.02013,
-2.5002 0.134675,
-2.5002 1,
-2.5002 3.02013,
-2.49941 0.0708904,
-2.49941 1,
-2.49941 3.02013,
-2.26207 0.134675,
-2.26207 1,
-2.26207 3.02013,
-2.26128 0.070538,
-2.26128 1,
-2.26128 3.02013,
-2.24779 0.134675,
-2.24779 1,
-2.24779 3.02013,
-2.247 0.0708904,
-2.247 1,
-2.247 3.02013,
-2.00966 0.134675,
-2.00966 1,
-2.00966 3.02013,
-2.00887 0.070538,
-2.00887 1,
-2.00887 3.02013,
-1.99537 0.134675,
-1.99537 1,
-1.99537 3.02013,
-1.99458 0.0708904,
-1.99458 1,
-1.99458 3.02013,
-1.75724 0.134675,
-1.75724 1,
-1.75724 3.02013,
-1.75645 0.070538,
-1.75645 1,
-1.75645 3.02013,
-1.74296 0.134675,
-1.74296 1,
-1.74296 3.02013,
-1.74217 0.0708904,
-1.74217 1,
-1.74217 3.02013,
-1.50483 0.134675,
-1.50483 1,
-1.50483 3.02013,
-1.50404 0.070538,
-1.50404 1,
-1.50404 3.02013,
-1.49054 0.134675,
-1.49054 1,
-1.49054 3.02013,
-1.48975 0.0708904,
-1.48975 1,
-1.48975 3.02013,
-1.25241 0.134675,
-1.25241 1,
-1.25241 3.02013,
-1.25162 0.070538,
-1.25162 1,
-1.25162 3.02013,
-1.23813 0.134675,
-1.23813 1,
-1.23813 3.02013,
-1.23734 0.0708904,
-1.23734 1,
-1.23734 3.02013,
-1 0,
-1 0.134675,
-1 1,
-1 3.02013,
-0.09525 1,
-0.09525 3.02013,
-0.0498886 1,
-0.0498886 3.02013,
0 1,
0 3.02013,
0.0501378 1,
0.0501378 3.02013,
0.09525 1,
0.09525 3.02013,
1 0,
1 0.134675,
1 1,
1 3.02013,
1.23734 0.0708904,
1.23813 0.134675,
1.25162 0.070538,
1.25241 0.134675,
1.48975 0.0708904,
1.49054 0.134675,
1.50404 0.070538,
1.50483 0.134675,
1.74217 0.0708904,
1.74296 0.134675,
1.75645 0.070538,
1.75724 0.134675,
1.99458 0.0708904,
1.99537 0.134675,
2.00887 0.070538,
2.00966 0.134675,
2.247 0.0708904,
2.24779 0.134675,
2.26128 0.070538,
2.26207 0.134675,
2.49941 0.0708904,
2.5002 0.134675,
2.5137 0.070538,
2.51449 0.134675,
2.75183 0.0708904,
2.75261 0.134675,
2.76611 0.070538,
2.7669 0.134675,
3.00424 0.0708904,
3.00503 0.134675,
3.01853 0.070538,
3.01932 0.134675,
3.25666 0.0708904,
3.25744 0.134675,
3.27094 0.070538,
3.27173 0.134675,
3.50907 0.0708904,
3.50986 0.134675,
3.52336 0.070538,
3.52415 0.134675,
3.76149 0.0708904,
3.76227 0.134675,
3.77577 0.070538,
3.77656 0.134675,
4.0139 0.0708904,
4.01469 0.134675,
4.02819 0.070538,
4.02898 0.134675,
4.33375 0,
4.33375 0.134675,
4.33375 1,
4.33375 3.02013
] }
coordIndex [
103,77,102,-1,
102,77,76,-1,
74,100,75,-1,
75,100,101,-1,
38,14,1,-1,
13,72,73,-1,
11,68,69,-1,
9,64,65,-1,
62,63,8,-1,
8,63,33,-1,
8,33,9,-1,
76,77,15,-1,
15,77,1,-1,
15,1,39,-1,
39,1,14,-1,
39,14,75,-1,
75,14,74,-1,
0,34,10,-1,
1,0,12,-1,
12,0,36,-1,
58,59,6,-1,
6,59,31,-1,
6,31,7,-1,
73,38,13,-1,
13,38,1,-1,
13,1,37,-1,
37,1,12,-1,
37,12,71,-1,
71,12,70,-1,
7,60,61,-1,
69,36,11,-1,
11,36,0,-1,
11,0,35,-1,
35,0,10,-1,
35,10,67,-1,
67,10,66,-1,
52,53,0,-1,
0,53,28,-1,
0,28,4,-1,
5,56,57,-1,
65,34,9,-1,
9,34,0,-1,
9,0,8,-1,
8,0,32,-1,
54,55,4,-1,
4,55,29,-1,
4,29,0,-1,
0,29,5,-1,
57,30,5,-1,
5,30,6,-1,
5,6,0,-1,
0,6,7,-1,
0,7,32,-1,
32,7,61,-1,
3,103,102,-1,
102,27,3,-1,
3,27,51,-1,
3,51,2,-1,
19,43,2,-1,
41,81,80,-1,
79,78,40,-1,
40,78,2,-1,
40,2,16,-1,
89,88,45,-1,
45,88,20,-1,
99,98,50,-1,
50,98,25,-1,
50,25,26,-1,
24,48,2,-1,
42,2,18,-1,
18,2,43,-1,
18,43,84,-1,
84,43,85,-1,
80,16,41,-1,
41,16,2,-1,
41,2,17,-1,
17,2,42,-1,
17,42,82,-1,
82,42,83,-1,
21,45,2,-1,
2,45,20,-1,
2,20,19,-1,
19,20,44,-1,
19,44,86,-1,
86,44,87,-1,
101,100,51,-1,
51,100,26,-1,
51,26,2,-1,
2,26,25,-1,
2,25,24,-1,
24,25,49,-1,
24,49,96,-1,
96,49,97,-1,
93,92,47,-1,
47,92,22,-1,
47,22,23,-1,
91,90,46,-1,
46,90,21,-1,
46,21,22,-1,
22,21,2,-1,
22,2,23,-1,
23,2,48,-1,
23,48,94,-1,
94,48,95,-1,
73,72,99,-1,
99,72,98,-1,
70,96,71,-1,
71,96,97,-1,
69,68,95,-1,
95,68,94,-1,
66,92,67,-1,
67,92,93,-1,
65,64,91,-1,
91,64,90,-1,
62,88,63,-1,
63,88,89,-1,
61,60,87,-1,
87,60,86,-1,
58,84,59,-1,
59,84,85,-1,
57,56,83,-1,
83,56,82,-1,
54,80,55,-1,
55,80,81,-1,
3,2,1,-1,
1,2,0,-1,
2,78,0,-1,
0,78,52,-1,
53,52,79,-1,
79,52,78,-1,
3,1,103,-1,
103,1,77,-1,
16,80,4,-1,
4,80,54,-1,
16,4,40,-1,
40,4,28,-1,
28,53,40,-1,
40,53,79,-1,
5,17,56,-1,
56,17,82,-1,
41,17,29,-1,
29,17,5,-1,
41,29,81,-1,
81,29,55,-1,
18,84,6,-1,
6,84,58,-1,
18,6,42,-1,
42,6,30,-1,
30,57,42,-1,
42,57,83,-1,
7,19,60,-1,
60,19,86,-1,
43,19,31,-1,
31,19,7,-1,
43,31,85,-1,
85,31,59,-1,
20,88,8,-1,
8,88,62,-1,
20,8,44,-1,
44,8,32,-1,
32,61,44,-1,
44,61,87,-1,
9,21,64,-1,
64,21,90,-1,
45,21,33,-1,
33,21,9,-1,
45,33,89,-1,
89,33,63,-1,
22,92,10,-1,
10,92,66,-1,
22,10,46,-1,
46,10,34,-1,
34,65,46,-1,
46,65,91,-1,
11,23,68,-1,
68,23,94,-1,
47,23,35,-1,
35,23,11,-1,
47,35,93,-1,
93,35,67,-1,
24,96,12,-1,
12,96,70,-1,
24,12,48,-1,
48,12,36,-1,
36,69,48,-1,
48,69,95,-1,
13,25,72,-1,
72,25,98,-1,
49,25,37,-1,
37,25,13,-1,
49,37,97,-1,
97,37,71,-1,
26,100,14,-1,
14,100,74,-1,
26,14,50,-1,
50,14,38,-1,
38,73,50,-1,
50,73,99,-1,
15,27,76,-1,
76,27,102,-1,
51,27,39,-1,
39,27,15,-1,
51,39,101,-1,
101,39,75,-1
]
normalIndex [
8,8,8,-1,
8,8,8,-1,
8,8,8,-1,
8,8,8,-1,
2,2,2,-1,
2,2,2,-1,
2,2,2,-1,
2,2,2,-1,
2,2,2,-1,
2,2,2,-1,
2,2,2,-1,
2,2,2,-1,
2,2,2,-1,
2,2,2,-1,
2,2,2,-1,
2,2,2,-1,
2,2,2,-1,
2,2,2,-1,
2,2,2,-1,
2,2,2,-1,
2,2,2,-1,
2,2,2,-1,
2,2,2,-1,
2,2,2,-1,
2,2,2,-1,
2,2,2,-1,
2,2,2,-1,
2,2,2,-1,
2,2,2,-1,
2,2,2,-1,
2,2,2,-1,
2,2,2,-1,
2,2,2,-1,
2,2,2,-1,
2,2,2,-1,
2,2,2,-1,
2,2,2,-1,
2,2,2,-1,
2,2,2,-1,
2,2,2,-1,
2,2,2,-1,
2,2,2,-1,
2,2,2,-1,
2,2,2,-1,
2,2,2,-1,
2,2,2,-1,
2,2,2,-1,
2,2,2,-1,
2,2,2,-1,
2,2,2,-1,
2,2,2,-1,
2,2,2,-1,
2,2,2,-1,
2,2,2,-1,
5,5,5,-1,
5,5,5,-1,
5,5,5,-1,
5,5,5,-1,
5,5,5,-1,
5,5,5,-1,
5,5,5,-1,
5,5,5,-1,
5,5,5,-1,
5,5,5,-1,
5,5,5,-1,
5,5,5,-1,
5,5,5,-1,
5,5,5,-1,
5,5,5,-1,
5,5,5,-1,
5,5,5,-1,
5,5,5,-1,
5,5,5,-1,
5,5,5,-1,
5,5,5,-1,
5,5,5,-1,
5,5,5,-1,
5,5,5,-1,
5,5,5,-1,
5,5,5,-1,
5,5,5,-1,
5,5,5,-1,
5,5,5,-1,
5,5,5,-1,
5,5,5,-1,
5,5,5,-1,
5,5,5,-1,
5,5,5,-1,
5,5,5,-1,
5,5,5,-1,
5,5,5,-1,
5,5,5,-1,
5,5,5,-1,
5,5,5,-1,
5,5,5,-1,
5,5,5,-1,
5,5,5,-1,
5,5,5,-1,
5,5,5,-1,
5,5,5,-1,
5,5,5,-1,
5,5,5,-1,
5,5,5,-1,
5,5,5,-1,
8,8,8,-1,
8,8,8,-1,
8,8,8,-1,
8,8,8,-1,
8,8,8,-1,
8,8,8,-1,
8,8,8,-1,
8,8,8,-1,
8,8,8,-1,
8,8,8,-1,
8,8,8,-1,
8,8,8,-1,
8,8,8,-1,
8,8,8,-1,
8,8,8,-1,
8,8,8,-1,
8,8,8,-1,
8,8,8,-1,
8,8,8,-1,
8,8,8,-1,
0,0,0,-1,
0,0,0,-1,
3,3,3,-1,
3,3,3,-1,
8,8,8,-1,
8,8,8,-1,
4,4,4,-1,
4,4,4,-1,
6,6,6,-1,
6,6,6,-1,
7,7,7,-1,
7,7,7,-1,
1,1,1,-1,
1,1,1,-1,
6,6,6,-1,
6,6,6,-1,
7,7,7,-1,
7,7,7,-1,
1,1,1,-1,
1,1,1,-1,
6,6,6,-1,
6,6,6,-1,
7,7,7,-1,
7,7,7,-1,
1,1,1,-1,
1,1,1,-1,
6,6,6,-1,
6,6,6,-1,
7,7,7,-1,
7,7,7,-1,
1,1,1,-1,
1,1,1,-1,
6,6,6,-1,
6,6,6,-1,
7,7,7,-1,
7,7,7,-1,
1,1,1,-1,
1,1,1,-1,
6,6,6,-1,
6,6,6,-1,
7,7,7,-1,
7,7,7,-1,
1,1,1,-1,
1,1,1,-1,
6,6,6,-1,
6,6,6,-1,
7,7,7,-1,
7,7,7,-1,
1,1,1,-1,
1,1,1,-1,
6,6,6,-1,
6,6,6,-1,
7,7,7,-1,
7,7,7,-1,
1,1,1,-1,
1,1,1,-1,
6,6,6,-1,
6,6,6,-1,
7,7,7,-1,
7,7,7,-1,
1,1,1,-1,
1,1,1,-1,
6,6,6,-1,
6,6,6,-1,
7,7,7,-1,
7,7,7,-1,
1,1,1,-1,
1,1,1,-1,
6,6,6,-1,
6,6,6,-1,
7,7,7,-1,
7,7,7,-1,
1,1,1,-1,
1,1,1,-1,
6,6,6,-1,
6,6,6,-1,
7,7,7,-1,
7,7,7,-1,
1,1,1,-1,
1,1,1,-1
]
texCoordIndex [
3,2,6,-1,
6,2,5,-1,
17,18,11,-1,
11,18,12,-1,
25,19,0,-1,
31,28,22,-1,
55,52,46,-1,
79,76,70,-1,
88,82,91,-1,
91,82,85,-1,
91,85,79,-1,
4,1,7,-1,
7,1,0,-1,
7,0,13,-1,
13,0,19,-1,
13,19,10,-1,
10,19,16,-1,
148,73,67,-1,
0,148,43,-1,
43,148,49,-1,
112,106,115,-1,
115,106,109,-1,
115,109,103,-1,
22,25,31,-1,
31,25,0,-1,
31,0,37,-1,
37,0,43,-1,
37,43,34,-1,
34,43,40,-1,
103,100,94,-1,
46,49,55,-1,
55,49,148,-1,
55,148,61,-1,
61,148,67,-1,
61,67,58,-1,
58,67,64,-1,
149,142,148,-1,
148,142,145,-1,
148,145,139,-1,
127,124,118,-1,
70,73,79,-1,
79,73,148,-1,
79,148,91,-1,
91,148,97,-1,
136,130,139,-1,
139,130,133,-1,
139,133,148,-1,
148,133,127,-1,
118,121,127,-1,
127,121,115,-1,
127,115,148,-1,
148,115,103,-1,
148,103,97,-1,
97,103,94,-1,
214,215,213,-1,
213,212,214,-1,
214,212,210,-1,
214,210,162,-1,
180,178,162,-1,
170,171,169,-1,
167,163,166,-1,
166,163,162,-1,
166,162,168,-1,
187,185,186,-1,
186,185,184,-1,
207,205,206,-1,
206,205,204,-1,
206,204,208,-1,
200,198,162,-1,
174,162,176,-1,
176,162,178,-1,
176,178,177,-1,
177,178,179,-1,
169,168,170,-1,
170,168,162,-1,
170,162,172,-1,
172,162,174,-1,
172,174,173,-1,
173,174,175,-1,
188,186,162,-1,
162,186,184,-1,
162,184,180,-1,
180,184,182,-1,
180,182,181,-1,
181,182,183,-1,
211,209,210,-1,
210,209,208,-1,
210,208,162,-1,
162,208,204,-1,
162,204,200,-1,
200,204,202,-1,
200,202,201,-1,
201,202,203,-1,
195,193,194,-1,
194,193,192,-1,
194,192,196,-1,
191,189,190,-1,
190,189,188,-1,
190,188,192,-1,
192,188,162,-1,
192,162,196,-1,
196,162,198,-1,
196,198,197,-1,
197,198,199,-1,
23,29,24,-1,
24,29,30,-1,
41,42,35,-1,
35,42,36,-1,
47,53,48,-1,
48,53,54,-1,
65,66,59,-1,
59,66,60,-1,
71,77,72,-1,
72,77,78,-1,
89,90,83,-1,
83,90,84,-1,
95,101,96,-1,
96,101,102,-1,
113,114,107,-1,
107,114,108,-1,
119,125,120,-1,
120,125,126,-1,
137,138,131,-1,
131,138,132,-1,
217,165,216,-1,
216,165,164,-1,
157,153,156,-1,
156,153,152,-1,
143,150,144,-1,
144,150,151,-1,
157,156,161,-1,
161,156,160,-1,
155,153,154,-1,
154,153,152,-1,
141,140,147,-1,
147,140,146,-1,
158,160,159,-1,
159,160,161,-1,
154,155,152,-1,
152,155,153,-1,
135,129,134,-1,
134,129,128,-1,
159,158,161,-1,
161,158,160,-1,
155,153,154,-1,
154,153,152,-1,
117,116,123,-1,
123,116,122,-1,
158,160,159,-1,
159,160,161,-1,
154,155,152,-1,
152,155,153,-1,
111,105,110,-1,
110,105,104,-1,
159,158,161,-1,
161,158,160,-1,
155,153,154,-1,
154,153,152,-1,
93,92,99,-1,
99,92,98,-1,
158,160,159,-1,
159,160,161,-1,
154,155,152,-1,
152,155,153,-1,
87,81,86,-1,
86,81,80,-1,
159,158,161,-1,
161,158,160,-1,
155,153,154,-1,
154,153,152,-1,
69,68,75,-1,
75,68,74,-1,
158,160,159,-1,
159,160,161,-1,
154,155,152,-1,
152,155,153,-1,
63,57,62,-1,
62,57,56,-1,
159,158,161,-1,
161,158,160,-1,
155,153,154,-1,
154,153,152,-1,
45,44,51,-1,
51,44,50,-1,
158,160,159,-1,
159,160,161,-1,
154,155,152,-1,
152,155,153,-1,
39,33,38,-1,
38,33,32,-1,
159,158,161,-1,
161,158,160,-1,
155,153,154,-1,
154,153,152,-1,
21,20,27,-1,
27,20,26,-1,
158,160,159,-1,
159,160,161,-1,
154,155,152,-1,
152,155,153,-1,
15,9,14,-1,
14,9,8,-1,
159,158,161,-1,
161,158,160,-1
]
}
}
Shape {
appearance Appearance {
material Material {
ambientIntensity 0
diffuseColor 1 1 1
specularColor 0 0 0
shininess 0
transparency 0
}
texture USE MELA_W908_ST7
}
geometry IndexedFaceSet {
normalPerVertex TRUE
solid TRUE
convex TRUE
coord Coordinate { point [
-1.08945 -0.69999999 0.30000988,
-1.08945 -0.59999996 0.30000988,
-1.08945 -0.59399909 0.30000988,
-1.08945 -0.49399906 0.30000988,
-1.08945 -0.48799816 0.30000988,
-1.08945 -0.38799816 0.30000988,
-1.08945 -0.38199726 0.30000988,
-1.08945 -0.28199723 0.30000988,
-1.08945 -0.27599633 0.30000988,
-1.08945 -0.1759963 0.30000988,
-1.08945 -0.16999543 0.30000988,
-1.08945 -0.069995403 0.30000988,
-1.08945 -0.063994527 0.30000988,
-1.08945 0.036005497 0.30000988,
-1.08945 0.042006433 0.30000988,
-1.08945 0.1420064 0.30000988,
-1.08945 0.14800733 0.30000988,
-1.08945 0.2480073 0.30000988,
-1.08945 0.25400823 0.30000988,
-1.08945 0.35400826 0.30000988,
-1.08945 0.36000913 0.30000988,
-1.08945 0.46000916 0.30000988,
-1.08945 0.46601003 0.30000988,
-1.08945 0.56601006 0.30000988,
-1.08945 0.57201093 0.30000988,
-1.08945 0.69999999 0.30000988,
-1.08945 -0.69999999 -0.29999015,
-1.08945 -0.59999996 -0.29999015,
-1.08945 -0.59399909 -0.29999015,
-1.08945 -0.49399906 -0.29999015,
-1.08945 -0.48799816 -0.29999015,
-1.08945 -0.38799816 -0.29999015,
-1.08945 -0.38199726 -0.29999015,
-1.08945 -0.28199723 -0.29999015,
-1.08945 -0.27599633 -0.29999015,
-1.08945 -0.1759963 -0.29999015,
-1.08945 -0.16999543 -0.29999015,
-1.08945 -0.069995403 -0.29999015,
-1.08945 -0.063994527 -0.29999015,
-1.08945 0.036005497 -0.29999015,
-1.08945 0.042006433 -0.29999015,
-1.08945 0.1420064 -0.29999015,
-1.08945 0.14800733 -0.29999015,
-1.08945 0.2480073 -0.29999015,
-1.08945 0.25400823 -0.29999015,
-1.08945 0.35400826 -0.29999015,
-1.08945 0.36000913 -0.29999015,
-1.08945 0.46000916 -0.29999015,
-1.08945 0.46601003 -0.29999015,
-1.08945 0.56601006 -0.29999015,
-1.08945 0.57201093 -0.29999015,
-1.08945 0.69999999 -0.29999015,
-1.0705053 -0.60033065 0.30000988,
-1.0705053 -0.49432975 0.30000988,
-1.0705053 -0.38832885 0.30000988,
-1.0705053 -0.28232792 0.30000988,
-1.0705053 -0.17632699 0.30000988,
-1.0705053 -0.07032609 0.30000988,
-1.0705053 0.03567481 0.30000988,
-1.0705053 0.14167571 0.30000988,
-1.0705053 0.24767667 0.30000988,
-1.0705053 0.35367757 0.30000988,
-1.0705053 0.45967847 0.30000988,
-1.0705053 0.56567937 0.30000988,
-1.0705053 -0.60033065 -0.29999015,
-1.0705053 -0.49432975 -0.29999015,
-1.0705053 -0.38832885 -0.29999015,
-1.0705053 -0.28232792 -0.29999015,
-1.0705053 -0.17632699 -0.29999015,
-1.0705053 -0.07032609 -0.29999015,
-1.0705053 0.03567481 -0.29999015,
-1.0705053 0.14167571 -0.29999015,
-1.0705053 0.24767667 -0.29999015,
-1.0705053 0.35367757 -0.29999015,
-1.0705053 0.45967847 -0.29999015,
-1.0705053 0.56567937 -0.29999015,
-1.0704006 -0.59433156 0.30000988,
-1.0704006 -0.48833066 0.30000988,
-1.0704006 -0.38232976 0.30000988,
-1.0704006 -0.27632883 0.30000988,
-1.0704006 -0.1703279 0.30000988,
-1.0704006 -0.064327002 0.30000988,
-1.0704006 0.041673899 0.30000988,
-1.0704006 0.1476748 0.30000988,
-1.0704006 0.2536757 0.30000988,
-1.0704006 0.35967666 0.30000988,
-1.0704006 0.46567756 0.30000988,
-1.0704006 0.57167846 0.30000988,
-1.0704006 -0.59433156 -0.29999015,
-1.0704006 -0.48833066 -0.29999015,
-1.0704006 -0.38232976 -0.29999015,
-1.0704006 -0.27632883 -0.29999015,
-1.0704006 -0.1703279 -0.29999015,
-1.0704006 -0.064327002 -0.29999015,
-1.0704006 0.041673899 -0.29999015,
-1.0704006 0.1476748 -0.29999015,
-1.0704006 0.2536757 -0.29999015,
-1.0704006 0.35967666 -0.29999015,
-1.0704006 0.46567756 -0.29999015,
-1.0704006 0.57167846 -0.29999015,
-1.04945 -0.69999999 0.30000988,
-1.04945 0.69999999 0.30000988,
-1.04945 -0.69999999 -0.29999015,
-1.04945 0.69999999 -0.29999015
] }
normal Normal { vector [
-1 0 0,
-0.999848 0.0174524 0,
-0.0174524 -0.999848 0,
0 0 1,
0 -1 0,
0 1 0,
0 0 -1,
0.0174524 0.999848 0,
1 0 0
] }
texCoord TextureCoordinate { point [
-4.33375 0,
-4.33375 0.134675,
-4.33375 1,
-4.33375 3.02013,
-4.02898 0,
-4.02819 0.064137,
-4.01469 0,
-4.0139 0.0637846,
-3.77656 0,
-3.77577 0.064137,
-3.76227 0,
-3.76149 0.0637846,
-3.52415 0,
-3.52336 0.064137,
-3.50986 0,
-3.50907 0.0637846,
-3.27173 0,
-3.27094 0.064137,
-3.25744 0,
-3.25666 0.0637846,
-3.01932 0,
-3.01853 0.064137,
-3.00503 0,
-3.00424 0.0637846,
-2.7669 0,
-2.76611 0.064137,
-2.75261 0,
-2.75183 0.0637846,
-2.51449 0,
-2.5137 0.064137,
-2.5002 0,
-2.49941 0.0637846,
-2.26207 0,
-2.26128 0.064137,
-2.24779 0,
-2.247 0.0637846,
-2.00966 0,
-2.00887 0.064137,
-1.99537 0,
-1.99458 0.0637846,
-1.75724 0,
-1.75645 0.064137,
-1.74296 0,
-1.74217 0.0637846,
-1.50483 0,
-1.50404 0.064137,
-1.49054 0,
-1.48975 0.0637846,
-1.25241 0,
-1.25162 0.064137,
-1.23813 0,
-1.23734 0.0637846,
-1 0,
-1 0.134675,
-1 1,
-1 3.02013,
-0.09525 1,
-0.09525 3.02013,
-0.0453615 1,
-0.0453615 3.02013,
0 1,
0 3.02013,
0.0451122 1,
0.0451122 3.02013,
0.09525 1,
0.09525 3.02013,
1 0,
1 0.134675,
1 1,
1 3.02013,
1.23734 0.0637846,
1.23734 1,
1.23734 3.02013,
1.23813 0,
1.23813 1,
1.23813 3.02013,
1.25162 0.064137,
1.25162 1,
1.25162 3.02013,
1.25241 0,
1.25241 1,
1.25241 3.02013,
1.48975 0.0637846,
1.48975 1,
1.48975 3.02013,
1.49054 0,
1.49054 1,
1.49054 3.02013,
1.50404 0.064137,
1.50404 1,
1.50404 3.02013,
1.50483 0,
1.50483 1,
1.50483 3.02013,
1.74217 0.0637846,
1.74217 1,
1.74217 3.02013,
1.74296 0,
1.74296 1,
1.74296 3.02013,
1.75645 0.064137,
1.75645 1,
1.75645 3.02013,
1.75724 0,
1.75724 1,
1.75724 3.02013,
1.99458 0.0637846,
1.99458 1,
1.99458 3.02013,
1.99537 0,
1.99537 1,
1.99537 3.02013,
2.00887 0.064137,
2.00887 1,
2.00887 3.02013,
2.00966 0,
2.00966 1,
2.00966 3.02013,
2.247 0.0637846,
2.247 1,
2.247 3.02013,
2.24779 0,
2.24779 1,
2.24779 3.02013,
2.26128 0.064137,
2.26128 1,
2.26128 3.02013,
2.26207 0,
2.26207 1,
2.26207 3.02013,
2.49941 0.0637846,
2.49941 1,
2.49941 3.02013,
2.5002 0,
2.5002 1,
2.5002 3.02013,
2.5137 0.064137,
2.5137 1,
2.5137 3.02013,
2.51449 0,
2.51449 1,
2.51449 3.02013,
2.75183 0.0637846,
2.75183 1,
2.75183 3.02013,
2.75261 0,
2.75261 1,
2.75261 3.02013,
2.76611 0.064137,
2.76611 1,
2.76611 3.02013,
2.7669 0,
2.7669 1,
2.7669 3.02013,
3.00424 0.0637846,
3.00424 1,
3.00424 3.02013,
3.00503 0,
3.00503 1,
3.00503 3.02013,
3.01853 0.064137,
3.01853 1,
3.01853 3.02013,
3.01932 0,
3.01932 1,
3.01932 3.02013,
3.25666 0.0637846,
3.25666 1,
3.25666 3.02013,
3.25744 0,
3.25744 1,
3.25744 3.02013,
3.27094 0.064137,
3.27094 1,
3.27094 3.02013,
3.27173 0,
3.27173 1,
3.27173 3.02013,
3.50907 0.0637846,
3.50907 1,
3.50907 3.02013,
3.50986 0,
3.50986 1,
3.50986 3.02013,
3.52336 0.064137,
3.52336 1,
3.52336 3.02013,
3.52415 0,
3.52415 1,
3.52415 3.02013,
3.76149 0.0637846,
3.76149 1,
3.76149 3.02013,
3.76227 0,
3.76227 1,
3.76227 3.02013,
3.77577 0.064137,
3.77577 1,
3.77577 3.02013,
3.77656 0,
3.77656 1,
3.77656 3.02013,
4.0139 0.0637846,
4.0139 1,
4.0139 3.02013,
4.01469 0,
4.01469 1,
4.01469 3.02013,
4.02819 0.064137,
4.02819 1,
4.02819 3.02013,
4.02898 0,
4.02898 1,
4.02898 3.02013,
4.33375 0,
4.33375 0.134675,
4.33375 1,
4.33375 3.02013
] }
coordIndex [
25,51,24,-1,
24,51,50,-1,
48,22,49,-1,
49,22,23,-1,
101,25,24,-1,
24,87,101,-1,
101,87,63,-1,
101,63,100,-1,
21,20,62,-1,
62,20,85,-1,
62,85,86,-1,
17,16,60,-1,
60,16,83,-1,
77,53,100,-1,
80,56,100,-1,
23,22,63,-1,
63,22,86,-1,
63,86,100,-1,
100,86,85,-1,
100,85,84,-1,
84,85,61,-1,
84,61,18,-1,
18,61,19,-1,
84,60,100,-1,
100,60,83,-1,
100,83,82,-1,
82,83,59,-1,
82,59,14,-1,
14,59,15,-1,
54,5,4,-1,
13,12,58,-1,
58,12,81,-1,
55,100,79,-1,
79,100,56,-1,
79,56,8,-1,
8,56,9,-1,
4,77,54,-1,
54,77,100,-1,
54,100,78,-1,
78,100,55,-1,
78,55,6,-1,
6,55,7,-1,
1,0,52,-1,
52,0,100,-1,
52,100,76,-1,
76,100,53,-1,
76,53,2,-1,
2,53,3,-1,
82,58,100,-1,
100,58,81,-1,
100,81,80,-1,
80,81,57,-1,
80,57,10,-1,
10,57,11,-1,
97,46,47,-1,
91,34,35,-1,
95,42,43,-1,
102,68,92,-1,
36,37,92,-1,
92,37,69,-1,
92,69,102,-1,
102,69,93,-1,
38,39,93,-1,
93,39,70,-1,
93,70,102,-1,
102,70,94,-1,
44,45,96,-1,
96,45,73,-1,
74,98,103,-1,
26,27,102,-1,
102,27,64,-1,
102,64,88,-1,
47,74,97,-1,
97,74,103,-1,
97,103,73,-1,
73,103,102,-1,
73,102,96,-1,
96,102,72,-1,
50,51,99,-1,
99,51,103,-1,
99,103,75,-1,
75,103,98,-1,
75,98,49,-1,
49,98,48,-1,
28,29,88,-1,
88,29,65,-1,
88,65,102,-1,
102,65,89,-1,
30,31,89,-1,
89,31,66,-1,
89,66,102,-1,
102,66,90,-1,
32,33,90,-1,
90,33,67,-1,
90,67,102,-1,
102,67,91,-1,
102,91,68,-1,
68,91,35,-1,
43,72,95,-1,
95,72,102,-1,
95,102,71,-1,
71,102,94,-1,
71,94,41,-1,
41,94,40,-1,
47,46,21,-1,
21,46,20,-1,
44,18,45,-1,
45,18,19,-1,
43,42,17,-1,
17,42,16,-1,
40,14,41,-1,
41,14,15,-1,
39,38,13,-1,
13,38,12,-1,
36,10,37,-1,
37,10,11,-1,
35,34,9,-1,
9,34,8,-1,
32,6,33,-1,
33,6,7,-1,
31,30,5,-1,
5,30,4,-1,
28,2,29,-1,
29,2,3,-1,
27,26,1,-1,
1,26,0,-1,
26,102,0,-1,
0,102,100,-1,
100,102,101,-1,
101,102,103,-1,
51,25,103,-1,
103,25,101,-1,
76,2,88,-1,
88,2,28,-1,
64,52,88,-1,
88,52,76,-1,
64,27,52,-1,
52,27,1,-1,
89,77,30,-1,
30,77,4,-1,
89,65,77,-1,
77,65,53,-1,
53,65,3,-1,
3,65,29,-1,
78,6,90,-1,
90,6,32,-1,
66,54,90,-1,
90,54,78,-1,
66,31,54,-1,
54,31,5,-1,
91,79,34,-1,
34,79,8,-1,
91,67,79,-1,
79,67,55,-1,
55,67,7,-1,
7,67,33,-1,
80,10,92,-1,
92,10,36,-1,
68,56,92,-1,
92,56,80,-1,
68,35,56,-1,
56,35,9,-1,
93,81,38,-1,
38,81,12,-1,
93,69,81,-1,
81,69,57,-1,
57,69,11,-1,
11,69,37,-1,
82,14,94,-1,
94,14,40,-1,
70,58,94,-1,
94,58,82,-1,
70,39,58,-1,
58,39,13,-1,
95,83,42,-1,
42,83,16,-1,
95,71,83,-1,
83,71,59,-1,
59,71,15,-1,
15,71,41,-1,
84,18,96,-1,
96,18,44,-1,
72,60,96,-1,
96,60,84,-1,
72,43,60,-1,
60,43,17,-1,
97,85,46,-1,
46,85,20,-1,
97,73,85,-1,
85,73,61,-1,
61,73,19,-1,
19,73,45,-1,
86,22,98,-1,
98,22,48,-1,
74,62,98,-1,
98,62,86,-1,
74,47,62,-1,
62,47,21,-1,
99,87,50,-1,
50,87,24,-1,
99,75,87,-1,
87,75,63,-1,
63,75,23,-1,
23,75,49,-1
]
normalIndex [
0,0,0,-1,
0,0,0,-1,
0,0,0,-1,
0,0,0,-1,
3,3,3,-1,
3,3,3,-1,
3,3,3,-1,
3,3,3,-1,
3,3,3,-1,
3,3,3,-1,
3,3,3,-1,
3,3,3,-1,
3,3,3,-1,
3,3,3,-1,
3,3,3,-1,
3,3,3,-1,
3,3,3,-1,
3,3,3,-1,
3,3,3,-1,
3,3,3,-1,
3,3,3,-1,
3,3,3,-1,
3,3,3,-1,
3,3,3,-1,
3,3,3,-1,
3,3,3,-1,
3,3,3,-1,
3,3,3,-1,
3,3,3,-1,
3,3,3,-1,
3,3,3,-1,
3,3,3,-1,
3,3,3,-1,
3,3,3,-1,
3,3,3,-1,
3,3,3,-1,
3,3,3,-1,
3,3,3,-1,
3,3,3,-1,
3,3,3,-1,
3,3,3,-1,
3,3,3,-1,
3,3,3,-1,
3,3,3,-1,
3,3,3,-1,
3,3,3,-1,
3,3,3,-1,
3,3,3,-1,
3,3,3,-1,
3,3,3,-1,
3,3,3,-1,
3,3,3,-1,
3,3,3,-1,
3,3,3,-1,
6,6,6,-1,
6,6,6,-1,
6,6,6,-1,
6,6,6,-1,
6,6,6,-1,
6,6,6,-1,
6,6,6,-1,
6,6,6,-1,
6,6,6,-1,
6,6,6,-1,
6,6,6,-1,
6,6,6,-1,
6,6,6,-1,
6,6,6,-1,
6,6,6,-1,
6,6,6,-1,
6,6,6,-1,
6,6,6,-1,
6,6,6,-1,
6,6,6,-1,
6,6,6,-1,
6,6,6,-1,
6,6,6,-1,
6,6,6,-1,
6,6,6,-1,
6,6,6,-1,
6,6,6,-1,
6,6,6,-1,
6,6,6,-1,
6,6,6,-1,
6,6,6,-1,
6,6,6,-1,
6,6,6,-1,
6,6,6,-1,
6,6,6,-1,
6,6,6,-1,
6,6,6,-1,
6,6,6,-1,
6,6,6,-1,
6,6,6,-1,
6,6,6,-1,
6,6,6,-1,
6,6,6,-1,
6,6,6,-1,
6,6,6,-1,
6,6,6,-1,
6,6,6,-1,
6,6,6,-1,
6,6,6,-1,
6,6,6,-1,
0,0,0,-1,
0,0,0,-1,
0,0,0,-1,
0,0,0,-1,
0,0,0,-1,
0,0,0,-1,
0,0,0,-1,
0,0,0,-1,
0,0,0,-1,
0,0,0,-1,
0,0,0,-1,
0,0,0,-1,
0,0,0,-1,
0,0,0,-1,
0,0,0,-1,
0,0,0,-1,
0,0,0,-1,
0,0,0,-1,
0,0,0,-1,
0,0,0,-1,
0,0,0,-1,
0,0,0,-1,
4,4,4,-1,
4,4,4,-1,
8,8,8,-1,
8,8,8,-1,
5,5,5,-1,
5,5,5,-1,
2,2,2,-1,
2,2,2,-1,
1,1,1,-1,
1,1,1,-1,
7,7,7,-1,
7,7,7,-1,
2,2,2,-1,
2,2,2,-1,
1,1,1,-1,
1,1,1,-1,
7,7,7,-1,
7,7,7,-1,
2,2,2,-1,
2,2,2,-1,
1,1,1,-1,
1,1,1,-1,
7,7,7,-1,
7,7,7,-1,
2,2,2,-1,
2,2,2,-1,
1,1,1,-1,
1,1,1,-1,
7,7,7,-1,
7,7,7,-1,
2,2,2,-1,
2,2,2,-1,
1,1,1,-1,
1,1,1,-1,
7,7,7,-1,
7,7,7,-1,
2,2,2,-1,
2,2,2,-1,
1,1,1,-1,
1,1,1,-1,
7,7,7,-1,
7,7,7,-1,
2,2,2,-1,
2,2,2,-1,
1,1,1,-1,
1,1,1,-1,
7,7,7,-1,
7,7,7,-1,
2,2,2,-1,
2,2,2,-1,
1,1,1,-1,
1,1,1,-1,
7,7,7,-1,
7,7,7,-1,
2,2,2,-1,
2,2,2,-1,
1,1,1,-1,
1,1,1,-1,
7,7,7,-1,
7,7,7,-1,
2,2,2,-1,
2,2,2,-1,
1,1,1,-1,
1,1,1,-1,
7,7,7,-1,
7,7,7,-1,
2,2,2,-1,
2,2,2,-1,
1,1,1,-1,
1,1,1,-1,
7,7,7,-1,
7,7,7,-1,
2,2,2,-1,
2,2,2,-1,
1,1,1,-1,
1,1,1,-1,
7,7,7,-1,
7,7,7,-1
]
texCoordIndex [
216,217,212,-1,
212,217,213,-1,
201,200,207,-1,
207,200,206,-1,
1,0,4,-1,
4,5,1,-1,
1,5,7,-1,
1,7,53,-1,
10,12,11,-1,
11,12,13,-1,
11,13,9,-1,
18,20,19,-1,
19,20,21,-1,
45,47,53,-1,
33,35,53,-1,
6,8,7,-1,
7,8,9,-1,
7,9,53,-1,
53,9,13,-1,
53,13,17,-1,
17,13,15,-1,
17,15,16,-1,
16,15,14,-1,
17,19,53,-1,
53,19,21,-1,
53,21,25,-1,
25,21,23,-1,
25,23,24,-1,
24,23,22,-1,
43,42,44,-1,
26,28,27,-1,
27,28,29,-1,
39,53,37,-1,
37,53,35,-1,
37,35,36,-1,
36,35,34,-1,
44,45,43,-1,
43,45,53,-1,
43,53,41,-1,
41,53,39,-1,
41,39,40,-1,
40,39,38,-1,
50,52,51,-1,
51,52,53,-1,
51,53,49,-1,
49,53,47,-1,
49,47,48,-1,
48,47,46,-1,
25,27,53,-1,
53,27,29,-1,
53,29,33,-1,
33,29,31,-1,
33,31,32,-1,
32,31,30,-1,
184,187,193,-1,
112,115,121,-1,
160,163,169,-1,
67,118,124,-1,
127,133,124,-1,
124,133,130,-1,
124,130,67,-1,
67,130,136,-1,
139,145,136,-1,
136,145,142,-1,
136,142,67,-1,
67,142,148,-1,
175,181,172,-1,
172,181,178,-1,
190,196,215,-1,
66,73,67,-1,
67,73,70,-1,
67,70,76,-1,
193,190,184,-1,
184,190,215,-1,
184,215,178,-1,
178,215,67,-1,
178,67,172,-1,
172,67,166,-1,
211,214,208,-1,
208,214,215,-1,
208,215,202,-1,
202,215,196,-1,
202,196,205,-1,
205,196,199,-1,
79,85,76,-1,
76,85,82,-1,
76,82,67,-1,
67,82,88,-1,
91,97,88,-1,
88,97,94,-1,
88,94,67,-1,
67,94,100,-1,
103,109,100,-1,
100,109,106,-1,
100,106,67,-1,
67,106,112,-1,
67,112,118,-1,
118,112,121,-1,
169,166,160,-1,
160,166,67,-1,
160,67,154,-1,
154,67,148,-1,
154,148,157,-1,
157,148,151,-1,
195,189,194,-1,
194,189,188,-1,
177,176,183,-1,
183,176,182,-1,
171,165,170,-1,
170,165,164,-1,
153,152,159,-1,
159,152,158,-1,
147,141,146,-1,
146,141,140,-1,
129,128,135,-1,
135,128,134,-1,
123,117,122,-1,
122,117,116,-1,
105,104,111,-1,
111,104,110,-1,
99,93,98,-1,
98,93,92,-1,
81,80,87,-1,
87,80,86,-1,
75,69,74,-1,
74,69,68,-1,
61,57,60,-1,
60,57,56,-1,
54,55,2,-1,
2,55,3,-1,
61,60,65,-1,
65,60,64,-1,
58,60,59,-1,
59,60,61,-1,
72,71,78,-1,
78,71,77,-1,
63,61,62,-1,
62,61,60,-1,
59,58,61,-1,
61,58,60,-1,
90,84,89,-1,
89,84,83,-1,
62,63,60,-1,
60,63,61,-1,
58,60,59,-1,
59,60,61,-1,
96,95,102,-1,
102,95,101,-1,
63,61,62,-1,
62,61,60,-1,
59,58,61,-1,
61,58,60,-1,
114,108,113,-1,
113,108,107,-1,
62,63,60,-1,
60,63,61,-1,
58,60,59,-1,
59,60,61,-1,
120,119,126,-1,
126,119,125,-1,
63,61,62,-1,
62,61,60,-1,
59,58,61,-1,
61,58,60,-1,
138,132,137,-1,
137,132,131,-1,
62,63,60,-1,
60,63,61,-1,
58,60,59,-1,
59,60,61,-1,
144,143,150,-1,
150,143,149,-1,
63,61,62,-1,
62,61,60,-1,
59,58,61,-1,
61,58,60,-1,
162,156,161,-1,
161,156,155,-1,
62,63,60,-1,
60,63,61,-1,
58,60,59,-1,
59,60,61,-1,
168,167,174,-1,
174,167,173,-1,
63,61,62,-1,
62,61,60,-1,
59,58,61,-1,
61,58,60,-1,
186,180,185,-1,
185,180,179,-1,
62,63,60,-1,
60,63,61,-1,
58,60,59,-1,
59,60,61,-1,
192,191,198,-1,
198,191,197,-1,
63,61,62,-1,
62,61,60,-1,
59,58,61,-1,
61,58,60,-1,
210,204,209,-1,
209,204,203,-1,
62,63,60,-1,
60,63,61,-1
]
}
}
Shape {
appearance Appearance {
material Material {
ambientIntensity 0
diffuseColor 0.792 0.984 1 
specularColor 0.0392 0.0392 0.0392 
shininess 0.00234 
transparency 0.9
}
}
geometry IndexedFaceSet {
normalPerVertex TRUE
solid TRUE
convex TRUE
coord Coordinate { point [
-1.2895719 -0.49050593 0.30000988,
-1.2895719 -0.49050593 -0.29999015,
-1.2894672 -0.48450685 0.30000988,
-1.2894672 -0.48450685 -0.29999015,
-1.0705053 -0.49432975 0.30000988,
-1.0705053 -0.49432975 -0.29999015,
-1.0704006 -0.48833066 0.30000988,
-1.0704006 -0.48833066 -0.29999015
] }
normal Normal { vector [
-0.999848 0.0174524 0,
-0.0174524 -0.999848 0,
0 0 1,
0 0 -1,
0.0174524 0.999848 0,
0.999848 -0.0174524 0
] }
coordIndex [
2,6,3,-1,
3,6,7,-1,
7,5,3,-1,
3,5,1,-1,
6,4,7,-1,
7,4,5,-1,
2,0,6,-1,
6,0,4,-1,
5,4,1,-1,
1,4,0,-1,
2,3,0,-1,
0,3,1,-1
]
normalIndex [
4,4,4,-1,
4,4,4,-1,
3,3,3,-1,
3,3,3,-1,
5,5,5,-1,
5,5,5,-1,
2,2,2,-1,
2,2,2,-1,
1,1,1,-1,
1,1,1,-1,
0,0,0,-1,
0,0,0,-1
]
}
}
Shape {
appearance Appearance {
material Material {
ambientIntensity 0
diffuseColor 0.792 0.984 1 
specularColor 0.0392 0.0392 0.0392 
shininess 0.00234 
transparency 0.9
}
}
geometry IndexedFaceSet {
normalPerVertex TRUE
solid TRUE
convex TRUE
coord Coordinate { point [
-1.2895719 -0.17250317 0.30000988,
-1.2895719 -0.17250317 -0.29999015,
-1.2894672 -0.16650409 0.30000988,
-1.2894672 -0.16650409 -0.29999015,
-1.0705053 -0.17632699 0.30000988,
-1.0705053 -0.17632699 -0.29999015,
-1.0704006 -0.1703279 0.30000988,
-1.0704006 -0.1703279 -0.29999015
] }
normal Normal { vector [
-0.999848 0.0174524 0,
-0.0174524 -0.999848 0,
0 0 1,
0 0 -1,
0.0174524 0.999848 0,
0.999848 -0.0174524 0
] }
coordIndex [
2,6,3,-1,
3,6,7,-1,
7,5,3,-1,
3,5,1,-1,
6,4,7,-1,
7,4,5,-1,
2,0,6,-1,
6,0,4,-1,
5,4,1,-1,
1,4,0,-1,
2,3,0,-1,
0,3,1,-1
]
normalIndex [
4,4,4,-1,
4,4,4,-1,
3,3,3,-1,
3,3,3,-1,
5,5,5,-1,
5,5,5,-1,
2,2,2,-1,
2,2,2,-1,
1,1,1,-1,
1,1,1,-1,
0,0,0,-1,
0,0,0,-1
]
}
}
Shape {
appearance Appearance {
material Material {
ambientIntensity 0
diffuseColor 0.792 0.984 1 
specularColor 0.0392 0.0392 0.0392 
shininess 0.00234 
transparency 0.9
}
}
geometry IndexedFaceSet {
normalPerVertex TRUE
solid TRUE
convex TRUE
coord Coordinate { point [
-1.2895719 0.14549953 0.30000988,
-1.2895719 0.14549953 -0.29999015,
-1.2894672 0.15149862 0.30000988,
-1.2894672 0.15149862 -0.29999015,
-1.0705053 0.14167571 0.30000988,
-1.0705053 0.14167571 -0.29999015,
-1.0704006 0.1476748 0.30000988,
-1.0704006 0.1476748 -0.29999015
] }
normal Normal { vector [
-0.999848 0.0174524 0,
-0.0174524 -0.999848 0,
0 0 1,
0 0 -1,
0.0174524 0.999848 0,
0.999848 -0.0174524 0
] }
coordIndex [
1,5,0,-1,
0,5,4,-1,
4,6,0,-1,
0,6,2,-1,
5,7,4,-1,
4,7,6,-1,
1,3,5,-1,
5,3,7,-1,
6,7,2,-1,
2,7,3,-1,
1,0,3,-1,
3,0,2,-1
]
normalIndex [
1,1,1,-1,
1,1,1,-1,
2,2,2,-1,
2,2,2,-1,
5,5,5,-1,
5,5,5,-1,
3,3,3,-1,
3,3,3,-1,
4,4,4,-1,
4,4,4,-1,
0,0,0,-1,
0,0,0,-1
]
}
}
Shape {
appearance Appearance {
material Material {
ambientIntensity 0
diffuseColor 0.792 0.984 1 
specularColor 0.0392 0.0392 0.0392 
shininess 0.00234 
transparency 0.9
}
}
geometry IndexedFaceSet {
normalPerVertex TRUE
solid TRUE
convex TRUE
coord Coordinate { point [
-1.2895719 0.46350235 0.30000988,
-1.2895719 0.46350235 -0.29999015,
-1.2894672 0.46950144 0.30000988,
-1.2894672 0.46950144 -0.29999015,
-1.0705053 0.45967847 0.30000988,
-1.0705053 0.45967847 -0.29999015,
-1.0704006 0.46567756 0.30000988,
-1.0704006 0.46567756 -0.29999015
] }
normal Normal { vector [
-0.999848 0.0174524 0,
-0.0174524 -0.999848 0,
0 0 1,
0 0 -1,
0.0174524 0.999848 0,
0.999848 -0.0174524 0
] }
coordIndex [
1,5,0,-1,
0,5,4,-1,
4,6,0,-1,
0,6,2,-1,
5,7,4,-1,
4,7,6,-1,
1,3,5,-1,
5,3,7,-1,
6,7,2,-1,
2,7,3,-1,
1,0,3,-1,
3,0,2,-1
]
normalIndex [
1,1,1,-1,
1,1,1,-1,
2,2,2,-1,
2,2,2,-1,
5,5,5,-1,
5,5,5,-1,
3,3,3,-1,
3,3,3,-1,
4,4,4,-1,
4,4,4,-1,
0,0,0,-1,
0,0,0,-1
]
}
}
Shape {
appearance Appearance {
material Material {
ambientIntensity 0
diffuseColor 0.792 0.984 1 
specularColor 0.0392 0.0392 0.0392 
shininess 0.00234 
transparency 0.9
}
}
geometry IndexedFaceSet {
normalPerVertex TRUE
solid TRUE
convex TRUE
coord Coordinate { point [
1.0705005 0.46567756 0.30000988,
1.0705005 0.46567756 -0.29999015,
1.0706052 0.45967847 0.30000988,
1.0706052 0.45967847 -0.29999015,
1.2894671 0.46949965 0.30000988,
1.2894671 0.46949965 -0.29999015,
1.2895719 0.46350056 0.30000988,
1.2895719 0.46350056 -0.29999015
] }
normal Normal { vector [
-0.999848 -0.0174524 0,
-0.0174524 0.999848 0,
0 0 1,
0 0 -1,
0.0174524 -0.999848 0,
0.999848 0.0174524 0
] }
coordIndex [
6,2,7,-1,
7,2,3,-1,
3,1,7,-1,
7,1,5,-1,
2,0,3,-1,
3,0,1,-1,
6,4,2,-1,
2,4,0,-1,
1,0,5,-1,
5,0,4,-1,
6,7,4,-1,
4,7,5,-1
]
normalIndex [
4,4,4,-1,
4,4,4,-1,
3,3,3,-1,
3,3,3,-1,
0,0,0,-1,
0,0,0,-1,
2,2,2,-1,
2,2,2,-1,
1,1,1,-1,
1,1,1,-1,
5,5,5,-1,
5,5,5,-1
]
}
}
Shape {
appearance Appearance {
material Material {
ambientIntensity 0
diffuseColor 0.792 0.984 1 
specularColor 0.0392 0.0392 0.0392 
shininess 0.00234 
transparency 0.9
}
}
geometry IndexedFaceSet {
normalPerVertex TRUE
solid TRUE
convex TRUE
coord Coordinate { point [
1.0705005 0.1476748 0.30000988,
1.0705005 0.1476748 -0.29999015,
1.0706052 0.14167571 0.30000988,
1.0706052 0.14167571 -0.29999015,
1.2894671 0.15149689 0.30000988,
1.2894671 0.15149689 -0.29999015,
1.2895719 0.1454978 0.30000988,
1.2895719 0.1454978 -0.29999015
] }
normal Normal { vector [
-0.999848 -0.0174524 0,
-0.0174524 0.999848 0,
0 0 1,
0 0 -1,
0.0174524 -0.999848 0,
0.999848 0.0174524 0
] }
coordIndex [
6,2,7,-1,
7,2,3,-1,
3,1,7,-1,
7,1,5,-1,
2,0,3,-1,
3,0,1,-1,
6,4,2,-1,
2,4,0,-1,
1,0,5,-1,
5,0,4,-1,
6,7,4,-1,
4,7,5,-1
]
normalIndex [
4,4,4,-1,
4,4,4,-1,
3,3,3,-1,
3,3,3,-1,
0,0,0,-1,
0,0,0,-1,
2,2,2,-1,
2,2,2,-1,
1,1,1,-1,
1,1,1,-1,
5,5,5,-1,
5,5,5,-1
]
}
}
Shape {
appearance Appearance {
material Material {
ambientIntensity 0
diffuseColor 0.792 0.984 1 
specularColor 0.0392 0.0392 0.0392 
shininess 0.00234 
transparency 0.9
}
}
geometry IndexedFaceSet {
normalPerVertex TRUE
solid TRUE
convex TRUE
coord Coordinate { point [
1.0705005 -0.1703279 0.30000988,
1.0705005 -0.1703279 -0.29999015,
1.0706052 -0.17632699 0.30000988,
1.0706052 -0.17632699 -0.29999015,
1.2894671 -0.16650587 0.30000988,
1.2894671 -0.16650587 -0.29999015,
1.2895719 -0.17250496 0.30000988,
1.2895719 -0.17250496 -0.29999015
] }
normal Normal { vector [
-0.999848 -0.0174524 0,
-0.0174524 0.999848 0,
0 0 1,
0 0 -1,
0.0174524 -0.999848 0,
0.999848 0.0174524 0
] }
coordIndex [
6,2,7,-1,
7,2,3,-1,
3,1,7,-1,
7,1,5,-1,
2,0,3,-1,
3,0,1,-1,
6,4,2,-1,
2,4,0,-1,
1,0,5,-1,
5,0,4,-1,
6,7,4,-1,
4,7,5,-1
]
normalIndex [
4,4,4,-1,
4,4,4,-1,
3,3,3,-1,
3,3,3,-1,
0,0,0,-1,
0,0,0,-1,
2,2,2,-1,
2,2,2,-1,
1,1,1,-1,
1,1,1,-1,
5,5,5,-1,
5,5,5,-1
]
}
}
Shape {
appearance Appearance {
material Material {
ambientIntensity 0
diffuseColor 0.792 0.984 1 
specularColor 0.0392 0.0392 0.0392 
shininess 0.00234 
transparency 0.9
}
}
geometry IndexedFaceSet {
normalPerVertex TRUE
solid TRUE
convex TRUE
coord Coordinate { point [
1.0705005 -0.48833066 0.30000988,
1.0705005 -0.48833066 -0.29999015,
1.0706052 -0.49432975 0.30000988,
1.0706052 -0.49432975 -0.29999015,
1.2894671 -0.48450857 0.30000988,
1.2894671 -0.48450857 -0.29999015,
1.2895719 -0.49050766 0.30000988,
1.2895719 -0.49050766 -0.29999015
] }
normal Normal { vector [
-0.999848 -0.0174524 0,
-0.0174524 0.999848 0,
0 0 1,
0 0 -1,
0.0174524 -0.999848 0,
0.999848 0.0174524 0
] }
coordIndex [
6,2,7,-1,
7,2,3,-1,
3,1,7,-1,
7,1,5,-1,
2,0,3,-1,
3,0,1,-1,
6,4,2,-1,
2,4,0,-1,
1,0,5,-1,
5,0,4,-1,
6,7,4,-1,
4,7,5,-1
]
normalIndex [
4,4,4,-1,
4,4,4,-1,
3,3,3,-1,
3,3,3,-1,
0,0,0,-1,
0,0,0,-1,
2,2,2,-1,
2,2,2,-1,
1,1,1,-1,
1,1,1,-1,
5,5,5,-1,
5,5,5,-1
]
}
}
Shape {
appearance Appearance {
material Material {
ambientIntensity 0
diffuseColor 0.792 0.984 1 
specularColor 0.0392 0.0392 0.0392 
shininess 0.00234 
transparency 0.9
}
}
geometry IndexedFaceSet {
normalPerVertex TRUE
solid TRUE
convex TRUE
coord Coordinate { point [
-1.04945 -0.48833066 -0.020940678,
-1.04945 -0.49432975 -0.021045392,
-1.04945 -0.48346317 -0.29980046,
-1.04945 -0.48946226 -0.29990518,
1.0495499 -0.48833066 -0.020940678,
1.0495499 -0.49432975 -0.021045392,
1.0495499 -0.48346317 -0.29980046,
1.0495499 -0.48946226 -0.29990518
] }
normal Normal { vector [
-1 0 0,
0 0.999848 0.0174524,
0 -0.0174524 0.999848,
0 0.0174524 -0.999848,
0 -0.999848 -0.0174524,
1 0 0
] }
coordIndex [
2,0,6,-1,
6,0,4,-1,
4,5,6,-1,
6,5,7,-1,
0,1,4,-1,
4,1,5,-1,
2,3,0,-1,
0,3,1,-1,
5,1,7,-1,
7,1,3,-1,
2,6,3,-1,
3,6,7,-1
]
normalIndex [
1,1,1,-1,
1,1,1,-1,
5,5,5,-1,
5,5,5,-1,
2,2,2,-1,
2,2,2,-1,
0,0,0,-1,
0,0,0,-1,
4,4,4,-1,
4,4,4,-1,
3,3,3,-1,
3,3,3,-1
]
}
}
Shape {
appearance Appearance {
material Material {
ambientIntensity 0
diffuseColor 0.792 0.984 1 
specularColor 0.0392 0.0392 0.0392 
shininess 0.00234 
transparency 0.9
}
}
geometry IndexedFaceSet {
normalPerVertex TRUE
solid TRUE
convex TRUE
coord Coordinate { point [
-1.04945 -0.1703279 -0.020940678,
-1.04945 -0.17632699 -0.021045392,
-1.04945 -0.16546041 -0.29980046,
-1.04945 -0.1714595 -0.29990518,
1.0495499 -0.1703279 -0.020940678,
1.0495499 -0.17632699 -0.021045392,
1.0495499 -0.16546041 -0.29980046,
1.0495499 -0.1714595 -0.29990518
] }
normal Normal { vector [
-1 0 0,
0 0.999848 0.0174524,
0 -0.0174524 0.999848,
0 0.0174524 -0.999848,
0 -0.999848 -0.0174524,
1 0 0
] }
coordIndex [
2,0,6,-1,
6,0,4,-1,
4,5,6,-1,
6,5,7,-1,
0,1,4,-1,
4,1,5,-1,
2,3,0,-1,
0,3,1,-1,
5,1,7,-1,
7,1,3,-1,
2,6,3,-1,
3,6,7,-1
]
normalIndex [
1,1,1,-1,
1,1,1,-1,
5,5,5,-1,
5,5,5,-1,
2,2,2,-1,
2,2,2,-1,
0,0,0,-1,
0,0,0,-1,
4,4,4,-1,
4,4,4,-1,
3,3,3,-1,
3,3,3,-1
]
}
}
Shape {
appearance Appearance {
material Material {
ambientIntensity 0
diffuseColor 0.792 0.984 1 
specularColor 0.0392 0.0392 0.0392 
shininess 0.00234 
transparency 0.9
}
}
geometry IndexedFaceSet {
normalPerVertex TRUE
solid TRUE
convex TRUE
coord Coordinate { point [
-1.04945 0.1476748 -0.020940678,
-1.04945 0.14167571 -0.021045392,
-1.04945 0.15254414 -0.29990515,
-1.04945 0.14654505 -0.30000985,
1.0495499 0.1476748 -0.020940678,
1.0495499 0.14167571 -0.021045392,
1.0495499 0.15254414 -0.29990515,
1.0495499 0.14654505 -0.30000985
] }
normal Normal { vector [
-1 0 0,
0 0.999848 0.0174524,
0 -0.0174524 0.999848,
0 0.0174524 -0.999848,
0 -0.999848 -0.0174524,
1 0 0
] }
coordIndex [
7,5,3,-1,
3,5,1,-1,
1,0,3,-1,
3,0,2,-1,
5,4,1,-1,
1,4,0,-1,
7,6,5,-1,
5,6,4,-1,
0,4,2,-1,
2,4,6,-1,
7,3,6,-1,
6,3,2,-1
]
normalIndex [
4,4,4,-1,
4,4,4,-1,
0,0,0,-1,
0,0,0,-1,
2,2,2,-1,
2,2,2,-1,
5,5,5,-1,
5,5,5,-1,
1,1,1,-1,
1,1,1,-1,
3,3,3,-1,
3,3,3,-1
]
}
}
Shape {
appearance Appearance {
material Material {
ambientIntensity 0
diffuseColor 0.792 0.984 1 
specularColor 0.0392 0.0392 0.0392 
shininess 0.00234 
transparency 0.9
}
}
geometry IndexedFaceSet {
normalPerVertex TRUE
solid TRUE
convex TRUE
coord Coordinate { point [
-1.04945 0.46567756 -0.020940678,
-1.04945 0.45967847 -0.021045392,
-1.04945 0.47054511 -0.29980624,
-1.04945 0.46454614 -0.29991093,
1.0495499 0.46567756 -0.020940678,
1.0495499 0.45967847 -0.021045392,
1.0495499 0.47054511 -0.29980624,
1.0495499 0.46454614 -0.29991093
] }
normal Normal { vector [
-1 0 0,
0 0.999848 0.0174524,
0 -0.0174524 0.999848,
0 0.0174524 -0.999848,
0 -0.999848 -0.0174524,
1 0 0
] }
coordIndex [
7,5,3,-1,
3,5,1,-1,
1,0,3,-1,
3,0,2,-1,
5,4,1,-1,
1,4,0,-1,
7,6,5,-1,
5,6,4,-1,
0,4,2,-1,
2,4,6,-1,
7,3,6,-1,
6,3,2,-1
]
normalIndex [
4,4,4,-1,
4,4,4,-1,
0,0,0,-1,
0,0,0,-1,
2,2,2,-1,
2,2,2,-1,
5,5,5,-1,
5,5,5,-1,
1,1,1,-1,
1,1,1,-1,
3,3,3,-1,
3,3,3,-1
]
}
}
Shape {
appearance Appearance {
material Material {
ambientIntensity 0
diffuseColor 1 1 1 
specularColor 0.098 0.098 0.098 
shininess 0.000781 
transparency 0
}
}
geometry IndexedFaceSet {
normalPerVertex TRUE
solid TRUE
convex TRUE
coord Coordinate { point [
1.03055 -0.56082714 0.27300987,
1.03055 -0.54999995 0.27300987,
1.03055 -0.59991801 0.058009859,
1.03055 -0.59200001 0.058009859,
1.03055 -0.57599998 0.058009859,
1.03055 -0.56199998 0.058009859,
1.03055 -0.56599998 0.056009863,
1.03055 -0.56199998 0.056009863,
1.03055 -0.56670707 0.055716969,
1.03055 -0.56699997 0.055009861,
1.03055 -0.59200001 0.054009862,
1.03055 -0.57599998 0.054009862,
1.03055 -0.59170711 0.053302754,
1.03055 -0.59099996 0.05300986,
1.03055 -0.57699996 0.05300986,
1.03055 -0.54999995 0.050009862,
1.03055 -0.55146444 0.046474326,
1.03055 -0.56699997 0.046009861,
1.03055 -0.56599998 0.045009863,
1.03055 -0.55500001 0.045009863,
1.0320144 -0.56082714 0.27654541,
1.0320144 -0.54999995 0.27654541,
1.0320144 -0.56309247 0.27572426,
1.0320144 -0.5643056 0.27364233,
1.0320144 -0.60351151 0.058009859,
1.03255 -0.56082714 0.27300987,
1.03255 -0.54999995 0.27300987,
1.03255 -0.59991801 0.058009859,
1.03255 -0.59200001 0.058009859,
1.03255 -0.57599998 0.058009859,
1.03255 -0.56199998 0.058009859,
1.03255 -0.56599998 0.056009863,
1.03255 -0.56199998 0.056009863,
1.03255 -0.56670707 0.055716969,
1.03255 -0.56699997 0.055009861,
1.03255 -0.59200001 0.054009862,
1.03255 -0.57599998 0.054009862,
1.03255 -0.59170711 0.053302754,
1.03255 -0.59099996 0.05300986,
1.03255 -0.57699996 0.05300986,
1.03255 -0.54999995 0.050009862,
1.03255 -0.55146444 0.046474326,
1.03255 -0.56699997 0.046009861,
1.03255 -0.56599998 0.045009863,
1.03255 -0.55500001 0.045009863,
1.0334287 -0.56082714 0.2751312,
1.0334287 -0.56218636 0.2746385,
1.0334287 -0.56291419 0.27338934,
1.03405 -0.60144258 0.058009859,
1.03555 -0.56082714 0.27800986,
1.03555 -0.54999995 0.27800986,
1.03555 -0.56403083 0.27684861,
1.03555 -0.56082714 0.27600986,
1.03555 -0.54999995 0.27600986,
1.03555 -0.56274939 0.27531311,
1.03555 -0.56574643 0.27390429,
1.03555 -0.5637787 0.27354652,
1.03555 -0.60500002 0.058009859,
1.03555 -0.6029672 0.058009859,
1.0385499 -0.56082714 0.27800986,
1.0385499 -0.54999995 0.27800986,
1.0385499 -0.56403083 0.27684861,
1.0385499 -0.56082714 0.27600986,
1.0385499 -0.54999995 0.27600986,
1.0385499 -0.56274939 0.27531311,
1.0385499 -0.56574643 0.27390429,
1.0385499 -0.5637787 0.27354652,
1.0385499 -0.60500002 0.058009859,
1.0385499 -0.6029672 0.058009859,
1.0406712 -0.56082714 0.2751312,
1.0406712 -0.56218636 0.2746385,
1.0406712 -0.56291419 0.27338934,
1.0415499 -0.56082714 0.27300987,
1.0415499 -0.54999995 0.27300987,
1.0415499 -0.59991801 0.058009859,
1.0415499 -0.59200001 0.058009859,
1.0415499 -0.57599998 0.058009859,
1.0415499 -0.56199998 0.058009859,
1.0415499 -0.56599998 0.056009863,
1.0415499 -0.56199998 0.056009863,
1.0415499 -0.56670707 0.055716969,
1.0415499 -0.56699997 0.055009861,
1.0415499 -0.59200001 0.054009862,
1.0415499 -0.57599998 0.054009862,
1.0415499 -0.59170711 0.053302754,
1.0415499 -0.59099996 0.05300986,
1.0415499 -0.57699996 0.05300986,
1.0415499 -0.54999995 0.050009862,
1.0415499 -0.55146444 0.046474326,
1.0415499 -0.56699997 0.046009861,
1.0415499 -0.56599998 0.045009863,
1.0415499 -0.55500001 0.045009863,
1.0420855 -0.56082714 0.27654541,
1.0420855 -0.54999995 0.27654541,
1.0420855 -0.56309247 0.27572426,
1.0420855 -0.5643056 0.27364233,
1.0420855 -0.60351151 0.058009859,
1.0435499 -0.56082714 0.27300987,
1.0435499 -0.54999995 0.27300987,
1.0435499 -0.59991801 0.058009859,
1.0435499 -0.59200001 0.058009859,
1.0435499 -0.57599998 0.058009859,
1.0435499 -0.56199998 0.058009859,
1.0435499 -0.56599998 0.056009863,
1.0435499 -0.56199998 0.056009863,
1.0435499 -0.56670707 0.055716969,
1.0435499 -0.56699997 0.055009861,
1.0435499 -0.59200001 0.054009862,
1.0435499 -0.57599998 0.054009862,
1.0435499 -0.59170711 0.053302754,
1.0435499 -0.59099996 0.05300986,
1.0435499 -0.57699996 0.05300986,
1.0435499 -0.54999995 0.050009862,
1.0435499 -0.55146444 0.046474326,
1.0435499 -0.56699997 0.046009861,
1.0435499 -0.56599998 0.045009863,
1.0435499 -0.55500001 0.045009863
] }
normal Normal { vector [
-1 0 0,
-0.707107 0 0.707107,
-0.707107 -0.453077 0.542882,
-0.707107 -0.695701 0.126491,
-0.707107 0.695701 -0.126491,
-0.707107 0.453077 -0.542882,
-0.707107 0 -0.707107,
0 -0.98387 0.178885,
0 -1 0,
0 -0.707107 0.707107,
0 -0.640747 0.767752,
0 -0.707107 -0.707107,
0 0 1,
0 0 -1,
0 0.640747 -0.767752,
0 0.707107 -0.707107,
0 1 0,
0 0.98387 -0.178885,
0.707107 0 0.707107,
0.707107 -0.453077 0.542882,
0.707107 -0.695701 0.126491,
0.707107 0.695701 -0.126491,
0.707107 0.453077 -0.542882,
0.707107 0 -0.707107,
1 0 0
] }
coordIndex [
44,19,16,-1,
44,16,41,-1,
41,16,15,-1,
41,15,40,-1,
43,18,44,-1,
44,18,19,-1,
17,18,42,-1,
42,18,43,-1,
34,9,42,-1,
42,9,17,-1,
31,6,8,-1,
31,8,33,-1,
33,8,9,-1,
33,9,34,-1,
32,7,31,-1,
31,7,6,-1,
30,5,32,-1,
32,5,7,-1,
29,4,30,-1,
30,4,5,-1,
36,11,29,-1,
29,11,4,-1,
14,11,39,-1,
39,11,36,-1,
38,13,39,-1,
39,13,14,-1,
35,10,12,-1,
35,12,37,-1,
37,12,13,-1,
37,13,38,-1,
28,3,35,-1,
35,3,10,-1,
89,90,114,-1,
114,90,115,-1,
114,106,89,-1,
89,106,81,-1,
103,78,80,-1,
103,80,105,-1,
105,80,81,-1,
105,81,106,-1,
103,104,78,-1,
78,104,79,-1,
104,102,79,-1,
79,102,77,-1,
102,101,77,-1,
77,101,76,-1,
101,108,76,-1,
76,108,83,-1,
86,83,111,-1,
111,83,108,-1,
111,110,86,-1,
86,110,85,-1,
107,82,84,-1,
107,84,109,-1,
109,84,85,-1,
109,85,110,-1,
107,100,82,-1,
82,100,75,-1,
58,68,67,-1,
3,28,2,-1,
2,28,27,-1,
2,27,24,-1,
24,27,58,-1,
24,58,57,-1,
57,58,67,-1,
75,100,74,-1,
74,100,99,-1,
74,99,68,-1,
68,99,96,-1,
68,96,67,-1,
65,55,67,-1,
67,55,57,-1,
59,49,51,-1,
59,51,61,-1,
61,51,55,-1,
61,55,65,-1,
60,50,59,-1,
59,50,49,-1,
63,53,50,-1,
112,87,98,-1,
98,87,73,-1,
98,73,93,-1,
93,73,63,-1,
93,63,60,-1,
60,63,50,-1,
40,15,26,-1,
26,15,1,-1,
26,1,53,-1,
53,1,21,-1,
53,21,50,-1,
116,91,88,-1,
116,88,113,-1,
113,88,87,-1,
113,87,112,-1,
116,115,91,-1,
91,115,90,-1,
102,104,113,-1,
97,99,98,-1,
98,99,100,-1,
111,108,101,-1,
103,105,106,-1,
106,114,115,-1,
107,109,100,-1,
100,109,110,-1,
110,111,100,-1,
100,111,101,-1,
100,101,98,-1,
98,101,102,-1,
98,102,112,-1,
112,102,113,-1,
104,103,113,-1,
113,103,106,-1,
113,106,116,-1,
116,106,115,-1,
3,2,0,-1,
18,17,19,-1,
19,17,9,-1,
19,9,16,-1,
16,9,8,-1,
13,12,10,-1,
8,6,16,-1,
16,6,7,-1,
16,7,15,-1,
15,7,5,-1,
15,5,1,-1,
1,5,4,-1,
14,13,11,-1,
11,13,10,-1,
11,10,4,-1,
4,10,3,-1,
4,3,1,-1,
1,3,0,-1,
57,55,23,-1,
57,23,24,-1,
24,23,0,-1,
24,0,2,-1,
49,20,22,-1,
0,23,22,-1,
49,22,51,-1,
51,22,23,-1,
51,23,55,-1,
20,0,22,-1,
49,50,21,-1,
49,21,20,-1,
20,21,1,-1,
20,1,0,-1,
99,97,95,-1,
99,95,96,-1,
96,95,65,-1,
96,65,67,-1,
94,95,97,-1,
94,97,92,-1,
92,59,61,-1,
92,61,94,-1,
94,61,65,-1,
94,65,95,-1,
60,59,92,-1,
60,92,93,-1,
93,92,97,-1,
93,97,98,-1,
56,66,58,-1,
58,66,68,-1,
52,62,54,-1,
54,62,64,-1,
54,64,56,-1,
56,64,66,-1,
53,63,52,-1,
52,63,62,-1,
75,74,72,-1,
85,84,82,-1,
90,89,91,-1,
91,89,81,-1,
91,81,88,-1,
88,81,80,-1,
76,73,77,-1,
77,73,87,-1,
77,87,79,-1,
79,87,88,-1,
79,88,78,-1,
78,88,80,-1,
86,85,83,-1,
83,85,82,-1,
83,82,76,-1,
76,82,75,-1,
76,75,73,-1,
73,75,72,-1,
30,32,41,-1,
25,27,26,-1,
26,27,28,-1,
39,36,29,-1,
31,33,34,-1,
34,42,43,-1,
35,37,28,-1,
28,37,38,-1,
38,39,28,-1,
28,39,29,-1,
28,29,26,-1,
26,29,30,-1,
26,30,40,-1,
40,30,41,-1,
32,31,41,-1,
41,31,34,-1,
41,34,44,-1,
44,34,43,-1,
27,25,47,-1,
27,47,48,-1,
48,47,56,-1,
48,56,58,-1,
46,47,25,-1,
46,25,45,-1,
56,47,54,-1,
54,47,46,-1,
54,46,52,-1,
52,46,45,-1,
25,26,45,-1,
45,26,53,-1,
45,53,52,-1,
72,74,71,-1,
71,74,68,-1,
71,68,66,-1,
72,70,69,-1,
71,70,72,-1,
71,66,70,-1,
70,66,64,-1,
70,64,69,-1,
69,64,62,-1,
62,63,69,-1,
69,63,73,-1,
69,73,72,-1
]
normalIndex [
13,13,15,-1,
13,15,15,-1,
15,15,16,-1,
15,16,16,-1,
13,13,13,-1,
13,13,13,-1,
8,13,8,-1,
8,13,13,-1,
8,8,8,-1,
8,8,8,-1,
12,12,9,-1,
12,9,9,-1,
9,9,8,-1,
9,8,8,-1,
12,12,12,-1,
12,12,12,-1,
8,8,8,-1,
8,8,8,-1,
13,13,13,-1,
13,13,13,-1,
16,16,16,-1,
16,16,16,-1,
13,16,13,-1,
13,16,16,-1,
13,13,13,-1,
13,13,13,-1,
8,8,11,-1,
8,11,11,-1,
11,11,13,-1,
11,13,13,-1,
8,8,8,-1,
8,8,8,-1,
8,13,8,-1,
8,13,13,-1,
8,8,8,-1,
8,8,8,-1,
12,12,9,-1,
12,9,9,-1,
9,9,8,-1,
9,8,8,-1,
12,12,12,-1,
12,12,12,-1,
8,8,8,-1,
8,8,8,-1,
13,13,13,-1,
13,13,13,-1,
16,16,16,-1,
16,16,16,-1,
13,16,13,-1,
13,16,16,-1,
13,13,13,-1,
13,13,13,-1,
8,8,11,-1,
8,11,11,-1,
11,11,13,-1,
11,13,13,-1,
8,8,8,-1,
8,8,8,-1,
13,13,13,-1,
13,13,13,-1,
13,13,13,-1,
13,13,13,-1,
13,13,13,-1,
13,13,13,-1,
13,13,13,-1,
13,13,13,-1,
13,13,13,-1,
13,13,13,-1,
13,13,13,-1,
13,13,13,-1,
7,7,7,-1,
7,7,7,-1,
12,12,10,-1,
12,10,10,-1,
10,10,7,-1,
10,7,7,-1,
12,12,12,-1,
12,12,12,-1,
16,16,16,-1,
16,16,16,-1,
16,16,16,-1,
16,16,16,-1,
16,16,16,-1,
16,16,16,-1,
16,16,16,-1,
16,16,16,-1,
16,16,16,-1,
16,16,16,-1,
16,16,16,-1,
16,16,16,-1,
13,13,15,-1,
13,15,15,-1,
15,15,16,-1,
15,16,16,-1,
13,13,13,-1,
13,13,13,-1,
24,24,24,-1,
24,24,24,-1,
24,24,24,-1,
24,24,24,-1,
24,24,24,-1,
24,24,24,-1,
24,24,24,-1,
24,24,24,-1,
24,24,24,-1,
24,24,24,-1,
24,24,24,-1,
24,24,24,-1,
24,24,24,-1,
24,24,24,-1,
24,24,24,-1,
24,24,24,-1,
24,24,24,-1,
24,24,24,-1,
0,0,0,-1,
0,0,0,-1,
0,0,0,-1,
0,0,0,-1,
0,0,0,-1,
0,0,0,-1,
0,0,0,-1,
0,0,0,-1,
0,0,0,-1,
0,0,0,-1,
0,0,0,-1,
0,0,0,-1,
0,0,0,-1,
0,0,0,-1,
0,0,0,-1,
0,0,0,-1,
0,0,0,-1,
0,0,0,-1,
7,7,3,-1,
7,3,3,-1,
3,3,0,-1,
3,0,0,-1,
12,1,2,-1,
0,3,2,-1,
12,2,10,-1,
10,2,3,-1,
10,3,7,-1,
1,0,2,-1,
12,12,1,-1,
12,1,1,-1,
1,1,0,-1,
1,0,0,-1,
24,24,20,-1,
24,20,20,-1,
20,20,7,-1,
20,7,7,-1,
19,20,24,-1,
19,24,18,-1,
18,12,10,-1,
18,10,19,-1,
19,10,7,-1,
19,7,20,-1,
12,12,18,-1,
12,18,18,-1,
18,18,24,-1,
18,24,24,-1,
17,17,17,-1,
17,17,17,-1,
13,13,14,-1,
14,13,14,-1,
14,14,17,-1,
17,14,17,-1,
13,13,13,-1,
13,13,13,-1,
0,0,0,-1,
0,0,0,-1,
0,0,0,-1,
0,0,0,-1,
0,0,0,-1,
0,0,0,-1,
0,0,0,-1,
0,0,0,-1,
0,0,0,-1,
0,0,0,-1,
0,0,0,-1,
0,0,0,-1,
0,0,0,-1,
0,0,0,-1,
0,0,0,-1,
0,0,0,-1,
0,0,0,-1,
0,0,0,-1,
24,24,24,-1,
24,24,24,-1,
24,24,24,-1,
24,24,24,-1,
24,24,24,-1,
24,24,24,-1,
24,24,24,-1,
24,24,24,-1,
24,24,24,-1,
24,24,24,-1,
24,24,24,-1,
24,24,24,-1,
24,24,24,-1,
24,24,24,-1,
24,24,24,-1,
24,24,24,-1,
24,24,24,-1,
24,24,24,-1,
24,24,21,-1,
24,21,21,-1,
21,21,17,-1,
21,17,17,-1,
22,21,24,-1,
22,24,23,-1,
17,21,14,-1,
14,21,22,-1,
14,22,13,-1,
13,22,23,-1,
24,24,23,-1,
23,24,13,-1,
23,13,13,-1,
0,0,4,-1,
4,0,17,-1,
4,17,17,-1,
0,5,6,-1,
4,5,0,-1,
4,17,5,-1,
5,17,14,-1,
5,14,6,-1,
6,14,13,-1,
13,13,6,-1,
6,13,0,-1,
6,0,0,-1
]
}
}
Shape {
appearance Appearance {
material Material {
ambientIntensity 0
diffuseColor 1 1 1 
specularColor 0.098 0.098 0.098 
shininess 0.000781 
transparency 0
}
}
geometry IndexedFaceSet {
normalPerVertex TRUE
solid TRUE
convex TRUE
coord Coordinate { point [
1.03055 -0.2858271 0.27300987,
1.03055 -0.27499998 0.27300987,
1.03055 -0.324918 0.058009859,
1.03055 -0.317 0.058009859,
1.03055 -0.301 0.058009859,
1.03055 -0.287 0.058009859,
1.03055 -0.29099998 0.056009863,
1.03055 -0.287 0.056009863,
1.03055 -0.2917071 0.055716969,
1.03055 -0.292 0.055009861,
1.03055 -0.317 0.054009862,
1.03055 -0.301 0.054009862,
1.03055 -0.30129287 0.053302754,
1.03055 -0.31599998 0.05300986,
1.03055 -0.30199999 0.05300986,
1.03055 -0.27499998 0.050009862,
1.03055 -0.27646446 0.046474326,
1.03055 -0.292 0.046009861,
1.03055 -0.2917071 0.045302752,
1.03055 -0.29099998 0.045009863,
1.03055 -0.28 0.045009863,
1.0320144 -0.2858271 0.27654541,
1.0320144 -0.27499998 0.27654541,
1.0320144 -0.28809249 0.27572426,
1.0320144 -0.2893056 0.27364233,
1.0320144 -0.32851151 0.058009859,
1.03255 -0.2858271 0.27300987,
1.03255 -0.27499998 0.27300987,
1.03255 -0.324918 0.058009859,
1.03255 -0.317 0.058009859,
1.03255 -0.301 0.058009859,
1.03255 -0.287 0.058009859,
1.03255 -0.29099998 0.056009863,
1.03255 -0.287 0.056009863,
1.03255 -0.2917071 0.055716969,
1.03255 -0.292 0.055009861,
1.03255 -0.317 0.054009862,
1.03255 -0.301 0.054009862,
1.03255 -0.30129287 0.053302754,
1.03255 -0.31599998 0.05300986,
1.03255 -0.30199999 0.05300986,
1.03255 -0.27499998 0.050009862,
1.03255 -0.27646446 0.046474326,
1.03255 -0.292 0.046009861,
1.03255 -0.2917071 0.045302752,
1.03255 -0.29099998 0.045009863,
1.03255 -0.28 0.045009863,
1.0334287 -0.2858271 0.2751312,
1.0334287 -0.28718632 0.2746385,
1.0334287 -0.28791422 0.27338934,
1.03405 -0.3264426 0.058009859,
1.03555 -0.2858271 0.27800986,
1.03555 -0.27499998 0.27800986,
1.03555 -0.28903085 0.27684861,
1.03555 -0.2858271 0.27600986,
1.03555 -0.27499998 0.27600986,
1.03555 -0.28774935 0.27531311,
1.03555 -0.29074645 0.27390429,
1.03555 -0.28877872 0.27354652,
1.03555 -0.32999998 0.058009859,
1.03555 -0.3279672 0.058009859,
1.0385499 -0.2858271 0.27800986,
1.0385499 -0.27499998 0.27800986,
1.0385499 -0.28903085 0.27684861,
1.0385499 -0.2858271 0.27600986,
1.0385499 -0.27499998 0.27600986,
1.0385499 -0.28774935 0.27531311,
1.0385499 -0.29074645 0.27390429,
1.0385499 -0.28877872 0.27354652,
1.0385499 -0.32999998 0.058009859,
1.0385499 -0.3279672 0.058009859,
1.0406712 -0.2858271 0.2751312,
1.0406712 -0.28718632 0.2746385,
1.0406712 -0.28791422 0.27338934,
1.0415499 -0.2858271 0.27300987,
1.0415499 -0.27499998 0.27300987,
1.0415499 -0.324918 0.058009859,
1.0415499 -0.317 0.058009859,
1.0415499 -0.301 0.058009859,
1.0415499 -0.287 0.058009859,
1.0415499 -0.29099998 0.056009863,
1.0415499 -0.287 0.056009863,
1.0415499 -0.2917071 0.055716969,
1.0415499 -0.292 0.055009861,
1.0415499 -0.317 0.054009862,
1.0415499 -0.301 0.054009862,
1.0415499 -0.30129287 0.053302754,
1.0415499 -0.31599998 0.05300986,
1.0415499 -0.30199999 0.05300986,
1.0415499 -0.27499998 0.050009862,
1.0415499 -0.27646446 0.046474326,
1.0415499 -0.292 0.046009861,
1.0415499 -0.2917071 0.045302752,
1.0415499 -0.29099998 0.045009863,
1.0415499 -0.28 0.045009863,
1.0420855 -0.2858271 0.27654541,
1.0420855 -0.27499998 0.27654541,
1.0420855 -0.28809249 0.27572426,
1.0420855 -0.2893056 0.27364233,
1.0420855 -0.32851151 0.058009859,
1.0435499 -0.2858271 0.27300987,
1.0435499 -0.27499998 0.27300987,
1.0435499 -0.324918 0.058009859,
1.0435499 -0.317 0.058009859,
1.0435499 -0.301 0.058009859,
1.0435499 -0.287 0.058009859,
1.0435499 -0.29099998 0.056009863,
1.0435499 -0.287 0.056009863,
1.0435499 -0.2917071 0.055716969,
1.0435499 -0.292 0.055009861,
1.0435499 -0.317 0.054009862,
1.0435499 -0.301 0.054009862,
1.0435499 -0.30129287 0.053302754,
1.0435499 -0.31599998 0.05300986,
1.0435499 -0.30199999 0.05300986,
1.0435499 -0.27499998 0.050009862,
1.0435499 -0.27646446 0.046474326,
1.0435499 -0.292 0.046009861,
1.0435499 -0.2917071 0.045302752,
1.0435499 -0.29099998 0.045009863,
1.0435499 -0.28 0.045009863
] }
normal Normal { vector [
-1 0 0,
-0.707107 0 0.707107,
-0.707107 -0.453077 0.542882,
-0.707107 -0.695701 0.126491,
-0.707107 0.695701 -0.126491,
-0.707107 0.453077 -0.542882,
-0.707107 0 -0.707107,
0 -0.98387 0.178885,
0 -1 0,
0 -0.707107 0.707107,
0 -0.640747 0.767752,
0 -0.707107 -0.707107,
0 0 1,
0 0 -1,
0 0.640747 -0.767752,
0 0.707107 -0.707107,
0 1 0,
0 0.98387 -0.178885,
0.707107 0 0.707107,
0.707107 -0.453077 0.542882,
0.707107 -0.695701 0.126491,
0.707107 0.695701 -0.126491,
0.707107 0.453077 -0.542882,
0.707107 0 -0.707107,
1 0 0
] }
coordIndex [
46,20,16,-1,
46,16,42,-1,
42,16,15,-1,
42,15,41,-1,
45,19,46,-1,
46,19,20,-1,
43,17,18,-1,
43,18,44,-1,
44,18,19,-1,
44,19,45,-1,
35,9,43,-1,
43,9,17,-1,
32,6,8,-1,
32,8,34,-1,
34,8,9,-1,
34,9,35,-1,
33,7,32,-1,
32,7,6,-1,
31,5,33,-1,
33,5,7,-1,
30,4,31,-1,
31,4,5,-1,
37,11,30,-1,
30,11,4,-1,
40,14,12,-1,
40,12,38,-1,
38,12,11,-1,
38,11,37,-1,
39,13,40,-1,
40,13,14,-1,
10,13,36,-1,
36,13,39,-1,
29,3,36,-1,
36,3,10,-1,
117,91,92,-1,
117,92,118,-1,
118,92,93,-1,
118,93,119,-1,
117,109,91,-1,
91,109,83,-1,
106,80,82,-1,
106,82,108,-1,
108,82,83,-1,
108,83,109,-1,
106,107,80,-1,
80,107,81,-1,
107,105,81,-1,
81,105,79,-1,
105,104,79,-1,
79,104,78,-1,
104,111,78,-1,
78,111,85,-1,
114,88,86,-1,
114,86,112,-1,
112,86,85,-1,
112,85,111,-1,
114,113,88,-1,
88,113,87,-1,
84,87,110,-1,
110,87,113,-1,
110,103,84,-1,
84,103,77,-1,
60,70,69,-1,
3,29,2,-1,
2,29,28,-1,
2,28,25,-1,
25,28,60,-1,
25,60,59,-1,
59,60,69,-1,
77,103,76,-1,
76,103,102,-1,
76,102,70,-1,
70,102,99,-1,
70,99,69,-1,
67,57,69,-1,
69,57,59,-1,
61,51,53,-1,
61,53,63,-1,
63,53,57,-1,
63,57,67,-1,
62,52,61,-1,
61,52,51,-1,
65,55,52,-1,
115,89,101,-1,
101,89,75,-1,
101,75,96,-1,
96,75,65,-1,
96,65,62,-1,
62,65,52,-1,
41,15,27,-1,
27,15,1,-1,
27,1,55,-1,
55,1,22,-1,
55,22,52,-1,
120,94,90,-1,
120,90,116,-1,
116,90,89,-1,
116,89,115,-1,
120,119,94,-1,
94,119,93,-1,
110,113,114,-1,
107,106,108,-1,
105,107,116,-1,
116,107,119,-1,
116,119,120,-1,
103,110,104,-1,
104,110,114,-1,
104,114,111,-1,
111,114,112,-1,
118,119,117,-1,
117,119,107,-1,
117,107,109,-1,
109,107,108,-1,
116,115,105,-1,
105,115,101,-1,
105,101,104,-1,
104,101,100,-1,
104,100,103,-1,
103,100,102,-1,
16,20,17,-1,
17,20,19,-1,
17,19,18,-1,
11,12,14,-1,
9,8,17,-1,
17,8,6,-1,
17,6,16,-1,
16,6,7,-1,
16,7,15,-1,
15,7,5,-1,
15,5,1,-1,
1,5,4,-1,
1,4,0,-1,
0,4,3,-1,
0,3,2,-1,
13,10,14,-1,
14,10,3,-1,
14,3,11,-1,
11,3,4,-1,
59,57,24,-1,
59,24,25,-1,
25,24,0,-1,
25,0,2,-1,
51,21,23,-1,
0,24,23,-1,
51,23,53,-1,
53,23,24,-1,
53,24,57,-1,
21,0,23,-1,
51,52,22,-1,
51,22,21,-1,
21,22,1,-1,
21,1,0,-1,
102,100,98,-1,
102,98,99,-1,
99,98,67,-1,
99,67,69,-1,
97,98,100,-1,
97,100,95,-1,
95,61,63,-1,
95,63,97,-1,
97,63,67,-1,
97,67,98,-1,
62,61,95,-1,
62,95,96,-1,
96,95,100,-1,
96,100,101,-1,
58,68,60,-1,
60,68,70,-1,
54,64,56,-1,
56,64,66,-1,
56,66,58,-1,
58,66,68,-1,
55,65,54,-1,
54,65,64,-1,
90,83,82,-1,
85,86,78,-1,
78,86,88,-1,
78,88,87,-1,
92,91,93,-1,
93,91,83,-1,
93,83,94,-1,
94,83,90,-1,
82,80,90,-1,
90,80,81,-1,
90,81,89,-1,
89,81,79,-1,
89,79,75,-1,
75,79,78,-1,
75,78,74,-1,
76,74,77,-1,
77,74,78,-1,
77,78,84,-1,
84,78,87,-1,
40,38,37,-1,
33,32,34,-1,
31,33,42,-1,
42,33,45,-1,
42,45,46,-1,
44,45,43,-1,
43,45,33,-1,
43,33,35,-1,
35,33,34,-1,
39,40,36,-1,
36,40,37,-1,
36,37,29,-1,
29,37,30,-1,
42,41,31,-1,
31,41,27,-1,
31,27,30,-1,
30,27,26,-1,
30,26,29,-1,
29,26,28,-1,
28,26,49,-1,
28,49,50,-1,
50,49,58,-1,
50,58,60,-1,
48,49,26,-1,
48,26,47,-1,
58,49,56,-1,
56,49,48,-1,
56,48,54,-1,
54,48,47,-1,
26,27,47,-1,
47,27,55,-1,
47,55,54,-1,
74,76,73,-1,
73,76,70,-1,
73,70,68,-1,
74,72,71,-1,
73,72,74,-1,
73,68,72,-1,
72,68,66,-1,
72,66,71,-1,
71,66,64,-1,
64,65,71,-1,
71,65,75,-1,
71,75,74,-1
]
normalIndex [
13,13,15,-1,
13,15,15,-1,
15,15,16,-1,
15,16,16,-1,
13,13,13,-1,
13,13,13,-1,
8,8,11,-1,
8,11,11,-1,
11,11,13,-1,
11,13,13,-1,
8,8,8,-1,
8,8,8,-1,
12,12,9,-1,
12,9,9,-1,
9,9,8,-1,
9,8,8,-1,
12,12,12,-1,
12,12,12,-1,
8,8,8,-1,
8,8,8,-1,
13,13,13,-1,
13,13,13,-1,
16,16,16,-1,
16,16,16,-1,
13,13,15,-1,
13,15,15,-1,
15,15,16,-1,
15,16,16,-1,
13,13,13,-1,
13,13,13,-1,
8,13,8,-1,
8,13,13,-1,
8,8,8,-1,
8,8,8,-1,
8,8,11,-1,
8,11,11,-1,
11,11,13,-1,
11,13,13,-1,
8,8,8,-1,
8,8,8,-1,
12,12,9,-1,
12,9,9,-1,
9,9,8,-1,
9,8,8,-1,
12,12,12,-1,
12,12,12,-1,
8,8,8,-1,
8,8,8,-1,
13,13,13,-1,
13,13,13,-1,
16,16,16,-1,
16,16,16,-1,
13,13,15,-1,
13,15,15,-1,
15,15,16,-1,
15,16,16,-1,
13,13,13,-1,
13,13,13,-1,
8,13,8,-1,
8,13,13,-1,
8,8,8,-1,
8,8,8,-1,
13,13,13,-1,
13,13,13,-1,
13,13,13,-1,
13,13,13,-1,
13,13,13,-1,
13,13,13,-1,
13,13,13,-1,
13,13,13,-1,
13,13,13,-1,
13,13,13,-1,
13,13,13,-1,
13,13,13,-1,
7,7,7,-1,
7,7,7,-1,
12,12,10,-1,
12,10,10,-1,
10,10,7,-1,
10,7,7,-1,
12,12,12,-1,
12,12,12,-1,
16,16,16,-1,
16,16,16,-1,
16,16,16,-1,
16,16,16,-1,
16,16,16,-1,
16,16,16,-1,
16,16,16,-1,
16,16,16,-1,
16,16,16,-1,
16,16,16,-1,
16,16,16,-1,
16,16,16,-1,
13,13,15,-1,
13,15,15,-1,
15,15,16,-1,
15,16,16,-1,
13,13,13,-1,
13,13,13,-1,
24,24,24,-1,
24,24,24,-1,
24,24,24,-1,
24,24,24,-1,
24,24,24,-1,
24,24,24,-1,
24,24,24,-1,
24,24,24,-1,
24,24,24,-1,
24,24,24,-1,
24,24,24,-1,
24,24,24,-1,
24,24,24,-1,
24,24,24,-1,
24,24,24,-1,
24,24,24,-1,
24,24,24,-1,
24,24,24,-1,
24,24,24,-1,
0,0,0,-1,
0,0,0,-1,
0,0,0,-1,
0,0,0,-1,
0,0,0,-1,
0,0,0,-1,
0,0,0,-1,
0,0,0,-1,
0,0,0,-1,
0,0,0,-1,
0,0,0,-1,
0,0,0,-1,
0,0,0,-1,
0,0,0,-1,
0,0,0,-1,
0,0,0,-1,
0,0,0,-1,
0,0,0,-1,
0,0,0,-1,
7,7,3,-1,
7,3,3,-1,
3,3,0,-1,
3,0,0,-1,
12,1,2,-1,
0,3,2,-1,
12,2,10,-1,
10,2,3,-1,
10,3,7,-1,
1,0,2,-1,
12,12,1,-1,
12,1,1,-1,
1,1,0,-1,
1,0,0,-1,
24,24,20,-1,
24,20,20,-1,
20,20,7,-1,
20,7,7,-1,
19,20,24,-1,
19,24,18,-1,
18,12,10,-1,
18,10,19,-1,
19,10,7,-1,
19,7,20,-1,
12,12,18,-1,
12,18,18,-1,
18,18,24,-1,
18,24,24,-1,
17,17,17,-1,
17,17,17,-1,
13,13,14,-1,
14,13,14,-1,
14,14,17,-1,
17,14,17,-1,
13,13,13,-1,
13,13,13,-1,
0,0,0,-1,
0,0,0,-1,
0,0,0,-1,
0,0,0,-1,
0,0,0,-1,
0,0,0,-1,
0,0,0,-1,
0,0,0,-1,
0,0,0,-1,
0,0,0,-1,
0,0,0,-1,
0,0,0,-1,
0,0,0,-1,
0,0,0,-1,
0,0,0,-1,
0,0,0,-1,
0,0,0,-1,
0,0,0,-1,
0,0,0,-1,
24,24,24,-1,
24,24,24,-1,
24,24,24,-1,
24,24,24,-1,
24,24,24,-1,
24,24,24,-1,
24,24,24,-1,
24,24,24,-1,
24,24,24,-1,
24,24,24,-1,
24,24,24,-1,
24,24,24,-1,
24,24,24,-1,
24,24,24,-1,
24,24,24,-1,
24,24,24,-1,
24,24,24,-1,
24,24,24,-1,
24,24,24,-1,
24,24,21,-1,
24,21,21,-1,
21,21,17,-1,
21,17,17,-1,
22,21,24,-1,
22,24,23,-1,
17,21,14,-1,
14,21,22,-1,
14,22,13,-1,
13,22,23,-1,
24,24,23,-1,
23,24,13,-1,
23,13,13,-1,
0,0,4,-1,
4,0,17,-1,
4,17,17,-1,
0,5,6,-1,
4,5,0,-1,
4,17,5,-1,
5,17,14,-1,
5,14,6,-1,
6,14,13,-1,
13,13,6,-1,
6,13,0,-1,
6,0,0,-1
]
}
}
Shape {
appearance Appearance {
material Material {
ambientIntensity 0
diffuseColor 1 1 1 
specularColor 0.098 0.098 0.098 
shininess 0.000781 
transparency 0
}
}
geometry IndexedFaceSet {
normalPerVertex TRUE
solid TRUE
convex TRUE
coord Coordinate { point [
1.03055 -0.010827124 0.27300987,
1.03055 0 0.27300987,
1.03055 -0.049917996 0.058009859,
1.03055 -0.041999996 0.058009859,
1.03055 -0.025999963 0.058009859,
1.03055 -0.011999965 0.058009859,
1.03055 -0.015999973 0.056009863,
1.03055 -0.011999965 0.056009863,
1.03055 -0.016707122 0.055716969,
1.03055 -0.01699996 0.055009861,
1.03055 -0.041999996 0.054009862,
1.03055 -0.025999963 0.054009862,
1.03055 -0.041707098 0.053302754,
1.03055 -0.041000009 0.05300986,
1.03055 -0.02700001 0.05300986,
1.03055 0 0.050009862,
1.03055 -0.0014644265 0.046474326,
1.03055 -0.01699996 0.046009861,
1.03055 -0.016707122 0.045302752,
1.03055 -0.015999973 0.045009863,
1.03055 -0.0049999952 0.045009863,
1.0320144 -0.010827124 0.27654541,
1.0320144 0 0.27654541,
1.0320144 -0.013092518 0.27572426,
1.0320144 -0.014305592 0.27364233,
1.0320144 -0.0535115 0.058009859,
1.03255 -0.010827124 0.27300987,
1.03255 0 0.27300987,
1.03255 -0.049917996 0.058009859,
1.03255 -0.041999996 0.058009859,
1.03255 -0.025999963 0.058009859,
1.03255 -0.011999965 0.058009859,
1.03255 -0.015999973 0.056009863,
1.03255 -0.011999965 0.056009863,
1.03255 -0.016707122 0.055716969,
1.03255 -0.01699996 0.055009861,
1.03255 -0.041999996 0.054009862,
1.03255 -0.025999963 0.054009862,
1.03255 -0.041707098 0.053302754,
1.03255 -0.041000009 0.05300986,
1.03255 -0.02700001 0.05300986,
1.03255 0 0.050009862,
1.03255 -0.0014644265 0.046474326,
1.03255 -0.01699996 0.046009861,
1.03255 -0.016707122 0.045302752,
1.03255 -0.015999973 0.045009863,
1.03255 -0.0049999952 0.045009863,
1.0334287 -0.010827124 0.2751312,
1.0334287 -0.012186348 0.2746385,
1.0334287 -0.012914181 0.27338934,
1.03405 -0.051442623 0.058009859,
1.03555 -0.010827124 0.27800986,
1.03555 0 0.27800986,
1.03555 -0.014030814 0.27684861,
1.03555 -0.010827124 0.27600986,
1.03555 0 0.27600986,
1.03555 -0.012749374 0.27531311,
1.03555 -0.015746474 0.27390429,
1.03555 -0.013778687 0.27354652,
1.03555 -0.055000007 0.058009859,
1.03555 -0.052967191 0.058009859,
1.0385499 -0.010827124 0.27800986,
1.0385499 0 0.27800986,
1.0385499 -0.014030814 0.27684861,
1.0385499 -0.010827124 0.27600986,
1.0385499 0 0.27600986,
1.0385499 -0.012749374 0.27531311,
1.0385499 -0.015746474 0.27390429,
1.0385499 -0.013778687 0.27354652,
1.0385499 -0.055000007 0.058009859,
1.0385499 -0.052967191 0.058009859,
1.0406712 -0.010827124 0.2751312,
1.0406712 -0.012186348 0.2746385,
1.0406712 -0.012914181 0.27338934,
1.0415499 -0.010827124 0.27300987,
1.0415499 0 0.27300987,
1.0415499 -0.049917996 0.058009859,
1.0415499 -0.041999996 0.058009859,
1.0415499 -0.025999963 0.058009859,
1.0415499 -0.011999965 0.058009859,
1.0415499 -0.015999973 0.056009863,
1.0415499 -0.011999965 0.056009863,
1.0415499 -0.016707122 0.055716969,
1.0415499 -0.01699996 0.055009861,
1.0415499 -0.041999996 0.054009862,
1.0415499 -0.025999963 0.054009862,
1.0415499 -0.026292861 0.053302754,
1.0415499 -0.041000009 0.05300986,
1.0415499 -0.02700001 0.05300986,
1.0415499 0 0.050009862,
1.0415499 -0.0014644265 0.046474326,
1.0415499 -0.01699996 0.046009861,
1.0415499 -0.016707122 0.045302752,
1.0415499 -0.015999973 0.045009863,
1.0415499 -0.0049999952 0.045009863,
1.0420855 -0.010827124 0.27654541,
1.0420855 0 0.27654541,
1.0420855 -0.013092518 0.27572426,
1.0420855 -0.014305592 0.27364233,
1.0420855 -0.0535115 0.058009859,
1.0435499 -0.010827124 0.27300987,
1.0435499 0 0.27300987,
1.0435499 -0.049917996 0.058009859,
1.0435499 -0.041999996 0.058009859,
1.0435499 -0.025999963 0.058009859,
1.0435499 -0.011999965 0.058009859,
1.0435499 -0.015999973 0.056009863,
1.0435499 -0.011999965 0.056009863,
1.0435499 -0.016707122 0.055716969,
1.0435499 -0.01699996 0.055009861,
1.0435499 -0.041999996 0.054009862,
1.0435499 -0.025999963 0.054009862,
1.0435499 -0.026292861 0.053302754,
1.0435499 -0.041000009 0.05300986,
1.0435499 -0.02700001 0.05300986,
1.0435499 0 0.050009862,
1.0435499 -0.0014644265 0.046474326,
1.0435499 -0.01699996 0.046009861,
1.0435499 -0.016707122 0.045302752,
1.0435499 -0.015999973 0.045009863,
1.0435499 -0.0049999952 0.045009863
] }
normal Normal { vector [
-1 0 0,
-0.707107 0 0.707107,
-0.707107 -0.453077 0.542882,
-0.707107 -0.695701 0.126491,
-0.707107 0.695701 -0.126491,
-0.707107 0.453077 -0.542882,
-0.707107 0 -0.707107,
0 -0.98387 0.178885,
0 -1 0,
0 -0.707107 0.707107,
0 -0.640747 0.767752,
0 -0.707107 -0.707107,
0 0 1,
0 0 -1,
0 0.640747 -0.767752,
0 0.707107 -0.707107,
0 1 0,
0 0.98387 -0.178885,
0.707107 0 0.707107,
0.707107 -0.453077 0.542882,
0.707107 -0.695701 0.126491,
0.707107 0.695701 -0.126491,
0.707107 0.453077 -0.542882,
0.707107 0 -0.707107,
1 0 0
] }
coordIndex [
46,20,16,-1,
46,16,42,-1,
42,16,15,-1,
42,15,41,-1,
45,19,46,-1,
46,19,20,-1,
43,17,18,-1,
43,18,44,-1,
44,18,19,-1,
44,19,45,-1,
35,9,43,-1,
43,9,17,-1,
32,6,8,-1,
32,8,34,-1,
34,8,9,-1,
34,9,35,-1,
33,7,32,-1,
32,7,6,-1,
31,5,33,-1,
33,5,7,-1,
30,4,31,-1,
31,4,5,-1,
37,11,30,-1,
30,11,4,-1,
14,11,40,-1,
40,11,37,-1,
39,13,40,-1,
40,13,14,-1,
36,10,12,-1,
36,12,38,-1,
38,12,13,-1,
38,13,39,-1,
29,3,36,-1,
36,3,10,-1,
117,91,92,-1,
117,92,118,-1,
118,92,93,-1,
118,93,119,-1,
117,109,91,-1,
91,109,83,-1,
106,80,82,-1,
106,82,108,-1,
108,82,83,-1,
108,83,109,-1,
106,107,80,-1,
80,107,81,-1,
107,105,81,-1,
81,105,79,-1,
105,104,79,-1,
79,104,78,-1,
104,111,78,-1,
78,111,85,-1,
114,88,86,-1,
114,86,112,-1,
112,86,85,-1,
112,85,111,-1,
114,113,88,-1,
88,113,87,-1,
84,87,110,-1,
110,87,113,-1,
110,103,84,-1,
84,103,77,-1,
60,70,69,-1,
3,29,2,-1,
2,29,28,-1,
2,28,25,-1,
25,28,60,-1,
25,60,59,-1,
59,60,69,-1,
77,103,76,-1,
76,103,102,-1,
76,102,70,-1,
70,102,99,-1,
70,99,69,-1,
67,57,69,-1,
69,57,59,-1,
61,51,53,-1,
61,53,63,-1,
63,53,57,-1,
63,57,67,-1,
62,52,61,-1,
61,52,51,-1,
65,55,52,-1,
115,89,101,-1,
101,89,75,-1,
101,75,96,-1,
96,75,65,-1,
96,65,62,-1,
62,65,52,-1,
41,15,27,-1,
27,15,1,-1,
27,1,55,-1,
55,1,22,-1,
55,22,52,-1,
120,94,90,-1,
120,90,116,-1,
116,90,89,-1,
116,89,115,-1,
120,119,94,-1,
94,119,93,-1,
105,107,116,-1,
110,113,114,-1,
120,116,119,-1,
119,116,107,-1,
119,107,106,-1,
106,108,109,-1,
103,110,104,-1,
104,110,114,-1,
104,114,111,-1,
111,114,112,-1,
116,115,105,-1,
105,115,101,-1,
105,101,104,-1,
104,101,100,-1,
104,100,103,-1,
103,100,102,-1,
106,109,119,-1,
119,109,117,-1,
119,117,118,-1,
2,0,3,-1,
3,0,1,-1,
9,8,6,-1,
12,10,13,-1,
13,10,3,-1,
14,13,11,-1,
11,13,3,-1,
11,3,4,-1,
4,3,1,-1,
4,1,5,-1,
5,1,15,-1,
5,15,7,-1,
7,15,16,-1,
19,18,17,-1,
16,20,7,-1,
7,20,19,-1,
7,19,6,-1,
6,19,17,-1,
6,17,9,-1,
59,57,24,-1,
59,24,25,-1,
25,24,0,-1,
25,0,2,-1,
51,21,23,-1,
0,24,23,-1,
51,23,53,-1,
53,23,24,-1,
53,24,57,-1,
21,0,23,-1,
51,52,22,-1,
51,22,21,-1,
21,22,1,-1,
21,1,0,-1,
102,100,98,-1,
102,98,99,-1,
99,98,67,-1,
99,67,69,-1,
97,98,100,-1,
97,100,95,-1,
95,61,63,-1,
95,63,97,-1,
97,63,67,-1,
97,67,98,-1,
62,61,95,-1,
62,95,96,-1,
96,95,100,-1,
96,100,101,-1,
58,68,60,-1,
60,68,70,-1,
54,64,56,-1,
56,64,66,-1,
56,66,58,-1,
58,66,68,-1,
55,65,54,-1,
54,65,64,-1,
76,74,77,-1,
77,74,75,-1,
85,86,88,-1,
90,94,91,-1,
91,94,93,-1,
91,93,92,-1,
85,77,78,-1,
78,77,75,-1,
78,75,79,-1,
79,75,89,-1,
79,89,81,-1,
81,89,90,-1,
81,90,80,-1,
80,90,91,-1,
80,91,82,-1,
82,91,83,-1,
85,88,77,-1,
77,88,87,-1,
77,87,84,-1,
45,46,42,-1,
30,29,36,-1,
36,38,39,-1,
36,39,30,-1,
30,39,40,-1,
30,40,37,-1,
28,29,26,-1,
26,29,30,-1,
26,30,27,-1,
27,30,31,-1,
27,31,41,-1,
32,34,33,-1,
33,34,35,-1,
33,35,43,-1,
41,31,42,-1,
42,31,33,-1,
42,33,45,-1,
45,33,43,-1,
45,43,44,-1,
28,26,49,-1,
28,49,50,-1,
50,49,58,-1,
50,58,60,-1,
48,49,26,-1,
48,26,47,-1,
58,49,56,-1,
56,49,48,-1,
56,48,54,-1,
54,48,47,-1,
26,27,47,-1,
47,27,55,-1,
47,55,54,-1,
74,76,73,-1,
73,76,70,-1,
73,70,68,-1,
74,72,71,-1,
73,72,74,-1,
73,68,72,-1,
72,68,66,-1,
72,66,71,-1,
71,66,64,-1,
64,65,71,-1,
71,65,75,-1,
71,75,74,-1
]
normalIndex [
13,13,15,-1,
13,15,15,-1,
15,15,16,-1,
15,16,16,-1,
13,13,13,-1,
13,13,13,-1,
8,8,11,-1,
8,11,11,-1,
11,11,13,-1,
11,13,13,-1,
8,8,8,-1,
8,8,8,-1,
12,12,9,-1,
12,9,9,-1,
9,9,8,-1,
9,8,8,-1,
12,12,12,-1,
12,12,12,-1,
8,8,8,-1,
8,8,8,-1,
13,13,13,-1,
13,13,13,-1,
16,16,16,-1,
16,16,16,-1,
13,16,13,-1,
13,16,16,-1,
13,13,13,-1,
13,13,13,-1,
8,8,11,-1,
8,11,11,-1,
11,11,13,-1,
11,13,13,-1,
8,8,8,-1,
8,8,8,-1,
8,8,11,-1,
8,11,11,-1,
11,11,13,-1,
11,13,13,-1,
8,8,8,-1,
8,8,8,-1,
12,12,9,-1,
12,9,9,-1,
9,9,8,-1,
9,8,8,-1,
12,12,12,-1,
12,12,12,-1,
8,8,8,-1,
8,8,8,-1,
13,13,13,-1,
13,13,13,-1,
16,16,16,-1,
16,16,16,-1,
13,13,15,-1,
13,15,15,-1,
15,15,16,-1,
15,16,16,-1,
13,13,13,-1,
13,13,13,-1,
8,13,8,-1,
8,13,13,-1,
8,8,8,-1,
8,8,8,-1,
13,13,13,-1,
13,13,13,-1,
13,13,13,-1,
13,13,13,-1,
13,13,13,-1,
13,13,13,-1,
13,13,13,-1,
13,13,13,-1,
13,13,13,-1,
13,13,13,-1,
13,13,13,-1,
13,13,13,-1,
7,7,7,-1,
7,7,7,-1,
12,12,10,-1,
12,10,10,-1,
10,10,7,-1,
10,7,7,-1,
12,12,12,-1,
12,12,12,-1,
16,16,16,-1,
16,16,16,-1,
16,16,16,-1,
16,16,16,-1,
16,16,16,-1,
16,16,16,-1,
16,16,16,-1,
16,16,16,-1,
16,16,16,-1,
16,16,16,-1,
16,16,16,-1,
16,16,16,-1,
13,13,15,-1,
13,15,15,-1,
15,15,16,-1,
15,16,16,-1,
13,13,13,-1,
13,13,13,-1,
24,24,24,-1,
24,24,24,-1,
24,24,24,-1,
24,24,24,-1,
24,24,24,-1,
24,24,24,-1,
24,24,24,-1,
24,24,24,-1,
24,24,24,-1,
24,24,24,-1,
24,24,24,-1,
24,24,24,-1,
24,24,24,-1,
24,24,24,-1,
24,24,24,-1,
24,24,24,-1,
24,24,24,-1,
24,24,24,-1,
24,24,24,-1,
0,0,0,-1,
0,0,0,-1,
0,0,0,-1,
0,0,0,-1,
0,0,0,-1,
0,0,0,-1,
0,0,0,-1,
0,0,0,-1,
0,0,0,-1,
0,0,0,-1,
0,0,0,-1,
0,0,0,-1,
0,0,0,-1,
0,0,0,-1,
0,0,0,-1,
0,0,0,-1,
0,0,0,-1,
0,0,0,-1,
0,0,0,-1,
7,7,3,-1,
7,3,3,-1,
3,3,0,-1,
3,0,0,-1,
12,1,2,-1,
0,3,2,-1,
12,2,10,-1,
10,2,3,-1,
10,3,7,-1,
1,0,2,-1,
12,12,1,-1,
12,1,1,-1,
1,1,0,-1,
1,0,0,-1,
24,24,20,-1,
24,20,20,-1,
20,20,7,-1,
20,7,7,-1,
19,20,24,-1,
19,24,18,-1,
18,12,10,-1,
18,10,19,-1,
19,10,7,-1,
19,7,20,-1,
12,12,18,-1,
12,18,18,-1,
18,18,24,-1,
18,24,24,-1,
17,17,17,-1,
17,17,17,-1,
13,13,14,-1,
14,13,14,-1,
14,14,17,-1,
17,14,17,-1,
13,13,13,-1,
13,13,13,-1,
0,0,0,-1,
0,0,0,-1,
0,0,0,-1,
0,0,0,-1,
0,0,0,-1,
0,0,0,-1,
0,0,0,-1,
0,0,0,-1,
0,0,0,-1,
0,0,0,-1,
0,0,0,-1,
0,0,0,-1,
0,0,0,-1,
0,0,0,-1,
0,0,0,-1,
0,0,0,-1,
0,0,0,-1,
0,0,0,-1,
0,0,0,-1,
24,24,24,-1,
24,24,24,-1,
24,24,24,-1,
24,24,24,-1,
24,24,24,-1,
24,24,24,-1,
24,24,24,-1,
24,24,24,-1,
24,24,24,-1,
24,24,24,-1,
24,24,24,-1,
24,24,24,-1,
24,24,24,-1,
24,24,24,-1,
24,24,24,-1,
24,24,24,-1,
24,24,24,-1,
24,24,24,-1,
24,24,24,-1,
24,24,21,-1,
24,21,21,-1,
21,21,17,-1,
21,17,17,-1,
22,21,24,-1,
22,24,23,-1,
17,21,14,-1,
14,21,22,-1,
14,22,13,-1,
13,22,23,-1,
24,24,23,-1,
23,24,13,-1,
23,13,13,-1,
0,0,4,-1,
4,0,17,-1,
4,17,17,-1,
0,5,6,-1,
4,5,0,-1,
4,17,5,-1,
5,17,14,-1,
5,14,6,-1,
6,14,13,-1,
13,13,6,-1,
6,13,0,-1,
6,0,0,-1
]
}
}
Shape {
appearance Appearance {
material Material {
ambientIntensity 0
diffuseColor 1 1 1 
specularColor 0.098 0.098 0.098 
shininess 0.000781 
transparency 0
}
}
geometry IndexedFaceSet {
normalPerVertex TRUE
solid TRUE
convex TRUE
coord Coordinate { point [
1.03055 0.26417291 0.27300987,
1.03055 0.27500004 0.27300987,
1.03055 0.22508198 0.058009859,
1.03055 0.23300004 0.058009859,
1.03055 0.24900001 0.058009859,
1.03055 0.26300001 0.058009859,
1.03055 0.259 0.056009863,
1.03055 0.26300001 0.056009863,
1.03055 0.25829291 0.055716969,
1.03055 0.25800002 0.055009861,
1.03055 0.23300004 0.054009862,
1.03055 0.24900001 0.054009862,
1.03055 0.23329288 0.053302754,
1.03055 0.23400003 0.05300986,
1.03055 0.24800003 0.05300986,
1.03055 0.27500004 0.050009862,
1.03055 0.27353555 0.046474326,
1.03055 0.25800002 0.046009861,
1.03055 0.25829291 0.045302752,
1.03055 0.259 0.045009863,
1.03055 0.27000004 0.045009863,
1.0320144 0.26417291 0.27654541,
1.0320144 0.27500004 0.27654541,
1.0320144 0.26190752 0.27572426,
1.0320144 0.26069438 0.27364233,
1.0320144 0.22148848 0.058009859,
1.03255 0.26417291 0.27300987,
1.03255 0.27500004 0.27300987,
1.03255 0.22508198 0.058009859,
1.03255 0.23300004 0.058009859,
1.03255 0.24900001 0.058009859,
1.03255 0.26300001 0.058009859,
1.03255 0.259 0.056009863,
1.03255 0.26300001 0.056009863,
1.03255 0.25829291 0.055716969,
1.03255 0.25800002 0.055009861,
1.03255 0.23300004 0.054009862,
1.03255 0.24900001 0.054009862,
1.03255 0.23329288 0.053302754,
1.03255 0.23400003 0.05300986,
1.03255 0.24800003 0.05300986,
1.03255 0.27500004 0.050009862,
1.03255 0.27353555 0.046474326,
1.03255 0.25800002 0.046009861,
1.03255 0.25829291 0.045302752,
1.03255 0.259 0.045009863,
1.03255 0.27000004 0.045009863,
1.0334287 0.26417291 0.2751312,
1.0334287 0.26281369 0.2746385,
1.0334287 0.2620858 0.27338934,
1.03405 0.22355741 0.058009859,
1.03555 0.26417291 0.27800986,
1.03555 0.27500004 0.27800986,
1.03555 0.26096916 0.27684861,
1.03555 0.26417291 0.27600986,
1.03555 0.27500004 0.27600986,
1.03555 0.26225066 0.27531311,
1.03555 0.25925356 0.27390429,
1.03555 0.26122129 0.27354652,
1.03555 0.22000003 0.058009859,
1.03555 0.22203279 0.058009859,
1.0385499 0.26417291 0.27800986,
1.0385499 0.27500004 0.27800986,
1.0385499 0.26096916 0.27684861,
1.0385499 0.26417291 0.27600986,
1.0385499 0.27500004 0.27600986,
1.0385499 0.26225066 0.27531311,
1.0385499 0.25925356 0.27390429,
1.0385499 0.26122129 0.27354652,
1.0385499 0.22000003 0.058009859,
1.0385499 0.22203279 0.058009859,
1.0406712 0.26417291 0.2751312,
1.0406712 0.26281369 0.2746385,
1.0406712 0.2620858 0.27338934,
1.0415499 0.26417291 0.27300987,
1.0415499 0.27500004 0.27300987,
1.0415499 0.22508198 0.058009859,
1.0415499 0.23300004 0.058009859,
1.0415499 0.24900001 0.058009859,
1.0415499 0.26300001 0.058009859,
1.0415499 0.259 0.056009863,
1.0415499 0.26300001 0.056009863,
1.0415499 0.25829291 0.055716969,
1.0415499 0.25800002 0.055009861,
1.0415499 0.23300004 0.054009862,
1.0415499 0.24900001 0.054009862,
1.0415499 0.24870712 0.053302754,
1.0415499 0.23400003 0.05300986,
1.0415499 0.24800003 0.05300986,
1.0415499 0.27500004 0.050009862,
1.0415499 0.27353555 0.046474326,
1.0415499 0.25800002 0.046009861,
1.0415499 0.25829291 0.045302752,
1.0415499 0.259 0.045009863,
1.0415499 0.27000004 0.045009863,
1.0420855 0.26417291 0.27654541,
1.0420855 0.27500004 0.27654541,
1.0420855 0.26190752 0.27572426,
1.0420855 0.26069438 0.27364233,
1.0420855 0.22148848 0.058009859,
1.0435499 0.26417291 0.27300987,
1.0435499 0.27500004 0.27300987,
1.0435499 0.22508198 0.058009859,
1.0435499 0.23300004 0.058009859,
1.0435499 0.24900001 0.058009859,
1.0435499 0.26300001 0.058009859,
1.0435499 0.259 0.056009863,
1.0435499 0.26300001 0.056009863,
1.0435499 0.25829291 0.055716969,
1.0435499 0.25800002 0.055009861,
1.0435499 0.23300004 0.054009862,
1.0435499 0.24900001 0.054009862,
1.0435499 0.24870712 0.053302754,
1.0435499 0.23400003 0.05300986,
1.0435499 0.24800003 0.05300986,
1.0435499 0.27500004 0.050009862,
1.0435499 0.27353555 0.046474326,
1.0435499 0.25800002 0.046009861,
1.0435499 0.25829291 0.045302752,
1.0435499 0.259 0.045009863,
1.0435499 0.27000004 0.045009863
] }
normal Normal { vector [
-1 0 0,
-0.707107 0 0.707107,
-0.707107 -0.453077 0.542882,
-0.707107 -0.695701 0.126491,
-0.707107 0.695701 -0.126491,
-0.707107 0.453077 -0.542882,
-0.707107 0 -0.707107,
0 -0.98387 0.178885,
0 -1 0,
0 -0.707107 0.707107,
0 -0.640747 0.767752,
0 -0.707107 -0.707107,
0 0 1,
0 0 -1,
0 0.640747 -0.767752,
0 0.707107 -0.707107,
0 1 0,
0 0.98387 -0.178885,
0.707107 0 0.707107,
0.707107 -0.453077 0.542882,
0.707107 -0.695701 0.126491,
0.707107 0.695701 -0.126491,
0.707107 0.453077 -0.542882,
0.707107 0 -0.707107,
1 0 0
] }
coordIndex [
46,20,16,-1,
46,16,42,-1,
42,16,15,-1,
42,15,41,-1,
45,19,46,-1,
46,19,20,-1,
43,17,18,-1,
43,18,44,-1,
44,18,19,-1,
44,19,45,-1,
35,9,43,-1,
43,9,17,-1,
32,6,8,-1,
32,8,34,-1,
34,8,9,-1,
34,9,35,-1,
33,7,32,-1,
32,7,6,-1,
31,5,33,-1,
33,5,7,-1,
30,4,31,-1,
31,4,5,-1,
37,11,30,-1,
30,11,4,-1,
14,11,40,-1,
40,11,37,-1,
39,13,40,-1,
40,13,14,-1,
36,10,12,-1,
36,12,38,-1,
38,12,13,-1,
38,13,39,-1,
29,3,36,-1,
36,3,10,-1,
117,91,92,-1,
117,92,118,-1,
118,92,93,-1,
118,93,119,-1,
117,109,91,-1,
91,109,83,-1,
106,80,82,-1,
106,82,108,-1,
108,82,83,-1,
108,83,109,-1,
106,107,80,-1,
80,107,81,-1,
107,105,81,-1,
81,105,79,-1,
105,104,79,-1,
79,104,78,-1,
104,111,78,-1,
78,111,85,-1,
114,88,86,-1,
114,86,112,-1,
112,86,85,-1,
112,85,111,-1,
114,113,88,-1,
88,113,87,-1,
84,87,110,-1,
110,87,113,-1,
110,103,84,-1,
84,103,77,-1,
60,70,69,-1,
3,29,2,-1,
2,29,28,-1,
2,28,25,-1,
25,28,60,-1,
25,60,59,-1,
59,60,69,-1,
77,103,76,-1,
76,103,102,-1,
76,102,70,-1,
70,102,99,-1,
70,99,69,-1,
67,57,69,-1,
69,57,59,-1,
61,51,53,-1,
61,53,63,-1,
63,53,57,-1,
63,57,67,-1,
62,52,61,-1,
61,52,51,-1,
65,55,52,-1,
115,89,101,-1,
101,89,75,-1,
101,75,96,-1,
96,75,65,-1,
96,65,62,-1,
62,65,52,-1,
41,15,27,-1,
27,15,1,-1,
27,1,55,-1,
55,1,22,-1,
55,22,52,-1,
120,94,90,-1,
120,90,116,-1,
116,90,89,-1,
116,89,115,-1,
120,119,94,-1,
94,119,93,-1,
105,107,116,-1,
100,102,101,-1,
101,102,103,-1,
120,116,119,-1,
119,116,107,-1,
119,107,106,-1,
114,112,111,-1,
106,108,109,-1,
103,110,113,-1,
106,109,119,-1,
119,109,117,-1,
119,117,118,-1,
116,115,105,-1,
105,115,101,-1,
105,101,104,-1,
104,101,103,-1,
104,103,111,-1,
111,103,113,-1,
111,113,114,-1,
2,0,3,-1,
3,0,1,-1,
9,8,6,-1,
12,10,13,-1,
13,10,3,-1,
14,13,11,-1,
11,13,3,-1,
11,3,4,-1,
4,3,1,-1,
4,1,5,-1,
5,1,15,-1,
5,15,7,-1,
7,15,16,-1,
19,18,17,-1,
16,20,7,-1,
7,20,19,-1,
7,19,6,-1,
6,19,17,-1,
6,17,9,-1,
59,57,24,-1,
59,24,25,-1,
25,24,0,-1,
25,0,2,-1,
51,21,23,-1,
0,24,23,-1,
51,23,53,-1,
53,23,24,-1,
53,24,57,-1,
21,0,23,-1,
51,52,22,-1,
51,22,21,-1,
21,22,1,-1,
21,1,0,-1,
102,100,98,-1,
102,98,99,-1,
99,98,67,-1,
99,67,69,-1,
97,98,100,-1,
97,100,95,-1,
95,61,63,-1,
95,63,97,-1,
97,63,67,-1,
97,67,98,-1,
62,61,95,-1,
62,95,96,-1,
96,95,100,-1,
96,100,101,-1,
58,68,60,-1,
60,68,70,-1,
54,64,56,-1,
56,64,66,-1,
56,66,58,-1,
58,66,68,-1,
55,65,54,-1,
54,65,64,-1,
76,74,77,-1,
77,74,75,-1,
85,86,88,-1,
90,94,91,-1,
91,94,93,-1,
91,93,92,-1,
85,77,78,-1,
78,77,75,-1,
78,75,79,-1,
79,75,89,-1,
79,89,81,-1,
81,89,90,-1,
81,90,80,-1,
80,90,91,-1,
80,91,82,-1,
82,91,83,-1,
85,88,77,-1,
77,88,87,-1,
77,87,84,-1,
45,46,42,-1,
26,28,27,-1,
27,28,29,-1,
36,38,29,-1,
29,38,39,-1,
29,39,40,-1,
40,37,29,-1,
29,37,30,-1,
29,30,27,-1,
27,30,31,-1,
27,31,41,-1,
32,34,33,-1,
33,34,35,-1,
33,35,43,-1,
41,31,42,-1,
42,31,33,-1,
42,33,45,-1,
45,33,43,-1,
45,43,44,-1,
28,26,49,-1,
28,49,50,-1,
50,49,58,-1,
50,58,60,-1,
48,49,26,-1,
48,26,47,-1,
58,49,56,-1,
56,49,48,-1,
56,48,54,-1,
54,48,47,-1,
26,27,47,-1,
47,27,55,-1,
47,55,54,-1,
74,76,73,-1,
73,76,70,-1,
73,70,68,-1,
74,72,71,-1,
73,72,74,-1,
73,68,72,-1,
72,68,66,-1,
72,66,71,-1,
71,66,64,-1,
64,65,71,-1,
71,65,75,-1,
71,75,74,-1
]
normalIndex [
13,13,15,-1,
13,15,15,-1,
15,15,16,-1,
15,16,16,-1,
13,13,13,-1,
13,13,13,-1,
8,8,11,-1,
8,11,11,-1,
11,11,13,-1,
11,13,13,-1,
8,8,8,-1,
8,8,8,-1,
12,12,9,-1,
12,9,9,-1,
9,9,8,-1,
9,8,8,-1,
12,12,12,-1,
12,12,12,-1,
8,8,8,-1,
8,8,8,-1,
13,13,13,-1,
13,13,13,-1,
16,16,16,-1,
16,16,16,-1,
13,16,13,-1,
13,16,16,-1,
13,13,13,-1,
13,13,13,-1,
8,8,11,-1,
8,11,11,-1,
11,11,13,-1,
11,13,13,-1,
8,8,8,-1,
8,8,8,-1,
8,8,11,-1,
8,11,11,-1,
11,11,13,-1,
11,13,13,-1,
8,8,8,-1,
8,8,8,-1,
12,12,9,-1,
12,9,9,-1,
9,9,8,-1,
9,8,8,-1,
12,12,12,-1,
12,12,12,-1,
8,8,8,-1,
8,8,8,-1,
13,13,13,-1,
13,13,13,-1,
16,16,16,-1,
16,16,16,-1,
13,13,15,-1,
13,15,15,-1,
15,15,16,-1,
15,16,16,-1,
13,13,13,-1,
13,13,13,-1,
8,13,8,-1,
8,13,13,-1,
8,8,8,-1,
8,8,8,-1,
13,13,13,-1,
13,13,13,-1,
13,13,13,-1,
13,13,13,-1,
13,13,13,-1,
13,13,13,-1,
13,13,13,-1,
13,13,13,-1,
13,13,13,-1,
13,13,13,-1,
13,13,13,-1,
13,13,13,-1,
7,7,7,-1,
7,7,7,-1,
12,12,10,-1,
12,10,10,-1,
10,10,7,-1,
10,7,7,-1,
12,12,12,-1,
12,12,12,-1,
16,16,16,-1,
16,16,16,-1,
16,16,16,-1,
16,16,16,-1,
16,16,16,-1,
16,16,16,-1,
16,16,16,-1,
16,16,16,-1,
16,16,16,-1,
16,16,16,-1,
16,16,16,-1,
16,16,16,-1,
13,13,15,-1,
13,15,15,-1,
15,15,16,-1,
15,16,16,-1,
13,13,13,-1,
13,13,13,-1,
24,24,24,-1,
24,24,24,-1,
24,24,24,-1,
24,24,24,-1,
24,24,24,-1,
24,24,24,-1,
24,24,24,-1,
24,24,24,-1,
24,24,24,-1,
24,24,24,-1,
24,24,24,-1,
24,24,24,-1,
24,24,24,-1,
24,24,24,-1,
24,24,24,-1,
24,24,24,-1,
24,24,24,-1,
24,24,24,-1,
24,24,24,-1,
0,0,0,-1,
0,0,0,-1,
0,0,0,-1,
0,0,0,-1,
0,0,0,-1,
0,0,0,-1,
0,0,0,-1,
0,0,0,-1,
0,0,0,-1,
0,0,0,-1,
0,0,0,-1,
0,0,0,-1,
0,0,0,-1,
0,0,0,-1,
0,0,0,-1,
0,0,0,-1,
0,0,0,-1,
0,0,0,-1,
0,0,0,-1,
7,7,3,-1,
7,3,3,-1,
3,3,0,-1,
3,0,0,-1,
12,1,2,-1,
0,3,2,-1,
12,2,10,-1,
10,2,3,-1,
10,3,7,-1,
1,0,2,-1,
12,12,1,-1,
12,1,1,-1,
1,1,0,-1,
1,0,0,-1,
24,24,20,-1,
24,20,20,-1,
20,20,7,-1,
20,7,7,-1,
19,20,24,-1,
19,24,18,-1,
18,12,10,-1,
18,10,19,-1,
19,10,7,-1,
19,7,20,-1,
12,12,18,-1,
12,18,18,-1,
18,18,24,-1,
18,24,24,-1,
17,17,17,-1,
17,17,17,-1,
13,13,14,-1,
14,13,14,-1,
14,14,17,-1,
17,14,17,-1,
13,13,13,-1,
13,13,13,-1,
0,0,0,-1,
0,0,0,-1,
0,0,0,-1,
0,0,0,-1,
0,0,0,-1,
0,0,0,-1,
0,0,0,-1,
0,0,0,-1,
0,0,0,-1,
0,0,0,-1,
0,0,0,-1,
0,0,0,-1,
0,0,0,-1,
0,0,0,-1,
0,0,0,-1,
0,0,0,-1,
0,0,0,-1,
0,0,0,-1,
0,0,0,-1,
24,24,24,-1,
24,24,24,-1,
24,24,24,-1,
24,24,24,-1,
24,24,24,-1,
24,24,24,-1,
24,24,24,-1,
24,24,24,-1,
24,24,24,-1,
24,24,24,-1,
24,24,24,-1,
24,24,24,-1,
24,24,24,-1,
24,24,24,-1,
24,24,24,-1,
24,24,24,-1,
24,24,24,-1,
24,24,24,-1,
24,24,24,-1,
24,24,21,-1,
24,21,21,-1,
21,21,17,-1,
21,17,17,-1,
22,21,24,-1,
22,24,23,-1,
17,21,14,-1,
14,21,22,-1,
14,22,13,-1,
13,22,23,-1,
24,24,23,-1,
23,24,13,-1,
23,13,13,-1,
0,0,4,-1,
4,0,17,-1,
4,17,17,-1,
0,5,6,-1,
4,5,0,-1,
4,17,5,-1,
5,17,14,-1,
5,14,6,-1,
6,14,13,-1,
13,13,6,-1,
6,13,0,-1,
6,0,0,-1
]
}
}
Shape {
appearance Appearance {
material Material {
ambientIntensity 0
diffuseColor 1 1 1 
specularColor 0.098 0.098 0.098 
shininess 0.000781 
transparency 0
}
}
geometry IndexedFaceSet {
normalPerVertex TRUE
solid TRUE
convex TRUE
coord Coordinate { point [
1.03055 0.53917295 0.27300987,
1.03055 0.55000001 0.27300987,
1.03055 0.50008196 0.058009859,
1.03055 0.50799996 0.058009859,
1.03055 0.52399999 0.058009859,
1.03055 0.53800005 0.058009859,
1.03055 0.53399998 0.056009863,
1.03055 0.53800005 0.056009863,
1.03055 0.53329295 0.055716969,
1.03055 0.53300005 0.055009861,
1.03055 0.50799996 0.054009862,
1.03055 0.52399999 0.054009862,
1.03055 0.52370709 0.053302754,
1.03055 0.509 0.05300986,
1.03055 0.52300006 0.05300986,
1.03055 0.55000001 0.050009862,
1.03055 0.54853553 0.046474326,
1.03055 0.53300005 0.046009861,
1.03055 0.53399998 0.045009863,
1.03055 0.54500002 0.045009863,
1.0320144 0.53917295 0.27654541,
1.0320144 0.55000001 0.27654541,
1.0320144 0.53690749 0.27572426,
1.0320144 0.53569442 0.27364233,
1.0320144 0.49648851 0.058009859,
1.03255 0.53917295 0.27300987,
1.03255 0.55000001 0.27300987,
1.03255 0.50008196 0.058009859,
1.03255 0.50799996 0.058009859,
1.03255 0.52399999 0.058009859,
1.03255 0.53800005 0.058009859,
1.03255 0.53399998 0.056009863,
1.03255 0.53800005 0.056009863,
1.03255 0.53329295 0.055716969,
1.03255 0.53300005 0.055009861,
1.03255 0.50799996 0.054009862,
1.03255 0.52399999 0.054009862,
1.03255 0.52370709 0.053302754,
1.03255 0.509 0.05300986,
1.03255 0.52300006 0.05300986,
1.03255 0.55000001 0.050009862,
1.03255 0.54853553 0.046474326,
1.03255 0.53300005 0.046009861,
1.03255 0.53399998 0.045009863,
1.03255 0.54500002 0.045009863,
1.0334287 0.53917295 0.2751312,
1.0334287 0.5378136 0.2746385,
1.0334287 0.53708583 0.27338934,
1.03405 0.49855739 0.058009859,
1.03555 0.53917295 0.27800986,
1.03555 0.55000001 0.27800986,
1.03555 0.5359692 0.27684861,
1.03555 0.53917295 0.27600986,
1.03555 0.55000001 0.27600986,
1.03555 0.5372507 0.27531311,
1.03555 0.53425354 0.27390429,
1.03555 0.53622133 0.27354652,
1.03555 0.49500006 0.058009859,
1.03555 0.49703282 0.058009859,
1.0385499 0.53917295 0.27800986,
1.0385499 0.55000001 0.27800986,
1.0385499 0.5359692 0.27684861,
1.0385499 0.53917295 0.27600986,
1.0385499 0.55000001 0.27600986,
1.0385499 0.5372507 0.27531311,
1.0385499 0.53425354 0.27390429,
1.0385499 0.53622133 0.27354652,
1.0385499 0.49500006 0.058009859,
1.0385499 0.49703282 0.058009859,
1.0406712 0.53917295 0.2751312,
1.0406712 0.5378136 0.2746385,
1.0406712 0.53708583 0.27338934,
1.0415499 0.53917295 0.27300987,
1.0415499 0.55000001 0.27300987,
1.0415499 0.50008196 0.058009859,
1.0415499 0.50799996 0.058009859,
1.0415499 0.52399999 0.058009859,
1.0415499 0.53800005 0.058009859,
1.0415499 0.53399998 0.056009863,
1.0415499 0.53800005 0.056009863,
1.0415499 0.53329295 0.055716969,
1.0415499 0.53300005 0.055009861,
1.0415499 0.50799996 0.054009862,
1.0415499 0.52399999 0.054009862,
1.0415499 0.52370709 0.053302754,
1.0415499 0.509 0.05300986,
1.0415499 0.52300006 0.05300986,
1.0415499 0.55000001 0.050009862,
1.0415499 0.54853553 0.046474326,
1.0415499 0.53300005 0.046009861,
1.0415499 0.53399998 0.045009863,
1.0415499 0.54500002 0.045009863,
1.0420855 0.53917295 0.27654541,
1.0420855 0.55000001 0.27654541,
1.0420855 0.53690749 0.27572426,
1.0420855 0.53569442 0.27364233,
1.0420855 0.49648851 0.058009859,
1.0435499 0.53917295 0.27300987,
1.0435499 0.55000001 0.27300987,
1.0435499 0.50008196 0.058009859,
1.0435499 0.50799996 0.058009859,
1.0435499 0.52399999 0.058009859,
1.0435499 0.53800005 0.058009859,
1.0435499 0.53399998 0.056009863,
1.0435499 0.53800005 0.056009863,
1.0435499 0.53329295 0.055716969,
1.0435499 0.53300005 0.055009861,
1.0435499 0.50799996 0.054009862,
1.0435499 0.52399999 0.054009862,
1.0435499 0.52370709 0.053302754,
1.0435499 0.509 0.05300986,
1.0435499 0.52300006 0.05300986,
1.0435499 0.55000001 0.050009862,
1.0435499 0.54853553 0.046474326,
1.0435499 0.53300005 0.046009861,
1.0435499 0.53399998 0.045009863,
1.0435499 0.54500002 0.045009863
] }
normal Normal { vector [
-1 0 0,
-0.707107 0 0.707107,
-0.707107 -0.453077 0.542882,
-0.707107 -0.695701 0.126491,
-0.707107 0.695701 -0.126491,
-0.707107 0.453077 -0.542882,
-0.707107 0 -0.707107,
0 -0.98387 0.178885,
0 -1 0,
0 -0.707107 0.707107,
0 -0.640747 0.767752,
0 0 1,
0 0 -1,
0 0.640747 -0.767752,
0 0.707107 -0.707107,
0 1 0,
0 0.98387 -0.178885,
0.707107 0 0.707107,
0.707107 -0.453077 0.542882,
0.707107 -0.695701 0.126491,
0.707107 0.695701 -0.126491,
0.707107 0.453077 -0.542882,
0.707107 0 -0.707107,
1 0 0
] }
coordIndex [
44,19,16,-1,
44,16,41,-1,
41,16,15,-1,
41,15,40,-1,
43,18,44,-1,
44,18,19,-1,
17,18,42,-1,
42,18,43,-1,
34,9,42,-1,
42,9,17,-1,
31,6,8,-1,
31,8,33,-1,
33,8,9,-1,
33,9,34,-1,
32,7,31,-1,
31,7,6,-1,
30,5,32,-1,
32,5,7,-1,
29,4,30,-1,
30,4,5,-1,
36,11,29,-1,
29,11,4,-1,
39,14,12,-1,
39,12,37,-1,
37,12,11,-1,
37,11,36,-1,
38,13,39,-1,
39,13,14,-1,
10,13,35,-1,
35,13,38,-1,
28,3,35,-1,
35,3,10,-1,
89,90,114,-1,
114,90,115,-1,
114,106,89,-1,
89,106,81,-1,
103,78,80,-1,
103,80,105,-1,
105,80,81,-1,
105,81,106,-1,
103,104,78,-1,
78,104,79,-1,
104,102,79,-1,
79,102,77,-1,
102,101,77,-1,
77,101,76,-1,
101,108,76,-1,
76,108,83,-1,
111,86,84,-1,
111,84,109,-1,
109,84,83,-1,
109,83,108,-1,
111,110,86,-1,
86,110,85,-1,
82,85,107,-1,
107,85,110,-1,
107,100,82,-1,
82,100,75,-1,
58,68,67,-1,
3,28,2,-1,
2,28,27,-1,
2,27,24,-1,
24,27,58,-1,
24,58,57,-1,
57,58,67,-1,
75,100,74,-1,
74,100,99,-1,
74,99,68,-1,
68,99,96,-1,
68,96,67,-1,
65,55,67,-1,
67,55,57,-1,
59,49,51,-1,
59,51,61,-1,
61,51,55,-1,
61,55,65,-1,
60,50,59,-1,
59,50,49,-1,
63,53,50,-1,
112,87,98,-1,
98,87,73,-1,
98,73,93,-1,
93,73,63,-1,
93,63,60,-1,
60,63,50,-1,
40,15,26,-1,
26,15,1,-1,
26,1,53,-1,
53,1,21,-1,
53,21,50,-1,
116,91,88,-1,
116,88,113,-1,
113,88,87,-1,
113,87,112,-1,
116,115,91,-1,
91,115,90,-1,
102,104,113,-1,
103,105,106,-1,
111,109,108,-1,
106,114,115,-1,
104,103,113,-1,
113,103,106,-1,
113,106,116,-1,
116,106,115,-1,
110,111,107,-1,
107,111,108,-1,
107,108,100,-1,
100,108,101,-1,
113,112,102,-1,
102,112,98,-1,
102,98,101,-1,
101,98,97,-1,
101,97,100,-1,
100,97,99,-1,
2,0,3,-1,
3,0,1,-1,
11,3,4,-1,
4,3,1,-1,
4,1,5,-1,
5,1,15,-1,
5,15,7,-1,
15,16,7,-1,
7,16,19,-1,
7,19,6,-1,
6,19,18,-1,
11,12,14,-1,
18,17,6,-1,
6,17,9,-1,
6,9,8,-1,
11,14,3,-1,
3,14,13,-1,
3,13,10,-1,
57,55,23,-1,
57,23,24,-1,
24,23,0,-1,
24,0,2,-1,
49,20,22,-1,
0,23,22,-1,
49,22,51,-1,
51,22,23,-1,
51,23,55,-1,
20,0,22,-1,
49,50,21,-1,
49,21,20,-1,
20,21,1,-1,
20,1,0,-1,
99,97,95,-1,
99,95,96,-1,
96,95,65,-1,
96,65,67,-1,
94,95,97,-1,
94,97,92,-1,
92,59,61,-1,
92,61,94,-1,
94,61,65,-1,
94,65,95,-1,
60,59,92,-1,
60,92,93,-1,
93,92,97,-1,
93,97,98,-1,
56,66,58,-1,
58,66,68,-1,
52,62,54,-1,
54,62,64,-1,
54,64,56,-1,
56,64,66,-1,
53,63,52,-1,
52,63,62,-1,
81,80,78,-1,
74,72,75,-1,
75,72,73,-1,
83,75,76,-1,
76,75,73,-1,
76,73,77,-1,
77,73,87,-1,
77,87,79,-1,
81,78,89,-1,
87,88,79,-1,
79,88,91,-1,
79,91,78,-1,
78,91,90,-1,
78,90,89,-1,
83,84,86,-1,
83,86,75,-1,
75,86,85,-1,
75,85,82,-1,
34,42,43,-1,
30,32,41,-1,
39,37,36,-1,
33,34,31,-1,
31,34,43,-1,
31,43,32,-1,
32,43,44,-1,
32,44,41,-1,
38,39,35,-1,
35,39,36,-1,
35,36,28,-1,
28,36,29,-1,
41,40,30,-1,
30,40,26,-1,
30,26,29,-1,
29,26,25,-1,
29,25,28,-1,
28,25,27,-1,
27,25,47,-1,
27,47,48,-1,
48,47,56,-1,
48,56,58,-1,
46,47,25,-1,
46,25,45,-1,
56,47,54,-1,
54,47,46,-1,
54,46,52,-1,
52,46,45,-1,
25,26,45,-1,
45,26,53,-1,
45,53,52,-1,
72,74,71,-1,
71,74,68,-1,
71,68,66,-1,
72,70,69,-1,
71,70,72,-1,
71,66,70,-1,
70,66,64,-1,
70,64,69,-1,
69,64,62,-1,
62,63,69,-1,
69,63,73,-1,
69,73,72,-1
]
normalIndex [
12,12,14,-1,
12,14,14,-1,
14,14,15,-1,
14,15,15,-1,
12,12,12,-1,
12,12,12,-1,
8,12,8,-1,
8,12,12,-1,
8,8,8,-1,
8,8,8,-1,
11,11,9,-1,
11,9,9,-1,
9,9,8,-1,
9,8,8,-1,
11,11,11,-1,
11,11,11,-1,
8,8,8,-1,
8,8,8,-1,
12,12,12,-1,
12,12,12,-1,
15,15,15,-1,
15,15,15,-1,
12,12,14,-1,
12,14,14,-1,
14,14,15,-1,
14,15,15,-1,
12,12,12,-1,
12,12,12,-1,
8,12,8,-1,
8,12,12,-1,
8,8,8,-1,
8,8,8,-1,
8,12,8,-1,
8,12,12,-1,
8,8,8,-1,
8,8,8,-1,
11,11,9,-1,
11,9,9,-1,
9,9,8,-1,
9,8,8,-1,
11,11,11,-1,
11,11,11,-1,
8,8,8,-1,
8,8,8,-1,
12,12,12,-1,
12,12,12,-1,
15,15,15,-1,
15,15,15,-1,
12,12,14,-1,
12,14,14,-1,
14,14,15,-1,
14,15,15,-1,
12,12,12,-1,
12,12,12,-1,
8,12,8,-1,
8,12,12,-1,
8,8,8,-1,
8,8,8,-1,
12,12,12,-1,
12,12,12,-1,
12,12,12,-1,
12,12,12,-1,
12,12,12,-1,
12,12,12,-1,
12,12,12,-1,
12,12,12,-1,
12,12,12,-1,
12,12,12,-1,
12,12,12,-1,
12,12,12,-1,
7,7,7,-1,
7,7,7,-1,
11,11,10,-1,
11,10,10,-1,
10,10,7,-1,
10,7,7,-1,
11,11,11,-1,
11,11,11,-1,
15,15,15,-1,
15,15,15,-1,
15,15,15,-1,
15,15,15,-1,
15,15,15,-1,
15,15,15,-1,
15,15,15,-1,
15,15,15,-1,
15,15,15,-1,
15,15,15,-1,
15,15,15,-1,
15,15,15,-1,
12,12,14,-1,
12,14,14,-1,
14,14,15,-1,
14,15,15,-1,
12,12,12,-1,
12,12,12,-1,
23,23,23,-1,
23,23,23,-1,
23,23,23,-1,
23,23,23,-1,
23,23,23,-1,
23,23,23,-1,
23,23,23,-1,
23,23,23,-1,
23,23,23,-1,
23,23,23,-1,
23,23,23,-1,
23,23,23,-1,
23,23,23,-1,
23,23,23,-1,
23,23,23,-1,
23,23,23,-1,
23,23,23,-1,
23,23,23,-1,
0,0,0,-1,
0,0,0,-1,
0,0,0,-1,
0,0,0,-1,
0,0,0,-1,
0,0,0,-1,
0,0,0,-1,
0,0,0,-1,
0,0,0,-1,
0,0,0,-1,
0,0,0,-1,
0,0,0,-1,
0,0,0,-1,
0,0,0,-1,
0,0,0,-1,
0,0,0,-1,
0,0,0,-1,
0,0,0,-1,
7,7,3,-1,
7,3,3,-1,
3,3,0,-1,
3,0,0,-1,
11,1,2,-1,
0,3,2,-1,
11,2,10,-1,
10,2,3,-1,
10,3,7,-1,
1,0,2,-1,
11,11,1,-1,
11,1,1,-1,
1,1,0,-1,
1,0,0,-1,
23,23,19,-1,
23,19,19,-1,
19,19,7,-1,
19,7,7,-1,
18,19,23,-1,
18,23,17,-1,
17,11,10,-1,
17,10,18,-1,
18,10,7,-1,
18,7,19,-1,
11,11,17,-1,
11,17,17,-1,
17,17,23,-1,
17,23,23,-1,
16,16,16,-1,
16,16,16,-1,
12,12,13,-1,
13,12,13,-1,
13,13,16,-1,
16,13,16,-1,
12,12,12,-1,
12,12,12,-1,
0,0,0,-1,
0,0,0,-1,
0,0,0,-1,
0,0,0,-1,
0,0,0,-1,
0,0,0,-1,
0,0,0,-1,
0,0,0,-1,
0,0,0,-1,
0,0,0,-1,
0,0,0,-1,
0,0,0,-1,
0,0,0,-1,
0,0,0,-1,
0,0,0,-1,
0,0,0,-1,
0,0,0,-1,
0,0,0,-1,
23,23,23,-1,
23,23,23,-1,
23,23,23,-1,
23,23,23,-1,
23,23,23,-1,
23,23,23,-1,
23,23,23,-1,
23,23,23,-1,
23,23,23,-1,
23,23,23,-1,
23,23,23,-1,
23,23,23,-1,
23,23,23,-1,
23,23,23,-1,
23,23,23,-1,
23,23,23,-1,
23,23,23,-1,
23,23,23,-1,
23,23,20,-1,
23,20,20,-1,
20,20,16,-1,
20,16,16,-1,
21,20,23,-1,
21,23,22,-1,
16,20,13,-1,
13,20,21,-1,
13,21,12,-1,
12,21,22,-1,
23,23,22,-1,
22,23,12,-1,
22,12,12,-1,
0,0,4,-1,
4,0,16,-1,
4,16,16,-1,
0,5,6,-1,
4,5,0,-1,
4,16,5,-1,
5,16,13,-1,
5,13,6,-1,
6,13,12,-1,
12,12,6,-1,
6,12,0,-1,
6,0,0,-1
]
}
}
Shape {
appearance Appearance {
material Material {
ambientIntensity 0
diffuseColor 1 1 1 
specularColor 0.098 0.098 0.098 
shininess 0.000781 
transparency 0
}
}
geometry IndexedFaceSet {
normalPerVertex TRUE
solid TRUE
convex TRUE
coord Coordinate { point [
1.02455 -0.69999999 0.056009863,
1.02455 0.69999999 0.056009863,
1.02455 -0.69999999 0.04000986,
1.02455 0.69999999 0.04000986,
1.0265499 -0.69999999 0.058009859,
1.0265499 -0.69849998 0.058009859,
1.0265499 -0.671 0.058009859,
1.0265499 -0.639 0.058009859,
1.0265499 -0.60699999 0.058009859,
1.0265499 -0.54299998 0.058009859,
1.0265499 -0.51099998 0.058009859,
1.0265499 -0.47899997 0.058009859,
1.0265499 -0.447 0.058009859,
1.0265499 -0.41499999 0.058009859,
1.0265499 -0.35099998 0.058009859,
1.0265499 -0.31899998 0.058009859,
1.0265499 -0.287 0.058009859,
1.0265499 -0.255 0.058009859,
1.0265499 -0.19099998 0.058009859,
1.0265499 -0.15899998 0.058009859,
1.0265499 -0.12699997 0.058009859,
1.0265499 -0.094999969 0.058009859,
1.0265499 0.00099998713 0.058009859,
1.0265499 0.032999992 0.058009859,
1.0265499 0.064999998 0.058009859,
1.0265499 0.097000003 0.058009859,
1.0265499 0.16100001 0.058009859,
1.0265499 0.19300002 0.058009859,
1.0265499 0.22500002 0.058009859,
1.0265499 0.25700003 0.058009859,
1.0265499 0.28900003 0.058009859,
1.0265499 0.35299999 0.058009859,
1.0265499 0.38500005 0.058009859,
1.0265499 0.417 0.058009859,
1.0265499 0.44900006 0.058009859,
1.0265499 0.51300007 0.058009859,
1.0265499 0.54500002 0.058009859,
1.0265499 0.57699996 0.058009859,
1.0265499 0.60900003 0.058009859,
1.0265499 0.64099997 0.058009859,
1.0265499 0.69999999 0.058009859,
1.0265499 -0.69999999 0.056009863,
1.0265499 -0.69849998 0.056009863,
1.0265499 -0.671 0.056009863,
1.0265499 -0.639 0.056009863,
1.0265499 -0.60699999 0.056009863,
1.0265499 -0.54299998 0.056009863,
1.0265499 -0.51099998 0.056009863,
1.0265499 -0.47899997 0.056009863,
1.0265499 -0.447 0.056009863,
1.0265499 -0.41499999 0.056009863,
1.0265499 -0.35099998 0.056009863,
1.0265499 -0.31899998 0.056009863,
1.0265499 -0.287 0.056009863,
1.0265499 -0.255 0.056009863,
1.0265499 -0.19099998 0.056009863,
1.0265499 -0.15899998 0.056009863,
1.0265499 -0.12699997 0.056009863,
1.0265499 -0.094999969 0.056009863,
1.0265499 0.00099998713 0.056009863,
1.0265499 0.032999992 0.056009863,
1.0265499 0.064999998 0.056009863,
1.0265499 0.097000003 0.056009863,
1.0265499 0.16100001 0.056009863,
1.0265499 0.19300002 0.056009863,
1.0265499 0.22500002 0.056009863,
1.0265499 0.25700003 0.056009863,
1.0265499 0.28900003 0.056009863,
1.0265499 0.35299999 0.056009863,
1.0265499 0.38500005 0.056009863,
1.0265499 0.417 0.056009863,
1.0265499 0.44900006 0.056009863,
1.0265499 0.51300007 0.056009863,
1.0265499 0.54500002 0.056009863,
1.0265499 0.57699996 0.056009863,
1.0265499 0.60900003 0.056009863,
1.0265499 0.64099997 0.056009863,
1.0265499 0.69999999 0.056009863,
1.0265499 -0.69999999 0.04000986,
1.0265499 0.69999999 0.04000986,
1.0280499 -0.69999999 0.058009859,
1.0280499 -0.69849998 0.058009859,
1.0280499 -0.671 0.058009859,
1.0280499 -0.639 0.058009859,
1.0280499 -0.60699999 0.058009859,
1.0280499 -0.54299998 0.058009859,
1.0280499 -0.51099998 0.058009859,
1.0280499 -0.47899997 0.058009859,
1.0280499 -0.447 0.058009859,
1.0280499 -0.41499999 0.058009859,
1.0280499 -0.35099998 0.058009859,
1.0280499 -0.31899998 0.058009859,
1.0280499 -0.287 0.058009859,
1.0280499 -0.255 0.058009859,
1.0280499 -0.19099998 0.058009859,
1.0280499 -0.15899998 0.058009859,
1.0280499 -0.12699997 0.058009859,
1.0280499 -0.094999969 0.058009859,
1.0280499 0.00099998713 0.058009859,
1.0280499 0.032999992 0.058009859,
1.0280499 0.064999998 0.058009859,
1.0280499 0.097000003 0.058009859,
1.0280499 0.16100001 0.058009859,
1.0280499 0.19300002 0.058009859,
1.0280499 0.22500002 0.058009859,
1.0280499 0.25700003 0.058009859,
1.0280499 0.28900003 0.058009859,
1.0280499 0.35299999 0.058009859,
1.0280499 0.38500005 0.058009859,
1.0280499 0.417 0.058009859,
1.0280499 0.44900006 0.058009859,
1.0280499 0.51300007 0.058009859,
1.0280499 0.54500002 0.058009859,
1.0280499 0.57699996 0.058009859,
1.0280499 0.60900003 0.058009859,
1.0280499 0.64099997 0.058009859,
1.0280499 0.69999999 0.058009859,
1.02955 -0.69550002 0.058009859,
1.02955 -0.6785 0.058009859,
1.02955 -0.66350001 0.058009859,
1.02955 -0.64649999 0.058009859,
1.02955 -0.63150001 0.058009859,
1.02955 -0.61449999 0.058009859,
1.02955 -0.5995 0.058009859,
1.02955 -0.58249998 0.058009859,
1.02955 -0.5675 0.058009859,
1.02955 -0.55049998 0.058009859,
1.02955 -0.53549999 0.058009859,
1.02955 -0.51849997 0.058009859,
1.02955 -0.50349998 0.058009859,
1.02955 -0.48649999 0.058009859,
1.02955 -0.47149998 0.058009859,
1.02955 -0.45449999 0.058009859,
1.02955 -0.43949997 0.058009859,
1.02955 -0.42249998 0.058009859,
1.02955 -0.4075 0.058009859,
1.02955 -0.39049998 0.058009859,
1.02955 -0.37549999 0.058009859,
1.02955 -0.35849997 0.058009859,
1.02955 -0.34349999 0.058009859,
1.02955 -0.3265 0.058009859,
1.02955 -0.31149998 0.058009859,
1.02955 -0.29449999 0.058009859,
1.02955 -0.27949998 0.058009859,
1.02955 -0.26249999 0.058009859,
1.02955 -0.2475 0.058009859,
1.02955 -0.23049998 0.058009859,
1.02955 -0.2155 0.058009859,
1.02955 -0.19849998 0.058009859,
1.02955 -0.18349999 0.058009859,
1.02955 -0.16649997 0.058009859,
1.02955 -0.15149999 0.058009859,
1.02955 -0.13449997 0.058009859,
1.02955 -0.11949998 0.058009859,
1.02955 -0.10249996 0.058009859,
1.02955 -0.087499976 0.058009859,
1.02955 -0.070500016 0.058009859,
1.02955 -0.055499971 0.058009859,
1.02955 -0.038500011 0.058009859,
1.02955 -0.023499966 0.058009859,
1.02955 -0.0065000057 0.058009859,
1.02955 0.0085000396 0.058009859,
1.02955 0.0255 0.058009859,
1.02955 0.040499985 0.058009859,
1.02955 0.057500005 0.058009859,
1.02955 0.07249999 0.058009859,
1.02955 0.08950001 0.058009859,
1.02955 0.1045 0.058009859,
1.02955 0.12150002 0.058009859,
1.02955 0.1365 0.058009859,
1.02955 0.15350002 0.058009859,
1.02955 0.16850001 0.058009859,
1.02955 0.18550003 0.058009859,
1.02955 0.20050001 0.058009859,
1.02955 0.21750003 0.058009859,
1.02955 0.23250002 0.058009859,
1.02955 0.24950004 0.058009859,
1.02955 0.26450002 0.058009859,
1.02955 0.28150004 0.058009859,
1.02955 0.29650003 0.058009859,
1.02955 0.31349999 0.058009859,
1.02955 0.32849997 0.058009859,
1.02955 0.34550005 0.058009859,
1.02955 0.36050004 0.058009859,
1.02955 0.3775 0.058009859,
1.02955 0.39249998 0.058009859,
1.02955 0.40950006 0.058009859,
1.02955 0.42450005 0.058009859,
1.02955 0.44150001 0.058009859,
1.02955 0.45649999 0.058009859,
1.02955 0.47349995 0.058009859,
1.02955 0.48850006 0.058009859,
1.02955 0.50550002 0.058009859,
1.02955 0.5205 0.058009859,
1.02955 0.53749996 0.058009859,
1.02955 0.55250007 0.058009859,
1.02955 0.56950003 0.058009859,
1.02955 0.58450001 0.058009859,
1.02955 0.60149997 0.058009859,
1.02955 0.61649996 0.058009859,
1.02955 0.63350004 0.058009859,
1.02955 0.64850003 0.058009859,
1.02955 0.66549999 0.058009859,
1.02955 0.68049997 0.058009859,
1.02955 0.69750005 0.058009859,
1.02955 -0.69550002 0.056009863,
1.02955 -0.6785 0.056009863,
1.02955 -0.66350001 0.056009863,
1.02955 -0.64649999 0.056009863,
1.02955 -0.63150001 0.056009863,
1.02955 -0.61449999 0.056009863,
1.02955 -0.5995 0.056009863,
1.02955 -0.58249998 0.056009863,
1.02955 -0.5675 0.056009863,
1.02955 -0.55049998 0.056009863,
1.02955 -0.53549999 0.056009863,
1.02955 -0.51849997 0.056009863,
1.02955 -0.50349998 0.056009863,
1.02955 -0.48649999 0.056009863,
1.02955 -0.47149998 0.056009863,
1.02955 -0.45449999 0.056009863,
1.02955 -0.43949997 0.056009863,
1.02955 -0.42249998 0.056009863,
1.02955 -0.4075 0.056009863,
1.02955 -0.39049998 0.056009863,
1.02955 -0.37549999 0.056009863,
1.02955 -0.35849997 0.056009863,
1.02955 -0.34349999 0.056009863,
1.02955 -0.3265 0.056009863,
1.02955 -0.31149998 0.056009863,
1.02955 -0.29449999 0.056009863,
1.02955 -0.27949998 0.056009863,
1.02955 -0.26249999 0.056009863,
1.02955 -0.2475 0.056009863,
1.02955 -0.23049998 0.056009863,
1.02955 -0.2155 0.056009863,
1.02955 -0.19849998 0.056009863,
1.02955 -0.18349999 0.056009863,
1.02955 -0.16649997 0.056009863,
1.02955 -0.15149999 0.056009863,
1.02955 -0.13449997 0.056009863,
1.02955 -0.11949998 0.056009863,
1.02955 -0.10249996 0.056009863,
1.02955 -0.087499976 0.056009863,
1.02955 -0.070500016 0.056009863,
1.02955 -0.055499971 0.056009863,
1.02955 -0.038500011 0.056009863,
1.02955 -0.023499966 0.056009863,
1.02955 -0.0065000057 0.056009863,
1.02955 0.0085000396 0.056009863,
1.02955 0.0255 0.056009863,
1.02955 0.040499985 0.056009863,
1.02955 0.057500005 0.056009863,
1.02955 0.07249999 0.056009863,
1.02955 0.08950001 0.056009863,
1.02955 0.1045 0.056009863,
1.02955 0.12150002 0.056009863,
1.02955 0.1365 0.056009863,
1.02955 0.15350002 0.056009863,
1.02955 0.16850001 0.056009863,
1.02955 0.18550003 0.056009863,
1.02955 0.20050001 0.056009863,
1.02955 0.21750003 0.056009863,
1.02955 0.23250002 0.056009863,
1.02955 0.24950004 0.056009863,
1.02955 0.26450002 0.056009863,
1.02955 0.28150004 0.056009863,
1.02955 0.29650003 0.056009863,
1.02955 0.31349999 0.056009863,
1.02955 0.32849997 0.056009863,
1.02955 0.34550005 0.056009863,
1.02955 0.36050004 0.056009863,
1.02955 0.3775 0.056009863,
1.02955 0.39249998 0.056009863,
1.02955 0.40950006 0.056009863,
1.02955 0.42450005 0.056009863,
1.02955 0.44150001 0.056009863,
1.02955 0.45649999 0.056009863,
1.02955 0.47349995 0.056009863,
1.02955 0.48850006 0.056009863,
1.02955 0.50550002 0.056009863,
1.02955 0.5205 0.056009863,
1.02955 0.53749996 0.056009863,
1.02955 0.55250007 0.056009863,
1.02955 0.56950003 0.056009863,
1.02955 0.58450001 0.056009863,
1.02955 0.60149997 0.056009863,
1.02955 0.61649996 0.056009863,
1.02955 0.63350004 0.056009863,
1.02955 0.64850003 0.056009863,
1.02955 0.66549999 0.056009863,
1.02955 0.68049997 0.056009863,
1.02955 0.69750005 0.056009863,
1.03105 -0.69699997 0.058009859,
1.03105 -0.67699999 0.058009859,
1.03105 -0.66499996 0.058009859,
1.03105 -0.64499998 0.058009859,
1.03105 -0.63300002 0.058009859,
1.03105 -0.61299998 0.058009859,
1.03105 -0.60100001 0.058009859,
1.03105 -0.58099997 0.058009859,
1.03105 -0.56900001 0.058009859,
1.03105 -0.54900002 0.058009859,
1.03105 -0.537 0.058009859,
1.03105 -0.51699996 0.058009859,
1.03105 -0.505 0.058009859,
1.03105 -0.48499998 0.058009859,
1.03105 -0.47299999 0.058009859,
1.03105 -0.45300001 0.058009859,
1.03105 -0.44099998 0.058009859,
1.03105 -0.42099997 0.058009859,
1.03105 -0.40899998 0.058009859,
1.03105 -0.389 0.058009859,
1.03105 -0.37699997 0.058009859,
1.03105 -0.35699999 0.058009859,
1.03105 -0.345 0.058009859,
1.03105 -0.32499999 0.058009859,
1.03105 -0.31299999 0.058009859,
1.03105 -0.29299998 0.058009859,
1.03105 -0.28099999 0.058009859,
1.03105 -0.26099998 0.058009859,
1.03105 -0.24899998 0.058009859,
1.03105 -0.229 0.058009859,
1.03105 -0.21699998 0.058009859,
1.03105 -0.19699997 0.058009859,
1.03105 -0.185 0.058009859,
1.03105 -0.16499996 0.058009859,
1.03105 -0.153 0.058009859,
1.03105 -0.13300002 0.058009859,
1.03105 -0.12099999 0.058009859,
1.03105 -0.10100001 0.058009859,
1.03105 -0.088999987 0.058009859,
1.03105 -0.069000006 0.058009859,
1.03105 -0.056999981 0.058009859,
1.03105 -0.037 0.058009859,
1.03105 -0.024999976 0.058009859,
1.03105 -0.0049999952 0.058009859,
1.03105 0.0070000291 0.058009859,
1.03105 0.02700001 0.058009859,
1.03105 0.039000034 0.058009859,
1.03105 0.059000015 0.058009859,
1.03105 0.07100004 0.058009859,
1.03105 0.091000021 0.058009859,
1.03105 0.10299999 0.058009859,
1.03105 0.12300003 0.058009859,
1.03105 0.13499999 0.058009859,
1.03105 0.15500003 0.058009859,
1.03105 0.167 0.058009859,
1.03105 0.18700004 0.058009859,
1.03105 0.199 0.058009859,
1.03105 0.21900004 0.058009859,
1.03105 0.23100001 0.058009859,
1.03105 0.25099999 0.058009859,
1.03105 0.26300001 0.058009859,
1.03105 0.28299999 0.058009859,
1.03105 0.29500002 0.058009859,
1.03105 0.315 0.058009859,
1.03105 0.32699996 0.058009859,
1.03105 0.34700006 0.058009859,
1.03105 0.35900003 0.058009859,
1.03105 0.37900001 0.058009859,
1.03105 0.39099997 0.058009859,
1.03105 0.41099995 0.058009859,
1.03105 0.42300004 0.058009859,
1.03105 0.44300002 0.058009859,
1.03105 0.45499998 0.058009859,
1.03105 0.47499996 0.058009859,
1.03105 0.48700005 0.058009859,
1.03105 0.50700003 0.058009859,
1.03105 0.51899999 0.058009859,
1.03105 0.53899997 0.058009859,
1.03105 0.55100006 0.058009859,
1.03105 0.57100004 0.058009859,
1.03105 0.583 0.058009859,
1.03105 0.60299999 0.058009859,
1.03105 0.61500007 0.058009859,
1.03105 0.63500005 0.058009859,
1.03105 0.64700001 0.058009859,
1.03105 0.667 0.058009859,
1.03105 0.67899996 0.058009859,
1.03105 0.69900006 0.058009859,
1.03105 -0.69699997 0.056009863,
1.03105 -0.67699999 0.056009863,
1.03105 -0.66499996 0.056009863,
1.03105 -0.64499998 0.056009863,
1.03105 -0.63300002 0.056009863,
1.03105 -0.61299998 0.056009863,
1.03105 -0.60100001 0.056009863,
1.03105 -0.58099997 0.056009863,
1.03105 -0.56900001 0.056009863,
1.03105 -0.54900002 0.056009863,
1.03105 -0.537 0.056009863,
1.03105 -0.51699996 0.056009863,
1.03105 -0.505 0.056009863,
1.03105 -0.48499998 0.056009863,
1.03105 -0.47299999 0.056009863,
1.03105 -0.45300001 0.056009863,
1.03105 -0.44099998 0.056009863,
1.03105 -0.42099997 0.056009863,
1.03105 -0.40899998 0.056009863,
1.03105 -0.389 0.056009863,
1.03105 -0.37699997 0.056009863,
1.03105 -0.35699999 0.056009863,
1.03105 -0.345 0.056009863,
1.03105 -0.32499999 0.056009863,
1.03105 -0.31299999 0.056009863,
1.03105 -0.29299998 0.056009863,
1.03105 -0.28099999 0.056009863,
1.03105 -0.26099998 0.056009863,
1.03105 -0.24899998 0.056009863,
1.03105 -0.229 0.056009863,
1.03105 -0.21699998 0.056009863,
1.03105 -0.19699997 0.056009863,
1.03105 -0.185 0.056009863,
1.03105 -0.16499996 0.056009863,
1.03105 -0.153 0.056009863,
1.03105 -0.13300002 0.056009863,
1.03105 -0.12099999 0.056009863,
1.03105 -0.10100001 0.056009863,
1.03105 -0.088999987 0.056009863,
1.03105 -0.069000006 0.056009863,
1.03105 -0.056999981 0.056009863,
1.03105 -0.037 0.056009863,
1.03105 -0.024999976 0.056009863,
1.03105 -0.0049999952 0.056009863,
1.03105 0.0070000291 0.056009863,
1.03105 0.02700001 0.056009863,
1.03105 0.039000034 0.056009863,
1.03105 0.059000015 0.056009863,
1.03105 0.07100004 0.056009863,
1.03105 0.091000021 0.056009863,
1.03105 0.10299999 0.056009863,
1.03105 0.12300003 0.056009863,
1.03105 0.13499999 0.056009863,
1.03105 0.15500003 0.056009863,
1.03105 0.167 0.056009863,
1.03105 0.18700004 0.056009863,
1.03105 0.199 0.056009863,
1.03105 0.21900004 0.056009863,
1.03105 0.23100001 0.056009863,
1.03105 0.25099999 0.056009863,
1.03105 0.26300001 0.056009863,
1.03105 0.28299999 0.056009863,
1.03105 0.29500002 0.056009863,
1.03105 0.315 0.056009863,
1.03105 0.32699996 0.056009863,
1.03105 0.34700006 0.056009863,
1.03105 0.35900003 0.056009863,
1.03105 0.37900001 0.056009863,
1.03105 0.39099997 0.056009863,
1.03105 0.41099995 0.056009863,
1.03105 0.42300004 0.056009863,
1.03105 0.44300002 0.056009863,
1.03105 0.45499998 0.056009863,
1.03105 0.47499996 0.056009863,
1.03105 0.48700005 0.056009863,
1.03105 0.50700003 0.056009863,
1.03105 0.51899999 0.056009863,
1.03105 0.53899997 0.056009863,
1.03105 0.55100006 0.056009863,
1.03105 0.57100004 0.056009863,
1.03105 0.583 0.056009863,
1.03105 0.60299999 0.056009863,
1.03105 0.61500007 0.056009863,
1.03105 0.63500005 0.056009863,
1.03105 0.64700001 0.056009863,
1.03105 0.667 0.056009863,
1.03105 0.67899996 0.056009863,
1.03105 0.69900006 0.056009863,
1.03255 -0.69550002 0.058009859,
1.03255 -0.6785 0.058009859,
1.03255 -0.66350001 0.058009859,
1.03255 -0.64649999 0.058009859,
1.03255 -0.63150001 0.058009859,
1.03255 -0.61449999 0.058009859,
1.03255 -0.5995 0.058009859,
1.03255 -0.58249998 0.058009859,
1.03255 -0.5675 0.058009859,
1.03255 -0.55049998 0.058009859,
1.03255 -0.53549999 0.058009859,
1.03255 -0.51849997 0.058009859,
1.03255 -0.50349998 0.058009859,
1.03255 -0.48649999 0.058009859,
1.03255 -0.47149998 0.058009859,
1.03255 -0.45449999 0.058009859,
1.03255 -0.43949997 0.058009859,
1.03255 -0.42249998 0.058009859,
1.03255 -0.4075 0.058009859,
1.03255 -0.39049998 0.058009859,
1.03255 -0.37549999 0.058009859,
1.03255 -0.35849997 0.058009859,
1.03255 -0.34349999 0.058009859,
1.03255 -0.3265 0.058009859,
1.03255 -0.31149998 0.058009859,
1.03255 -0.29449999 0.058009859,
1.03255 -0.27949998 0.058009859,
1.03255 -0.26249999 0.058009859,
1.03255 -0.2475 0.058009859,
1.03255 -0.23049998 0.058009859,
1.03255 -0.2155 0.058009859,
1.03255 -0.19849998 0.058009859,
1.03255 -0.18349999 0.058009859,
1.03255 -0.16649997 0.058009859,
1.03255 -0.15149999 0.058009859,
1.03255 -0.13449997 0.058009859,
1.03255 -0.11949998 0.058009859,
1.03255 -0.10249996 0.058009859,
1.03255 -0.087499976 0.058009859,
1.03255 -0.070500016 0.058009859,
1.03255 -0.055499971 0.058009859,
1.03255 -0.038500011 0.058009859,
1.03255 -0.023499966 0.058009859,
1.03255 -0.0065000057 0.058009859,
1.03255 0.0085000396 0.058009859,
1.03255 0.0255 0.058009859,
1.03255 0.040499985 0.058009859,
1.03255 0.057500005 0.058009859,
1.03255 0.07249999 0.058009859,
1.03255 0.08950001 0.058009859,
1.03255 0.1045 0.058009859,
1.03255 0.12150002 0.058009859,
1.03255 0.1365 0.058009859,
1.03255 0.15350002 0.058009859,
1.03255 0.16850001 0.058009859,
1.03255 0.18550003 0.058009859,
1.03255 0.20050001 0.058009859,
1.03255 0.21750003 0.058009859,
1.03255 0.23250002 0.058009859,
1.03255 0.24950004 0.058009859,
1.03255 0.26450002 0.058009859,
1.03255 0.28150004 0.058009859,
1.03255 0.29650003 0.058009859,
1.03255 0.31349999 0.058009859,
1.03255 0.32849997 0.058009859,
1.03255 0.34550005 0.058009859,
1.03255 0.36050004 0.058009859,
1.03255 0.3775 0.058009859,
1.03255 0.39249998 0.058009859,
1.03255 0.40950006 0.058009859,
1.03255 0.42450005 0.058009859,
1.03255 0.44150001 0.058009859,
1.03255 0.45649999 0.058009859,
1.03255 0.47349995 0.058009859,
1.03255 0.48850006 0.058009859,
1.03255 0.50550002 0.058009859,
1.03255 0.5205 0.058009859,
1.03255 0.53749996 0.058009859,
1.03255 0.55250007 0.058009859,
1.03255 0.56950003 0.058009859,
1.03255 0.58450001 0.058009859,
1.03255 0.60149997 0.058009859,
1.03255 0.61649996 0.058009859,
1.03255 0.63350004 0.058009859,
1.03255 0.64850003 0.058009859,
1.03255 0.66549999 0.058009859,
1.03255 0.68049997 0.058009859,
1.03255 0.69750005 0.058009859,
1.03255 -0.69550002 0.056009863,
1.03255 -0.6785 0.056009863,
1.03255 -0.66350001 0.056009863,
1.03255 -0.64649999 0.056009863,
1.03255 -0.63150001 0.056009863,
1.03255 -0.61449999 0.056009863,
1.03255 -0.5995 0.056009863,
1.03255 -0.58249998 0.056009863,
1.03255 -0.5675 0.056009863,
1.03255 -0.55049998 0.056009863,
1.03255 -0.53549999 0.056009863,
1.03255 -0.51849997 0.056009863,
1.03255 -0.50349998 0.056009863,
1.03255 -0.48649999 0.056009863,
1.03255 -0.47149998 0.056009863,
1.03255 -0.45449999 0.056009863,
1.03255 -0.43949997 0.056009863,
1.03255 -0.42249998 0.056009863,
1.03255 -0.4075 0.056009863,
1.03255 -0.39049998 0.056009863,
1.03255 -0.37549999 0.056009863,
1.03255 -0.35849997 0.056009863,
1.03255 -0.34349999 0.056009863,
1.03255 -0.3265 0.056009863,
1.03255 -0.31149998 0.056009863,
1.03255 -0.29449999 0.056009863,
1.03255 -0.27949998 0.056009863,
1.03255 -0.26249999 0.056009863,
1.03255 -0.2475 0.056009863,
1.03255 -0.23049998 0.056009863,
1.03255 -0.2155 0.056009863,
1.03255 -0.19849998 0.056009863,
1.03255 -0.18349999 0.056009863,
1.03255 -0.16649997 0.056009863,
1.03255 -0.15149999 0.056009863,
1.03255 -0.13449997 0.056009863,
1.03255 -0.11949998 0.056009863,
1.03255 -0.10249996 0.056009863,
1.03255 -0.087499976 0.056009863,
1.03255 -0.070500016 0.056009863,
1.03255 -0.055499971 0.056009863,
1.03255 -0.038500011 0.056009863,
1.03255 -0.023499966 0.056009863,
1.03255 -0.0065000057 0.056009863,
1.03255 0.0085000396 0.056009863,
1.03255 0.0255 0.056009863,
1.03255 0.040499985 0.056009863,
1.03255 0.057500005 0.056009863,
1.03255 0.07249999 0.056009863,
1.03255 0.08950001 0.056009863,
1.03255 0.1045 0.056009863,
1.03255 0.12150002 0.056009863,
1.03255 0.1365 0.056009863,
1.03255 0.15350002 0.056009863,
1.03255 0.16850001 0.056009863,
1.03255 0.18550003 0.056009863,
1.03255 0.20050001 0.056009863,
1.03255 0.21750003 0.056009863,
1.03255 0.23250002 0.056009863,
1.03255 0.24950004 0.056009863,
1.03255 0.26450002 0.056009863,
1.03255 0.28150004 0.056009863,
1.03255 0.29650003 0.056009863,
1.03255 0.31349999 0.056009863,
1.03255 0.32849997 0.056009863,
1.03255 0.34550005 0.056009863,
1.03255 0.36050004 0.056009863,
1.03255 0.3775 0.056009863,
1.03255 0.39249998 0.056009863,
1.03255 0.40950006 0.056009863,
1.03255 0.42450005 0.056009863,
1.03255 0.44150001 0.056009863,
1.03255 0.45649999 0.056009863,
1.03255 0.47349995 0.056009863,
1.03255 0.48850006 0.056009863,
1.03255 0.50550002 0.056009863,
1.03255 0.5205 0.056009863,
1.03255 0.53749996 0.056009863,
1.03255 0.55250007 0.056009863,
1.03255 0.56950003 0.056009863,
1.03255 0.58450001 0.056009863,
1.03255 0.60149997 0.056009863,
1.03255 0.61649996 0.056009863,
1.03255 0.63350004 0.056009863,
1.03255 0.64850003 0.056009863,
1.03255 0.66549999 0.056009863,
1.03255 0.68049997 0.056009863,
1.03255 0.69750005 0.056009863,
1.0370499 -0.69999999 0.058009859,
1.0370499 -0.69849998 0.058009859,
1.0370499 -0.671 0.058009859,
1.0370499 -0.639 0.058009859,
1.0370499 -0.60699999 0.058009859,
1.0370499 -0.54299998 0.058009859,
1.0370499 -0.51099998 0.058009859,
1.0370499 -0.47899997 0.058009859,
1.0370499 -0.447 0.058009859,
1.0370499 -0.41499999 0.058009859,
1.0370499 -0.35099998 0.058009859,
1.0370499 -0.31899998 0.058009859,
1.0370499 -0.287 0.058009859,
1.0370499 -0.255 0.058009859,
1.0370499 -0.19099998 0.058009859,
1.0370499 -0.15899998 0.058009859,
1.0370499 -0.12699997 0.058009859,
1.0370499 -0.094999969 0.058009859,
1.0370499 0.00099998713 0.058009859,
1.0370499 0.032999992 0.058009859,
1.0370499 0.064999998 0.058009859,
1.0370499 0.097000003 0.058009859,
1.0370499 0.16100001 0.058009859,
1.0370499 0.19300002 0.058009859,
1.0370499 0.22500002 0.058009859,
1.0370499 0.25700003 0.058009859,
1.0370499 0.28900003 0.058009859,
1.0370499 0.35299999 0.058009859,
1.0370499 0.38500005 0.058009859,
1.0370499 0.417 0.058009859,
1.0370499 0.44900006 0.058009859,
1.0370499 0.51300007 0.058009859,
1.0370499 0.54500002 0.058009859,
1.0370499 0.57699996 0.058009859,
1.0370499 0.60900003 0.058009859,
1.0370499 0.64099997 0.058009859,
1.0370499 0.69999999 0.058009859,
1.0370499 -0.69999999 0.056009863,
1.0370499 -0.69849998 0.056009863,
1.0370499 -0.671 0.056009863,
1.0370499 -0.639 0.056009863,
1.0370499 -0.60699999 0.056009863,
1.0370499 -0.54299998 0.056009863,
1.0370499 -0.51099998 0.056009863,
1.0370499 -0.47899997 0.056009863,
1.0370499 -0.447 0.056009863,
1.0370499 -0.41499999 0.056009863,
1.0370499 -0.35099998 0.056009863,
1.0370499 -0.31899998 0.056009863,
1.0370499 -0.287 0.056009863,
1.0370499 -0.255 0.056009863,
1.0370499 -0.19099998 0.056009863,
1.0370499 -0.15899998 0.056009863,
1.0370499 -0.12699997 0.056009863,
1.0370499 -0.094999969 0.056009863,
1.0370499 0.00099998713 0.056009863,
1.0370499 0.032999992 0.056009863,
1.0370499 0.064999998 0.056009863,
1.0370499 0.097000003 0.056009863,
1.0370499 0.16100001 0.056009863,
1.0370499 0.19300002 0.056009863,
1.0370499 0.22500002 0.056009863,
1.0370499 0.25700003 0.056009863,
1.0370499 0.28900003 0.056009863,
1.0370499 0.35299999 0.056009863,
1.0370499 0.38500005 0.056009863,
1.0370499 0.417 0.056009863,
1.0370499 0.44900006 0.056009863,
1.0370499 0.51300007 0.056009863,
1.0370499 0.54500002 0.056009863,
1.0370499 0.57699996 0.056009863,
1.0370499 0.60900003 0.056009863,
1.0370499 0.64099997 0.056009863,
1.0370499 0.69999999 0.056009863,
1.0415499 -0.69550002 0.058009859,
1.0415499 -0.6785 0.058009859,
1.0415499 -0.66350001 0.058009859,
1.0415499 -0.64649999 0.058009859,
1.0415499 -0.63150001 0.058009859,
1.0415499 -0.61449999 0.058009859,
1.0415499 -0.5995 0.058009859,
1.0415499 -0.58249998 0.058009859,
1.0415499 -0.5675 0.058009859,
1.0415499 -0.55049998 0.058009859,
1.0415499 -0.53549999 0.058009859,
1.0415499 -0.51849997 0.058009859,
1.0415499 -0.50349998 0.058009859,
1.0415499 -0.48649999 0.058009859,
1.0415499 -0.47149998 0.058009859,
1.0415499 -0.45449999 0.058009859,
1.0415499 -0.43949997 0.058009859,
1.0415499 -0.42249998 0.058009859,
1.0415499 -0.4075 0.058009859,
1.0415499 -0.39049998 0.058009859,
1.0415499 -0.37549999 0.058009859,
1.0415499 -0.35849997 0.058009859,
1.0415499 -0.34349999 0.058009859,
1.0415499 -0.3265 0.058009859,
1.0415499 -0.31149998 0.058009859,
1.0415499 -0.29449999 0.058009859,
1.0415499 -0.27949998 0.058009859,
1.0415499 -0.26249999 0.058009859,
1.0415499 -0.2475 0.058009859,
1.0415499 -0.23049998 0.058009859,
1.0415499 -0.2155 0.058009859,
1.0415499 -0.19849998 0.058009859,
1.0415499 -0.18349999 0.058009859,
1.0415499 -0.16649997 0.058009859,
1.0415499 -0.15149999 0.058009859,
1.0415499 -0.13449997 0.058009859,
1.0415499 -0.11949998 0.058009859,
1.0415499 -0.10249996 0.058009859,
1.0415499 -0.087499976 0.058009859,
1.0415499 -0.070500016 0.058009859,
1.0415499 -0.055499971 0.058009859,
1.0415499 -0.038500011 0.058009859,
1.0415499 -0.023499966 0.058009859,
1.0415499 -0.0065000057 0.058009859,
1.0415499 0.0085000396 0.058009859,
1.0415499 0.0255 0.058009859,
1.0415499 0.040499985 0.058009859,
1.0415499 0.057500005 0.058009859,
1.0415499 0.07249999 0.058009859,
1.0415499 0.08950001 0.058009859,
1.0415499 0.1045 0.058009859,
1.0415499 0.12150002 0.058009859,
1.0415499 0.1365 0.058009859,
1.0415499 0.15350002 0.058009859,
1.0415499 0.16850001 0.058009859,
1.0415499 0.18550003 0.058009859,
1.0415499 0.20050001 0.058009859,
1.0415499 0.21750003 0.058009859,
1.0415499 0.23250002 0.058009859,
1.0415499 0.24950004 0.058009859,
1.0415499 0.26450002 0.058009859,
1.0415499 0.28150004 0.058009859,
1.0415499 0.29650003 0.058009859,
1.0415499 0.31349999 0.058009859,
1.0415499 0.32849997 0.058009859,
1.0415499 0.34550005 0.058009859,
1.0415499 0.36050004 0.058009859,
1.0415499 0.3775 0.058009859,
1.0415499 0.39249998 0.058009859,
1.0415499 0.40950006 0.058009859,
1.0415499 0.42450005 0.058009859,
1.0415499 0.44150001 0.058009859,
1.0415499 0.45649999 0.058009859,
1.0415499 0.47349995 0.058009859,
1.0415499 0.48850006 0.058009859,
1.0415499 0.50550002 0.058009859,
1.0415499 0.5205 0.058009859,
1.0415499 0.53749996 0.058009859,
1.0415499 0.55250007 0.058009859,
1.0415499 0.56950003 0.058009859,
1.0415499 0.58450001 0.058009859,
1.0415499 0.60149997 0.058009859,
1.0415499 0.61649996 0.058009859,
1.0415499 0.63350004 0.058009859,
1.0415499 0.64850003 0.058009859,
1.0415499 0.66549999 0.058009859,
1.0415499 0.68049997 0.058009859,
1.0415499 0.69750005 0.058009859,
1.0415499 -0.69550002 0.056009863,
1.0415499 -0.6785 0.056009863,
1.0415499 -0.66350001 0.056009863,
1.0415499 -0.64649999 0.056009863,
1.0415499 -0.63150001 0.056009863,
1.0415499 -0.61449999 0.056009863,
1.0415499 -0.5995 0.056009863,
1.0415499 -0.58249998 0.056009863,
1.0415499 -0.5675 0.056009863,
1.0415499 -0.55049998 0.056009863,
1.0415499 -0.53549999 0.056009863,
1.0415499 -0.51849997 0.056009863,
1.0415499 -0.50349998 0.056009863,
1.0415499 -0.48649999 0.056009863,
1.0415499 -0.47149998 0.056009863,
1.0415499 -0.45449999 0.056009863,
1.0415499 -0.43949997 0.056009863,
1.0415499 -0.42249998 0.056009863,
1.0415499 -0.4075 0.056009863,
1.0415499 -0.39049998 0.056009863,
1.0415499 -0.37549999 0.056009863,
1.0415499 -0.35849997 0.056009863,
1.0415499 -0.34349999 0.056009863,
1.0415499 -0.3265 0.056009863,
1.0415499 -0.31149998 0.056009863,
1.0415499 -0.29449999 0.056009863,
1.0415499 -0.27949998 0.056009863,
1.0415499 -0.26249999 0.056009863,
1.0415499 -0.2475 0.056009863,
1.0415499 -0.23049998 0.056009863,
1.0415499 -0.2155 0.056009863,
1.0415499 -0.19849998 0.056009863,
1.0415499 -0.18349999 0.056009863,
1.0415499 -0.16649997 0.056009863,
1.0415499 -0.15149999 0.056009863,
1.0415499 -0.13449997 0.056009863,
1.0415499 -0.11949998 0.056009863,
1.0415499 -0.10249996 0.056009863,
1.0415499 -0.087499976 0.056009863,
1.0415499 -0.070500016 0.056009863,
1.0415499 -0.055499971 0.056009863,
1.0415499 -0.038500011 0.056009863,
1.0415499 -0.023499966 0.056009863,
1.0415499 -0.0065000057 0.056009863,
1.0415499 0.0085000396 0.056009863,
1.0415499 0.0255 0.056009863,
1.0415499 0.040499985 0.056009863,
1.0415499 0.057500005 0.056009863,
1.0415499 0.07249999 0.056009863,
1.0415499 0.08950001 0.056009863,
1.0415499 0.1045 0.056009863,
1.0415499 0.12150002 0.056009863,
1.0415499 0.1365 0.056009863,
1.0415499 0.15350002 0.056009863,
1.0415499 0.16850001 0.056009863,
1.0415499 0.18550003 0.056009863,
1.0415499 0.20050001 0.056009863,
1.0415499 0.21750003 0.056009863,
1.0415499 0.23250002 0.056009863,
1.0415499 0.24950004 0.056009863,
1.0415499 0.26450002 0.056009863,
1.0415499 0.28150004 0.056009863,
1.0415499 0.29650003 0.056009863,
1.0415499 0.31349999 0.056009863,
1.0415499 0.32849997 0.056009863,
1.0415499 0.34550005 0.056009863,
1.0415499 0.36050004 0.056009863,
1.0415499 0.3775 0.056009863,
1.0415499 0.39249998 0.056009863,
1.0415499 0.40950006 0.056009863,
1.0415499 0.42450005 0.056009863,
1.0415499 0.44150001 0.056009863,
1.0415499 0.45649999 0.056009863,
1.0415499 0.47349995 0.056009863,
1.0415499 0.48850006 0.056009863,
1.0415499 0.50550002 0.056009863,
1.0415499 0.5205 0.056009863,
1.0415499 0.53749996 0.056009863,
1.0415499 0.55250007 0.056009863,
1.0415499 0.56950003 0.056009863,
1.0415499 0.58450001 0.056009863,
1.0415499 0.60149997 0.056009863,
1.0415499 0.61649996 0.056009863,
1.0415499 0.63350004 0.056009863,
1.0415499 0.64850003 0.056009863,
1.0415499 0.66549999 0.056009863,
1.0415499 0.68049997 0.056009863,
1.0415499 0.69750005 0.056009863,
1.0430499 -0.69699997 0.058009859,
1.0430499 -0.67699999 0.058009859,
1.0430499 -0.66499996 0.058009859,
1.0430499 -0.64499998 0.058009859,
1.0430499 -0.63300002 0.058009859,
1.0430499 -0.61299998 0.058009859,
1.0430499 -0.60100001 0.058009859,
1.0430499 -0.58099997 0.058009859,
1.0430499 -0.56900001 0.058009859,
1.0430499 -0.54900002 0.058009859,
1.0430499 -0.537 0.058009859,
1.0430499 -0.51699996 0.058009859,
1.0430499 -0.505 0.058009859,
1.0430499 -0.48499998 0.058009859,
1.0430499 -0.47299999 0.058009859,
1.0430499 -0.45300001 0.058009859,
1.0430499 -0.44099998 0.058009859,
1.0430499 -0.42099997 0.058009859,
1.0430499 -0.40899998 0.058009859,
1.0430499 -0.389 0.058009859,
1.0430499 -0.37699997 0.058009859,
1.0430499 -0.35699999 0.058009859,
1.0430499 -0.345 0.058009859,
1.0430499 -0.32499999 0.058009859,
1.0430499 -0.31299999 0.058009859,
1.0430499 -0.29299998 0.058009859,
1.0430499 -0.28099999 0.058009859,
1.0430499 -0.26099998 0.058009859,
1.0430499 -0.24899998 0.058009859,
1.0430499 -0.229 0.058009859,
1.0430499 -0.21699998 0.058009859,
1.0430499 -0.19699997 0.058009859,
1.0430499 -0.185 0.058009859,
1.0430499 -0.16499996 0.058009859,
1.0430499 -0.153 0.058009859,
1.0430499 -0.13300002 0.058009859,
1.0430499 -0.12099999 0.058009859,
1.0430499 -0.10100001 0.058009859,
1.0430499 -0.088999987 0.058009859,
1.0430499 -0.069000006 0.058009859,
1.0430499 -0.056999981 0.058009859,
1.0430499 -0.037 0.058009859,
1.0430499 -0.024999976 0.058009859,
1.0430499 -0.0049999952 0.058009859,
1.0430499 0.0070000291 0.058009859,
1.0430499 0.02700001 0.058009859,
1.0430499 0.039000034 0.058009859,
1.0430499 0.059000015 0.058009859,
1.0430499 0.07100004 0.058009859,
1.0430499 0.091000021 0.058009859,
1.0430499 0.10299999 0.058009859,
1.0430499 0.12300003 0.058009859,
1.0430499 0.13499999 0.058009859,
1.0430499 0.15500003 0.058009859,
1.0430499 0.167 0.058009859,
1.0430499 0.18700004 0.058009859,
1.0430499 0.199 0.058009859,
1.0430499 0.21900004 0.058009859,
1.0430499 0.23100001 0.058009859,
1.0430499 0.25099999 0.058009859,
1.0430499 0.26300001 0.058009859,
1.0430499 0.28299999 0.058009859,
1.0430499 0.29500002 0.058009859,
1.0430499 0.315 0.058009859,
1.0430499 0.32699996 0.058009859,
1.0430499 0.34700006 0.058009859,
1.0430499 0.35900003 0.058009859,
1.0430499 0.37900001 0.058009859,
1.0430499 0.39099997 0.058009859,
1.0430499 0.41099995 0.058009859,
1.0430499 0.42300004 0.058009859,
1.0430499 0.44300002 0.058009859,
1.0430499 0.45499998 0.058009859,
1.0430499 0.47499996 0.058009859,
1.0430499 0.48700005 0.058009859,
1.0430499 0.50700003 0.058009859,
1.0430499 0.51899999 0.058009859,
1.0430499 0.53899997 0.058009859,
1.0430499 0.55100006 0.058009859,
1.0430499 0.57100004 0.058009859,
1.0430499 0.583 0.058009859,
1.0430499 0.60299999 0.058009859,
1.0430499 0.61500007 0.058009859,
1.0430499 0.63500005 0.058009859,
1.0430499 0.64700001 0.058009859,
1.0430499 0.667 0.058009859,
1.0430499 0.67899996 0.058009859,
1.0430499 0.69900006 0.058009859,
1.0430499 -0.69699997 0.056009863,
1.0430499 -0.67699999 0.056009863,
1.0430499 -0.66499996 0.056009863,
1.0430499 -0.64499998 0.056009863,
1.0430499 -0.63300002 0.056009863,
1.0430499 -0.61299998 0.056009863,
1.0430499 -0.60100001 0.056009863,
1.0430499 -0.58099997 0.056009863,
1.0430499 -0.56900001 0.056009863,
1.0430499 -0.54900002 0.056009863,
1.0430499 -0.537 0.056009863,
1.0430499 -0.51699996 0.056009863,
1.0430499 -0.505 0.056009863,
1.0430499 -0.48499998 0.056009863,
1.0430499 -0.47299999 0.056009863,
1.0430499 -0.45300001 0.056009863,
1.0430499 -0.44099998 0.056009863,
1.0430499 -0.42099997 0.056009863,
1.0430499 -0.40899998 0.056009863,
1.0430499 -0.389 0.056009863,
1.0430499 -0.37699997 0.056009863,
1.0430499 -0.35699999 0.056009863,
1.0430499 -0.345 0.056009863,
1.0430499 -0.32499999 0.056009863,
1.0430499 -0.31299999 0.056009863,
1.0430499 -0.29299998 0.056009863,
1.0430499 -0.28099999 0.056009863,
1.0430499 -0.26099998 0.056009863,
1.0430499 -0.24899998 0.056009863,
1.0430499 -0.229 0.056009863,
1.0430499 -0.21699998 0.056009863,
1.0430499 -0.19699997 0.056009863,
1.0430499 -0.185 0.056009863,
1.0430499 -0.16499996 0.056009863,
1.0430499 -0.153 0.056009863,
1.0430499 -0.13300002 0.056009863,
1.0430499 -0.12099999 0.056009863,
1.0430499 -0.10100001 0.056009863,
1.0430499 -0.088999987 0.056009863,
1.0430499 -0.069000006 0.056009863,
1.0430499 -0.056999981 0.056009863,
1.0430499 -0.037 0.056009863,
1.0430499 -0.024999976 0.056009863,
1.0430499 -0.0049999952 0.056009863,
1.0430499 0.0070000291 0.056009863,
1.0430499 0.02700001 0.056009863,
1.0430499 0.039000034 0.056009863,
1.0430499 0.059000015 0.056009863,
1.0430499 0.07100004 0.056009863,
1.0430499 0.091000021 0.056009863,
1.0430499 0.10299999 0.056009863,
1.0430499 0.12300003 0.056009863,
1.0430499 0.13499999 0.056009863,
1.0430499 0.15500003 0.056009863,
1.0430499 0.167 0.056009863,
1.0430499 0.18700004 0.056009863,
1.0430499 0.199 0.056009863,
1.0430499 0.21900004 0.056009863,
1.0430499 0.23100001 0.056009863,
1.0430499 0.25099999 0.056009863,
1.0430499 0.26300001 0.056009863,
1.0430499 0.28299999 0.056009863,
1.0430499 0.29500002 0.056009863,
1.0430499 0.315 0.056009863,
1.0430499 0.32699996 0.056009863,
1.0430499 0.34700006 0.056009863,
1.0430499 0.35900003 0.056009863,
1.0430499 0.37900001 0.056009863,
1.0430499 0.39099997 0.056009863,
1.0430499 0.41099995 0.056009863,
1.0430499 0.42300004 0.056009863,
1.0430499 0.44300002 0.056009863,
1.0430499 0.45499998 0.056009863,
1.0430499 0.47499996 0.056009863,
1.0430499 0.48700005 0.056009863,
1.0430499 0.50700003 0.056009863,
1.0430499 0.51899999 0.056009863,
1.0430499 0.53899997 0.056009863,
1.0430499 0.55100006 0.056009863,
1.0430499 0.57100004 0.056009863,
1.0430499 0.583 0.056009863,
1.0430499 0.60299999 0.056009863,
1.0430499 0.61500007 0.056009863,
1.0430499 0.63500005 0.056009863,
1.0430499 0.64700001 0.056009863,
1.0430499 0.667 0.056009863,
1.0430499 0.67899996 0.056009863,
1.0430499 0.69900006 0.056009863,
1.0445499 -0.69550002 0.058009859,
1.0445499 -0.6785 0.058009859,
1.0445499 -0.66350001 0.058009859,
1.0445499 -0.64649999 0.058009859,
1.0445499 -0.63150001 0.058009859,
1.0445499 -0.61449999 0.058009859,
1.0445499 -0.5995 0.058009859,
1.0445499 -0.58249998 0.058009859,
1.0445499 -0.5675 0.058009859,
1.0445499 -0.55049998 0.058009859,
1.0445499 -0.53549999 0.058009859,
1.0445499 -0.51849997 0.058009859,
1.0445499 -0.50349998 0.058009859,
1.0445499 -0.48649999 0.058009859,
1.0445499 -0.47149998 0.058009859,
1.0445499 -0.45449999 0.058009859,
1.0445499 -0.43949997 0.058009859,
1.0445499 -0.42249998 0.058009859,
1.0445499 -0.4075 0.058009859,
1.0445499 -0.39049998 0.058009859,
1.0445499 -0.37549999 0.058009859,
1.0445499 -0.35849997 0.058009859,
1.0445499 -0.34349999 0.058009859,
1.0445499 -0.3265 0.058009859,
1.0445499 -0.31149998 0.058009859,
1.0445499 -0.29449999 0.058009859,
1.0445499 -0.27949998 0.058009859,
1.0445499 -0.26249999 0.058009859,
1.0445499 -0.2475 0.058009859,
1.0445499 -0.23049998 0.058009859,
1.0445499 -0.2155 0.058009859,
1.0445499 -0.19849998 0.058009859,
1.0445499 -0.18349999 0.058009859,
1.0445499 -0.16649997 0.058009859,
1.0445499 -0.15149999 0.058009859,
1.0445499 -0.13449997 0.058009859,
1.0445499 -0.11949998 0.058009859,
1.0445499 -0.10249996 0.058009859,
1.0445499 -0.087499976 0.058009859,
1.0445499 -0.070500016 0.058009859,
1.0445499 -0.055499971 0.058009859,
1.0445499 -0.038500011 0.058009859,
1.0445499 -0.023499966 0.058009859,
1.0445499 -0.0065000057 0.058009859,
1.0445499 0.0085000396 0.058009859,
1.0445499 0.0255 0.058009859,
1.0445499 0.040499985 0.058009859,
1.0445499 0.057500005 0.058009859,
1.0445499 0.07249999 0.058009859,
1.0445499 0.08950001 0.058009859,
1.0445499 0.1045 0.058009859,
1.0445499 0.12150002 0.058009859,
1.0445499 0.1365 0.058009859,
1.0445499 0.15350002 0.058009859,
1.0445499 0.16850001 0.058009859,
1.0445499 0.18550003 0.058009859,
1.0445499 0.20050001 0.058009859,
1.0445499 0.21750003 0.058009859,
1.0445499 0.23250002 0.058009859,
1.0445499 0.24950004 0.058009859,
1.0445499 0.26450002 0.058009859,
1.0445499 0.28150004 0.058009859,
1.0445499 0.29650003 0.058009859,
1.0445499 0.31349999 0.058009859,
1.0445499 0.32849997 0.058009859,
1.0445499 0.34550005 0.058009859,
1.0445499 0.36050004 0.058009859,
1.0445499 0.3775 0.058009859,
1.0445499 0.39249998 0.058009859,
1.0445499 0.40950006 0.058009859,
1.0445499 0.42450005 0.058009859,
1.0445499 0.44150001 0.058009859,
1.0445499 0.45649999 0.058009859,
1.0445499 0.47349995 0.058009859,
1.0445499 0.48850006 0.058009859,
1.0445499 0.50550002 0.058009859,
1.0445499 0.5205 0.058009859,
1.0445499 0.53749996 0.058009859,
1.0445499 0.55250007 0.058009859,
1.0445499 0.56950003 0.058009859,
1.0445499 0.58450001 0.058009859,
1.0445499 0.60149997 0.058009859,
1.0445499 0.61649996 0.058009859,
1.0445499 0.63350004 0.058009859,
1.0445499 0.64850003 0.058009859,
1.0445499 0.66549999 0.058009859,
1.0445499 0.68049997 0.058009859,
1.0445499 0.69750005 0.058009859,
1.0445499 -0.69550002 0.056009863,
1.0445499 -0.6785 0.056009863,
1.0445499 -0.66350001 0.056009863,
1.0445499 -0.64649999 0.056009863,
1.0445499 -0.63150001 0.056009863,
1.0445499 -0.61449999 0.056009863,
1.0445499 -0.5995 0.056009863,
1.0445499 -0.58249998 0.056009863,
1.0445499 -0.5675 0.056009863,
1.0445499 -0.55049998 0.056009863,
1.0445499 -0.53549999 0.056009863,
1.0445499 -0.51849997 0.056009863,
1.0445499 -0.50349998 0.056009863,
1.0445499 -0.48649999 0.056009863,
1.0445499 -0.47149998 0.056009863,
1.0445499 -0.45449999 0.056009863,
1.0445499 -0.43949997 0.056009863,
1.0445499 -0.42249998 0.056009863,
1.0445499 -0.4075 0.056009863,
1.0445499 -0.39049998 0.056009863,
1.0445499 -0.37549999 0.056009863,
1.0445499 -0.35849997 0.056009863,
1.0445499 -0.34349999 0.056009863,
1.0445499 -0.3265 0.056009863,
1.0445499 -0.31149998 0.056009863,
1.0445499 -0.29449999 0.056009863,
1.0445499 -0.27949998 0.056009863,
1.0445499 -0.26249999 0.056009863,
1.0445499 -0.2475 0.056009863,
1.0445499 -0.23049998 0.056009863,
1.0445499 -0.2155 0.056009863,
1.0445499 -0.19849998 0.056009863,
1.0445499 -0.18349999 0.056009863,
1.0445499 -0.16649997 0.056009863,
1.0445499 -0.15149999 0.056009863,
1.0445499 -0.13449997 0.056009863,
1.0445499 -0.11949998 0.056009863,
1.0445499 -0.10249996 0.056009863,
1.0445499 -0.087499976 0.056009863,
1.0445499 -0.070500016 0.056009863,
1.0445499 -0.055499971 0.056009863,
1.0445499 -0.038500011 0.056009863,
1.0445499 -0.023499966 0.056009863,
1.0445499 -0.0065000057 0.056009863,
1.0445499 0.0085000396 0.056009863,
1.0445499 0.0255 0.056009863,
1.0445499 0.040499985 0.056009863,
1.0445499 0.057500005 0.056009863,
1.0445499 0.07249999 0.056009863,
1.0445499 0.08950001 0.056009863,
1.0445499 0.1045 0.056009863,
1.0445499 0.12150002 0.056009863,
1.0445499 0.1365 0.056009863,
1.0445499 0.15350002 0.056009863,
1.0445499 0.16850001 0.056009863,
1.0445499 0.18550003 0.056009863,
1.0445499 0.20050001 0.056009863,
1.0445499 0.21750003 0.056009863,
1.0445499 0.23250002 0.056009863,
1.0445499 0.24950004 0.056009863,
1.0445499 0.26450002 0.056009863,
1.0445499 0.28150004 0.056009863,
1.0445499 0.29650003 0.056009863,
1.0445499 0.31349999 0.056009863,
1.0445499 0.32849997 0.056009863,
1.0445499 0.34550005 0.056009863,
1.0445499 0.36050004 0.056009863,
1.0445499 0.3775 0.056009863,
1.0445499 0.39249998 0.056009863,
1.0445499 0.40950006 0.056009863,
1.0445499 0.42450005 0.056009863,
1.0445499 0.44150001 0.056009863,
1.0445499 0.45649999 0.056009863,
1.0445499 0.47349995 0.056009863,
1.0445499 0.48850006 0.056009863,
1.0445499 0.50550002 0.056009863,
1.0445499 0.5205 0.056009863,
1.0445499 0.53749996 0.056009863,
1.0445499 0.55250007 0.056009863,
1.0445499 0.56950003 0.056009863,
1.0445499 0.58450001 0.056009863,
1.0445499 0.60149997 0.056009863,
1.0445499 0.61649996 0.056009863,
1.0445499 0.63350004 0.056009863,
1.0445499 0.64850003 0.056009863,
1.0445499 0.66549999 0.056009863,
1.0445499 0.68049997 0.056009863,
1.0445499 0.69750005 0.056009863,
1.04605 -0.69999999 0.056009863,
1.04605 -0.69849998 0.056009863,
1.04605 -0.671 0.056009863,
1.04605 -0.639 0.056009863,
1.04605 -0.60699999 0.056009863,
1.04605 -0.54299998 0.056009863,
1.04605 -0.51099998 0.056009863,
1.04605 -0.47899997 0.056009863,
1.04605 -0.447 0.056009863,
1.04605 -0.41499999 0.056009863,
1.04605 -0.35099998 0.056009863,
1.04605 -0.31899998 0.056009863,
1.04605 -0.287 0.056009863,
1.04605 -0.255 0.056009863,
1.04605 -0.19099998 0.056009863,
1.04605 -0.15899998 0.056009863,
1.04605 -0.12699997 0.056009863,
1.04605 -0.094999969 0.056009863,
1.04605 0.00099998713 0.056009863,
1.04605 0.032999992 0.056009863,
1.04605 0.064999998 0.056009863,
1.04605 0.097000003 0.056009863,
1.04605 0.16100001 0.056009863,
1.04605 0.19300002 0.056009863,
1.04605 0.22500002 0.056009863,
1.04605 0.25700003 0.056009863,
1.04605 0.28900003 0.056009863,
1.04605 0.35299999 0.056009863,
1.04605 0.38500005 0.056009863,
1.04605 0.417 0.056009863,
1.04605 0.44900006 0.056009863,
1.04605 0.51300007 0.056009863,
1.04605 0.54500002 0.056009863,
1.04605 0.57699996 0.056009863,
1.04605 0.60900003 0.056009863,
1.04605 0.64099997 0.056009863,
1.04605 0.69999999 0.056009863,
1.04755 -0.69999999 0.058009859,
1.04755 -0.69849998 0.058009859,
1.04755 -0.671 0.058009859,
1.04755 -0.639 0.058009859,
1.04755 -0.60699999 0.058009859,
1.04755 -0.54299998 0.058009859,
1.04755 -0.51099998 0.058009859,
1.04755 -0.47899997 0.058009859,
1.04755 -0.447 0.058009859,
1.04755 -0.41499999 0.058009859,
1.04755 -0.35099998 0.058009859,
1.04755 -0.31899998 0.058009859,
1.04755 -0.287 0.058009859,
1.04755 -0.255 0.058009859,
1.04755 -0.19099998 0.058009859,
1.04755 -0.15899998 0.058009859,
1.04755 -0.12699997 0.058009859,
1.04755 -0.094999969 0.058009859,
1.04755 0.00099998713 0.058009859,
1.04755 0.032999992 0.058009859,
1.04755 0.064999998 0.058009859,
1.04755 0.097000003 0.058009859,
1.04755 0.16100001 0.058009859,
1.04755 0.19300002 0.058009859,
1.04755 0.22500002 0.058009859,
1.04755 0.25700003 0.058009859,
1.04755 0.28900003 0.058009859,
1.04755 0.35299999 0.058009859,
1.04755 0.38500005 0.058009859,
1.04755 0.417 0.058009859,
1.04755 0.44900006 0.058009859,
1.04755 0.51300007 0.058009859,
1.04755 0.54500002 0.058009859,
1.04755 0.57699996 0.058009859,
1.04755 0.60900003 0.058009859,
1.04755 0.64099997 0.058009859,
1.04755 0.69999999 0.058009859,
1.04755 -0.69999999 0.056009863,
1.04755 -0.69849998 0.056009863,
1.04755 -0.671 0.056009863,
1.04755 -0.639 0.056009863,
1.04755 -0.60699999 0.056009863,
1.04755 -0.54299998 0.056009863,
1.04755 -0.51099998 0.056009863,
1.04755 -0.47899997 0.056009863,
1.04755 -0.447 0.056009863,
1.04755 -0.41499999 0.056009863,
1.04755 -0.35099998 0.056009863,
1.04755 -0.31899998 0.056009863,
1.04755 -0.287 0.056009863,
1.04755 -0.255 0.056009863,
1.04755 -0.19099998 0.056009863,
1.04755 -0.15899998 0.056009863,
1.04755 -0.12699997 0.056009863,
1.04755 -0.094999969 0.056009863,
1.04755 0.00099998713 0.056009863,
1.04755 0.032999992 0.056009863,
1.04755 0.064999998 0.056009863,
1.04755 0.097000003 0.056009863,
1.04755 0.16100001 0.056009863,
1.04755 0.19300002 0.056009863,
1.04755 0.22500002 0.056009863,
1.04755 0.25700003 0.056009863,
1.04755 0.28900003 0.056009863,
1.04755 0.35299999 0.056009863,
1.04755 0.38500005 0.056009863,
1.04755 0.417 0.056009863,
1.04755 0.44900006 0.056009863,
1.04755 0.51300007 0.056009863,
1.04755 0.54500002 0.056009863,
1.04755 0.57699996 0.056009863,
1.04755 0.60900003 0.056009863,
1.04755 0.64099997 0.056009863,
1.04755 0.69999999 0.056009863,
1.04755 -0.69999999 0.04000986,
1.04755 0.69999999 0.04000986,
1.0495499 -0.69999999 0.056009863,
1.0495499 0.69999999 0.056009863,
1.0495499 -0.69999999 0.04000986,
1.0495499 0.69999999 0.04000986
] }
normal Normal { vector [
-1 0 0,
0 0 -1,
0 -1 0,
0 1 0,
0 0 1,
0 -1 0,
0 1 0,
0 0 -1,
0 1 0,
0 0 1,
0 -1 0,
1 0 0
] }
coordIndex [
1363,1359,1357,-1,
79,3,77,-1,
77,3,1,-1,
1,40,77,-1,
77,40,116,-1,
77,116,718,-1,
718,116,681,-1,
718,681,1283,-1,
1283,681,1320,-1,
1283,1320,1357,-1,
1357,1320,1361,-1,
1357,1361,1363,-1,
79,78,3,-1,
3,78,2,-1,
79,77,76,-1,
76,75,79,-1,
79,75,74,-1,
79,74,73,-1,
73,72,79,-1,
79,72,71,-1,
79,71,70,-1,
70,69,79,-1,
79,69,68,-1,
79,68,78,-1,
78,68,67,-1,
78,67,66,-1,
78,60,59,-1,
59,58,78,-1,
78,58,57,-1,
78,57,56,-1,
66,65,78,-1,
78,65,64,-1,
78,64,63,-1,
56,55,78,-1,
78,55,54,-1,
78,54,53,-1,
53,52,78,-1,
78,52,51,-1,
78,51,50,-1,
63,62,78,-1,
78,62,61,-1,
78,61,60,-1,
50,49,78,-1,
78,49,48,-1,
78,48,47,-1,
47,46,78,-1,
78,46,45,-1,
78,45,44,-1,
44,43,78,-1,
78,43,42,-1,
78,42,41,-1,
289,465,76,-1,
642,466,291,-1,
291,466,290,-1,
76,465,717,-1,
717,465,641,-1,
717,641,642,-1,
289,76,290,-1,
290,76,77,-1,
290,77,291,-1,
291,467,642,-1,
642,467,643,-1,
642,643,717,-1,
717,643,718,-1,
643,644,718,-1,
718,644,468,-1,
718,468,77,-1,
77,468,292,-1,
77,292,291,-1,
894,718,1070,-1,
1070,718,1283,-1,
893,1068,892,-1,
1068,893,1244,-1,
1244,893,1069,-1,
1244,1069,1245,-1,
894,893,718,-1,
718,893,892,-1,
718,892,717,-1,
717,892,891,-1,
717,891,1282,-1,
1282,891,1067,-1,
1282,1067,1243,-1,
1243,1244,1282,-1,
1282,1244,1245,-1,
1282,1245,1283,-1,
1283,1245,1246,-1,
1283,1246,1070,-1,
75,463,716,-1,
716,463,639,-1,
716,639,717,-1,
639,640,717,-1,
717,640,464,-1,
717,464,76,-1,
76,464,288,-1,
76,288,75,-1,
75,288,287,-1,
75,287,463,-1,
1065,1241,1281,-1,
1281,1241,1242,-1,
1281,1242,1282,-1,
1282,1242,1066,-1,
1282,1066,717,-1,
717,1066,890,-1,
717,890,716,-1,
716,890,889,-1,
716,889,1281,-1,
1281,889,1065,-1,
74,461,715,-1,
715,461,637,-1,
715,637,716,-1,
637,638,716,-1,
716,638,462,-1,
716,462,75,-1,
75,462,286,-1,
75,286,74,-1,
74,286,285,-1,
74,285,461,-1,
1063,1239,1280,-1,
1280,1239,1240,-1,
1280,1240,1281,-1,
1281,1240,1064,-1,
1281,1064,716,-1,
716,1064,888,-1,
716,888,715,-1,
715,888,887,-1,
715,887,1280,-1,
1280,887,1063,-1,
73,459,714,-1,
714,459,635,-1,
714,635,715,-1,
635,636,715,-1,
715,636,460,-1,
715,460,74,-1,
74,460,284,-1,
74,284,73,-1,
73,284,283,-1,
73,283,459,-1,
1061,1237,1279,-1,
1279,1237,1238,-1,
1279,1238,1280,-1,
1280,1238,1062,-1,
1280,1062,715,-1,
715,1062,886,-1,
715,886,714,-1,
714,886,885,-1,
714,885,1279,-1,
1279,885,1061,-1,
72,457,713,-1,
713,457,633,-1,
713,633,714,-1,
633,634,714,-1,
714,634,458,-1,
714,458,73,-1,
73,458,282,-1,
73,282,72,-1,
72,282,281,-1,
72,281,457,-1,
883,1059,1278,-1,
1059,1235,1278,-1,
1278,1235,1236,-1,
1278,1236,1279,-1,
1279,1236,1060,-1,
1279,1060,714,-1,
714,1060,884,-1,
714,884,713,-1,
713,884,883,-1,
277,453,71,-1,
630,454,279,-1,
279,454,278,-1,
71,453,712,-1,
712,453,629,-1,
712,629,630,-1,
277,71,278,-1,
278,71,72,-1,
278,72,279,-1,
279,455,630,-1,
630,455,631,-1,
630,631,712,-1,
712,631,713,-1,
631,632,713,-1,
713,632,456,-1,
713,456,72,-1,
72,456,280,-1,
72,280,279,-1,
883,1278,713,-1,
713,1278,1058,-1,
713,1058,882,-1,
881,1056,880,-1,
1056,881,1232,-1,
1232,881,1057,-1,
1232,1057,1233,-1,
882,881,713,-1,
713,881,880,-1,
713,880,712,-1,
712,880,879,-1,
712,879,1277,-1,
1277,879,1055,-1,
1277,1055,1231,-1,
1231,1232,1277,-1,
1277,1232,1233,-1,
1277,1233,1278,-1,
1278,1233,1234,-1,
1278,1234,1058,-1,
70,451,711,-1,
711,451,627,-1,
711,627,712,-1,
627,628,712,-1,
712,628,452,-1,
712,452,71,-1,
71,452,276,-1,
71,276,70,-1,
70,276,275,-1,
70,275,451,-1,
1277,1054,712,-1,
712,1054,878,-1,
712,878,711,-1,
711,878,877,-1,
711,877,1276,-1,
877,1053,1276,-1,
1276,1053,1229,-1,
1276,1229,1277,-1,
1277,1229,1230,-1,
1277,1230,1054,-1,
69,449,710,-1,
710,449,625,-1,
710,625,711,-1,
625,626,711,-1,
711,626,450,-1,
711,450,70,-1,
70,450,274,-1,
70,274,69,-1,
69,274,273,-1,
69,273,449,-1,
1276,1052,711,-1,
711,1052,876,-1,
711,876,710,-1,
710,876,875,-1,
710,875,1275,-1,
875,1051,1275,-1,
1275,1051,1227,-1,
1275,1227,1276,-1,
1276,1227,1228,-1,
1276,1228,1052,-1,
447,623,709,-1,
709,623,710,-1,
623,624,710,-1,
710,624,448,-1,
710,448,69,-1,
69,448,272,-1,
69,272,68,-1,
68,272,271,-1,
1275,1050,710,-1,
710,1050,874,-1,
710,874,709,-1,
709,874,873,-1,
709,873,1274,-1,
873,1049,1274,-1,
1274,1049,1225,-1,
1274,1225,1275,-1,
1275,1225,1226,-1,
1275,1226,1050,-1,
68,446,270,-1,
620,444,269,-1,
269,444,268,-1,
67,443,708,-1,
708,443,619,-1,
708,619,620,-1,
621,622,709,-1,
271,447,68,-1,
68,447,709,-1,
68,709,446,-1,
446,709,622,-1,
270,269,68,-1,
68,269,268,-1,
68,268,67,-1,
67,268,267,-1,
67,267,443,-1,
1273,1045,1221,-1,
1045,1273,869,-1,
869,1273,708,-1,
869,708,870,-1,
871,1047,1222,-1,
1222,1047,1223,-1,
1274,1048,709,-1,
709,1048,872,-1,
709,872,871,-1,
1221,1222,1273,-1,
1273,1222,1223,-1,
1273,1223,1274,-1,
1274,1223,1224,-1,
1274,1224,1048,-1,
269,445,620,-1,
620,445,621,-1,
620,621,708,-1,
708,621,709,-1,
708,709,870,-1,
870,709,871,-1,
870,871,1046,-1,
1046,871,1222,-1,
66,441,707,-1,
707,441,617,-1,
707,617,708,-1,
617,618,708,-1,
708,618,442,-1,
708,442,67,-1,
67,442,266,-1,
67,266,66,-1,
66,266,265,-1,
66,265,441,-1,
1043,1219,1272,-1,
1272,1219,1220,-1,
1272,1220,1273,-1,
1273,1220,1044,-1,
1273,1044,708,-1,
708,1044,868,-1,
708,868,707,-1,
707,868,867,-1,
707,867,1272,-1,
1272,867,1043,-1,
65,439,706,-1,
706,439,615,-1,
706,615,707,-1,
615,616,707,-1,
707,616,440,-1,
707,440,66,-1,
66,440,264,-1,
66,264,65,-1,
65,264,263,-1,
65,263,439,-1,
1041,1217,1271,-1,
1271,1217,1218,-1,
1271,1218,1272,-1,
1272,1218,1042,-1,
1272,1042,707,-1,
707,1042,866,-1,
707,866,706,-1,
706,866,865,-1,
706,865,1271,-1,
1271,865,1041,-1,
706,438,65,-1,
65,438,262,-1,
65,262,64,-1,
262,261,64,-1,
64,261,437,-1,
64,437,705,-1,
705,437,613,-1,
705,613,706,-1,
706,613,614,-1,
706,614,438,-1,
1271,1040,706,-1,
706,1040,864,-1,
706,864,705,-1,
705,864,863,-1,
705,863,1270,-1,
863,1039,1270,-1,
1270,1039,1215,-1,
1270,1215,1271,-1,
1271,1215,1216,-1,
1271,1216,1040,-1,
705,436,64,-1,
64,436,260,-1,
64,260,63,-1,
260,259,63,-1,
63,259,435,-1,
63,435,704,-1,
704,435,611,-1,
704,611,705,-1,
705,611,612,-1,
705,612,436,-1,
1270,1038,705,-1,
705,1038,862,-1,
705,862,704,-1,
704,862,861,-1,
861,1037,1269,-1,
1269,1037,1213,-1,
1269,1213,1270,-1,
1270,1213,1214,-1,
1270,1214,1038,-1,
255,431,62,-1,
608,432,257,-1,
257,432,256,-1,
62,431,703,-1,
703,431,607,-1,
703,607,608,-1,
255,62,256,-1,
256,62,63,-1,
256,63,257,-1,
257,433,608,-1,
608,433,609,-1,
608,609,703,-1,
703,609,704,-1,
609,610,704,-1,
704,610,434,-1,
704,434,63,-1,
63,434,258,-1,
63,258,257,-1,
861,1269,704,-1,
704,1269,1036,-1,
704,1036,860,-1,
859,1034,858,-1,
1034,859,1210,-1,
1210,859,1035,-1,
1210,1035,1211,-1,
860,859,704,-1,
704,859,858,-1,
704,858,703,-1,
703,858,857,-1,
703,857,1268,-1,
1268,857,1033,-1,
1268,1033,1209,-1,
1209,1210,1268,-1,
1268,1210,1211,-1,
1268,1211,1269,-1,
1269,1211,1212,-1,
1269,1212,1036,-1,
61,429,702,-1,
702,429,605,-1,
702,605,703,-1,
605,606,703,-1,
703,606,430,-1,
703,430,62,-1,
62,430,254,-1,
62,254,61,-1,
61,254,253,-1,
61,253,429,-1,
1031,1207,1267,-1,
1267,1207,1208,-1,
1267,1208,1268,-1,
1268,1208,1032,-1,
1268,1032,703,-1,
703,1032,856,-1,
703,856,702,-1,
702,856,855,-1,
702,855,1267,-1,
1267,855,1031,-1,
60,427,701,-1,
701,427,603,-1,
701,603,702,-1,
603,604,702,-1,
702,604,428,-1,
702,428,61,-1,
61,428,252,-1,
61,252,60,-1,
60,252,251,-1,
60,251,427,-1,
1029,1205,1266,-1,
1266,1205,1206,-1,
1266,1206,1267,-1,
1267,1206,1030,-1,
1267,1030,702,-1,
702,1030,854,-1,
702,854,701,-1,
701,854,853,-1,
701,853,1266,-1,
1266,853,1029,-1,
59,425,700,-1,
700,425,601,-1,
700,601,701,-1,
601,602,701,-1,
701,602,426,-1,
701,426,60,-1,
60,426,250,-1,
60,250,59,-1,
59,250,249,-1,
59,249,425,-1,
1027,1203,1265,-1,
1265,1203,1204,-1,
1265,1204,1266,-1,
1266,1204,1028,-1,
1266,1028,701,-1,
701,1028,852,-1,
701,852,700,-1,
700,852,851,-1,
596,420,245,-1,
247,423,598,-1,
58,59,244,-1,
700,699,599,-1,
599,600,700,-1,
700,600,424,-1,
700,424,59,-1,
59,424,248,-1,
59,248,247,-1,
598,422,247,-1,
247,422,246,-1,
247,246,59,-1,
59,246,245,-1,
59,245,244,-1,
244,245,420,-1,
244,243,58,-1,
58,243,419,-1,
58,419,699,-1,
699,419,595,-1,
699,595,596,-1,
245,421,596,-1,
596,421,597,-1,
596,597,699,-1,
699,597,598,-1,
699,598,599,-1,
599,598,423,-1,
1026,700,1265,-1,
1265,700,851,-1,
1265,851,1027,-1,
1198,1022,847,-1,
847,1022,846,-1,
1024,849,1200,-1,
1200,849,1025,-1,
1024,848,849,-1,
849,848,700,-1,
849,700,850,-1,
850,700,1026,-1,
848,847,700,-1,
700,847,846,-1,
700,846,699,-1,
699,846,845,-1,
699,845,1264,-1,
1264,1201,1265,-1,
1265,1201,1202,-1,
1265,1202,1026,-1,
845,1021,1264,-1,
1264,1021,1197,-1,
1264,1197,1198,-1,
847,1023,1198,-1,
1198,1023,1199,-1,
1198,1199,1264,-1,
1264,1199,1200,-1,
1264,1200,1201,-1,
1201,1200,1025,-1,
57,417,698,-1,
698,417,593,-1,
698,593,699,-1,
593,594,699,-1,
699,594,418,-1,
699,418,58,-1,
58,418,242,-1,
58,242,57,-1,
57,242,241,-1,
57,241,417,-1,
1264,1020,699,-1,
699,1020,844,-1,
699,844,698,-1,
698,844,843,-1,
698,843,1263,-1,
843,1019,1263,-1,
1263,1019,1195,-1,
1263,1195,1264,-1,
1264,1195,1196,-1,
1264,1196,1020,-1,
56,415,697,-1,
697,415,591,-1,
697,591,698,-1,
591,592,698,-1,
698,592,416,-1,
698,416,57,-1,
57,416,240,-1,
57,240,56,-1,
56,240,239,-1,
56,239,415,-1,
1263,1018,698,-1,
698,1018,842,-1,
698,842,697,-1,
697,842,841,-1,
697,841,1262,-1,
841,1017,1262,-1,
1262,1017,1193,-1,
1262,1193,1263,-1,
1263,1193,1194,-1,
1263,1194,1018,-1,
55,413,696,-1,
696,413,589,-1,
696,589,697,-1,
589,590,697,-1,
697,590,414,-1,
697,414,56,-1,
56,414,238,-1,
56,238,55,-1,
55,238,237,-1,
55,237,413,-1,
1262,1016,697,-1,
697,1016,840,-1,
697,840,696,-1,
696,840,839,-1,
839,1015,1261,-1,
1261,1015,1191,-1,
1261,1191,1262,-1,
1262,1191,1192,-1,
1262,1192,1016,-1,
235,411,586,-1,
586,411,587,-1,
696,412,55,-1,
55,412,236,-1,
55,236,235,-1,
586,410,235,-1,
235,410,234,-1,
235,234,55,-1,
55,234,54,-1,
585,695,409,-1,
409,695,54,-1,
409,54,233,-1,
233,54,234,-1,
585,586,695,-1,
695,586,587,-1,
695,587,696,-1,
696,587,588,-1,
696,588,412,-1,
839,1261,696,-1,
696,1261,1014,-1,
696,1014,838,-1,
837,1012,836,-1,
1012,837,1188,-1,
1188,837,1013,-1,
1188,1013,1189,-1,
838,837,696,-1,
696,837,836,-1,
696,836,695,-1,
695,836,835,-1,
695,835,1260,-1,
1260,835,1011,-1,
1260,1011,1187,-1,
1187,1188,1260,-1,
1260,1188,1189,-1,
1260,1189,1261,-1,
1261,1189,1190,-1,
1261,1190,1014,-1,
695,408,54,-1,
54,408,232,-1,
54,232,53,-1,
232,231,53,-1,
53,231,407,-1,
53,407,694,-1,
694,407,583,-1,
694,583,695,-1,
695,583,584,-1,
695,584,408,-1,
1260,1010,695,-1,
695,1010,834,-1,
695,834,694,-1,
694,834,833,-1,
694,833,1259,-1,
833,1009,1259,-1,
1259,1009,1185,-1,
1259,1185,1260,-1,
1260,1185,1186,-1,
1260,1186,1010,-1,
694,406,53,-1,
53,406,230,-1,
53,230,52,-1,
230,229,52,-1,
52,229,405,-1,
52,405,693,-1,
693,405,581,-1,
693,581,694,-1,
694,581,582,-1,
694,582,406,-1,
1259,1008,694,-1,
694,1008,832,-1,
694,832,693,-1,
693,832,831,-1,
693,831,1258,-1,
831,1007,1258,-1,
1258,1007,1183,-1,
1258,1183,1259,-1,
1259,1183,1184,-1,
1259,1184,1008,-1,
693,404,52,-1,
52,404,228,-1,
52,228,51,-1,
228,227,51,-1,
51,227,403,-1,
51,403,692,-1,
692,403,579,-1,
692,579,693,-1,
693,579,580,-1,
693,580,404,-1,
1258,1006,693,-1,
693,1006,830,-1,
693,830,692,-1,
692,830,829,-1,
829,1005,1257,-1,
1257,1005,1181,-1,
1257,1181,1258,-1,
1258,1181,1182,-1,
1258,1182,1006,-1,
223,399,50,-1,
576,400,225,-1,
225,400,224,-1,
50,399,691,-1,
691,399,575,-1,
691,575,576,-1,
223,50,224,-1,
224,50,51,-1,
224,51,225,-1,
225,401,576,-1,
576,401,577,-1,
576,577,691,-1,
691,577,692,-1,
577,578,692,-1,
692,578,402,-1,
692,402,51,-1,
51,402,226,-1,
51,226,225,-1,
829,1257,692,-1,
692,1257,1004,-1,
692,1004,828,-1,
827,1002,826,-1,
1002,827,1178,-1,
1178,827,1003,-1,
1178,1003,1179,-1,
828,827,692,-1,
692,827,826,-1,
692,826,691,-1,
691,826,825,-1,
691,825,1256,-1,
1256,825,1001,-1,
1256,1001,1177,-1,
1177,1178,1256,-1,
1256,1178,1179,-1,
1256,1179,1257,-1,
1257,1179,1180,-1,
1257,1180,1004,-1,
49,397,690,-1,
690,397,573,-1,
690,573,691,-1,
573,574,691,-1,
691,574,398,-1,
691,398,50,-1,
50,398,222,-1,
50,222,49,-1,
49,222,221,-1,
49,221,397,-1,
1256,1000,691,-1,
691,1000,824,-1,
691,824,690,-1,
690,824,823,-1,
690,823,1255,-1,
823,999,1255,-1,
1255,999,1175,-1,
1255,1175,1256,-1,
1256,1175,1176,-1,
1256,1176,1000,-1,
48,395,689,-1,
689,395,571,-1,
689,571,690,-1,
571,572,690,-1,
690,572,396,-1,
690,396,49,-1,
49,396,220,-1,
49,220,48,-1,
48,220,219,-1,
48,219,395,-1,
997,1173,1254,-1,
1254,1173,1174,-1,
1254,1174,1255,-1,
1255,1174,998,-1,
1255,998,690,-1,
690,998,822,-1,
690,822,689,-1,
689,822,821,-1,
689,821,1254,-1,
1254,821,997,-1,
47,393,688,-1,
688,393,569,-1,
688,569,689,-1,
569,570,689,-1,
689,570,394,-1,
689,394,48,-1,
48,394,218,-1,
48,218,47,-1,
47,218,217,-1,
47,217,393,-1,
995,1171,1253,-1,
1253,1171,1172,-1,
1253,1172,1254,-1,
1254,1172,996,-1,
1254,996,689,-1,
689,996,820,-1,
689,820,688,-1,
688,820,819,-1,
688,819,1253,-1,
1253,819,995,-1,
688,392,47,-1,
47,392,216,-1,
47,216,46,-1,
216,215,46,-1,
46,215,391,-1,
46,391,687,-1,
687,391,567,-1,
687,567,688,-1,
688,567,568,-1,
688,568,392,-1,
1253,994,688,-1,
688,994,818,-1,
688,818,687,-1,
687,818,817,-1,
817,993,1252,-1,
1252,993,1169,-1,
1252,1169,1253,-1,
1253,1169,1170,-1,
1253,1170,994,-1,
211,387,45,-1,
564,388,213,-1,
213,388,212,-1,
45,387,686,-1,
686,387,563,-1,
686,563,564,-1,
211,45,212,-1,
212,45,46,-1,
212,46,213,-1,
213,389,564,-1,
564,389,565,-1,
564,565,686,-1,
686,565,687,-1,
565,566,687,-1,
687,566,390,-1,
687,390,46,-1,
46,390,214,-1,
46,214,213,-1,
817,1252,687,-1,
687,1252,992,-1,
687,992,816,-1,
815,990,814,-1,
990,815,1166,-1,
1166,815,991,-1,
1166,991,1167,-1,
816,815,687,-1,
687,815,814,-1,
687,814,686,-1,
686,814,813,-1,
686,813,1251,-1,
1251,813,989,-1,
1251,989,1165,-1,
1165,1166,1251,-1,
1251,1166,1167,-1,
1251,1167,1252,-1,
1252,1167,1168,-1,
1252,1168,992,-1,
44,385,685,-1,
685,385,561,-1,
685,561,686,-1,
561,562,686,-1,
686,562,386,-1,
686,386,45,-1,
45,386,210,-1,
45,210,44,-1,
44,210,209,-1,
44,209,385,-1,
1251,988,686,-1,
686,988,812,-1,
686,812,685,-1,
685,812,811,-1,
685,811,1250,-1,
811,987,1250,-1,
1250,987,1163,-1,
1250,1163,1251,-1,
1251,1163,1164,-1,
1251,1164,988,-1,
43,383,684,-1,
684,383,559,-1,
684,559,685,-1,
559,560,685,-1,
685,560,384,-1,
685,384,44,-1,
44,384,208,-1,
44,208,43,-1,
43,208,207,-1,
43,207,383,-1,
1250,986,685,-1,
685,986,810,-1,
685,810,684,-1,
684,810,809,-1,
684,809,1249,-1,
809,985,1249,-1,
1249,985,1161,-1,
1249,1161,1250,-1,
1250,1161,1162,-1,
1250,1162,986,-1,
381,557,683,-1,
683,557,684,-1,
557,558,684,-1,
684,558,382,-1,
684,382,43,-1,
43,382,206,-1,
43,206,42,-1,
42,206,205,-1,
983,1159,1248,-1,
1248,1159,1160,-1,
1248,1160,1249,-1,
1249,1160,984,-1,
1249,984,684,-1,
684,984,808,-1,
684,808,683,-1,
683,808,807,-1,
205,381,42,-1,
42,381,683,-1,
42,683,41,-1,
41,683,682,-1,
807,983,683,-1,
683,983,1248,-1,
683,1248,682,-1,
682,1248,1247,-1,
1283,1357,1282,-1,
1282,1357,1356,-1,
1282,1356,1281,-1,
1281,1356,1355,-1,
1281,1355,1280,-1,
1280,1355,1354,-1,
1280,1354,1279,-1,
1279,1354,1353,-1,
1279,1353,1278,-1,
1278,1353,1352,-1,
1278,1352,1277,-1,
1277,1352,1351,-1,
1277,1351,1276,-1,
1276,1351,1350,-1,
1276,1350,1275,-1,
1275,1350,1349,-1,
1275,1349,1274,-1,
1274,1349,1348,-1,
1274,1348,1273,-1,
1273,1348,1347,-1,
1273,1347,1272,-1,
1272,1347,1346,-1,
1272,1346,1271,-1,
1271,1346,1345,-1,
1271,1345,1270,-1,
1270,1345,1344,-1,
1270,1344,1269,-1,
1269,1344,1343,-1,
1269,1343,1268,-1,
1268,1343,1342,-1,
1268,1342,1267,-1,
1267,1342,1341,-1,
1267,1341,1266,-1,
1266,1341,1340,-1,
1266,1340,1265,-1,
1265,1340,1339,-1,
1265,1339,1264,-1,
1264,1339,1338,-1,
1264,1338,1263,-1,
1263,1338,1337,-1,
1263,1337,1262,-1,
1262,1337,1336,-1,
1262,1336,1261,-1,
1261,1336,1335,-1,
1261,1335,1260,-1,
1260,1335,1334,-1,
1260,1334,1259,-1,
1259,1334,1333,-1,
1259,1333,1258,-1,
1258,1333,1332,-1,
1258,1332,1257,-1,
1257,1332,1331,-1,
1257,1331,1256,-1,
1256,1331,1330,-1,
1256,1330,1255,-1,
1255,1330,1329,-1,
1255,1329,1254,-1,
1254,1329,1328,-1,
1254,1328,1253,-1,
1253,1328,1327,-1,
1253,1327,1252,-1,
1252,1327,1326,-1,
1252,1326,1251,-1,
1251,1326,1325,-1,
1251,1325,1250,-1,
1250,1325,1324,-1,
1250,1324,1249,-1,
1249,1324,1323,-1,
1249,1323,1248,-1,
1248,1323,1322,-1,
1248,1322,1247,-1,
1247,1322,1321,-1,
1321,1322,1358,-1,
1358,1322,1323,-1,
1358,1323,1324,-1,
1324,1325,1358,-1,
1358,1325,1326,-1,
1358,1326,1327,-1,
1327,1328,1358,-1,
1358,1328,1329,-1,
1358,1329,1330,-1,
1330,1331,1358,-1,
1358,1331,1332,-1,
1358,1332,1359,-1,
1359,1332,1333,-1,
1359,1333,1334,-1,
1340,1341,1359,-1,
1359,1341,1342,-1,
1342,1343,1359,-1,
1359,1343,1344,-1,
1359,1344,1345,-1,
1345,1346,1359,-1,
1359,1346,1347,-1,
1359,1347,1348,-1,
1334,1335,1359,-1,
1359,1335,1336,-1,
1359,1336,1337,-1,
1348,1349,1359,-1,
1359,1349,1350,-1,
1359,1350,1351,-1,
1337,1338,1359,-1,
1359,1338,1339,-1,
1359,1339,1340,-1,
1351,1352,1359,-1,
1359,1352,1353,-1,
1359,1353,1354,-1,
1354,1355,1359,-1,
1359,1355,1356,-1,
1359,1356,1357,-1,
1363,1362,1359,-1,
1359,1362,1358,-1,
1361,1360,1363,-1,
1363,1360,1362,-1,
1284,1360,1320,-1,
1320,1360,1361,-1,
1077,901,1288,-1,
1089,913,1293,-1,
1121,945,1305,-1,
1133,957,1310,-1,
1143,967,1314,-1,
1155,979,1319,-1,
982,1320,681,-1,
804,681,680,-1,
1319,979,680,-1,
680,979,803,-1,
680,803,804,-1,
982,1158,1320,-1,
1320,1158,1157,-1,
1320,1157,1319,-1,
1155,1319,1156,-1,
1156,1319,1157,-1,
1156,1157,980,-1,
980,1157,981,-1,
980,981,804,-1,
804,981,805,-1,
804,805,681,-1,
681,805,806,-1,
681,806,982,-1,
202,378,555,-1,
555,378,554,-1,
115,201,202,-1,
555,379,202,-1,
202,379,203,-1,
202,203,115,-1,
115,203,116,-1,
556,681,380,-1,
380,681,116,-1,
380,116,204,-1,
204,116,203,-1,
556,555,681,-1,
681,555,554,-1,
681,554,680,-1,
680,554,553,-1,
680,553,115,-1,
115,553,377,-1,
115,377,201,-1,
1318,977,679,-1,
679,977,801,-1,
679,801,680,-1,
801,802,680,-1,
680,802,978,-1,
680,978,1319,-1,
1319,978,1154,-1,
1319,1154,1318,-1,
1318,1154,1153,-1,
1318,1153,977,-1,
375,199,114,-1,
114,199,200,-1,
114,200,115,-1,
115,200,376,-1,
115,376,680,-1,
680,376,552,-1,
680,552,679,-1,
679,552,551,-1,
679,551,114,-1,
114,551,375,-1,
1317,975,678,-1,
678,975,799,-1,
678,799,679,-1,
799,800,679,-1,
679,800,976,-1,
679,976,1318,-1,
1318,976,1152,-1,
1318,1152,1317,-1,
1317,1152,1151,-1,
1317,1151,975,-1,
114,113,197,-1,
197,198,114,-1,
114,198,374,-1,
114,374,679,-1,
679,374,550,-1,
679,550,678,-1,
678,550,549,-1,
678,549,113,-1,
113,549,373,-1,
113,373,197,-1,
1316,973,677,-1,
677,973,797,-1,
677,797,678,-1,
797,798,678,-1,
678,798,974,-1,
678,974,1317,-1,
1317,974,1150,-1,
1317,1150,1316,-1,
1316,1150,1149,-1,
1316,1149,973,-1,
113,112,195,-1,
195,196,113,-1,
113,196,372,-1,
113,372,678,-1,
678,372,548,-1,
678,548,677,-1,
677,548,547,-1,
677,547,112,-1,
112,547,371,-1,
112,371,195,-1,
971,795,676,-1,
676,795,677,-1,
795,796,677,-1,
677,796,972,-1,
677,972,1316,-1,
1316,972,1148,-1,
1316,1148,1315,-1,
1315,1148,1147,-1,
369,193,111,-1,
111,193,194,-1,
111,194,112,-1,
112,194,370,-1,
112,370,677,-1,
677,370,546,-1,
677,546,676,-1,
676,546,545,-1,
676,545,111,-1,
111,545,369,-1,
1147,971,1315,-1,
1315,971,676,-1,
1315,676,970,-1,
792,676,675,-1,
1314,967,675,-1,
675,967,791,-1,
675,791,792,-1,
970,1146,1315,-1,
1315,1146,1145,-1,
1315,1145,1314,-1,
1143,1314,1144,-1,
1144,1314,1145,-1,
1144,1145,968,-1,
968,1145,969,-1,
968,969,792,-1,
792,969,793,-1,
792,793,676,-1,
676,793,794,-1,
676,794,970,-1,
190,366,543,-1,
543,366,542,-1,
110,189,190,-1,
543,367,190,-1,
190,367,191,-1,
190,191,110,-1,
110,191,111,-1,
191,192,111,-1,
111,192,368,-1,
111,368,676,-1,
676,368,544,-1,
544,543,676,-1,
676,543,542,-1,
676,542,675,-1,
675,542,541,-1,
675,541,110,-1,
110,541,365,-1,
110,365,189,-1,
1313,965,674,-1,
674,965,789,-1,
674,789,675,-1,
789,790,675,-1,
675,790,966,-1,
675,966,1314,-1,
1314,966,1142,-1,
1314,1142,1313,-1,
1313,1142,1141,-1,
1313,1141,965,-1,
110,109,187,-1,
187,188,110,-1,
110,188,364,-1,
110,364,675,-1,
675,364,540,-1,
675,540,674,-1,
674,540,539,-1,
674,539,109,-1,
109,539,363,-1,
109,363,187,-1,
1312,963,673,-1,
673,963,787,-1,
673,787,674,-1,
787,788,674,-1,
674,788,964,-1,
674,964,1313,-1,
1313,964,1140,-1,
1313,1140,1312,-1,
1312,1140,1139,-1,
1312,1139,963,-1,
109,108,185,-1,
185,186,109,-1,
109,186,362,-1,
109,362,674,-1,
674,362,538,-1,
674,538,673,-1,
673,538,537,-1,
673,537,108,-1,
108,537,361,-1,
108,361,185,-1,
961,785,672,-1,
672,785,673,-1,
785,786,673,-1,
673,786,962,-1,
673,962,1312,-1,
1312,962,1138,-1,
1312,1138,1311,-1,
1311,1138,1137,-1,
108,107,183,-1,
183,184,108,-1,
108,184,360,-1,
108,360,673,-1,
673,360,536,-1,
673,536,672,-1,
672,536,535,-1,
672,535,107,-1,
107,535,359,-1,
107,359,183,-1,
1137,961,1311,-1,
1311,961,672,-1,
1311,672,960,-1,
782,672,671,-1,
1310,957,671,-1,
671,957,781,-1,
671,781,782,-1,
960,1136,1311,-1,
1311,1136,1135,-1,
1311,1135,1310,-1,
1133,1310,1134,-1,
1134,1310,1135,-1,
1134,1135,958,-1,
958,1135,959,-1,
958,959,782,-1,
782,959,783,-1,
782,783,672,-1,
672,783,784,-1,
672,784,960,-1,
180,357,181,-1,
179,180,106,-1,
106,180,181,-1,
106,181,107,-1,
181,182,107,-1,
107,182,358,-1,
107,358,672,-1,
672,358,534,-1,
357,180,533,-1,
533,180,356,-1,
533,356,532,-1,
534,533,672,-1,
672,533,532,-1,
672,532,671,-1,
671,532,531,-1,
671,531,106,-1,
106,531,355,-1,
106,355,179,-1,
1309,955,670,-1,
670,955,779,-1,
670,779,671,-1,
779,780,671,-1,
671,780,956,-1,
671,956,1310,-1,
1310,956,1132,-1,
1310,1132,1309,-1,
1309,1132,1131,-1,
1309,1131,955,-1,
106,105,177,-1,
177,178,106,-1,
106,178,354,-1,
106,354,671,-1,
671,354,530,-1,
671,530,670,-1,
670,530,529,-1,
670,529,105,-1,
105,529,353,-1,
105,353,177,-1,
1308,953,669,-1,
669,953,777,-1,
669,777,670,-1,
777,778,670,-1,
670,778,954,-1,
670,954,1309,-1,
1309,954,1130,-1,
1309,1130,1308,-1,
1308,1130,1129,-1,
1308,1129,953,-1,
105,104,175,-1,
175,176,105,-1,
105,176,352,-1,
105,352,670,-1,
670,352,528,-1,
670,528,669,-1,
669,528,527,-1,
669,527,104,-1,
104,527,351,-1,
104,351,175,-1,
1307,951,668,-1,
668,951,775,-1,
668,775,669,-1,
775,776,669,-1,
669,776,952,-1,
669,952,1308,-1,
1308,952,1128,-1,
1308,1128,1307,-1,
1307,1128,1127,-1,
1307,1127,951,-1,
104,103,173,-1,
173,174,104,-1,
104,174,350,-1,
104,350,669,-1,
669,350,526,-1,
669,526,668,-1,
668,526,525,-1,
668,525,103,-1,
103,525,349,-1,
103,349,173,-1,
949,773,667,-1,
667,773,668,-1,
773,774,668,-1,
668,774,950,-1,
668,950,1307,-1,
1307,950,1126,-1,
1307,1126,1306,-1,
1306,1126,1125,-1,
103,102,171,-1,
171,172,103,-1,
103,172,348,-1,
103,348,668,-1,
668,348,524,-1,
668,524,667,-1,
667,524,523,-1,
667,523,102,-1,
102,523,347,-1,
102,347,171,-1,
1125,949,1306,-1,
1306,949,667,-1,
1306,667,948,-1,
770,667,666,-1,
1305,945,666,-1,
666,945,769,-1,
666,769,770,-1,
948,1124,1306,-1,
1306,1124,1123,-1,
1306,1123,1305,-1,
1121,1305,1122,-1,
1122,1305,1123,-1,
1122,1123,946,-1,
946,1123,947,-1,
946,947,770,-1,
770,947,771,-1,
770,771,667,-1,
667,771,772,-1,
667,772,948,-1,
168,344,521,-1,
521,344,520,-1,
101,167,168,-1,
521,345,168,-1,
168,345,169,-1,
168,169,101,-1,
101,169,102,-1,
169,170,102,-1,
102,170,346,-1,
102,346,667,-1,
667,346,522,-1,
522,521,667,-1,
667,521,520,-1,
667,520,666,-1,
666,520,519,-1,
666,519,101,-1,
101,519,343,-1,
101,343,167,-1,
1304,943,665,-1,
665,943,767,-1,
665,767,666,-1,
767,768,666,-1,
666,768,944,-1,
666,944,1305,-1,
1305,944,1120,-1,
1305,1120,1304,-1,
1304,1120,1119,-1,
1304,1119,943,-1,
101,100,165,-1,
165,166,101,-1,
101,166,342,-1,
101,342,666,-1,
666,342,518,-1,
666,518,665,-1,
665,518,517,-1,
665,517,100,-1,
100,517,341,-1,
100,341,165,-1,
1303,941,664,-1,
664,941,765,-1,
664,765,665,-1,
765,766,665,-1,
665,766,942,-1,
665,942,1304,-1,
1304,942,1118,-1,
1304,1118,1303,-1,
1303,1118,1117,-1,
1303,1117,941,-1,
100,99,163,-1,
163,164,100,-1,
100,164,340,-1,
100,340,665,-1,
665,340,516,-1,
665,516,664,-1,
664,516,515,-1,
664,515,99,-1,
99,515,339,-1,
99,339,163,-1,
939,763,663,-1,
663,763,664,-1,
763,764,664,-1,
664,764,940,-1,
664,940,1303,-1,
1303,940,1116,-1,
1303,1116,1302,-1,
1302,1116,1115,-1,
98,337,161,-1,
98,161,99,-1,
161,162,99,-1,
99,162,338,-1,
99,338,664,-1,
664,338,514,-1,
664,514,663,-1,
663,514,513,-1,
1115,939,1302,-1,
1302,939,663,-1,
1302,663,938,-1,
758,663,662,-1,
938,1114,1302,-1,
1302,1114,1113,-1,
1302,1113,1301,-1,
1110,1109,1301,-1,
1301,1109,933,-1,
1301,933,662,-1,
662,933,757,-1,
662,757,758,-1,
760,663,759,-1,
759,663,758,-1,
759,758,935,-1,
935,758,934,-1,
935,934,1111,-1,
934,1110,1111,-1,
1111,1110,1301,-1,
1111,1301,1112,-1,
1112,1301,1113,-1,
1112,1113,936,-1,
936,1113,937,-1,
936,937,760,-1,
760,937,761,-1,
760,761,663,-1,
663,761,762,-1,
663,762,938,-1,
334,511,158,-1,
158,511,335,-1,
158,335,159,-1,
333,157,156,-1,
156,157,97,-1,
156,97,155,-1,
336,663,98,-1,
98,663,513,-1,
98,513,337,-1,
157,158,97,-1,
97,158,159,-1,
97,159,98,-1,
98,159,160,-1,
98,160,336,-1,
333,156,509,-1,
509,156,332,-1,
509,332,508,-1,
334,510,511,-1,
511,510,663,-1,
511,663,512,-1,
512,663,336,-1,
510,509,663,-1,
663,509,508,-1,
663,508,662,-1,
662,508,507,-1,
662,507,97,-1,
97,507,331,-1,
97,331,155,-1,
1300,931,661,-1,
661,931,755,-1,
661,755,662,-1,
755,756,662,-1,
662,756,932,-1,
662,932,1301,-1,
1301,932,1108,-1,
1301,1108,1300,-1,
1300,1108,1107,-1,
1300,1107,931,-1,
97,96,153,-1,
153,154,97,-1,
97,154,330,-1,
97,330,662,-1,
662,330,506,-1,
662,506,661,-1,
661,506,505,-1,
661,505,96,-1,
96,505,329,-1,
96,329,153,-1,
1299,929,660,-1,
660,929,753,-1,
660,753,661,-1,
753,754,661,-1,
661,754,930,-1,
661,930,1300,-1,
1300,930,1106,-1,
1300,1106,1299,-1,
1299,1106,1105,-1,
1299,1105,929,-1,
96,95,151,-1,
151,152,96,-1,
96,152,328,-1,
96,328,661,-1,
661,328,504,-1,
661,504,660,-1,
660,504,503,-1,
660,503,95,-1,
95,503,327,-1,
95,327,151,-1,
1298,927,659,-1,
659,927,751,-1,
659,751,660,-1,
751,752,660,-1,
660,752,928,-1,
660,928,1299,-1,
1299,928,1104,-1,
1299,1104,1298,-1,
1298,1104,1103,-1,
1298,1103,927,-1,
95,94,149,-1,
149,150,95,-1,
95,150,326,-1,
95,326,660,-1,
660,326,502,-1,
660,502,659,-1,
659,502,501,-1,
659,501,94,-1,
94,501,325,-1,
94,325,149,-1,
748,924,1101,-1,
1101,924,1100,-1,
1297,923,658,-1,
658,923,747,-1,
658,747,748,-1,
749,750,659,-1,
659,750,926,-1,
659,926,1298,-1,
1298,926,1102,-1,
1102,1101,1298,-1,
1298,1101,1100,-1,
1298,1100,1297,-1,
1297,1100,1099,-1,
1297,1099,923,-1,
499,323,146,-1,
94,93,147,-1,
321,145,93,-1,
93,145,146,-1,
93,146,147,-1,
147,146,323,-1,
147,148,94,-1,
94,148,324,-1,
94,324,659,-1,
659,324,500,-1,
659,500,499,-1,
321,93,497,-1,
497,93,658,-1,
497,658,498,-1,
1101,925,748,-1,
748,925,749,-1,
748,749,658,-1,
658,749,659,-1,
658,659,498,-1,
498,659,499,-1,
498,499,322,-1,
322,499,146,-1,
1296,921,657,-1,
657,921,745,-1,
657,745,658,-1,
745,746,658,-1,
658,746,922,-1,
658,922,1297,-1,
1297,922,1098,-1,
1297,1098,1296,-1,
1296,1098,1097,-1,
1296,1097,921,-1,
93,92,143,-1,
143,144,93,-1,
93,144,320,-1,
93,320,658,-1,
658,320,496,-1,
658,496,657,-1,
657,496,495,-1,
657,495,92,-1,
92,495,319,-1,
92,319,143,-1,
1295,919,656,-1,
656,919,743,-1,
656,743,657,-1,
743,744,657,-1,
657,744,920,-1,
657,920,1296,-1,
1296,920,1096,-1,
1296,1096,1295,-1,
1295,1096,1095,-1,
1295,1095,919,-1,
92,91,141,-1,
141,142,92,-1,
92,142,318,-1,
92,318,657,-1,
657,318,494,-1,
657,494,656,-1,
656,494,493,-1,
656,493,91,-1,
91,493,317,-1,
91,317,141,-1,
917,741,655,-1,
655,741,656,-1,
741,742,656,-1,
656,742,918,-1,
656,918,1295,-1,
1295,918,1094,-1,
1295,1094,1294,-1,
1294,1094,1093,-1,
91,90,139,-1,
139,140,91,-1,
91,140,316,-1,
91,316,656,-1,
656,316,492,-1,
656,492,655,-1,
655,492,491,-1,
655,491,90,-1,
90,491,315,-1,
90,315,139,-1,
1093,917,1294,-1,
1294,917,655,-1,
1294,655,916,-1,
738,655,654,-1,
1293,913,654,-1,
654,913,737,-1,
654,737,738,-1,
916,1092,1294,-1,
1294,1092,1091,-1,
1294,1091,1293,-1,
1089,1293,1090,-1,
1090,1293,1091,-1,
1090,1091,914,-1,
914,1091,915,-1,
914,915,738,-1,
738,915,739,-1,
738,739,655,-1,
655,739,740,-1,
655,740,916,-1,
136,312,489,-1,
489,312,488,-1,
89,135,136,-1,
489,313,136,-1,
136,313,137,-1,
136,137,89,-1,
89,137,90,-1,
137,138,90,-1,
90,138,314,-1,
90,314,655,-1,
655,314,490,-1,
490,489,655,-1,
655,489,488,-1,
655,488,654,-1,
654,488,487,-1,
654,487,89,-1,
89,487,311,-1,
89,311,135,-1,
1292,911,653,-1,
653,911,735,-1,
653,735,654,-1,
735,736,654,-1,
654,736,912,-1,
654,912,1293,-1,
1293,912,1088,-1,
1293,1088,1292,-1,
1292,1088,1087,-1,
1292,1087,911,-1,
89,88,133,-1,
133,134,89,-1,
89,134,310,-1,
89,310,654,-1,
654,310,486,-1,
654,486,653,-1,
653,486,485,-1,
653,485,88,-1,
88,485,309,-1,
88,309,133,-1,
1291,909,652,-1,
652,909,733,-1,
652,733,653,-1,
733,734,653,-1,
653,734,910,-1,
653,910,1292,-1,
1292,910,1086,-1,
1292,1086,1291,-1,
1291,1086,1085,-1,
1291,1085,909,-1,
88,87,131,-1,
131,132,88,-1,
88,132,308,-1,
88,308,653,-1,
653,308,484,-1,
653,484,652,-1,
652,484,483,-1,
652,483,87,-1,
87,483,307,-1,
87,307,131,-1,
1290,907,651,-1,
651,907,731,-1,
651,731,652,-1,
731,732,652,-1,
652,732,908,-1,
652,908,1291,-1,
1291,908,1084,-1,
1291,1084,1290,-1,
1290,1084,1083,-1,
1290,1083,907,-1,
87,86,129,-1,
129,130,87,-1,
87,130,306,-1,
87,306,652,-1,
652,306,482,-1,
652,482,651,-1,
651,482,481,-1,
651,481,86,-1,
86,481,305,-1,
86,305,129,-1,
905,729,650,-1,
650,729,651,-1,
729,730,651,-1,
651,730,906,-1,
651,906,1290,-1,
1290,906,1082,-1,
1290,1082,1289,-1,
1289,1082,1081,-1,
86,85,127,-1,
127,128,86,-1,
86,128,304,-1,
86,304,651,-1,
651,304,480,-1,
651,480,650,-1,
650,480,479,-1,
650,479,85,-1,
85,479,303,-1,
85,303,127,-1,
1081,905,1289,-1,
1289,905,650,-1,
1289,650,904,-1,
726,650,649,-1,
904,1080,1289,-1,
1289,1080,1079,-1,
1289,1079,1288,-1,
1288,901,649,-1,
649,901,725,-1,
649,725,726,-1,
1077,1288,1078,-1,
1078,1288,1079,-1,
1078,1079,902,-1,
902,1079,903,-1,
902,903,726,-1,
726,903,727,-1,
726,727,650,-1,
650,727,728,-1,
650,728,904,-1,
124,300,477,-1,
477,300,476,-1,
84,123,124,-1,
477,301,124,-1,
124,301,125,-1,
124,125,84,-1,
84,125,85,-1,
125,126,85,-1,
85,126,302,-1,
85,302,650,-1,
650,302,478,-1,
478,477,650,-1,
650,477,476,-1,
650,476,649,-1,
649,476,475,-1,
649,475,84,-1,
84,475,299,-1,
84,299,123,-1,
1287,899,648,-1,
648,899,723,-1,
648,723,649,-1,
723,724,649,-1,
649,724,900,-1,
649,900,1288,-1,
1288,900,1076,-1,
1288,1076,1287,-1,
1287,1076,1075,-1,
1287,1075,899,-1,
84,83,121,-1,
121,122,84,-1,
84,122,298,-1,
84,298,649,-1,
649,298,474,-1,
649,474,648,-1,
648,474,473,-1,
648,473,83,-1,
83,473,297,-1,
83,297,121,-1,
1286,897,647,-1,
647,897,721,-1,
647,721,648,-1,
721,722,648,-1,
648,722,898,-1,
648,898,1287,-1,
1287,898,1074,-1,
1287,1074,1286,-1,
1286,1074,1073,-1,
1286,1073,897,-1,
83,82,119,-1,
119,120,83,-1,
83,120,296,-1,
83,296,648,-1,
648,296,472,-1,
648,472,647,-1,
647,472,471,-1,
647,471,82,-1,
82,471,295,-1,
82,295,119,-1,
895,719,646,-1,
646,719,647,-1,
1071,1285,1072,-1,
1072,1285,1286,-1,
1072,1286,896,-1,
896,1286,647,-1,
896,647,720,-1,
720,647,719,-1,
469,646,470,-1,
470,646,647,-1,
470,647,294,-1,
294,647,82,-1,
294,82,118,-1,
118,82,81,-1,
118,81,117,-1,
117,81,293,-1,
1071,895,1285,-1,
1285,895,646,-1,
1285,646,1284,-1,
1284,646,645,-1,
469,293,646,-1,
646,293,81,-1,
646,81,645,-1,
645,81,80,-1,
116,40,115,-1,
115,40,39,-1,
115,39,114,-1,
114,39,38,-1,
114,38,113,-1,
113,38,37,-1,
113,37,112,-1,
112,37,36,-1,
112,36,111,-1,
111,36,35,-1,
111,35,110,-1,
110,35,34,-1,
110,34,109,-1,
109,34,33,-1,
109,33,108,-1,
108,33,32,-1,
108,32,107,-1,
107,32,31,-1,
107,31,106,-1,
106,31,30,-1,
106,30,105,-1,
105,30,29,-1,
105,29,104,-1,
104,29,28,-1,
104,28,103,-1,
103,28,27,-1,
103,27,102,-1,
102,27,26,-1,
102,26,101,-1,
101,26,25,-1,
101,25,100,-1,
100,25,24,-1,
100,24,99,-1,
99,24,23,-1,
99,23,98,-1,
98,23,22,-1,
98,22,97,-1,
97,22,21,-1,
97,21,96,-1,
96,21,20,-1,
96,20,95,-1,
95,20,19,-1,
95,19,94,-1,
94,19,18,-1,
94,18,93,-1,
93,18,17,-1,
93,17,92,-1,
92,17,16,-1,
92,16,91,-1,
91,16,15,-1,
91,15,90,-1,
90,15,14,-1,
90,14,89,-1,
89,14,13,-1,
89,13,88,-1,
88,13,12,-1,
88,12,87,-1,
87,12,11,-1,
87,11,86,-1,
86,11,10,-1,
86,10,85,-1,
85,10,9,-1,
85,9,84,-1,
84,9,8,-1,
84,8,83,-1,
83,8,7,-1,
83,7,82,-1,
82,7,6,-1,
82,6,81,-1,
81,6,5,-1,
81,5,80,-1,
80,5,4,-1,
0,4,1,-1,
1,4,40,-1,
3,2,1,-1,
1,2,0,-1,
1321,1358,1362,-1,
4,0,41,-1,
41,0,2,-1,
41,2,78,-1,
1362,1360,1321,-1,
1321,1360,1284,-1,
1321,1284,1247,-1,
1247,1284,682,-1,
682,1284,645,-1,
682,645,41,-1,
41,645,80,-1,
41,80,4,-1,
1071,1072,1159,-1,
1159,1072,1160,-1,
983,895,1159,-1,
1159,895,1071,-1,
807,719,983,-1,
983,719,895,-1,
720,719,808,-1,
808,719,807,-1,
984,896,808,-1,
808,896,720,-1,
1160,1072,984,-1,
984,1072,896,-1,
1073,1074,1161,-1,
1161,1074,1162,-1,
985,897,1161,-1,
1161,897,1073,-1,
809,721,985,-1,
985,721,897,-1,
722,721,810,-1,
810,721,809,-1,
986,898,810,-1,
810,898,722,-1,
1162,1074,986,-1,
986,1074,898,-1,
1075,1076,1163,-1,
1163,1076,1164,-1,
987,899,1163,-1,
1163,899,1075,-1,
811,723,987,-1,
987,723,899,-1,
724,723,812,-1,
812,723,811,-1,
988,900,812,-1,
812,900,724,-1,
1164,1076,988,-1,
988,1076,900,-1,
1077,1078,1165,-1,
1165,1078,1166,-1,
989,901,1165,-1,
1165,901,1077,-1,
813,725,989,-1,
989,725,901,-1,
726,725,814,-1,
814,725,813,-1,
990,902,814,-1,
814,902,726,-1,
1166,1078,990,-1,
990,1078,902,-1,
1079,1080,1167,-1,
1167,1080,1168,-1,
991,903,1167,-1,
1167,903,1079,-1,
815,727,991,-1,
991,727,903,-1,
728,727,816,-1,
816,727,815,-1,
992,904,816,-1,
816,904,728,-1,
1168,1080,992,-1,
992,1080,904,-1,
1081,1082,1169,-1,
1169,1082,1170,-1,
993,905,1169,-1,
1169,905,1081,-1,
817,729,993,-1,
993,729,905,-1,
730,729,818,-1,
818,729,817,-1,
994,906,818,-1,
818,906,730,-1,
1170,1082,994,-1,
994,1082,906,-1,
1083,1084,1171,-1,
1171,1084,1172,-1,
995,907,1171,-1,
1171,907,1083,-1,
819,731,995,-1,
995,731,907,-1,
732,731,820,-1,
820,731,819,-1,
996,908,820,-1,
820,908,732,-1,
1172,1084,996,-1,
996,1084,908,-1,
1085,1086,1173,-1,
1173,1086,1174,-1,
997,909,1173,-1,
1173,909,1085,-1,
821,733,997,-1,
997,733,909,-1,
734,733,822,-1,
822,733,821,-1,
998,910,822,-1,
822,910,734,-1,
1174,1086,998,-1,
998,1086,910,-1,
1087,1088,1175,-1,
1175,1088,1176,-1,
999,911,1175,-1,
1175,911,1087,-1,
823,735,999,-1,
999,735,911,-1,
736,735,824,-1,
824,735,823,-1,
1000,912,824,-1,
824,912,736,-1,
1176,1088,1000,-1,
1000,1088,912,-1,
1089,1090,1177,-1,
1177,1090,1178,-1,
1001,913,1177,-1,
1177,913,1089,-1,
825,737,1001,-1,
1001,737,913,-1,
738,737,826,-1,
826,737,825,-1,
1002,914,826,-1,
826,914,738,-1,
1178,1090,1002,-1,
1002,1090,914,-1,
1091,1092,1179,-1,
1179,1092,1180,-1,
1003,915,1179,-1,
1179,915,1091,-1,
827,739,1003,-1,
1003,739,915,-1,
740,739,828,-1,
828,739,827,-1,
1004,916,828,-1,
828,916,740,-1,
1180,1092,1004,-1,
1004,1092,916,-1,
1093,1094,1181,-1,
1181,1094,1182,-1,
1005,917,1181,-1,
1181,917,1093,-1,
829,741,1005,-1,
1005,741,917,-1,
742,741,830,-1,
830,741,829,-1,
1006,918,830,-1,
830,918,742,-1,
1182,1094,1006,-1,
1006,1094,918,-1,
1095,1096,1183,-1,
1183,1096,1184,-1,
1007,919,1183,-1,
1183,919,1095,-1,
831,743,1007,-1,
1007,743,919,-1,
744,743,832,-1,
832,743,831,-1,
1008,920,832,-1,
832,920,744,-1,
1184,1096,1008,-1,
1008,1096,920,-1,
1097,1098,1185,-1,
1185,1098,1186,-1,
1009,921,1185,-1,
1185,921,1097,-1,
833,745,1009,-1,
1009,745,921,-1,
746,745,834,-1,
834,745,833,-1,
1010,922,834,-1,
834,922,746,-1,
1186,1098,1010,-1,
1010,1098,922,-1,
1099,1100,1187,-1,
1187,1100,1188,-1,
1011,923,1187,-1,
1187,923,1099,-1,
835,747,1011,-1,
1011,747,923,-1,
748,747,836,-1,
836,747,835,-1,
1012,924,836,-1,
836,924,748,-1,
1188,1100,1012,-1,
1012,1100,924,-1,
1101,1102,1189,-1,
1189,1102,1190,-1,
1013,925,1189,-1,
1189,925,1101,-1,
837,749,1013,-1,
1013,749,925,-1,
750,749,838,-1,
838,749,837,-1,
1014,926,838,-1,
838,926,750,-1,
1190,1102,1014,-1,
1014,1102,926,-1,
1103,1104,1191,-1,
1191,1104,1192,-1,
1015,927,1191,-1,
1191,927,1103,-1,
839,751,1015,-1,
1015,751,927,-1,
752,751,840,-1,
840,751,839,-1,
1016,928,840,-1,
840,928,752,-1,
1192,1104,1016,-1,
1016,1104,928,-1,
1105,1106,1193,-1,
1193,1106,1194,-1,
1017,929,1193,-1,
1193,929,1105,-1,
841,753,1017,-1,
1017,753,929,-1,
754,753,842,-1,
842,753,841,-1,
1018,930,842,-1,
842,930,754,-1,
1194,1106,1018,-1,
1018,1106,930,-1,
1107,1108,1195,-1,
1195,1108,1196,-1,
1019,931,1195,-1,
1195,931,1107,-1,
843,755,1019,-1,
1019,755,931,-1,
756,755,844,-1,
844,755,843,-1,
1020,932,844,-1,
844,932,756,-1,
1196,1108,1020,-1,
1020,1108,932,-1,
1109,1110,1197,-1,
1197,1110,1198,-1,
1021,933,1197,-1,
1197,933,1109,-1,
845,757,1021,-1,
1021,757,933,-1,
758,757,846,-1,
846,757,845,-1,
1022,934,846,-1,
846,934,758,-1,
1198,1110,1022,-1,
1022,1110,934,-1,
1111,1112,1199,-1,
1199,1112,1200,-1,
1023,935,1199,-1,
1199,935,1111,-1,
847,759,1023,-1,
1023,759,935,-1,
760,759,848,-1,
848,759,847,-1,
1024,936,848,-1,
848,936,760,-1,
1200,1112,1024,-1,
1024,1112,936,-1,
1113,1114,1201,-1,
1201,1114,1202,-1,
1025,937,1201,-1,
1201,937,1113,-1,
849,761,1025,-1,
1025,761,937,-1,
762,761,850,-1,
850,761,849,-1,
1026,938,850,-1,
850,938,762,-1,
1202,1114,1026,-1,
1026,1114,938,-1,
1115,1116,1203,-1,
1203,1116,1204,-1,
1027,939,1203,-1,
1203,939,1115,-1,
851,763,1027,-1,
1027,763,939,-1,
764,763,852,-1,
852,763,851,-1,
1028,940,852,-1,
852,940,764,-1,
1204,1116,1028,-1,
1028,1116,940,-1,
1117,1118,1205,-1,
1205,1118,1206,-1,
1029,941,1205,-1,
1205,941,1117,-1,
853,765,1029,-1,
1029,765,941,-1,
766,765,854,-1,
854,765,853,-1,
1030,942,854,-1,
854,942,766,-1,
1206,1118,1030,-1,
1030,1118,942,-1,
1119,1120,1207,-1,
1207,1120,1208,-1,
1031,943,1207,-1,
1207,943,1119,-1,
855,767,1031,-1,
1031,767,943,-1,
768,767,856,-1,
856,767,855,-1,
1032,944,856,-1,
856,944,768,-1,
1208,1120,1032,-1,
1032,1120,944,-1,
1121,1122,1209,-1,
1209,1122,1210,-1,
1033,945,1209,-1,
1209,945,1121,-1,
857,769,1033,-1,
1033,769,945,-1,
770,769,858,-1,
858,769,857,-1,
1034,946,858,-1,
858,946,770,-1,
1210,1122,1034,-1,
1034,1122,946,-1,
1123,1124,1211,-1,
1211,1124,1212,-1,
1035,947,1211,-1,
1211,947,1123,-1,
859,771,1035,-1,
1035,771,947,-1,
772,771,860,-1,
860,771,859,-1,
1036,948,860,-1,
860,948,772,-1,
1212,1124,1036,-1,
1036,1124,948,-1,
1125,1126,1213,-1,
1213,1126,1214,-1,
1037,949,1213,-1,
1213,949,1125,-1,
861,773,1037,-1,
1037,773,949,-1,
774,773,862,-1,
862,773,861,-1,
1038,950,862,-1,
862,950,774,-1,
1214,1126,1038,-1,
1038,1126,950,-1,
1127,1128,1215,-1,
1215,1128,1216,-1,
1039,951,1215,-1,
1215,951,1127,-1,
863,775,1039,-1,
1039,775,951,-1,
776,775,864,-1,
864,775,863,-1,
1040,952,864,-1,
864,952,776,-1,
1216,1128,1040,-1,
1040,1128,952,-1,
1129,1130,1217,-1,
1217,1130,1218,-1,
1041,953,1217,-1,
1217,953,1129,-1,
865,777,1041,-1,
1041,777,953,-1,
778,777,866,-1,
866,777,865,-1,
1042,954,866,-1,
866,954,778,-1,
1218,1130,1042,-1,
1042,1130,954,-1,
1131,1132,1219,-1,
1219,1132,1220,-1,
1043,955,1219,-1,
1219,955,1131,-1,
867,779,1043,-1,
1043,779,955,-1,
780,779,868,-1,
868,779,867,-1,
1044,956,868,-1,
868,956,780,-1,
1220,1132,1044,-1,
1044,1132,956,-1,
1133,1134,1221,-1,
1221,1134,1222,-1,
1045,957,1221,-1,
1221,957,1133,-1,
869,781,1045,-1,
1045,781,957,-1,
782,781,870,-1,
870,781,869,-1,
1046,958,870,-1,
870,958,782,-1,
1222,1134,1046,-1,
1046,1134,958,-1,
1135,1136,1223,-1,
1223,1136,1224,-1,
1047,959,1223,-1,
1223,959,1135,-1,
871,783,1047,-1,
1047,783,959,-1,
784,783,872,-1,
872,783,871,-1,
1048,960,872,-1,
872,960,784,-1,
1224,1136,1048,-1,
1048,1136,960,-1,
1137,1138,1225,-1,
1225,1138,1226,-1,
1049,961,1225,-1,
1225,961,1137,-1,
873,785,1049,-1,
1049,785,961,-1,
786,785,874,-1,
874,785,873,-1,
1050,962,874,-1,
874,962,786,-1,
1226,1138,1050,-1,
1050,1138,962,-1,
1139,1140,1227,-1,
1227,1140,1228,-1,
1051,963,1227,-1,
1227,963,1139,-1,
875,787,1051,-1,
1051,787,963,-1,
788,787,876,-1,
876,787,875,-1,
1052,964,876,-1,
876,964,788,-1,
1228,1140,1052,-1,
1052,1140,964,-1,
1141,1142,1229,-1,
1229,1142,1230,-1,
1053,965,1229,-1,
1229,965,1141,-1,
877,789,1053,-1,
1053,789,965,-1,
790,789,878,-1,
878,789,877,-1,
1054,966,878,-1,
878,966,790,-1,
1230,1142,1054,-1,
1054,1142,966,-1,
1143,1144,1231,-1,
1231,1144,1232,-1,
1055,967,1231,-1,
1231,967,1143,-1,
879,791,1055,-1,
1055,791,967,-1,
792,791,880,-1,
880,791,879,-1,
1056,968,880,-1,
880,968,792,-1,
1232,1144,1056,-1,
1056,1144,968,-1,
1145,1146,1233,-1,
1233,1146,1234,-1,
1057,969,1233,-1,
1233,969,1145,-1,
881,793,1057,-1,
1057,793,969,-1,
794,793,882,-1,
882,793,881,-1,
1058,970,882,-1,
882,970,794,-1,
1234,1146,1058,-1,
1058,1146,970,-1,
1147,1148,1235,-1,
1235,1148,1236,-1,
1059,971,1235,-1,
1235,971,1147,-1,
883,795,1059,-1,
1059,795,971,-1,
796,795,884,-1,
884,795,883,-1,
1060,972,884,-1,
884,972,796,-1,
1236,1148,1060,-1,
1060,1148,972,-1,
1149,1150,1237,-1,
1237,1150,1238,-1,
1061,973,1237,-1,
1237,973,1149,-1,
885,797,1061,-1,
1061,797,973,-1,
798,797,886,-1,
886,797,885,-1,
1062,974,886,-1,
886,974,798,-1,
1238,1150,1062,-1,
1062,1150,974,-1,
1151,1152,1239,-1,
1239,1152,1240,-1,
1063,975,1239,-1,
1239,975,1151,-1,
887,799,1063,-1,
1063,799,975,-1,
800,799,888,-1,
888,799,887,-1,
1064,976,888,-1,
888,976,800,-1,
1240,1152,1064,-1,
1064,1152,976,-1,
1153,1154,1241,-1,
1241,1154,1242,-1,
1065,977,1241,-1,
1241,977,1153,-1,
889,801,1065,-1,
1065,801,977,-1,
802,801,890,-1,
890,801,889,-1,
1066,978,890,-1,
890,978,802,-1,
1242,1154,1066,-1,
1066,1154,978,-1,
1155,1156,1243,-1,
1243,1156,1244,-1,
1067,979,1243,-1,
1243,979,1155,-1,
891,803,1067,-1,
1067,803,979,-1,
804,803,892,-1,
892,803,891,-1,
1068,980,892,-1,
892,980,804,-1,
1244,1156,1068,-1,
1068,1156,980,-1,
1157,1158,1245,-1,
1245,1158,1246,-1,
1069,981,1245,-1,
1245,981,1157,-1,
893,805,1069,-1,
1069,805,981,-1,
806,805,894,-1,
894,805,893,-1,
1070,982,894,-1,
894,982,806,-1,
1246,1158,1070,-1,
1070,1158,982,-1,
118,117,206,-1,
206,117,205,-1,
293,381,117,-1,
117,381,205,-1,
469,557,293,-1,
293,557,381,-1,
469,470,557,-1,
557,470,558,-1,
294,382,470,-1,
470,382,558,-1,
118,206,294,-1,
294,206,382,-1,
120,119,208,-1,
208,119,207,-1,
295,383,119,-1,
119,383,207,-1,
471,559,295,-1,
295,559,383,-1,
471,472,559,-1,
559,472,560,-1,
296,384,472,-1,
472,384,560,-1,
120,208,296,-1,
296,208,384,-1,
122,121,210,-1,
210,121,209,-1,
297,385,121,-1,
121,385,209,-1,
473,561,297,-1,
297,561,385,-1,
473,474,561,-1,
561,474,562,-1,
298,386,474,-1,
474,386,562,-1,
122,210,298,-1,
298,210,386,-1,
124,123,212,-1,
212,123,211,-1,
299,387,123,-1,
123,387,211,-1,
475,563,299,-1,
299,563,387,-1,
475,476,563,-1,
563,476,564,-1,
300,388,476,-1,
476,388,564,-1,
124,212,300,-1,
300,212,388,-1,
126,125,214,-1,
214,125,213,-1,
301,389,125,-1,
125,389,213,-1,
477,565,301,-1,
301,565,389,-1,
477,478,565,-1,
565,478,566,-1,
302,390,478,-1,
478,390,566,-1,
126,214,302,-1,
302,214,390,-1,
128,127,216,-1,
216,127,215,-1,
303,391,127,-1,
127,391,215,-1,
479,567,303,-1,
303,567,391,-1,
479,480,567,-1,
567,480,568,-1,
304,392,480,-1,
480,392,568,-1,
128,216,304,-1,
304,216,392,-1,
130,129,218,-1,
218,129,217,-1,
305,393,129,-1,
129,393,217,-1,
481,569,305,-1,
305,569,393,-1,
481,482,569,-1,
569,482,570,-1,
306,394,482,-1,
482,394,570,-1,
130,218,306,-1,
306,218,394,-1,
132,131,220,-1,
220,131,219,-1,
307,395,131,-1,
131,395,219,-1,
483,571,307,-1,
307,571,395,-1,
483,484,571,-1,
571,484,572,-1,
308,396,484,-1,
484,396,572,-1,
132,220,308,-1,
308,220,396,-1,
134,133,222,-1,
222,133,221,-1,
309,397,133,-1,
133,397,221,-1,
485,573,309,-1,
309,573,397,-1,
485,486,573,-1,
573,486,574,-1,
310,398,486,-1,
486,398,574,-1,
134,222,310,-1,
310,222,398,-1,
136,135,224,-1,
224,135,223,-1,
311,399,135,-1,
135,399,223,-1,
487,575,311,-1,
311,575,399,-1,
487,488,575,-1,
575,488,576,-1,
312,400,488,-1,
488,400,576,-1,
136,224,312,-1,
312,224,400,-1,
138,137,226,-1,
226,137,225,-1,
313,401,137,-1,
137,401,225,-1,
489,577,313,-1,
313,577,401,-1,
489,490,577,-1,
577,490,578,-1,
314,402,490,-1,
490,402,578,-1,
138,226,314,-1,
314,226,402,-1,
140,139,228,-1,
228,139,227,-1,
315,403,139,-1,
139,403,227,-1,
491,579,315,-1,
315,579,403,-1,
491,492,579,-1,
579,492,580,-1,
316,404,492,-1,
492,404,580,-1,
140,228,316,-1,
316,228,404,-1,
142,141,230,-1,
230,141,229,-1,
317,405,141,-1,
141,405,229,-1,
493,581,317,-1,
317,581,405,-1,
493,494,581,-1,
581,494,582,-1,
318,406,494,-1,
494,406,582,-1,
142,230,318,-1,
318,230,406,-1,
144,143,232,-1,
232,143,231,-1,
319,407,143,-1,
143,407,231,-1,
495,583,319,-1,
319,583,407,-1,
495,496,583,-1,
583,496,584,-1,
320,408,496,-1,
496,408,584,-1,
144,232,320,-1,
320,232,408,-1,
146,145,234,-1,
234,145,233,-1,
321,409,145,-1,
145,409,233,-1,
497,585,321,-1,
321,585,409,-1,
497,498,585,-1,
585,498,586,-1,
322,410,498,-1,
498,410,586,-1,
146,234,322,-1,
322,234,410,-1,
148,147,236,-1,
236,147,235,-1,
323,411,147,-1,
147,411,235,-1,
499,587,323,-1,
323,587,411,-1,
499,500,587,-1,
587,500,588,-1,
324,412,500,-1,
500,412,588,-1,
148,236,324,-1,
324,236,412,-1,
150,149,238,-1,
238,149,237,-1,
325,413,149,-1,
149,413,237,-1,
501,589,325,-1,
325,589,413,-1,
501,502,589,-1,
589,502,590,-1,
326,414,502,-1,
502,414,590,-1,
150,238,326,-1,
326,238,414,-1,
152,151,240,-1,
240,151,239,-1,
327,415,151,-1,
151,415,239,-1,
503,591,327,-1,
327,591,415,-1,
503,504,591,-1,
591,504,592,-1,
328,416,504,-1,
504,416,592,-1,
152,240,328,-1,
328,240,416,-1,
154,153,242,-1,
242,153,241,-1,
329,417,153,-1,
153,417,241,-1,
505,593,329,-1,
329,593,417,-1,
505,506,593,-1,
593,506,594,-1,
330,418,506,-1,
506,418,594,-1,
154,242,330,-1,
330,242,418,-1,
156,155,244,-1,
244,155,243,-1,
331,419,155,-1,
155,419,243,-1,
507,595,331,-1,
331,595,419,-1,
507,508,595,-1,
595,508,596,-1,
332,420,508,-1,
508,420,596,-1,
156,244,332,-1,
332,244,420,-1,
158,157,246,-1,
246,157,245,-1,
333,421,157,-1,
157,421,245,-1,
509,597,333,-1,
333,597,421,-1,
509,510,597,-1,
597,510,598,-1,
334,422,510,-1,
510,422,598,-1,
158,246,334,-1,
334,246,422,-1,
160,159,248,-1,
248,159,247,-1,
335,423,159,-1,
159,423,247,-1,
511,599,335,-1,
335,599,423,-1,
511,512,599,-1,
599,512,600,-1,
336,424,512,-1,
512,424,600,-1,
160,248,336,-1,
336,248,424,-1,
162,161,250,-1,
250,161,249,-1,
337,425,161,-1,
161,425,249,-1,
513,601,337,-1,
337,601,425,-1,
513,514,601,-1,
601,514,602,-1,
338,426,514,-1,
514,426,602,-1,
162,250,338,-1,
338,250,426,-1,
164,163,252,-1,
252,163,251,-1,
339,427,163,-1,
163,427,251,-1,
515,603,339,-1,
339,603,427,-1,
515,516,603,-1,
603,516,604,-1,
340,428,516,-1,
516,428,604,-1,
164,252,340,-1,
340,252,428,-1,
166,165,254,-1,
254,165,253,-1,
341,429,165,-1,
165,429,253,-1,
517,605,341,-1,
341,605,429,-1,
517,518,605,-1,
605,518,606,-1,
342,430,518,-1,
518,430,606,-1,
166,254,342,-1,
342,254,430,-1,
168,167,256,-1,
256,167,255,-1,
343,431,167,-1,
167,431,255,-1,
519,607,343,-1,
343,607,431,-1,
519,520,607,-1,
607,520,608,-1,
344,432,520,-1,
520,432,608,-1,
168,256,344,-1,
344,256,432,-1,
170,169,258,-1,
258,169,257,-1,
345,433,169,-1,
169,433,257,-1,
521,609,345,-1,
345,609,433,-1,
521,522,609,-1,
609,522,610,-1,
346,434,522,-1,
522,434,610,-1,
170,258,346,-1,
346,258,434,-1,
172,171,260,-1,
260,171,259,-1,
347,435,171,-1,
171,435,259,-1,
523,611,347,-1,
347,611,435,-1,
523,524,611,-1,
611,524,612,-1,
348,436,524,-1,
524,436,612,-1,
172,260,348,-1,
348,260,436,-1,
174,173,262,-1,
262,173,261,-1,
349,437,173,-1,
173,437,261,-1,
525,613,349,-1,
349,613,437,-1,
525,526,613,-1,
613,526,614,-1,
350,438,526,-1,
526,438,614,-1,
174,262,350,-1,
350,262,438,-1,
176,175,264,-1,
264,175,263,-1,
351,439,175,-1,
175,439,263,-1,
527,615,351,-1,
351,615,439,-1,
527,528,615,-1,
615,528,616,-1,
352,440,528,-1,
528,440,616,-1,
176,264,352,-1,
352,264,440,-1,
178,177,266,-1,
266,177,265,-1,
353,441,177,-1,
177,441,265,-1,
529,617,353,-1,
353,617,441,-1,
529,530,617,-1,
617,530,618,-1,
354,442,530,-1,
530,442,618,-1,
178,266,354,-1,
354,266,442,-1,
180,179,268,-1,
268,179,267,-1,
355,443,179,-1,
179,443,267,-1,
531,619,355,-1,
355,619,443,-1,
531,532,619,-1,
619,532,620,-1,
356,444,532,-1,
532,444,620,-1,
180,268,356,-1,
356,268,444,-1,
182,181,270,-1,
270,181,269,-1,
357,445,181,-1,
181,445,269,-1,
533,621,357,-1,
357,621,445,-1,
533,534,621,-1,
621,534,622,-1,
358,446,534,-1,
534,446,622,-1,
182,270,358,-1,
358,270,446,-1,
184,183,272,-1,
272,183,271,-1,
359,447,183,-1,
183,447,271,-1,
535,623,359,-1,
359,623,447,-1,
535,536,623,-1,
623,536,624,-1,
360,448,536,-1,
536,448,624,-1,
184,272,360,-1,
360,272,448,-1,
186,185,274,-1,
274,185,273,-1,
361,449,185,-1,
185,449,273,-1,
537,625,361,-1,
361,625,449,-1,
537,538,625,-1,
625,538,626,-1,
362,450,538,-1,
538,450,626,-1,
186,274,362,-1,
362,274,450,-1,
188,187,276,-1,
276,187,275,-1,
363,451,187,-1,
187,451,275,-1,
539,627,363,-1,
363,627,451,-1,
539,540,627,-1,
627,540,628,-1,
364,452,540,-1,
540,452,628,-1,
188,276,364,-1,
364,276,452,-1,
190,189,278,-1,
278,189,277,-1,
365,453,189,-1,
189,453,277,-1,
541,629,365,-1,
365,629,453,-1,
541,542,629,-1,
629,542,630,-1,
366,454,542,-1,
542,454,630,-1,
190,278,366,-1,
366,278,454,-1,
192,191,280,-1,
280,191,279,-1,
367,455,191,-1,
191,455,279,-1,
543,631,367,-1,
367,631,455,-1,
543,544,631,-1,
631,544,632,-1,
368,456,544,-1,
544,456,632,-1,
192,280,368,-1,
368,280,456,-1,
194,193,282,-1,
282,193,281,-1,
369,457,193,-1,
193,457,281,-1,
545,633,369,-1,
369,633,457,-1,
545,546,633,-1,
633,546,634,-1,
370,458,546,-1,
546,458,634,-1,
194,282,370,-1,
370,282,458,-1,
196,195,284,-1,
284,195,283,-1,
371,459,195,-1,
195,459,283,-1,
547,635,371,-1,
371,635,459,-1,
547,548,635,-1,
635,548,636,-1,
372,460,548,-1,
548,460,636,-1,
196,284,372,-1,
372,284,460,-1,
198,197,286,-1,
286,197,285,-1,
373,461,197,-1,
197,461,285,-1,
549,637,373,-1,
373,637,461,-1,
549,550,637,-1,
637,550,638,-1,
374,462,550,-1,
550,462,638,-1,
198,286,374,-1,
374,286,462,-1,
200,199,288,-1,
288,199,287,-1,
375,463,199,-1,
199,463,287,-1,
551,639,375,-1,
375,639,463,-1,
551,552,639,-1,
639,552,640,-1,
376,464,552,-1,
552,464,640,-1,
200,288,376,-1,
376,288,464,-1,
202,201,290,-1,
290,201,289,-1,
377,465,201,-1,
201,465,289,-1,
553,641,377,-1,
377,641,465,-1,
553,554,641,-1,
641,554,642,-1,
378,466,554,-1,
554,466,642,-1,
202,290,378,-1,
378,290,466,-1,
204,203,292,-1,
292,203,291,-1,
379,467,203,-1,
203,467,291,-1,
555,643,379,-1,
379,643,467,-1,
555,556,643,-1,
643,556,644,-1,
380,468,556,-1,
556,468,644,-1,
204,292,380,-1,
380,292,468,-1
]
normalIndex [
6,6,6,-1,
6,6,6,-1,
6,6,6,-1,
6,6,6,-1,
6,6,6,-1,
6,6,6,-1,
6,6,6,-1,
6,6,6,-1,
6,6,6,-1,
6,6,6,-1,
6,6,6,-1,
6,6,6,-1,
1,1,1,-1,
1,1,1,-1,
11,11,11,-1,
11,11,11,-1,
11,11,11,-1,
11,11,11,-1,
11,11,11,-1,
11,11,11,-1,
11,11,11,-1,
11,11,11,-1,
11,11,11,-1,
11,11,11,-1,
11,11,11,-1,
11,11,11,-1,
11,11,11,-1,
11,11,11,-1,
11,11,11,-1,
11,11,11,-1,
11,11,11,-1,
11,11,11,-1,
11,11,11,-1,
11,11,11,-1,
11,11,11,-1,
11,11,11,-1,
11,11,11,-1,
11,11,11,-1,
11,11,11,-1,
11,11,11,-1,
11,11,11,-1,
11,11,11,-1,
11,11,11,-1,
11,11,11,-1,
11,11,11,-1,
11,11,11,-1,
11,11,11,-1,
11,11,11,-1,
11,11,11,-1,
11,11,11,-1,
11,11,11,-1,
7,7,7,-1,
7,7,7,-1,
7,7,7,-1,
7,7,7,-1,
7,7,7,-1,
7,7,7,-1,
7,7,7,-1,
7,7,7,-1,
7,7,7,-1,
7,7,7,-1,
7,7,7,-1,
7,7,7,-1,
7,7,7,-1,
7,7,7,-1,
7,7,7,-1,
7,7,7,-1,
7,7,7,-1,
7,7,7,-1,
7,7,7,-1,
7,7,7,-1,
7,7,7,-1,
7,7,7,-1,
7,7,7,-1,
7,7,7,-1,
7,7,7,-1,
7,7,7,-1,
7,7,7,-1,
7,7,7,-1,
7,7,7,-1,
7,7,7,-1,
7,7,7,-1,
7,7,7,-1,
7,7,7,-1,
7,7,7,-1,
7,7,7,-1,
7,7,7,-1,
7,7,7,-1,
7,7,7,-1,
7,7,7,-1,
7,7,7,-1,
7,7,7,-1,
7,7,7,-1,
7,7,7,-1,
7,7,7,-1,
7,7,7,-1,
7,7,7,-1,
7,7,7,-1,
7,7,7,-1,
7,7,7,-1,
7,7,7,-1,
7,7,7,-1,
7,7,7,-1,
7,7,7,-1,
7,7,7,-1,
7,7,7,-1,
7,7,7,-1,
7,7,7,-1,
7,7,7,-1,
7,7,7,-1,
7,7,7,-1,
7,7,7,-1,
7,7,7,-1,
7,7,7,-1,
7,7,7,-1,
7,7,7,-1,
7,7,7,-1,
7,7,7,-1,
7,7,7,-1,
7,7,7,-1,
7,7,7,-1,
7,7,7,-1,
7,7,7,-1,
7,7,7,-1,
7,7,7,-1,
7,7,7,-1,
7,7,7,-1,
7,7,7,-1,
7,7,7,-1,
7,7,7,-1,
7,7,7,-1,
7,7,7,-1,
7,7,7,-1,
7,7,7,-1,
7,7,7,-1,
7,7,7,-1,
7,7,7,-1,
7,7,7,-1,
7,7,7,-1,
7,7,7,-1,
7,7,7,-1,
7,7,7,-1,
7,7,7,-1,
7,7,7,-1,
7,7,7,-1,
7,7,7,-1,
7,7,7,-1,
7,7,7,-1,
7,7,7,-1,
7,7,7,-1,
7,7,7,-1,
7,7,7,-1,
7,7,7,-1,
7,7,7,-1,
7,7,7,-1,
7,7,7,-1,
7,7,7,-1,
7,7,7,-1,
7,7,7,-1,
7,7,7,-1,
7,7,7,-1,
7,7,7,-1,
7,7,7,-1,
7,7,7,-1,
7,7,7,-1,
7,7,7,-1,
7,7,7,-1,
7,7,7,-1,
7,7,7,-1,
7,7,7,-1,
7,7,7,-1,
7,7,7,-1,
7,7,7,-1,
7,7,7,-1,
7,7,7,-1,
7,7,7,-1,
7,7,7,-1,
7,7,7,-1,
7,7,7,-1,
7,7,7,-1,
7,7,7,-1,
7,7,7,-1,
7,7,7,-1,
7,7,7,-1,
7,7,7,-1,
7,7,7,-1,
7,7,7,-1,
7,7,7,-1,
7,7,7,-1,
7,7,7,-1,
7,7,7,-1,
7,7,7,-1,
7,7,7,-1,
7,7,7,-1,
7,7,7,-1,
7,7,7,-1,
7,7,7,-1,
7,7,7,-1,
7,7,7,-1,
7,7,7,-1,
7,7,7,-1,
7,7,7,-1,
7,7,7,-1,
7,7,7,-1,
7,7,7,-1,
7,7,7,-1,
7,7,7,-1,
7,7,7,-1,
7,7,7,-1,
7,7,7,-1,
7,7,7,-1,
7,7,7,-1,
7,7,7,-1,
7,7,7,-1,
7,7,7,-1,
7,7,7,-1,
7,7,7,-1,
7,7,7,-1,
7,7,7,-1,
7,7,7,-1,
7,7,7,-1,
7,7,7,-1,
7,7,7,-1,
7,7,7,-1,
7,7,7,-1,
7,7,7,-1,
7,7,7,-1,
7,7,7,-1,
7,7,7,-1,
7,7,7,-1,
7,7,7,-1,
7,7,7,-1,
7,7,7,-1,
7,7,7,-1,
7,7,7,-1,
7,7,7,-1,
7,7,7,-1,
7,7,7,-1,
7,7,7,-1,
7,7,7,-1,
7,7,7,-1,
7,7,7,-1,
7,7,7,-1,
7,7,7,-1,
7,7,7,-1,
7,7,7,-1,
7,7,7,-1,
7,7,7,-1,
7,7,7,-1,
7,7,7,-1,
7,7,7,-1,
7,7,7,-1,
7,7,7,-1,
7,7,7,-1,
7,7,7,-1,
7,7,7,-1,
7,7,7,-1,
7,7,7,-1,
7,7,7,-1,
7,7,7,-1,
7,7,7,-1,
7,7,7,-1,
7,7,7,-1,
7,7,7,-1,
7,7,7,-1,
7,7,7,-1,
7,7,7,-1,
7,7,7,-1,
7,7,7,-1,
7,7,7,-1,
7,7,7,-1,
7,7,7,-1,
7,7,7,-1,
7,7,7,-1,
7,7,7,-1,
7,7,7,-1,
7,7,7,-1,
7,7,7,-1,
7,7,7,-1,
7,7,7,-1,
7,7,7,-1,
7,7,7,-1,
7,7,7,-1,
7,7,7,-1,
7,7,7,-1,
7,7,7,-1,
7,7,7,-1,
7,7,7,-1,
7,7,7,-1,
7,7,7,-1,
7,7,7,-1,
7,7,7,-1,
7,7,7,-1,
7,7,7,-1,
7,7,7,-1,
7,7,7,-1,
7,7,7,-1,
7,7,7,-1,
7,7,7,-1,
7,7,7,-1,
7,7,7,-1,
7,7,7,-1,
7,7,7,-1,
7,7,7,-1,
7,7,7,-1,
7,7,7,-1,
7,7,7,-1,
7,7,7,-1,
7,7,7,-1,
7,7,7,-1,
7,7,7,-1,
7,7,7,-1,
7,7,7,-1,
7,7,7,-1,
7,7,7,-1,
7,7,7,-1,
7,7,7,-1,
7,7,7,-1,
7,7,7,-1,
7,7,7,-1,
7,7,7,-1,
7,7,7,-1,
7,7,7,-1,
7,7,7,-1,
7,7,7,-1,
7,7,7,-1,
7,7,7,-1,
7,7,7,-1,
7,7,7,-1,
7,7,7,-1,
7,7,7,-1,
7,7,7,-1,
7,7,7,-1,
7,7,7,-1,
7,7,7,-1,
7,7,7,-1,
7,7,7,-1,
7,7,7,-1,
7,7,7,-1,
7,7,7,-1,
7,7,7,-1,
7,7,7,-1,
7,7,7,-1,
7,7,7,-1,
7,7,7,-1,
7,7,7,-1,
7,7,7,-1,
7,7,7,-1,
7,7,7,-1,
7,7,7,-1,
7,7,7,-1,
7,7,7,-1,
7,7,7,-1,
7,7,7,-1,
7,7,7,-1,
7,7,7,-1,
7,7,7,-1,
7,7,7,-1,
7,7,7,-1,
7,7,7,-1,
7,7,7,-1,
7,7,7,-1,
7,7,7,-1,
7,7,7,-1,
7,7,7,-1,
7,7,7,-1,
7,7,7,-1,
7,7,7,-1,
7,7,7,-1,
7,7,7,-1,
7,7,7,-1,
7,7,7,-1,
7,7,7,-1,
7,7,7,-1,
7,7,7,-1,
7,7,7,-1,
7,7,7,-1,
7,7,7,-1,
7,7,7,-1,
7,7,7,-1,
7,7,7,-1,
7,7,7,-1,
7,7,7,-1,
7,7,7,-1,
7,7,7,-1,
7,7,7,-1,
7,7,7,-1,
7,7,7,-1,
7,7,7,-1,
7,7,7,-1,
7,7,7,-1,
7,7,7,-1,
7,7,7,-1,
7,7,7,-1,
7,7,7,-1,
7,7,7,-1,
7,7,7,-1,
7,7,7,-1,
7,7,7,-1,
7,7,7,-1,
7,7,7,-1,
7,7,7,-1,
7,7,7,-1,
7,7,7,-1,
7,7,7,-1,
7,7,7,-1,
7,7,7,-1,
7,7,7,-1,
7,7,7,-1,
7,7,7,-1,
7,7,7,-1,
7,7,7,-1,
7,7,7,-1,
7,7,7,-1,
7,7,7,-1,
7,7,7,-1,
7,7,7,-1,
7,7,7,-1,
7,7,7,-1,
7,7,7,-1,
7,7,7,-1,
7,7,7,-1,
7,7,7,-1,
7,7,7,-1,
7,7,7,-1,
7,7,7,-1,
7,7,7,-1,
7,7,7,-1,
7,7,7,-1,
7,7,7,-1,
7,7,7,-1,
7,7,7,-1,
7,7,7,-1,
7,7,7,-1,
7,7,7,-1,
7,7,7,-1,
7,7,7,-1,
7,7,7,-1,
7,7,7,-1,
7,7,7,-1,
7,7,7,-1,
7,7,7,-1,
7,7,7,-1,
7,7,7,-1,
7,7,7,-1,
7,7,7,-1,
7,7,7,-1,
7,7,7,-1,
7,7,7,-1,
7,7,7,-1,
7,7,7,-1,
7,7,7,-1,
7,7,7,-1,
7,7,7,-1,
7,7,7,-1,
7,7,7,-1,
7,7,7,-1,
7,7,7,-1,
7,7,7,-1,
7,7,7,-1,
7,7,7,-1,
7,7,7,-1,
7,7,7,-1,
7,7,7,-1,
7,7,7,-1,
7,7,7,-1,
7,7,7,-1,
7,7,7,-1,
7,7,7,-1,
7,7,7,-1,
7,7,7,-1,
7,7,7,-1,
7,7,7,-1,
7,7,7,-1,
7,7,7,-1,
7,7,7,-1,
7,7,7,-1,
7,7,7,-1,
7,7,7,-1,
7,7,7,-1,
7,7,7,-1,
7,7,7,-1,
7,7,7,-1,
7,7,7,-1,
7,7,7,-1,
7,7,7,-1,
7,7,7,-1,
7,7,7,-1,
7,7,7,-1,
7,7,7,-1,
7,7,7,-1,
7,7,7,-1,
7,7,7,-1,
7,7,7,-1,
7,7,7,-1,
7,7,7,-1,
7,7,7,-1,
7,7,7,-1,
7,7,7,-1,
7,7,7,-1,
7,7,7,-1,
7,7,7,-1,
7,7,7,-1,
7,7,7,-1,
7,7,7,-1,
7,7,7,-1,
7,7,7,-1,
7,7,7,-1,
7,7,7,-1,
7,7,7,-1,
7,7,7,-1,
7,7,7,-1,
7,7,7,-1,
7,7,7,-1,
7,7,7,-1,
7,7,7,-1,
7,7,7,-1,
7,7,7,-1,
7,7,7,-1,
7,7,7,-1,
7,7,7,-1,
7,7,7,-1,
7,7,7,-1,
7,7,7,-1,
7,7,7,-1,
7,7,7,-1,
7,7,7,-1,
7,7,7,-1,
7,7,7,-1,
7,7,7,-1,
7,7,7,-1,
7,7,7,-1,
7,7,7,-1,
7,7,7,-1,
7,7,7,-1,
7,7,7,-1,
7,7,7,-1,
7,7,7,-1,
7,7,7,-1,
7,7,7,-1,
7,7,7,-1,
7,7,7,-1,
7,7,7,-1,
7,7,7,-1,
7,7,7,-1,
7,7,7,-1,
7,7,7,-1,
7,7,7,-1,
7,7,7,-1,
7,7,7,-1,
7,7,7,-1,
7,7,7,-1,
7,7,7,-1,
7,7,7,-1,
7,7,7,-1,
7,7,7,-1,
7,7,7,-1,
7,7,7,-1,
7,7,7,-1,
7,7,7,-1,
7,7,7,-1,
7,7,7,-1,
7,7,7,-1,
7,7,7,-1,
7,7,7,-1,
7,7,7,-1,
7,7,7,-1,
7,7,7,-1,
7,7,7,-1,
7,7,7,-1,
7,7,7,-1,
7,7,7,-1,
7,7,7,-1,
7,7,7,-1,
7,7,7,-1,
7,7,7,-1,
7,7,7,-1,
7,7,7,-1,
7,7,7,-1,
7,7,7,-1,
7,7,7,-1,
7,7,7,-1,
7,7,7,-1,
7,7,7,-1,
7,7,7,-1,
7,7,7,-1,
7,7,7,-1,
7,7,7,-1,
7,7,7,-1,
7,7,7,-1,
7,7,7,-1,
7,7,7,-1,
7,7,7,-1,
7,7,7,-1,
7,7,7,-1,
7,7,7,-1,
7,7,7,-1,
7,7,7,-1,
7,7,7,-1,
7,7,7,-1,
7,7,7,-1,
7,7,7,-1,
7,7,7,-1,
7,7,7,-1,
7,7,7,-1,
7,7,7,-1,
7,7,7,-1,
7,7,7,-1,
7,7,7,-1,
7,7,7,-1,
7,7,7,-1,
7,7,7,-1,
7,7,7,-1,
7,7,7,-1,
7,7,7,-1,
7,7,7,-1,
7,7,7,-1,
7,7,7,-1,
7,7,7,-1,
7,7,7,-1,
7,7,7,-1,
7,7,7,-1,
7,7,7,-1,
7,7,7,-1,
7,7,7,-1,
7,7,7,-1,
7,7,7,-1,
7,7,7,-1,
7,7,7,-1,
7,7,7,-1,
7,7,7,-1,
7,7,7,-1,
7,7,7,-1,
7,7,7,-1,
7,7,7,-1,
7,7,7,-1,
7,7,7,-1,
7,7,7,-1,
7,7,7,-1,
7,7,7,-1,
7,7,7,-1,
7,7,7,-1,
7,7,7,-1,
7,7,7,-1,
7,7,7,-1,
7,7,7,-1,
7,7,7,-1,
7,7,7,-1,
7,7,7,-1,
7,7,7,-1,
7,7,7,-1,
7,7,7,-1,
7,7,7,-1,
7,7,7,-1,
7,7,7,-1,
7,7,7,-1,
7,7,7,-1,
7,7,7,-1,
7,7,7,-1,
7,7,7,-1,
7,7,7,-1,
7,7,7,-1,
7,7,7,-1,
7,7,7,-1,
7,7,7,-1,
7,7,7,-1,
7,7,7,-1,
7,7,7,-1,
7,7,7,-1,
7,7,7,-1,
7,7,7,-1,
7,7,7,-1,
7,7,7,-1,
7,7,7,-1,
7,7,7,-1,
7,7,7,-1,
7,7,7,-1,
7,7,7,-1,
7,7,7,-1,
7,7,7,-1,
7,7,7,-1,
7,7,7,-1,
7,7,7,-1,
7,7,7,-1,
7,7,7,-1,
7,7,7,-1,
7,7,7,-1,
7,7,7,-1,
7,7,7,-1,
7,7,7,-1,
7,7,7,-1,
7,7,7,-1,
7,7,7,-1,
7,7,7,-1,
7,7,7,-1,
7,7,7,-1,
7,7,7,-1,
7,7,7,-1,
7,7,7,-1,
7,7,7,-1,
7,7,7,-1,
7,7,7,-1,
7,7,7,-1,
7,7,7,-1,
7,7,7,-1,
7,7,7,-1,
7,7,7,-1,
7,7,7,-1,
7,7,7,-1,
7,7,7,-1,
7,7,7,-1,
7,7,7,-1,
7,7,7,-1,
7,7,7,-1,
7,7,7,-1,
7,7,7,-1,
7,7,7,-1,
7,7,7,-1,
7,7,7,-1,
7,7,7,-1,
7,7,7,-1,
7,7,7,-1,
7,7,7,-1,
7,7,7,-1,
7,7,7,-1,
7,7,7,-1,
7,7,7,-1,
7,7,7,-1,
7,7,7,-1,
7,7,7,-1,
7,7,7,-1,
7,7,7,-1,
7,7,7,-1,
7,7,7,-1,
7,7,7,-1,
7,7,7,-1,
7,7,7,-1,
7,7,7,-1,
7,7,7,-1,
7,7,7,-1,
7,7,7,-1,
7,7,7,-1,
7,7,7,-1,
7,7,7,-1,
7,7,7,-1,
7,7,7,-1,
7,7,7,-1,
7,7,7,-1,
7,7,7,-1,
7,7,7,-1,
7,7,7,-1,
7,7,7,-1,
7,7,7,-1,
7,7,7,-1,
7,7,7,-1,
7,7,7,-1,
7,7,7,-1,
7,7,7,-1,
7,7,7,-1,
7,7,7,-1,
7,7,7,-1,
7,7,7,-1,
7,7,7,-1,
7,7,7,-1,
7,7,7,-1,
7,7,7,-1,
7,7,7,-1,
7,7,7,-1,
7,7,7,-1,
7,7,7,-1,
7,7,7,-1,
7,7,7,-1,
7,7,7,-1,
7,7,7,-1,
7,7,7,-1,
7,7,7,-1,
7,7,7,-1,
7,7,7,-1,
7,7,7,-1,
7,7,7,-1,
7,7,7,-1,
7,7,7,-1,
7,7,7,-1,
7,7,7,-1,
7,7,7,-1,
7,7,7,-1,
7,7,7,-1,
7,7,7,-1,
7,7,7,-1,
7,7,7,-1,
7,7,7,-1,
7,7,7,-1,
7,7,7,-1,
7,7,7,-1,
7,7,7,-1,
7,7,7,-1,
7,7,7,-1,
7,7,7,-1,
7,7,7,-1,
7,7,7,-1,
7,7,7,-1,
7,7,7,-1,
7,7,7,-1,
7,7,7,-1,
7,7,7,-1,
7,7,7,-1,
7,7,7,-1,
7,7,7,-1,
7,7,7,-1,
7,7,7,-1,
7,7,7,-1,
7,7,7,-1,
7,7,7,-1,
7,7,7,-1,
7,7,7,-1,
7,7,7,-1,
7,7,7,-1,
7,7,7,-1,
7,7,7,-1,
7,7,7,-1,
7,7,7,-1,
7,7,7,-1,
7,7,7,-1,
7,7,7,-1,
7,7,7,-1,
7,7,7,-1,
7,7,7,-1,
7,7,7,-1,
7,7,7,-1,
7,7,7,-1,
7,7,7,-1,
7,7,7,-1,
7,7,7,-1,
7,7,7,-1,
7,7,7,-1,
7,7,7,-1,
7,7,7,-1,
7,7,7,-1,
7,7,7,-1,
7,7,7,-1,
7,7,7,-1,
7,7,7,-1,
7,7,7,-1,
7,7,7,-1,
7,7,7,-1,
7,7,7,-1,
7,7,7,-1,
7,7,7,-1,
7,7,7,-1,
7,7,7,-1,
7,7,7,-1,
7,7,7,-1,
7,7,7,-1,
7,7,7,-1,
7,7,7,-1,
7,7,7,-1,
7,7,7,-1,
7,7,7,-1,
7,7,7,-1,
7,7,7,-1,
7,7,7,-1,
7,7,7,-1,
7,7,7,-1,
7,7,7,-1,
7,7,7,-1,
7,7,7,-1,
7,7,7,-1,
7,7,7,-1,
7,7,7,-1,
7,7,7,-1,
7,7,7,-1,
7,7,7,-1,
7,7,7,-1,
7,7,7,-1,
7,7,7,-1,
7,7,7,-1,
7,7,7,-1,
7,7,7,-1,
7,7,7,-1,
7,7,7,-1,
7,7,7,-1,
7,7,7,-1,
7,7,7,-1,
7,7,7,-1,
7,7,7,-1,
7,7,7,-1,
7,7,7,-1,
7,7,7,-1,
7,7,7,-1,
7,7,7,-1,
7,7,7,-1,
7,7,7,-1,
7,7,7,-1,
7,7,7,-1,
7,7,7,-1,
7,7,7,-1,
7,7,7,-1,
7,7,7,-1,
7,7,7,-1,
7,7,7,-1,
7,7,7,-1,
7,7,7,-1,
7,7,7,-1,
7,7,7,-1,
7,7,7,-1,
7,7,7,-1,
7,7,7,-1,
7,7,7,-1,
7,7,7,-1,
7,7,7,-1,
7,7,7,-1,
7,7,7,-1,
7,7,7,-1,
7,7,7,-1,
7,7,7,-1,
7,7,7,-1,
7,7,7,-1,
7,7,7,-1,
7,7,7,-1,
7,7,7,-1,
7,7,7,-1,
7,7,7,-1,
7,7,7,-1,
7,7,7,-1,
7,7,7,-1,
7,7,7,-1,
7,7,7,-1,
7,7,7,-1,
7,7,7,-1,
7,7,7,-1,
7,7,7,-1,
7,7,7,-1,
7,7,7,-1,
7,7,7,-1,
7,7,7,-1,
7,7,7,-1,
7,7,7,-1,
7,7,7,-1,
7,7,7,-1,
7,7,7,-1,
7,7,7,-1,
7,7,7,-1,
7,7,7,-1,
7,7,7,-1,
7,7,7,-1,
7,7,7,-1,
7,7,7,-1,
7,7,7,-1,
7,7,7,-1,
7,7,7,-1,
7,7,7,-1,
7,7,7,-1,
7,7,7,-1,
7,7,7,-1,
7,7,7,-1,
7,7,7,-1,
7,7,7,-1,
7,7,7,-1,
7,7,7,-1,
7,7,7,-1,
7,7,7,-1,
7,7,7,-1,
7,7,7,-1,
7,7,7,-1,
7,7,7,-1,
7,7,7,-1,
7,7,7,-1,
7,7,7,-1,
7,7,7,-1,
7,7,7,-1,
7,7,7,-1,
0,0,0,-1,
0,0,0,-1,
0,0,0,-1,
0,0,0,-1,
0,0,0,-1,
0,0,0,-1,
0,0,0,-1,
0,0,0,-1,
0,0,0,-1,
0,0,0,-1,
0,0,0,-1,
0,0,0,-1,
0,0,0,-1,
0,0,0,-1,
0,0,0,-1,
0,0,0,-1,
0,0,0,-1,
0,0,0,-1,
0,0,0,-1,
0,0,0,-1,
0,0,0,-1,
0,0,0,-1,
0,0,0,-1,
0,0,0,-1,
0,0,0,-1,
0,0,0,-1,
0,0,0,-1,
0,0,0,-1,
0,0,0,-1,
0,0,0,-1,
0,0,0,-1,
0,0,0,-1,
0,0,0,-1,
0,0,0,-1,
0,0,0,-1,
0,0,0,-1,
0,0,0,-1,
1,1,1,-1,
1,1,1,-1,
11,11,11,-1,
11,11,11,-1,
9,11,9,-1,
9,11,11,-1,
4,4,4,-1,
4,4,4,-1,
4,4,4,-1,
4,4,4,-1,
4,4,4,-1,
4,4,4,-1,
4,4,4,-1,
4,4,4,-1,
4,4,4,-1,
4,4,4,-1,
4,4,4,-1,
4,4,4,-1,
4,4,4,-1,
4,4,4,-1,
4,4,4,-1,
4,4,4,-1,
4,4,4,-1,
4,4,4,-1,
4,4,4,-1,
4,4,4,-1,
4,4,4,-1,
4,4,4,-1,
4,4,4,-1,
4,4,4,-1,
4,4,4,-1,
4,4,4,-1,
4,4,4,-1,
4,4,4,-1,
4,4,4,-1,
4,4,4,-1,
4,4,4,-1,
4,4,4,-1,
4,4,4,-1,
4,4,4,-1,
4,4,4,-1,
4,4,4,-1,
4,4,4,-1,
4,4,4,-1,
4,4,4,-1,
4,4,4,-1,
4,4,4,-1,
4,4,4,-1,
4,4,4,-1,
4,4,4,-1,
4,4,4,-1,
4,4,4,-1,
4,4,4,-1,
4,4,4,-1,
4,4,4,-1,
4,4,4,-1,
4,4,4,-1,
4,4,4,-1,
4,4,4,-1,
4,4,4,-1,
4,4,4,-1,
4,4,4,-1,
4,4,4,-1,
4,4,4,-1,
4,4,4,-1,
4,4,4,-1,
4,4,4,-1,
4,4,4,-1,
4,4,4,-1,
4,4,4,-1,
4,4,4,-1,
4,4,4,-1,
4,4,4,-1,
4,4,4,-1,
4,4,4,-1,
4,4,4,-1,
4,4,4,-1,
4,4,4,-1,
4,4,4,-1,
4,4,4,-1,
4,4,4,-1,
4,4,4,-1,
4,4,4,-1,
4,4,4,-1,
4,4,4,-1,
4,4,4,-1,
4,4,4,-1,
4,4,4,-1,
4,4,4,-1,
4,4,4,-1,
4,4,4,-1,
4,4,4,-1,
4,4,4,-1,
4,4,4,-1,
4,4,4,-1,
4,4,4,-1,
4,4,4,-1,
4,4,4,-1,
4,4,4,-1,
4,4,4,-1,
4,4,4,-1,
4,4,4,-1,
4,4,4,-1,
4,4,4,-1,
4,4,4,-1,
4,4,4,-1,
4,4,4,-1,
4,4,4,-1,
4,4,4,-1,
4,4,4,-1,
4,4,4,-1,
4,4,4,-1,
4,4,4,-1,
4,4,4,-1,
4,4,4,-1,
4,4,4,-1,
4,4,4,-1,
4,4,4,-1,
4,4,4,-1,
4,4,4,-1,
4,4,4,-1,
4,4,4,-1,
4,4,4,-1,
4,4,4,-1,
4,4,4,-1,
4,4,4,-1,
4,4,4,-1,
4,4,4,-1,
4,4,4,-1,
4,4,4,-1,
4,4,4,-1,
4,4,4,-1,
4,4,4,-1,
4,4,4,-1,
4,4,4,-1,
4,4,4,-1,
4,4,4,-1,
4,4,4,-1,
4,4,4,-1,
4,4,4,-1,
4,4,4,-1,
4,4,4,-1,
4,4,4,-1,
4,4,4,-1,
4,4,4,-1,
4,4,4,-1,
4,4,4,-1,
4,4,4,-1,
4,4,4,-1,
4,4,4,-1,
4,4,4,-1,
4,4,4,-1,
4,4,4,-1,
4,4,4,-1,
4,4,4,-1,
4,4,4,-1,
4,4,4,-1,
4,4,4,-1,
4,4,4,-1,
4,4,4,-1,
4,4,4,-1,
4,4,4,-1,
4,4,4,-1,
4,4,4,-1,
4,4,4,-1,
4,4,4,-1,
4,4,4,-1,
4,4,4,-1,
4,4,4,-1,
4,4,4,-1,
4,4,4,-1,
4,4,4,-1,
4,4,4,-1,
4,4,4,-1,
4,4,4,-1,
4,4,4,-1,
4,4,4,-1,
4,4,4,-1,
4,4,4,-1,
4,4,4,-1,
4,4,4,-1,
4,4,4,-1,
4,4,4,-1,
4,4,4,-1,
4,4,4,-1,
4,4,4,-1,
4,4,4,-1,
4,4,4,-1,
4,4,4,-1,
4,4,4,-1,
4,4,4,-1,
4,4,4,-1,
4,4,4,-1,
4,4,4,-1,
4,4,4,-1,
4,4,4,-1,
4,4,4,-1,
4,4,4,-1,
4,4,4,-1,
4,4,4,-1,
4,4,4,-1,
4,4,4,-1,
4,4,4,-1,
4,4,4,-1,
4,4,4,-1,
4,4,4,-1,
4,4,4,-1,
4,4,4,-1,
4,4,4,-1,
4,4,4,-1,
4,4,4,-1,
4,4,4,-1,
4,4,4,-1,
4,4,4,-1,
4,4,4,-1,
4,4,4,-1,
4,4,4,-1,
4,4,4,-1,
4,4,4,-1,
4,4,4,-1,
4,4,4,-1,
4,4,4,-1,
4,4,4,-1,
4,4,4,-1,
4,4,4,-1,
4,4,4,-1,
4,4,4,-1,
4,4,4,-1,
4,4,4,-1,
4,4,4,-1,
4,4,4,-1,
4,4,4,-1,
4,4,4,-1,
4,4,4,-1,
4,4,4,-1,
4,4,4,-1,
4,4,4,-1,
4,4,4,-1,
4,4,4,-1,
4,4,4,-1,
4,4,4,-1,
4,4,4,-1,
4,4,4,-1,
4,4,4,-1,
4,4,4,-1,
4,4,4,-1,
4,4,4,-1,
4,4,4,-1,
4,4,4,-1,
4,4,4,-1,
4,4,4,-1,
4,4,4,-1,
4,4,4,-1,
4,4,4,-1,
4,4,4,-1,
4,4,4,-1,
4,4,4,-1,
4,4,4,-1,
4,4,4,-1,
4,4,4,-1,
4,4,4,-1,
4,4,4,-1,
4,4,4,-1,
4,4,4,-1,
4,4,4,-1,
4,4,4,-1,
4,4,4,-1,
4,4,4,-1,
4,4,4,-1,
4,4,4,-1,
4,4,4,-1,
4,4,4,-1,
4,4,4,-1,
4,4,4,-1,
4,4,4,-1,
4,4,4,-1,
4,4,4,-1,
4,4,4,-1,
4,4,4,-1,
4,4,4,-1,
4,4,4,-1,
4,4,4,-1,
4,4,4,-1,
4,4,4,-1,
4,4,4,-1,
4,4,4,-1,
4,4,4,-1,
4,4,4,-1,
4,4,4,-1,
4,4,4,-1,
4,4,4,-1,
4,4,4,-1,
4,4,4,-1,
4,4,4,-1,
4,4,4,-1,
4,4,4,-1,
4,4,4,-1,
4,4,4,-1,
4,4,4,-1,
4,4,4,-1,
4,4,4,-1,
4,4,4,-1,
4,4,4,-1,
4,4,4,-1,
4,4,4,-1,
4,4,4,-1,
4,4,4,-1,
4,4,4,-1,
4,4,4,-1,
4,4,4,-1,
4,4,4,-1,
4,4,4,-1,
4,4,4,-1,
4,4,4,-1,
4,4,4,-1,
4,4,4,-1,
4,4,4,-1,
4,4,4,-1,
4,4,4,-1,
4,4,4,-1,
4,4,4,-1,
4,4,4,-1,
4,4,4,-1,
4,4,4,-1,
4,4,4,-1,
4,4,4,-1,
4,4,4,-1,
4,4,4,-1,
4,4,4,-1,
4,4,4,-1,
4,4,4,-1,
4,4,4,-1,
4,4,4,-1,
4,4,4,-1,
4,4,4,-1,
4,4,4,-1,
4,4,4,-1,
4,4,4,-1,
4,4,4,-1,
4,4,4,-1,
4,4,4,-1,
4,4,4,-1,
4,4,4,-1,
4,4,4,-1,
4,4,4,-1,
4,4,4,-1,
4,4,4,-1,
4,4,4,-1,
4,4,4,-1,
4,4,4,-1,
4,4,4,-1,
4,4,4,-1,
4,4,4,-1,
4,4,4,-1,
4,4,4,-1,
4,4,4,-1,
4,4,4,-1,
4,4,4,-1,
4,4,4,-1,
4,4,4,-1,
4,4,4,-1,
4,4,4,-1,
4,4,4,-1,
4,4,4,-1,
4,4,4,-1,
4,4,4,-1,
4,4,4,-1,
4,4,4,-1,
4,4,4,-1,
4,4,4,-1,
4,4,4,-1,
4,4,4,-1,
4,4,4,-1,
4,4,4,-1,
4,4,4,-1,
4,4,4,-1,
4,4,4,-1,
4,4,4,-1,
4,4,4,-1,
4,4,4,-1,
4,4,4,-1,
4,4,4,-1,
4,4,4,-1,
4,4,4,-1,
4,4,4,-1,
4,4,4,-1,
4,4,4,-1,
4,4,4,-1,
4,4,4,-1,
4,4,4,-1,
4,4,4,-1,
4,4,4,-1,
4,4,4,-1,
4,4,4,-1,
4,4,4,-1,
4,4,4,-1,
4,4,4,-1,
4,4,4,-1,
4,4,4,-1,
4,4,4,-1,
4,4,4,-1,
4,4,4,-1,
4,4,4,-1,
4,4,4,-1,
4,4,4,-1,
4,4,4,-1,
4,4,4,-1,
4,4,4,-1,
4,4,4,-1,
4,4,4,-1,
4,4,4,-1,
4,4,4,-1,
4,4,4,-1,
4,4,4,-1,
4,4,4,-1,
4,4,4,-1,
4,4,4,-1,
4,4,4,-1,
4,4,4,-1,
4,4,4,-1,
4,4,4,-1,
4,4,4,-1,
4,4,4,-1,
4,4,4,-1,
4,4,4,-1,
4,4,4,-1,
4,4,4,-1,
4,4,4,-1,
4,4,4,-1,
4,4,4,-1,
4,4,4,-1,
4,4,4,-1,
4,4,4,-1,
4,4,4,-1,
4,4,4,-1,
4,4,4,-1,
4,4,4,-1,
4,4,4,-1,
4,4,4,-1,
4,4,4,-1,
4,4,4,-1,
4,4,4,-1,
4,4,4,-1,
4,4,4,-1,
4,4,4,-1,
4,4,4,-1,
4,4,4,-1,
4,4,4,-1,
4,4,4,-1,
4,4,4,-1,
4,4,4,-1,
4,4,4,-1,
4,4,4,-1,
4,4,4,-1,
4,4,4,-1,
4,4,4,-1,
4,4,4,-1,
4,4,4,-1,
4,4,4,-1,
4,4,4,-1,
4,4,4,-1,
4,4,4,-1,
4,4,4,-1,
4,4,4,-1,
4,4,4,-1,
4,4,4,-1,
4,4,4,-1,
4,4,4,-1,
4,4,4,-1,
4,4,4,-1,
4,4,4,-1,
4,4,4,-1,
4,4,4,-1,
4,4,4,-1,
4,4,4,-1,
4,4,4,-1,
4,4,4,-1,
4,4,4,-1,
4,4,4,-1,
4,4,4,-1,
4,4,4,-1,
4,4,4,-1,
4,4,4,-1,
4,4,4,-1,
4,4,4,-1,
4,4,4,-1,
4,4,4,-1,
4,4,4,-1,
4,4,4,-1,
4,4,4,-1,
4,4,4,-1,
4,4,4,-1,
4,4,4,-1,
4,4,4,-1,
4,4,4,-1,
4,4,4,-1,
4,4,4,-1,
4,4,4,-1,
4,4,4,-1,
4,4,4,-1,
4,4,4,-1,
4,4,4,-1,
4,4,4,-1,
4,4,4,-1,
4,4,4,-1,
4,4,4,-1,
4,4,4,-1,
4,4,4,-1,
4,4,4,-1,
4,4,4,-1,
4,4,4,-1,
4,4,4,-1,
4,4,4,-1,
4,4,4,-1,
4,4,4,-1,
4,4,4,-1,
4,4,4,-1,
4,4,4,-1,
4,4,4,-1,
4,4,4,-1,
4,4,4,-1,
4,4,4,-1,
4,4,4,-1,
4,4,4,-1,
4,4,4,-1,
4,4,4,-1,
4,4,4,-1,
4,4,4,-1,
4,4,4,-1,
4,4,4,-1,
4,4,4,-1,
4,4,4,-1,
4,4,4,-1,
4,4,4,-1,
4,4,4,-1,
4,4,4,-1,
4,4,4,-1,
4,4,4,-1,
4,4,4,-1,
4,4,4,-1,
4,4,4,-1,
4,4,4,-1,
4,4,4,-1,
4,4,4,-1,
4,4,4,-1,
4,4,4,-1,
4,4,4,-1,
4,4,4,-1,
4,4,4,-1,
4,4,4,-1,
4,4,4,-1,
4,4,4,-1,
4,4,4,-1,
4,4,4,-1,
4,4,4,-1,
4,4,4,-1,
4,4,4,-1,
4,4,4,-1,
4,4,4,-1,
4,4,4,-1,
4,4,4,-1,
4,4,4,-1,
4,4,4,-1,
4,4,4,-1,
4,4,4,-1,
4,4,4,-1,
4,4,4,-1,
4,4,4,-1,
4,4,4,-1,
4,4,4,-1,
4,4,4,-1,
4,4,4,-1,
4,4,4,-1,
4,4,4,-1,
4,4,4,-1,
4,4,4,-1,
4,4,4,-1,
4,4,4,-1,
4,4,4,-1,
4,4,4,-1,
4,4,4,-1,
4,4,4,-1,
4,4,4,-1,
4,4,4,-1,
4,4,4,-1,
4,4,4,-1,
4,4,4,-1,
4,4,4,-1,
4,4,4,-1,
4,4,4,-1,
4,4,4,-1,
4,4,4,-1,
4,4,4,-1,
4,4,4,-1,
4,4,4,-1,
4,4,4,-1,
4,4,4,-1,
4,4,4,-1,
4,4,4,-1,
4,4,4,-1,
4,4,4,-1,
4,4,4,-1,
4,4,4,-1,
4,4,4,-1,
4,4,4,-1,
4,4,4,-1,
4,4,4,-1,
4,4,4,-1,
4,4,4,-1,
4,4,4,-1,
4,4,4,-1,
4,4,4,-1,
4,4,4,-1,
4,4,4,-1,
4,4,4,-1,
4,4,4,-1,
4,4,4,-1,
4,4,4,-1,
4,4,4,-1,
4,4,4,-1,
4,4,4,-1,
4,4,4,-1,
4,4,4,-1,
4,4,4,-1,
4,4,4,-1,
4,4,4,-1,
4,4,4,-1,
4,4,4,-1,
4,4,4,-1,
4,4,4,-1,
4,4,4,-1,
4,4,4,-1,
4,4,4,-1,
4,4,4,-1,
4,4,4,-1,
4,4,4,-1,
4,4,4,-1,
4,4,4,-1,
4,4,4,-1,
4,4,4,-1,
4,4,4,-1,
4,4,4,-1,
4,4,4,-1,
4,4,4,-1,
4,4,4,-1,
4,4,4,-1,
4,4,4,-1,
4,4,4,-1,
4,4,4,-1,
4,4,4,-1,
4,4,4,-1,
4,4,4,-1,
4,4,4,-1,
4,4,4,-1,
4,4,4,-1,
4,4,4,-1,
4,4,4,-1,
4,4,4,-1,
4,4,4,-1,
4,4,4,-1,
4,4,4,-1,
4,4,4,-1,
4,4,4,-1,
4,4,4,-1,
4,4,4,-1,
4,4,4,-1,
4,4,4,-1,
4,4,4,-1,
4,4,4,-1,
4,4,4,-1,
4,4,4,-1,
4,4,4,-1,
4,4,4,-1,
4,4,4,-1,
4,4,4,-1,
4,4,4,-1,
4,4,4,-1,
4,4,4,-1,
4,4,4,-1,
4,4,4,-1,
4,4,4,-1,
4,4,4,-1,
4,4,4,-1,
4,4,4,-1,
4,4,4,-1,
4,4,4,-1,
4,4,4,-1,
4,4,4,-1,
4,4,4,-1,
4,4,4,-1,
4,4,4,-1,
4,4,4,-1,
4,4,4,-1,
4,4,4,-1,
4,4,4,-1,
4,4,4,-1,
4,4,4,-1,
4,4,4,-1,
4,4,4,-1,
4,4,4,-1,
4,4,4,-1,
4,4,4,-1,
4,4,4,-1,
4,4,4,-1,
4,4,4,-1,
4,4,4,-1,
4,4,4,-1,
4,4,4,-1,
4,4,4,-1,
4,4,4,-1,
4,4,4,-1,
4,4,4,-1,
4,4,4,-1,
4,4,4,-1,
4,4,4,-1,
4,4,4,-1,
4,4,4,-1,
4,4,4,-1,
4,4,4,-1,
4,4,4,-1,
4,4,4,-1,
4,4,4,-1,
4,4,4,-1,
4,4,4,-1,
4,4,4,-1,
4,4,4,-1,
4,4,4,-1,
4,4,4,-1,
4,4,4,-1,
4,4,4,-1,
4,4,4,-1,
4,4,4,-1,
4,4,4,-1,
4,4,4,-1,
4,4,4,-1,
4,4,4,-1,
4,4,4,-1,
4,4,4,-1,
4,4,4,-1,
4,4,4,-1,
4,4,4,-1,
4,4,4,-1,
4,4,4,-1,
4,4,4,-1,
4,4,4,-1,
4,4,4,-1,
4,4,4,-1,
4,4,4,-1,
4,4,4,-1,
4,4,4,-1,
4,4,4,-1,
4,4,4,-1,
4,4,4,-1,
4,4,4,-1,
4,4,4,-1,
4,4,4,-1,
4,4,4,-1,
4,4,4,-1,
4,4,4,-1,
4,4,4,-1,
4,4,4,-1,
4,4,4,-1,
4,4,4,-1,
4,4,4,-1,
4,4,4,-1,
4,4,4,-1,
4,4,4,-1,
4,4,4,-1,
4,4,4,-1,
4,4,4,-1,
4,4,4,-1,
4,4,4,-1,
4,4,4,-1,
4,4,4,-1,
4,4,4,-1,
4,4,4,-1,
4,4,4,-1,
4,4,4,-1,
4,4,4,-1,
4,4,4,-1,
4,4,4,-1,
4,4,4,-1,
4,4,4,-1,
4,4,4,-1,
4,4,4,-1,
4,4,4,-1,
4,4,4,-1,
4,4,4,-1,
4,4,4,-1,
4,4,4,-1,
4,4,4,-1,
4,4,4,-1,
4,4,4,-1,
4,4,4,-1,
4,4,4,-1,
4,4,4,-1,
4,4,4,-1,
4,4,4,-1,
4,4,4,-1,
4,4,4,-1,
4,4,4,-1,
4,4,4,-1,
4,4,4,-1,
4,4,4,-1,
4,4,4,-1,
4,4,4,-1,
4,4,4,-1,
4,4,4,-1,
4,4,4,-1,
4,4,4,-1,
4,4,4,-1,
4,4,4,-1,
4,4,4,-1,
4,4,4,-1,
4,4,4,-1,
4,4,4,-1,
4,4,4,-1,
4,4,4,-1,
4,4,4,-1,
4,4,4,-1,
4,4,4,-1,
4,4,4,-1,
4,4,4,-1,
4,4,4,-1,
4,4,4,-1,
4,4,4,-1,
4,4,4,-1,
4,4,4,-1,
4,4,4,-1,
4,4,4,-1,
4,4,4,-1,
4,4,4,-1,
4,4,4,-1,
4,4,4,-1,
4,4,4,-1,
4,4,4,-1,
4,4,4,-1,
4,4,4,-1,
4,4,4,-1,
4,4,4,-1,
4,4,4,-1,
4,4,4,-1,
4,4,4,-1,
4,4,4,-1,
4,4,4,-1,
4,4,4,-1,
4,4,4,-1,
4,4,4,-1,
4,4,4,-1,
4,4,4,-1,
4,4,4,-1,
4,4,4,-1,
4,4,4,-1,
4,4,4,-1,
4,4,4,-1,
4,4,4,-1,
4,4,4,-1,
4,4,4,-1,
4,4,4,-1,
4,4,4,-1,
4,4,4,-1,
4,4,4,-1,
4,4,4,-1,
4,4,4,-1,
4,4,4,-1,
4,4,4,-1,
4,4,4,-1,
4,4,4,-1,
4,4,4,-1,
4,4,4,-1,
4,4,4,-1,
4,4,4,-1,
4,4,4,-1,
4,4,4,-1,
4,4,4,-1,
4,4,4,-1,
4,4,4,-1,
4,4,4,-1,
4,4,4,-1,
4,4,4,-1,
4,4,4,-1,
4,4,4,-1,
4,4,4,-1,
4,4,4,-1,
4,4,4,-1,
4,4,4,-1,
4,4,4,-1,
4,4,4,-1,
4,4,4,-1,
4,4,4,-1,
4,4,4,-1,
4,4,4,-1,
4,4,4,-1,
4,4,4,-1,
4,4,4,-1,
4,4,4,-1,
4,4,4,-1,
4,4,4,-1,
4,4,4,-1,
4,4,4,-1,
4,4,4,-1,
4,4,4,-1,
4,4,4,-1,
4,4,4,-1,
4,4,4,-1,
4,4,4,-1,
4,4,4,-1,
4,4,4,-1,
4,4,4,-1,
4,4,4,-1,
4,4,4,-1,
4,4,4,-1,
4,4,4,-1,
4,4,4,-1,
4,4,4,-1,
4,4,4,-1,
4,4,4,-1,
4,4,4,-1,
4,4,4,-1,
4,4,4,-1,
4,4,4,-1,
4,4,4,-1,
4,4,4,-1,
4,4,4,-1,
4,4,4,-1,
4,4,4,-1,
0,9,0,-1,
0,9,9,-1,
0,0,0,-1,
0,0,0,-1,
5,5,5,-1,
5,5,5,-1,
5,5,5,-1,
5,5,5,-1,
5,5,5,-1,
5,5,5,-1,
5,5,5,-1,
5,5,5,-1,
5,5,5,-1,
5,5,5,-1,
5,5,5,-1,
5,5,5,-1,
0,0,0,-1,
0,0,0,-1,
8,8,0,-1,
0,8,0,-1,
11,11,8,-1,
8,11,8,-1,
11,11,11,-1,
11,11,11,-1,
2,2,11,-1,
11,2,11,-1,
0,0,2,-1,
2,0,2,-1,
0,0,0,-1,
0,0,0,-1,
8,8,0,-1,
0,8,0,-1,
11,11,8,-1,
8,11,8,-1,
11,11,11,-1,
11,11,11,-1,
2,2,11,-1,
11,2,11,-1,
0,0,2,-1,
2,0,2,-1,
0,0,0,-1,
0,0,0,-1,
8,8,0,-1,
0,8,0,-1,
11,11,8,-1,
8,11,8,-1,
11,11,11,-1,
11,11,11,-1,
2,2,11,-1,
11,2,11,-1,
0,0,2,-1,
2,0,2,-1,
0,0,0,-1,
0,0,0,-1,
8,8,0,-1,
0,8,0,-1,
11,11,8,-1,
8,11,8,-1,
11,11,11,-1,
11,11,11,-1,
2,2,11,-1,
11,2,11,-1,
0,0,2,-1,
2,0,2,-1,
0,0,0,-1,
0,0,0,-1,
8,8,0,-1,
0,8,0,-1,
11,11,8,-1,
8,11,8,-1,
11,11,11,-1,
11,11,11,-1,
2,2,11,-1,
11,2,11,-1,
0,0,2,-1,
2,0,2,-1,
0,0,0,-1,
0,0,0,-1,
8,8,0,-1,
0,8,0,-1,
11,11,8,-1,
8,11,8,-1,
11,11,11,-1,
11,11,11,-1,
2,2,11,-1,
11,2,11,-1,
0,0,2,-1,
2,0,2,-1,
0,0,0,-1,
0,0,0,-1,
8,8,0,-1,
0,8,0,-1,
11,11,8,-1,
8,11,8,-1,
11,11,11,-1,
11,11,11,-1,
2,2,11,-1,
11,2,11,-1,
0,0,2,-1,
2,0,2,-1,
0,0,0,-1,
0,0,0,-1,
8,8,0,-1,
0,8,0,-1,
11,11,8,-1,
8,11,8,-1,
11,11,11,-1,
11,11,11,-1,
2,2,11,-1,
11,2,11,-1,
0,0,2,-1,
2,0,2,-1,
0,0,0,-1,
0,0,0,-1,
8,8,0,-1,
0,8,0,-1,
11,11,8,-1,
8,11,8,-1,
11,11,11,-1,
11,11,11,-1,
2,2,11,-1,
11,2,11,-1,
0,0,2,-1,
2,0,2,-1,
0,0,0,-1,
0,0,0,-1,
8,8,0,-1,
0,8,0,-1,
11,11,8,-1,
8,11,8,-1,
11,11,11,-1,
11,11,11,-1,
2,2,11,-1,
11,2,11,-1,
0,0,2,-1,
2,0,2,-1,
0,0,0,-1,
0,0,0,-1,
8,8,0,-1,
0,8,0,-1,
11,11,8,-1,
8,11,8,-1,
11,11,11,-1,
11,11,11,-1,
2,2,11,-1,
11,2,11,-1,
0,0,2,-1,
2,0,2,-1,
0,0,0,-1,
0,0,0,-1,
8,8,0,-1,
0,8,0,-1,
11,11,8,-1,
8,11,8,-1,
11,11,11,-1,
11,11,11,-1,
2,2,11,-1,
11,2,11,-1,
0,0,2,-1,
2,0,2,-1,
0,0,0,-1,
0,0,0,-1,
8,8,0,-1,
0,8,0,-1,
11,11,8,-1,
8,11,8,-1,
11,11,11,-1,
11,11,11,-1,
2,2,11,-1,
11,2,11,-1,
0,0,2,-1,
2,0,2,-1,
0,0,0,-1,
0,0,0,-1,
8,8,0,-1,
0,8,0,-1,
11,11,8,-1,
8,11,8,-1,
11,11,11,-1,
11,11,11,-1,
2,2,11,-1,
11,2,11,-1,
0,0,2,-1,
2,0,2,-1,
0,0,0,-1,
0,0,0,-1,
8,8,0,-1,
0,8,0,-1,
11,11,8,-1,
8,11,8,-1,
11,11,11,-1,
11,11,11,-1,
2,2,11,-1,
11,2,11,-1,
0,0,2,-1,
2,0,2,-1,
0,0,0,-1,
0,0,0,-1,
8,8,0,-1,
0,8,0,-1,
11,11,8,-1,
8,11,8,-1,
11,11,11,-1,
11,11,11,-1,
2,2,11,-1,
11,2,11,-1,
0,0,2,-1,
2,0,2,-1,
0,0,0,-1,
0,0,0,-1,
8,8,0,-1,
0,8,0,-1,
11,11,8,-1,
8,11,8,-1,
11,11,11,-1,
11,11,11,-1,
2,2,11,-1,
11,2,11,-1,
0,0,2,-1,
2,0,2,-1,
0,0,0,-1,
0,0,0,-1,
8,8,0,-1,
0,8,0,-1,
11,11,8,-1,
8,11,8,-1,
11,11,11,-1,
11,11,11,-1,
2,2,11,-1,
11,2,11,-1,
0,0,2,-1,
2,0,2,-1,
0,0,0,-1,
0,0,0,-1,
8,8,0,-1,
0,8,0,-1,
11,11,8,-1,
8,11,8,-1,
11,11,11,-1,
11,11,11,-1,
2,2,11,-1,
11,2,11,-1,
0,0,2,-1,
2,0,2,-1,
0,0,0,-1,
0,0,0,-1,
8,8,0,-1,
0,8,0,-1,
11,11,8,-1,
8,11,8,-1,
11,11,11,-1,
11,11,11,-1,
2,2,11,-1,
11,2,11,-1,
0,0,2,-1,
2,0,2,-1,
0,0,0,-1,
0,0,0,-1,
8,8,0,-1,
0,8,0,-1,
11,11,8,-1,
8,11,8,-1,
11,11,11,-1,
11,11,11,-1,
2,2,11,-1,
11,2,11,-1,
0,0,2,-1,
2,0,2,-1,
0,0,0,-1,
0,0,0,-1,
8,8,0,-1,
0,8,0,-1,
11,11,8,-1,
8,11,8,-1,
11,11,11,-1,
11,11,11,-1,
2,2,11,-1,
11,2,11,-1,
0,0,2,-1,
2,0,2,-1,
0,0,0,-1,
0,0,0,-1,
8,8,0,-1,
0,8,0,-1,
11,11,8,-1,
8,11,8,-1,
11,11,11,-1,
11,11,11,-1,
2,2,11,-1,
11,2,11,-1,
0,0,2,-1,
2,0,2,-1,
0,0,0,-1,
0,0,0,-1,
8,8,0,-1,
0,8,0,-1,
11,11,8,-1,
8,11,8,-1,
11,11,11,-1,
11,11,11,-1,
2,2,11,-1,
11,2,11,-1,
0,0,2,-1,
2,0,2,-1,
0,0,0,-1,
0,0,0,-1,
8,8,0,-1,
0,8,0,-1,
11,11,8,-1,
8,11,8,-1,
11,11,11,-1,
11,11,11,-1,
2,2,11,-1,
11,2,11,-1,
0,0,2,-1,
2,0,2,-1,
0,0,0,-1,
0,0,0,-1,
8,8,0,-1,
0,8,0,-1,
11,11,8,-1,
8,11,8,-1,
11,11,11,-1,
11,11,11,-1,
2,2,11,-1,
11,2,11,-1,
0,0,2,-1,
2,0,2,-1,
0,0,0,-1,
0,0,0,-1,
8,8,0,-1,
0,8,0,-1,
11,11,8,-1,
8,11,8,-1,
11,11,11,-1,
11,11,11,-1,
2,2,11,-1,
11,2,11,-1,
0,0,2,-1,
2,0,2,-1,
0,0,0,-1,
0,0,0,-1,
8,8,0,-1,
0,8,0,-1,
11,11,8,-1,
8,11,8,-1,
11,11,11,-1,
11,11,11,-1,
2,2,11,-1,
11,2,11,-1,
0,0,2,-1,
2,0,2,-1,
0,0,0,-1,
0,0,0,-1,
8,8,0,-1,
0,8,0,-1,
11,11,8,-1,
8,11,8,-1,
11,11,11,-1,
11,11,11,-1,
2,2,11,-1,
11,2,11,-1,
0,0,2,-1,
2,0,2,-1,
0,0,0,-1,
0,0,0,-1,
8,8,0,-1,
0,8,0,-1,
11,11,8,-1,
8,11,8,-1,
11,11,11,-1,
11,11,11,-1,
2,2,11,-1,
11,2,11,-1,
0,0,2,-1,
2,0,2,-1,
0,0,0,-1,
0,0,0,-1,
8,8,0,-1,
0,8,0,-1,
11,11,8,-1,
8,11,8,-1,
11,11,11,-1,
11,11,11,-1,
2,2,11,-1,
11,2,11,-1,
0,0,2,-1,
2,0,2,-1,
0,0,0,-1,
0,0,0,-1,
8,8,0,-1,
0,8,0,-1,
11,11,8,-1,
8,11,8,-1,
11,11,11,-1,
11,11,11,-1,
2,2,11,-1,
11,2,11,-1,
0,0,2,-1,
2,0,2,-1,
0,0,0,-1,
0,0,0,-1,
8,8,0,-1,
0,8,0,-1,
11,11,8,-1,
8,11,8,-1,
11,11,11,-1,
11,11,11,-1,
2,2,11,-1,
11,2,11,-1,
0,0,2,-1,
2,0,2,-1,
0,0,0,-1,
0,0,0,-1,
8,8,0,-1,
0,8,0,-1,
11,11,8,-1,
8,11,8,-1,
11,11,11,-1,
11,11,11,-1,
2,2,11,-1,
11,2,11,-1,
0,0,2,-1,
2,0,2,-1,
0,0,0,-1,
0,0,0,-1,
8,8,0,-1,
0,8,0,-1,
11,11,8,-1,
8,11,8,-1,
11,11,11,-1,
11,11,11,-1,
2,2,11,-1,
11,2,11,-1,
0,0,2,-1,
2,0,2,-1,
0,0,0,-1,
0,0,0,-1,
8,8,0,-1,
0,8,0,-1,
11,11,8,-1,
8,11,8,-1,
11,11,11,-1,
11,11,11,-1,
2,2,11,-1,
11,2,11,-1,
0,0,2,-1,
2,0,2,-1,
0,0,0,-1,
0,0,0,-1,
8,8,0,-1,
0,8,0,-1,
11,11,8,-1,
8,11,8,-1,
11,11,11,-1,
11,11,11,-1,
2,2,11,-1,
11,2,11,-1,
0,0,2,-1,
2,0,2,-1,
0,0,0,-1,
0,0,0,-1,
8,8,0,-1,
0,8,0,-1,
11,11,8,-1,
8,11,8,-1,
11,11,11,-1,
11,11,11,-1,
2,2,11,-1,
11,2,11,-1,
0,0,2,-1,
2,0,2,-1,
0,0,0,-1,
0,0,0,-1,
8,8,0,-1,
0,8,0,-1,
11,11,8,-1,
8,11,8,-1,
11,11,11,-1,
11,11,11,-1,
2,2,11,-1,
11,2,11,-1,
0,0,2,-1,
2,0,2,-1,
0,0,0,-1,
0,0,0,-1,
8,8,0,-1,
0,8,0,-1,
11,11,8,-1,
8,11,8,-1,
11,11,11,-1,
11,11,11,-1,
2,2,11,-1,
11,2,11,-1,
0,0,2,-1,
2,0,2,-1,
0,0,0,-1,
0,0,0,-1,
8,8,0,-1,
0,8,0,-1,
11,11,8,-1,
8,11,8,-1,
11,11,11,-1,
11,11,11,-1,
2,2,11,-1,
11,2,11,-1,
0,0,2,-1,
2,0,2,-1,
0,0,0,-1,
0,0,0,-1,
8,8,0,-1,
0,8,0,-1,
11,11,8,-1,
8,11,8,-1,
11,11,11,-1,
11,11,11,-1,
2,2,11,-1,
11,2,11,-1,
0,0,2,-1,
2,0,2,-1,
0,0,0,-1,
0,0,0,-1,
8,8,0,-1,
0,8,0,-1,
11,11,8,-1,
8,11,8,-1,
11,11,11,-1,
11,11,11,-1,
2,2,11,-1,
11,2,11,-1,
0,0,2,-1,
2,0,2,-1,
0,0,0,-1,
0,0,0,-1,
8,8,0,-1,
0,8,0,-1,
11,11,8,-1,
8,11,8,-1,
11,11,11,-1,
11,11,11,-1,
2,2,11,-1,
11,2,11,-1,
0,0,2,-1,
2,0,2,-1,
11,11,11,-1,
11,11,11,-1,
3,3,11,-1,
11,3,11,-1,
0,0,3,-1,
3,0,3,-1,
0,0,0,-1,
0,0,0,-1,
10,10,0,-1,
0,10,0,-1,
11,11,10,-1,
10,11,10,-1,
11,11,11,-1,
11,11,11,-1,
3,3,11,-1,
11,3,11,-1,
0,0,3,-1,
3,0,3,-1,
0,0,0,-1,
0,0,0,-1,
10,10,0,-1,
0,10,0,-1,
11,11,10,-1,
10,11,10,-1,
11,11,11,-1,
11,11,11,-1,
3,3,11,-1,
11,3,11,-1,
0,0,3,-1,
3,0,3,-1,
0,0,0,-1,
0,0,0,-1,
10,10,0,-1,
0,10,0,-1,
11,11,10,-1,
10,11,10,-1,
11,11,11,-1,
11,11,11,-1,
3,3,11,-1,
11,3,11,-1,
0,0,3,-1,
3,0,3,-1,
0,0,0,-1,
0,0,0,-1,
10,10,0,-1,
0,10,0,-1,
11,11,10,-1,
10,11,10,-1,
11,11,11,-1,
11,11,11,-1,
3,3,11,-1,
11,3,11,-1,
0,0,3,-1,
3,0,3,-1,
0,0,0,-1,
0,0,0,-1,
10,10,0,-1,
0,10,0,-1,
11,11,10,-1,
10,11,10,-1,
11,11,11,-1,
11,11,11,-1,
3,3,11,-1,
11,3,11,-1,
0,0,3,-1,
3,0,3,-1,
0,0,0,-1,
0,0,0,-1,
10,10,0,-1,
0,10,0,-1,
11,11,10,-1,
10,11,10,-1,
11,11,11,-1,
11,11,11,-1,
3,3,11,-1,
11,3,11,-1,
0,0,3,-1,
3,0,3,-1,
0,0,0,-1,
0,0,0,-1,
10,10,0,-1,
0,10,0,-1,
11,11,10,-1,
10,11,10,-1,
11,11,11,-1,
11,11,11,-1,
3,3,11,-1,
11,3,11,-1,
0,0,3,-1,
3,0,3,-1,
0,0,0,-1,
0,0,0,-1,
10,10,0,-1,
0,10,0,-1,
11,11,10,-1,
10,11,10,-1,
11,11,11,-1,
11,11,11,-1,
3,3,11,-1,
11,3,11,-1,
0,0,3,-1,
3,0,3,-1,
0,0,0,-1,
0,0,0,-1,
10,10,0,-1,
0,10,0,-1,
11,11,10,-1,
10,11,10,-1,
11,11,11,-1,
11,11,11,-1,
3,3,11,-1,
11,3,11,-1,
0,0,3,-1,
3,0,3,-1,
0,0,0,-1,
0,0,0,-1,
10,10,0,-1,
0,10,0,-1,
11,11,10,-1,
10,11,10,-1,
11,11,11,-1,
11,11,11,-1,
3,3,11,-1,
11,3,11,-1,
0,0,3,-1,
3,0,3,-1,
0,0,0,-1,
0,0,0,-1,
10,10,0,-1,
0,10,0,-1,
11,11,10,-1,
10,11,10,-1,
11,11,11,-1,
11,11,11,-1,
3,3,11,-1,
11,3,11,-1,
0,0,3,-1,
3,0,3,-1,
0,0,0,-1,
0,0,0,-1,
10,10,0,-1,
0,10,0,-1,
11,11,10,-1,
10,11,10,-1,
11,11,11,-1,
11,11,11,-1,
3,3,11,-1,
11,3,11,-1,
0,0,3,-1,
3,0,3,-1,
0,0,0,-1,
0,0,0,-1,
10,10,0,-1,
0,10,0,-1,
11,11,10,-1,
10,11,10,-1,
11,11,11,-1,
11,11,11,-1,
3,3,11,-1,
11,3,11,-1,
0,0,3,-1,
3,0,3,-1,
0,0,0,-1,
0,0,0,-1,
10,10,0,-1,
0,10,0,-1,
11,11,10,-1,
10,11,10,-1,
11,11,11,-1,
11,11,11,-1,
3,3,11,-1,
11,3,11,-1,
0,0,3,-1,
3,0,3,-1,
0,0,0,-1,
0,0,0,-1,
10,10,0,-1,
0,10,0,-1,
11,11,10,-1,
10,11,10,-1,
11,11,11,-1,
11,11,11,-1,
3,3,11,-1,
11,3,11,-1,
0,0,3,-1,
3,0,3,-1,
0,0,0,-1,
0,0,0,-1,
10,10,0,-1,
0,10,0,-1,
11,11,10,-1,
10,11,10,-1,
11,11,11,-1,
11,11,11,-1,
3,3,11,-1,
11,3,11,-1,
0,0,3,-1,
3,0,3,-1,
0,0,0,-1,
0,0,0,-1,
10,10,0,-1,
0,10,0,-1,
11,11,10,-1,
10,11,10,-1,
11,11,11,-1,
11,11,11,-1,
3,3,11,-1,
11,3,11,-1,
0,0,3,-1,
3,0,3,-1,
0,0,0,-1,
0,0,0,-1,
10,10,0,-1,
0,10,0,-1,
11,11,10,-1,
10,11,10,-1,
11,11,11,-1,
11,11,11,-1,
3,3,11,-1,
11,3,11,-1,
0,0,3,-1,
3,0,3,-1,
0,0,0,-1,
0,0,0,-1,
10,10,0,-1,
0,10,0,-1,
11,11,10,-1,
10,11,10,-1,
11,11,11,-1,
11,11,11,-1,
3,3,11,-1,
11,3,11,-1,
0,0,3,-1,
3,0,3,-1,
0,0,0,-1,
0,0,0,-1,
10,10,0,-1,
0,10,0,-1,
11,11,10,-1,
10,11,10,-1,
11,11,11,-1,
11,11,11,-1,
3,3,11,-1,
11,3,11,-1,
0,0,3,-1,
3,0,3,-1,
0,0,0,-1,
0,0,0,-1,
10,10,0,-1,
0,10,0,-1,
11,11,10,-1,
10,11,10,-1,
11,11,11,-1,
11,11,11,-1,
3,3,11,-1,
11,3,11,-1,
0,0,3,-1,
3,0,3,-1,
0,0,0,-1,
0,0,0,-1,
10,10,0,-1,
0,10,0,-1,
11,11,10,-1,
10,11,10,-1,
11,11,11,-1,
11,11,11,-1,
3,3,11,-1,
11,3,11,-1,
0,0,3,-1,
3,0,3,-1,
0,0,0,-1,
0,0,0,-1,
10,10,0,-1,
0,10,0,-1,
11,11,10,-1,
10,11,10,-1,
11,11,11,-1,
11,11,11,-1,
3,3,11,-1,
11,3,11,-1,
0,0,3,-1,
3,0,3,-1,
0,0,0,-1,
0,0,0,-1,
10,10,0,-1,
0,10,0,-1,
11,11,10,-1,
10,11,10,-1,
11,11,11,-1,
11,11,11,-1,
3,3,11,-1,
11,3,11,-1,
0,0,3,-1,
3,0,3,-1,
0,0,0,-1,
0,0,0,-1,
10,10,0,-1,
0,10,0,-1,
11,11,10,-1,
10,11,10,-1,
11,11,11,-1,
11,11,11,-1,
3,3,11,-1,
11,3,11,-1,
0,0,3,-1,
3,0,3,-1,
0,0,0,-1,
0,0,0,-1,
10,10,0,-1,
0,10,0,-1,
11,11,10,-1,
10,11,10,-1,
11,11,11,-1,
11,11,11,-1,
3,3,11,-1,
11,3,11,-1,
0,0,3,-1,
3,0,3,-1,
0,0,0,-1,
0,0,0,-1,
10,10,0,-1,
0,10,0,-1,
11,11,10,-1,
10,11,10,-1,
11,11,11,-1,
11,11,11,-1,
3,3,11,-1,
11,3,11,-1,
0,0,3,-1,
3,0,3,-1,
0,0,0,-1,
0,0,0,-1,
10,10,0,-1,
0,10,0,-1,
11,11,10,-1,
10,11,10,-1,
11,11,11,-1,
11,11,11,-1,
3,3,11,-1,
11,3,11,-1,
0,0,3,-1,
3,0,3,-1,
0,0,0,-1,
0,0,0,-1,
10,10,0,-1,
0,10,0,-1,
11,11,10,-1,
10,11,10,-1,
11,11,11,-1,
11,11,11,-1,
3,3,11,-1,
11,3,11,-1,
0,0,3,-1,
3,0,3,-1,
0,0,0,-1,
0,0,0,-1,
10,10,0,-1,
0,10,0,-1,
11,11,10,-1,
10,11,10,-1,
11,11,11,-1,
11,11,11,-1,
3,3,11,-1,
11,3,11,-1,
0,0,3,-1,
3,0,3,-1,
0,0,0,-1,
0,0,0,-1,
10,10,0,-1,
0,10,0,-1,
11,11,10,-1,
10,11,10,-1,
11,11,11,-1,
11,11,11,-1,
3,3,11,-1,
11,3,11,-1,
0,0,3,-1,
3,0,3,-1,
0,0,0,-1,
0,0,0,-1,
10,10,0,-1,
0,10,0,-1,
11,11,10,-1,
10,11,10,-1,
11,11,11,-1,
11,11,11,-1,
3,3,11,-1,
11,3,11,-1,
0,0,3,-1,
3,0,3,-1,
0,0,0,-1,
0,0,0,-1,
10,10,0,-1,
0,10,0,-1,
11,11,10,-1,
10,11,10,-1,
11,11,11,-1,
11,11,11,-1,
3,3,11,-1,
11,3,11,-1,
0,0,3,-1,
3,0,3,-1,
0,0,0,-1,
0,0,0,-1,
10,10,0,-1,
0,10,0,-1,
11,11,10,-1,
10,11,10,-1,
11,11,11,-1,
11,11,11,-1,
3,3,11,-1,
11,3,11,-1,
0,0,3,-1,
3,0,3,-1,
0,0,0,-1,
0,0,0,-1,
10,10,0,-1,
0,10,0,-1,
11,11,10,-1,
10,11,10,-1,
11,11,11,-1,
11,11,11,-1,
3,3,11,-1,
11,3,11,-1,
0,0,3,-1,
3,0,3,-1,
0,0,0,-1,
0,0,0,-1,
10,10,0,-1,
0,10,0,-1,
11,11,10,-1,
10,11,10,-1,
11,11,11,-1,
11,11,11,-1,
3,3,11,-1,
11,3,11,-1,
0,0,3,-1,
3,0,3,-1,
0,0,0,-1,
0,0,0,-1,
10,10,0,-1,
0,10,0,-1,
11,11,10,-1,
10,11,10,-1,
11,11,11,-1,
11,11,11,-1,
3,3,11,-1,
11,3,11,-1,
0,0,3,-1,
3,0,3,-1,
0,0,0,-1,
0,0,0,-1,
10,10,0,-1,
0,10,0,-1,
11,11,10,-1,
10,11,10,-1,
11,11,11,-1,
11,11,11,-1,
3,3,11,-1,
11,3,11,-1,
0,0,3,-1,
3,0,3,-1,
0,0,0,-1,
0,0,0,-1,
10,10,0,-1,
0,10,0,-1,
11,11,10,-1,
10,11,10,-1,
11,11,11,-1,
11,11,11,-1,
3,3,11,-1,
11,3,11,-1,
0,0,3,-1,
3,0,3,-1,
0,0,0,-1,
0,0,0,-1,
10,10,0,-1,
0,10,0,-1,
11,11,10,-1,
10,11,10,-1,
11,11,11,-1,
11,11,11,-1,
3,3,11,-1,
11,3,11,-1,
0,0,3,-1,
3,0,3,-1,
0,0,0,-1,
0,0,0,-1,
10,10,0,-1,
0,10,0,-1,
11,11,10,-1,
10,11,10,-1,
11,11,11,-1,
11,11,11,-1,
3,3,11,-1,
11,3,11,-1,
0,0,3,-1,
3,0,3,-1,
0,0,0,-1,
0,0,0,-1,
10,10,0,-1,
0,10,0,-1,
11,11,10,-1,
10,11,10,-1,
11,11,11,-1,
11,11,11,-1,
3,3,11,-1,
11,3,11,-1,
0,0,3,-1,
3,0,3,-1,
0,0,0,-1,
0,0,0,-1,
10,10,0,-1,
0,10,0,-1,
11,11,10,-1,
10,11,10,-1,
11,11,11,-1,
11,11,11,-1,
3,3,11,-1,
11,3,11,-1,
0,0,3,-1,
3,0,3,-1,
0,0,0,-1,
0,0,0,-1,
10,10,0,-1,
0,10,0,-1,
11,11,10,-1,
10,11,10,-1
]
}
}

DirectionalLight {
color 1.000 1.000 1.000
ambientIntensity 1
intensity 0
}

Viewpoint {
fieldOfView 0.785398
position 0 0 5.9906615
}

NavigationInfo {
headlight TRUE
type ["EXAMINE","ANY"]
avatarSize [ 0, 0, 0 ]
}
